variant,gene_set,n_pcs,algorithm,k,silhouette,calinski_harabasz,davies_bouldin,batch_ARI,BioValidity_ARI,BioValidity_NMI,min_cluster_size,size_balance,cluster_sizes
V1,MAD_1000_PC,5,KMeans,3,0.439,611.8,1.0235,0.6756,0.026,0.0373,93,0.66,"93,141,94"
V1,MAD_1000_PC,5,KMeans,4,0.2992,496.2,1.2508,0.5005,0.0592,0.0739,56,0.596,"56,94,85,93"
V1,MAD_1000_PC,5,KMeans,5,0.2646,433.3,1.3336,0.3938,0.0868,0.1253,56,0.659,"56,63,85,63,61"
V1,MAD_1000_PC,5,KMeans,6,0.2433,382.7,1.3277,0.3279,0.1134,0.1678,38,0.603,"52,62,63,38,51,62"
V1,MAD_1000_PC,5,KMeans,7,0.2391,352.5,1.3351,0.2925,0.1165,0.1858,20,0.345,"58,38,52,57,51,52,20"
V1,MAD_1000_PC,5,Ward,3,0.4294,592.7,1.0412,0.6869,0.0292,0.0426,76,0.539,"141,111,76"
V1,MAD_1000_PC,5,Ward,4,0.2728,465.1,1.271,0.5338,0.0712,0.1081,42,0.378,"111,99,76,42"
V1,MAD_1000_PC,5,Ward,5,0.2372,388.4,1.3303,0.4752,0.0647,0.1052,17,0.172,"76,99,94,42,17"
V1,MAD_1000_PC,5,Ward,6,0.2165,342.1,1.2723,0.4268,0.0883,0.1549,17,0.172,"94,99,49,42,17,27"
V1,MAD_1000_PC,5,Ward,7,0.2168,311.4,1.3895,0.3522,0.1034,0.1637,17,0.172,"99,60,49,42,17,27,34"
V1,MAD_1000_PC,5,GMM,3,0.419,474.2,1.1304,0.8293,0.0352,0.0791,51,0.273,"51,187,90"
V1,MAD_1000_PC,5,GMM,4,0.2516,443.6,1.3428,0.5366,0.0393,0.0819,51,0.418,"51,65,122,90"
V1,MAD_1000_PC,5,GMM,5,0.2179,339.4,1.3109,0.5269,0.0413,0.1095,14,0.105,"14,54,78,133,49"
V1,MAD_1000_PC,5,GMM,6,0.2013,323.2,1.8169,0.3589,0.0765,0.1466,30,0.333,"51,30,90,65,51,41"
V1,MAD_1000_PC,5,GMM,7,0.1873,293.8,1.8024,0.3247,0.084,0.1666,14,0.177,"62,14,29,58,79,48,38"
V1,MAD_1000_PC,5,Spectral,3,0.4391,609.1,1.0198,0.6783,0.0204,0.0316,85,0.603,"102,85,141"
V1,MAD_1000_PC,5,Spectral,4,0.285,488.3,1.2819,0.4959,0.0422,0.0508,67,0.657,"74,85,102,67"
V1,MAD_1000_PC,5,Spectral,5,0.2429,410.5,1.3226,0.4063,0.1142,0.1353,36,0.45,"71,74,80,67,36"
V1,MAD_1000_PC,5,Spectral,6,0.2258,359.8,1.3025,0.3455,0.1427,0.1873,36,0.45,"47,80,36,49,71,45"
V1,MAD_1000_PC,5,Spectral,7,0.2398,323.5,1.2174,0.3211,0.1554,0.2226,23,0.287,"23,71,31,80,47,40,36"
V1,MAD_1000_PC,8,KMeans,3,0.3939,474.3,1.1723,0.6756,0.0179,0.0287,93,0.66,"141,94,93"
V1,MAD_1000_PC,8,KMeans,4,0.2586,373.6,1.4218,0.5148,0.044,0.0617,46,0.484,"46,94,93,95"
V1,MAD_1000_PC,8,KMeans,5,0.2216,314.8,1.5421,0.4083,0.0755,0.1148,46,0.484,"65,95,62,46,60"
V1,MAD_1000_PC,8,KMeans,6,0.1933,271.5,1.6012,0.3301,0.1068,0.1651,39,0.557,"51,70,53,39,64,51"
V1,MAD_1000_PC,8,KMeans,7,0.1842,245.3,1.6555,0.281,0.1278,0.207,36,0.6,"60,46,49,56,42,39,36"
V1,MAD_1000_PC,8,Ward,3,0.3827,460.6,1.2088,0.6883,0.0449,0.0619,75,0.532,"141,112,75"
V1,MAD_1000_PC,8,Ward,4,0.2383,353.5,1.4553,0.5466,0.0759,0.1111,37,0.33,"112,104,75,37"
V1,MAD_1000_PC,8,Ward,5,0.1904,295.7,1.6579,0.4316,0.0731,0.1211,37,0.356,"104,55,75,37,57"
V1,MAD_1000_PC,8,Ward,6,0.1768,252.9,1.6287,0.3702,0.0882,0.1505,20,0.238,"84,55,75,37,57,20"
V1,MAD_1000_PC,8,Ward,7,0.1611,224.2,1.6156,0.311,0.0969,0.1796,20,0.267,"55,57,75,37,54,20,30"
V1,MAD_1000_PC,8,GMM,3,0.3428,408.1,1.5355,0.6912,0.0801,0.1132,73,0.518,"114,141,73"
V1,MAD_1000_PC,8,GMM,4,0.1726,296.2,1.8516,0.5794,0.1146,0.1476,28,0.239,"70,113,117,28"
V1,MAD_1000_PC,8,GMM,5,0.1567,257.1,1.8813,0.4587,0.0934,0.1476,28,0.248,"28,59,51,77,113"
V1,MAD_1000_PC,8,GMM,6,0.1456,219.1,1.9852,0.408,0.088,0.1394,27,0.237,"114,38,61,48,27,40"
V1,MAD_1000_PC,8,GMM,7,0.1519,201.5,1.9058,0.3693,0.0733,0.149,28,0.248,"37,113,42,28,28,42,38"
V1,MAD_1000_PC,8,Spectral,3,0.3933,473.4,1.1749,0.6757,0.0235,0.0346,92,0.652,"141,95,92"
V1,MAD_1000_PC,8,Spectral,4,0.2536,371.3,1.4285,0.5149,0.0587,0.0814,46,0.484,"95,92,95,46"
V1,MAD_1000_PC,8,Spectral,5,0.2302,296.9,1.563,0.4376,0.1006,0.1674,40,0.421,"40,95,92,40,61"
V1,MAD_1000_PC,8,Spectral,6,0.1933,261.3,1.6247,0.3442,0.1649,0.2289,40,0.488,"40,82,61,40,44,61"
V1,MAD_1000_PC,8,Spectral,7,0.1766,236.5,1.6062,0.3122,0.1329,0.2534,26,0.313,"61,83,40,40,26,36,42"
V1,MAD_1000_PC,10,KMeans,3,0.3776,431.8,1.2272,0.6756,0.0179,0.0287,93,0.66,"141,93,94"
V1,MAD_1000_PC,10,KMeans,4,0.2412,336.7,1.4979,0.5131,0.0461,0.0642,47,0.5,"47,94,93,94"
V1,MAD_1000_PC,10,KMeans,5,0.2046,280.9,1.6321,0.4067,0.0777,0.117,47,0.5,"47,61,94,60,66"
V1,MAD_1000_PC,10,KMeans,6,0.1948,241.4,1.6964,0.3539,0.1035,0.1743,35,0.38,"48,92,35,49,48,56"
V1,MAD_1000_PC,10,KMeans,7,0.1686,216.6,1.7349,0.2812,0.1255,0.2065,34,0.586,"34,54,58,47,36,48,51"
V1,MAD_1000_PC,10,Ward,3,0.3556,394.1,1.2695,0.7455,0.0035,0.0297,50,0.355,"137,141,50"
V1,MAD_1000_PC,10,Ward,4,0.3068,300.2,1.5111,0.609,0.023,0.0785,37,0.262,"141,100,50,37"
V1,MAD_1000_PC,10,Ward,5,0.1782,258.3,1.6458,0.4781,0.0479,0.1183,33,0.306,"100,108,50,37,33"
V1,MAD_1000_PC,10,Ward,6,0.1742,220.8,1.8351,0.3869,0.0586,0.1228,33,0.306,"108,53,50,37,33,47"
V1,MAD_1000_PC,10,Ward,7,0.1297,196.3,1.8647,0.2998,0.084,0.1651,31,0.403,"50,53,77,37,33,47,31"
V1,MAD_1000_PC,10,GMM,3,0.3276,366.4,1.6031,0.7248,0.099,0.1711,57,0.404,"57,141,130"
V1,MAD_1000_PC,10,GMM,4,0.1181,263.7,2.2677,0.5186,0.1421,0.1824,67,0.558,"71,67,120,70"
V1,MAD_1000_PC,10,GMM,5,0.1266,216.2,2.0343,0.4709,0.1743,0.2286,24,0.205,"24,70,48,117,69"
V1,MAD_1000_PC,10,GMM,6,0.1285,205.7,1.929,0.3441,0.1082,0.1648,36,0.424,"54,36,85,48,57,48"
V1,MAD_1000_PC,10,GMM,7,0.097,174.6,2.1273,0.3041,0.1181,0.1929,27,0.38,"45,44,33,69,39,71,27"
V1,MAD_1000_PC,10,Spectral,3,0.3769,430.4,1.2321,0.6761,0.0227,0.0336,90,0.638,"141,97,90"
V1,MAD_1000_PC,10,Spectral,4,0.2348,332.4,1.5005,0.521,0.0537,0.0761,43,0.439,"98,90,97,43"
V1,MAD_1000_PC,10,Spectral,5,0.2097,267.0,1.6254,0.4359,0.0901,0.1448,38,0.392,"57,90,38,97,46"
V1,MAD_1000_PC,10,Spectral,6,0.1733,233.6,1.705,0.3418,0.1696,0.2218,38,0.481,"57,79,66,42,38,46"
V1,MAD_1000_PC,10,Spectral,7,0.1651,208.9,1.6419,0.3079,0.139,0.2381,17,0.224,"44,76,46,57,38,50,17"
V1,MAD_1000_PC,15,KMeans,3,0.3532,380.4,1.3169,0.6756,0.0179,0.0287,93,0.66,"141,94,93"
V1,MAD_1000_PC,15,KMeans,4,0.2144,292.5,1.6335,0.5082,0.0533,0.073,50,0.532,"91,93,94,50"
V1,MAD_1000_PC,15,KMeans,5,0.1795,241.2,1.775,0.4036,0.0843,0.1256,49,0.533,"67,92,59,61,49"
V1,MAD_1000_PC,15,KMeans,6,0.1685,205.6,1.8616,0.3515,0.1052,0.1739,37,0.407,"37,50,56,91,47,47"
V1,MAD_1000_PC,15,KMeans,7,0.1456,183.1,1.9051,0.2832,0.1313,0.2152,31,0.554,"47,56,56,31,48,36,54"
V1,MAD_1000_PC,15,Ward,3,0.33,362.6,1.4265,0.6805,0.0279,0.0395,82,0.582,"141,105,82"
V1,MAD_1000_PC,15,Ward,4,0.1931,270.6,1.664,0.5609,0.0486,0.0836,29,0.259,"105,112,82,29"
V1,MAD_1000_PC,15,Ward,5,0.1555,217.9,1.8799,0.4783,0.0734,0.1188,29,0.259,"75,112,82,29,30"
V1,MAD_1000_PC,15,Ward,6,0.1505,186.7,1.8207,0.4269,0.0563,0.1215,29,0.259,"112,36,82,29,30,39"
V1,MAD_1000_PC,15,Ward,7,0.1111,164.2,2.0665,0.3205,0.0723,0.1273,29,0.354,"82,36,71,29,30,39,41"
V1,MAD_1000_PC,15,GMM,3,0.3148,328.8,1.6217,0.7424,0.0745,0.1358,51,0.362,"141,136,51"
V1,MAD_1000_PC,15,GMM,4,0.1481,244.5,2.0013,0.5711,0.0993,0.1348,45,0.341,"55,132,96,45"
V1,MAD_1000_PC,15,GMM,5,0.1333,193.3,1.9912,0.5028,0.1441,0.2159,31,0.235,"55,31,132,71,39"
V1,MAD_1000_PC,15,GMM,6,0.1132,180.8,2.086,0.3442,0.1232,0.1754,35,0.412,"55,35,47,53,53,85"
V1,MAD_1000_PC,15,GMM,7,0.1155,154.7,2.0219,0.3311,0.1318,0.1968,24,0.27,"55,24,43,89,59,34,24"
V1,MAD_1000_PC,15,Spectral,3,0.3533,379.9,1.3179,0.6761,0.0231,0.0341,90,0.638,"141,97,90"
V1,MAD_1000_PC,15,Spectral,4,0.2131,291.5,1.6324,0.5118,0.0552,0.0739,48,0.495,"90,48,97,93"
V1,MAD_1000_PC,15,Spectral,5,0.181,235.6,1.7553,0.4281,0.0996,0.1374,43,0.462,"53,48,91,43,93"
V1,MAD_1000_PC,15,Spectral,6,0.1568,199.8,1.8571,0.3539,0.1372,0.1989,35,0.385,"58,53,43,48,91,35"
V1,MAD_1000_PC,15,Spectral,7,0.1444,177.3,1.8031,0.306,0.1349,0.2323,18,0.243,"35,58,74,48,48,47,18"
V1,MAD_1000_PC,20,KMeans,3,0.3395,352.2,1.3706,0.6756,0.0179,0.0287,93,0.66,"141,94,93"
V1,MAD_1000_PC,20,KMeans,4,0.2054,269.4,1.6803,0.5148,0.044,0.0617,46,0.484,"95,93,94,46"
V1,MAD_1000_PC,20,KMeans,5,0.1699,221.0,1.8393,0.4085,0.0761,0.1159,46,0.484,"46,66,59,62,95"
V1,MAD_1000_PC,20,KMeans,6,0.1594,187.6,1.9232,0.3551,0.0985,0.169,34,0.37,"34,49,58,92,47,48"
V1,MAD_1000_PC,20,KMeans,7,0.136,166.0,2.0179,0.2796,0.133,0.2142,36,0.621,"49,40,44,45,56,58,36"
V1,MAD_1000_PC,20,Ward,3,0.3299,337.2,1.4151,0.7016,0.0005,0.0128,67,0.475,"141,120,67"
V1,MAD_1000_PC,20,Ward,4,0.1923,250.8,1.6453,0.5913,0.0121,0.0424,26,0.217,"120,115,67,26"
V1,MAD_1000_PC,20,Ward,5,0.1672,210.1,1.84,0.4601,0.048,0.0901,26,0.226,"115,65,67,26,55"
V1,MAD_1000_PC,20,Ward,6,0.1274,178.0,2.1164,0.3393,0.1097,0.1662,26,0.388,"65,56,67,26,55,59"
V1,MAD_1000_PC,20,Ward,7,0.1246,156.4,2.068,0.3146,0.1031,0.1619,13,0.194,"67,56,52,26,55,59,13"
V1,MAD_1000_PC,20,GMM,3,0.2871,298.2,1.9106,0.7362,0.0313,0.0603,53,0.376,"141,134,53"
V1,MAD_1000_PC,20,GMM,4,0.1119,220.2,2.2781,0.5579,0.0607,0.0882,53,0.396,"53,82,134,59"
V1,MAD_1000_PC,20,GMM,7,0.1417,158.5,2.0198,0.3357,0.0529,0.1157,17,0.181,"47,54,46,94,32,17,38"
V1,MAD_1000_PC,20,Spectral,3,0.3389,351.0,1.3773,0.6761,0.0186,0.0294,90,0.638,"141,97,90"
V1,MAD_1000_PC,20,Spectral,4,0.2018,267.8,1.693,0.5153,0.0495,0.0698,46,0.474,"95,90,97,46"
V1,MAD_1000_PC,20,Spectral,5,0.1711,216.0,1.8336,0.4294,0.1052,0.1465,42,0.442,"95,46,89,42,56"
V1,MAD_1000_PC,20,Spectral,6,0.1445,181.9,1.9631,0.3516,0.1423,0.203,39,0.438,"60,56,39,89,42,42"
V1,MAD_1000_PC,20,Spectral,7,0.1276,161.5,2.0023,0.3008,0.1335,0.2367,30,0.39,"39,30,77,60,42,38,42"
V1,MAD_2000_PC,5,KMeans,3,0.3942,420.6,1.1148,0.6772,0.0273,0.0399,87,0.617,"87,141,100"
V1,MAD_2000_PC,5,KMeans,4,0.2863,348.9,1.316,0.5032,0.0619,0.0781,55,0.55,"86,87,55,100"
V1,MAD_2000_PC,5,KMeans,5,0.2523,299.7,1.3987,0.3941,0.0993,0.1401,56,0.659,"56,63,85,59,65"
V1,MAD_2000_PC,5,KMeans,6,0.2274,264.2,1.4295,0.328,0.1237,0.1784,38,0.594,"51,63,52,64,38,60"
V1,MAD_2000_PC,5,KMeans,7,0.2138,242.0,1.4101,0.2783,0.135,0.2032,36,0.643,"53,56,39,50,49,45,36"
V1,MAD_2000_PC,5,Ward,3,0.3769,401.0,1.1811,0.6857,0.0307,0.046,77,0.546,"141,110,77"
V1,MAD_2000_PC,5,Ward,4,0.2483,319.4,1.4614,0.5029,0.0717,0.087,69,0.627,"110,69,77,72"
V1,MAD_2000_PC,5,Ward,5,0.213,271.5,1.515,0.4003,0.1054,0.1462,40,0.519,"77,69,70,72,40"
V1,MAD_2000_PC,5,Ward,6,0.1952,237.3,1.5587,0.3477,0.1304,0.1883,32,0.444,"69,72,70,45,40,32"
V1,MAD_2000_PC,5,Ward,7,0.1884,215.1,1.4695,0.312,0.1497,0.228,20,0.278,"72,45,70,49,40,32,20"
V1,MAD_2000_PC,5,GMM,3,0.3954,343.2,1.1175,0.8412,0.037,0.0831,44,0.235,"187,44,97"
V1,MAD_2000_PC,5,GMM,4,0.2621,328.7,1.3793,0.5114,0.0656,0.0985,48,0.505,"92,93,95,48"
V1,MAD_2000_PC,5,GMM,5,0.2259,262.2,1.4802,0.4559,0.0707,0.1102,18,0.191,"18,94,66,93,57"
V1,MAD_2000_PC,5,GMM,6,0.1673,227.8,1.7463,0.3518,0.082,0.1372,26,0.317,"82,26,43,62,55,60"
V1,MAD_2000_PC,5,GMM,7,0.1734,208.7,1.7125,0.3136,0.0859,0.1641,16,0.235,"32,67,50,58,68,16,37"
V1,MAD_2000_PC,5,Spectral,3,0.3904,416.4,1.125,0.6761,0.0268,0.0378,90,0.638,"141,97,90"
V1,MAD_2000_PC,5,Spectral,4,0.2806,344.5,1.3245,0.5032,0.0629,0.0784,54,0.557,"90,97,54,87"
V1,MAD_2000_PC,5,Spectral,5,0.2355,287.6,1.3742,0.416,0.1274,0.1622,37,0.425,"54,83,67,37,87"
V1,MAD_2000_PC,5,Spectral,6,0.1979,245.3,1.3471,0.3553,0.1526,0.1965,33,0.398,"33,67,65,43,37,83"
V1,MAD_2000_PC,5,Spectral,7,0.1951,228.6,1.4103,0.2859,0.1598,0.2222,33,0.508,"65,51,35,33,43,53,48"
V1,MAD_2000_PC,8,KMeans,3,0.3479,324.8,1.2807,0.6764,0.0255,0.038,89,0.631,"98,141,89"
V1,MAD_2000_PC,8,KMeans,4,0.2445,261.4,1.4995,0.5093,0.0641,0.0833,50,0.505,"50,88,91,99"
V1,MAD_2000_PC,8,KMeans,5,0.2112,219.1,1.6138,0.4016,0.1014,0.1439,50,0.549,"91,60,64,50,63"
V1,MAD_2000_PC,8,KMeans,6,0.2016,189.4,1.6338,0.3525,0.1112,0.1874,35,0.385,"35,91,50,56,46,50"
V1,MAD_2000_PC,8,KMeans,7,0.1779,170.7,1.6906,0.285,0.1511,0.2346,33,0.508,"65,48,48,43,54,33,37"
V1,MAD_2000_PC,8,Ward,3,0.3277,304.2,1.2907,0.7424,0.0382,0.067,51,0.362,"141,136,51"
V1,MAD_2000_PC,8,Ward,4,0.2334,238.7,1.4594,0.6108,0.0591,0.1051,33,0.243,"136,108,51,33"
V1,MAD_2000_PC,8,Ward,5,0.1989,204.4,1.7095,0.4424,0.0626,0.1193,33,0.306,"74,108,51,33,62"
V1,MAD_2000_PC,8,Ward,6,0.1828,175.1,1.6493,0.3929,0.0915,0.1764,33,0.306,"108,62,51,33,41,33"
V1,MAD_2000_PC,8,Ward,7,0.1324,155.8,1.768,0.2983,0.1323,0.2278,33,0.458,"62,72,51,33,41,33,36"
V1,MAD_2000_PC,8,GMM,3,0.3382,263.5,1.4803,0.8474,0.0294,0.062,41,0.219,"187,41,100"
V1,MAD_2000_PC,8,GMM,4,0.1714,214.3,1.9454,0.5252,0.1059,0.1267,41,0.41,"41,97,100,90"
V1,MAD_2000_PC,8,GMM,5,0.1558,174.8,1.8786,0.4625,0.1303,0.1687,29,0.299,"29,90,80,97,32"
V1,MAD_2000_PC,8,GMM,6,0.1528,168.9,1.8363,0.358,0.1078,0.1672,29,0.362,"65,80,69,53,29,32"
V1,MAD_2000_PC,8,GMM,7,0.1124,131.9,1.9325,0.3195,0.1961,0.2659,19,0.25,"66,54,76,24,19,44,45"
V1,MAD_2000_PC,8,Spectral,3,0.3461,322.6,1.2945,0.6759,0.032,0.0438,91,0.645,"141,96,91"
V1,MAD_2000_PC,8,Spectral,4,0.2431,258.2,1.4924,0.5188,0.0686,0.0941,44,0.454,"97,96,91,44"
V1,MAD_2000_PC,8,Spectral,5,0.2056,211.9,1.5968,0.4235,0.1247,0.1763,44,0.454,"97,47,58,44,82"
V1,MAD_2000_PC,8,Spectral,6,0.1734,182.7,1.6541,0.3435,0.167,0.2348,39,0.476,"62,82,47,40,58,39"
V1,MAD_2000_PC,8,Spectral,7,0.1794,160.1,1.5931,0.3132,0.1658,0.2492,21,0.256,"21,58,82,39,47,46,35"
V1,MAD_2000_PC,10,KMeans,3,0.3304,296.0,1.3415,0.6761,0.0251,0.0368,90,0.638,"97,141,90"
V1,MAD_2000_PC,10,KMeans,4,0.2271,235.5,1.5765,0.5087,0.0613,0.0802,50,0.515,"97,91,50,90"
V1,MAD_2000_PC,10,KMeans,5,0.1952,195.9,1.7082,0.4015,0.1025,0.1459,50,0.549,"61,91,63,50,63"
V1,MAD_2000_PC,10,KMeans,6,0.1878,168.9,1.7434,0.3498,0.1212,0.1915,40,0.44,"91,52,50,50,40,45"
V1,MAD_2000_PC,10,KMeans,7,0.155,151.1,1.8533,0.2766,0.1434,0.2109,38,0.667,"46,38,42,51,57,48,46"
V1,MAD_2000_PC,10,Ward,3,0.3091,274.7,1.4469,0.7078,0.0212,0.0478,64,0.454,"141,123,64"
V1,MAD_2000_PC,10,Ward,4,0.1976,213.3,1.613,0.5764,0.0411,0.0871,33,0.268,"123,108,64,33"
V1,MAD_2000_PC,10,Ward,5,0.1741,183.3,1.789,0.4515,0.0584,0.1219,33,0.306,"64,108,81,33,42"
V1,MAD_2000_PC,10,Ward,6,0.1735,157.9,1.68,0.4141,0.0704,0.1671,32,0.296,"108,42,81,33,32,32"
V1,MAD_2000_PC,10,Ward,7,0.1247,140.3,1.7635,0.3286,0.0953,0.2055,30,0.37,"81,42,78,33,32,32,30"
V1,MAD_2000_PC,10,GMM,3,0.298,251.3,1.6238,0.7662,0.0475,0.1002,44,0.308,"44,141,143"
V1,MAD_2000_PC,10,GMM,4,0.164,189.7,1.8497,0.6433,0.0526,0.1171,37,0.25,"37,39,104,148"
V1,MAD_2000_PC,10,GMM,5,0.1196,151.9,2.0383,0.5354,0.0791,0.1561,33,0.229,"33,43,65,144,43"
V1,MAD_2000_PC,10,GMM,7,0.1264,129.7,1.9962,0.3033,0.1121,0.2007,25,0.368,"63,56,39,25,68,49,28"
V1,MAD_2000_PC,10,Spectral,3,0.3286,294.2,1.3564,0.6777,0.0319,0.0435,86,0.61,"86,141,101"
V1,MAD_2000_PC,10,Spectral,4,0.2244,233.4,1.5884,0.5109,0.0655,0.0832,49,0.495,"92,99,88,49"
V1,MAD_2000_PC,10,Spectral,5,0.1933,192.4,1.7256,0.41,0.1174,0.1524,49,0.533,"92,78,57,52,49"
V1,MAD_2000_PC,10,Spectral,6,0.1629,163.6,1.8122,0.3403,0.1585,0.2187,33,0.423,"46,78,52,62,33,57"
V1,MAD_2000_PC,10,Spectral,7,0.1521,146.0,1.8281,0.2908,0.175,0.2805,33,0.5,"62,34,40,33,47,46,66"
V1,MAD_2000_PC,15,KMeans,3,0.3057,261.0,1.4393,0.6761,0.0251,0.0368,90,0.638,"97,141,90"
V1,MAD_2000_PC,15,KMeans,4,0.2035,204.9,1.701,0.5087,0.0613,0.0802,50,0.515,"91,90,50,97"
V1,MAD_2000_PC,15,KMeans,5,0.1704,168.6,1.8736,0.402,0.094,0.1325,50,0.549,"65,91,58,50,64"
V1,MAD_2000_PC,15,KMeans,6,0.1631,144.5,1.9086,0.3487,0.1225,0.1928,38,0.422,"90,49,50,38,51,50"
V1,MAD_2000_PC,15,KMeans,7,0.1448,128.5,1.9504,0.2872,0.142,0.2317,33,0.508,"65,48,43,33,52,54,33"
V1,MAD_2000_PC,15,Ward,3,0.2917,248.0,1.5439,0.6869,0.0169,0.0325,76,0.539,"141,111,76"
V1,MAD_2000_PC,15,Ward,4,0.1791,189.4,1.7458,0.5557,0.0454,0.0893,33,0.297,"111,108,76,33"
V1,MAD_2000_PC,15,Ward,5,0.1537,158.9,1.9196,0.4428,0.0905,0.1512,33,0.306,"76,108,57,33,54"
V1,MAD_2000_PC,15,Ward,6,0.15,135.5,1.8876,0.3952,0.0982,0.1898,26,0.241,"108,33,57,50,54,26"
V1,MAD_2000_PC,15,Ward,7,0.1194,119.9,2.0497,0.297,0.153,0.2483,26,0.377,"57,33,69,50,54,26,39"
V1,MAD_2000_PC,15,GMM,3,0.2814,224.7,1.7418,0.7626,0.0521,0.1045,45,0.317,"45,141,142"
V1,MAD_2000_PC,15,GMM,4,0.1295,167.2,2.1862,0.5841,0.0799,0.1225,45,0.317,"59,142,82,45"
V1,MAD_2000_PC,15,GMM,5,0.1228,132.9,2.0252,0.5365,0.0876,0.1632,23,0.162,"142,67,51,23,45"
V1,MAD_2000_PC,15,GMM,6,0.1306,115.2,1.9808,0.4954,0.1184,0.221,20,0.141,"20,45,48,142,39,34"
V1,MAD_2000_PC,15,GMM,7,0.1109,115.4,2.0363,0.3067,0.1463,0.1971,17,0.258,"44,66,37,40,60,17,64"
V1,MAD_2000_PC,15,Spectral,3,0.3053,259.9,1.4511,0.6756,0.0294,0.0406,93,0.66,"141,93,94"
V1,MAD_2000_PC,15,Spectral,4,0.2028,202.3,1.6752,0.5269,0.0573,0.0812,40,0.396,"101,94,93,40"
V1,MAD_2000_PC,15,Spectral,5,0.1709,164.2,1.8615,0.4287,0.0987,0.1391,40,0.396,"101,49,79,40,59"
V1,MAD_2000_PC,15,Spectral,6,0.1414,139.7,1.9898,0.3411,0.1496,0.2076,39,0.494,"39,39,63,49,79,59"
V1,MAD_2000_PC,15,Spectral,7,0.1319,124.2,1.947,0.2846,0.1737,0.2687,33,0.524,"63,55,33,51,39,39,48"
V1,MAD_2000_PC,20,KMeans,3,0.2924,242.1,1.496,0.6761,0.0251,0.0368,90,0.638,"97,141,90"
V1,MAD_2000_PC,20,KMeans,4,0.1937,188.9,1.7616,0.5121,0.0561,0.074,48,0.49,"48,89,93,98"
V1,MAD_2000_PC,20,KMeans,5,0.1607,154.8,1.9356,0.4001,0.1055,0.1489,51,0.567,"90,63,63,61,51"
V1,MAD_2000_PC,20,KMeans,6,0.1541,132.0,1.9599,0.3517,0.1061,0.181,34,0.378,"90,54,45,34,51,54"
V1,MAD_2000_PC,20,KMeans,7,0.1265,116.9,2.1241,0.277,0.1473,0.222,37,0.649,"57,43,45,47,37,47,52"
V1,MAD_2000_PC,20,Ward,3,0.278,230.7,1.6211,0.6805,0.0069,0.0176,82,0.582,"141,105,82"
V1,MAD_2000_PC,20,Ward,4,0.1714,176.2,1.8175,0.5466,0.0331,0.0707,34,0.318,"105,107,82,34"
V1,MAD_2000_PC,20,Ward,5,0.1477,146.9,1.9938,0.4475,0.0522,0.1061,34,0.318,"82,107,60,34,45"
V1,MAD_2000_PC,20,Ward,6,0.137,124.3,2.0513,0.3869,0.0739,0.144,34,0.318,"107,45,60,34,46,36"
V1,MAD_2000_PC,20,Ward,7,0.0962,108.6,2.3623,0.2913,0.0798,0.1503,34,0.493,"60,45,69,34,46,36,38"
V1,MAD_2000_PC,20,GMM,3,0.2612,214.9,1.8111,0.7171,0.0345,0.0564,60,0.426,"141,60,127"
V1,MAD_2000_PC,20,GMM,4,0.2562,166.9,1.7797,0.5941,0.0625,0.1118,41,0.291,"41,141,92,54"
V1,MAD_2000_PC,20,GMM,5,0.1283,133.2,2.0403,0.4775,0.0893,0.1317,24,0.212,"37,74,80,24,113"
V1,MAD_2000_PC,20,GMM,6,0.1179,111.2,2.1843,0.418,0.1056,0.162,30,0.263,"35,73,37,114,30,39"
V1,MAD_2000_PC,20,Spectral,3,0.2922,241.1,1.5071,0.6756,0.0294,0.0406,93,0.66,"94,141,93"
V1,MAD_2000_PC,20,Spectral,4,0.1917,188.0,1.7711,0.5114,0.0611,0.0776,48,0.511,"93,94,93,48"
V1,MAD_2000_PC,20,Spectral,5,0.1592,151.9,1.9606,0.4129,0.119,0.1508,47,0.505,"93,63,48,77,47"
V1,MAD_2000_PC,20,Spectral,6,0.1309,128.1,2.0846,0.3387,0.1553,0.207,39,0.506,"61,39,48,77,41,62"
V1,MAD_2000_PC,20,Spectral,7,0.1216,114.1,2.1041,0.2847,0.1563,0.2431,34,0.557,"41,61,61,44,39,48,34"
V1,MAD_3000_PC,5,KMeans,3,0.3694,330.3,1.1686,0.6845,0.0419,0.0573,78,0.553,"109,141,78"
V1,MAD_3000_PC,5,KMeans,4,0.282,277.8,1.3467,0.5105,0.0799,0.0967,56,0.509,"77,85,110,56"
V1,MAD_3000_PC,5,KMeans,5,0.239,237.1,1.4426,0.4007,0.0914,0.1311,48,0.585,"80,82,61,57,48"
V1,MAD_3000_PC,5,KMeans,6,0.2393,211.4,1.4896,0.3425,0.1479,0.2209,44,0.512,"44,86,52,47,44,55"
V1,MAD_3000_PC,5,KMeans,7,0.2123,194.7,1.5125,0.2761,0.1757,0.265,38,0.691,"48,48,44,43,52,38,55"
V1,MAD_3000_PC,5,Ward,3,0.3621,310.3,1.1746,0.7424,0.0676,0.1129,51,0.362,"141,136,51"
V1,MAD_3000_PC,5,Ward,4,0.2557,251.5,1.4318,0.5591,0.0998,0.1307,51,0.375,"136,70,51,71"
V1,MAD_3000_PC,5,Ward,5,0.212,221.9,1.5856,0.3902,0.1032,0.1377,51,0.708,"51,70,72,71,64"
V1,MAD_3000_PC,5,Ward,6,0.2156,192.5,1.5079,0.3705,0.0909,0.1502,15,0.208,"70,71,72,36,64,15"
V1,MAD_3000_PC,5,Ward,7,0.1987,174.3,1.5549,0.3267,0.0962,0.1678,15,0.208,"72,71,40,36,64,15,30"
V1,MAD_3000_PC,5,GMM,3,0.3654,270.2,1.179,0.8474,0.0298,0.0705,41,0.219,"41,187,100"
V1,MAD_3000_PC,5,GMM,4,0.2547,249.7,1.4317,0.5484,0.0443,0.0785,44,0.361,"97,122,65,44"
V1,MAD_3000_PC,5,GMM,5,0.228,201.0,1.5083,0.4895,0.0882,0.1481,17,0.139,"17,122,71,53,65"
V1,MAD_3000_PC,5,GMM,6,0.1924,173.7,1.7168,0.39,0.0666,0.1316,28,0.277,"28,101,74,35,39,51"
V1,MAD_3000_PC,5,GMM,7,0.1717,168.7,1.832,0.2834,0.0669,0.1365,36,0.581,"38,51,41,36,43,57,62"
V1,MAD_3000_PC,5,Spectral,3,0.3661,329.2,1.1817,0.6783,0.0349,0.0489,85,0.603,"141,85,102"
V1,MAD_3000_PC,5,Spectral,4,0.2715,274.7,1.378,0.4981,0.0795,0.0964,62,0.608,"79,102,85,62"
V1,MAD_3000_PC,5,Spectral,5,0.247,221.6,1.3506,0.4407,0.0957,0.1312,36,0.353,"44,102,85,36,61"
V1,MAD_3000_PC,5,Spectral,6,0.2037,200.4,1.4066,0.3401,0.1532,0.1992,36,0.456,"44,49,79,36,59,61"
V1,MAD_3000_PC,5,Spectral,7,0.2066,179.9,1.4123,0.3051,0.1741,0.2519,29,0.367,"40,79,49,29,59,35,37"
V1,MAD_3000_PC,8,KMeans,3,0.3169,252.6,1.3624,0.6764,0.0277,0.0403,89,0.631,"89,141,98"
V1,MAD_3000_PC,8,KMeans,4,0.2336,205.5,1.5593,0.5075,0.0669,0.0866,51,0.52,"51,98,90,89"
V1,MAD_3000_PC,8,KMeans,5,0.2008,172.3,1.6903,0.3989,0.1053,0.1466,52,0.584,"52,59,89,64,64"
V1,MAD_3000_PC,8,KMeans,6,0.1995,151.1,1.7228,0.3493,0.1391,0.2234,41,0.456,"54,90,51,41,51,41"
V1,MAD_3000_PC,8,KMeans,7,0.1785,136.3,1.7682,0.2872,0.1711,0.2679,33,0.485,"41,33,68,54,50,42,40"
V1,MAD_3000_PC,8,Ward,3,0.3047,245.0,1.4234,0.6768,0.0306,0.0443,88,0.624,"141,99,88"
V1,MAD_3000_PC,8,Ward,4,0.2226,194.9,1.5513,0.5455,0.0551,0.0897,33,0.306,"99,108,88,33"
V1,MAD_3000_PC,8,Ward,5,0.1975,162.3,1.6087,0.4557,0.0755,0.1333,33,0.306,"88,108,48,33,51"
V1,MAD_3000_PC,8,Ward,6,0.1863,141.0,1.7668,0.3893,0.0908,0.1844,33,0.306,"108,55,48,33,51,33"
V1,MAD_3000_PC,8,Ward,7,0.1616,127.6,1.8607,0.3022,0.1298,0.2276,31,0.403,"48,55,77,33,51,33,31"
V1,MAD_3000_PC,8,GMM,3,0.2711,218.0,1.7825,0.6768,0.0764,0.096,88,0.624,"99,141,88"
V1,MAD_3000_PC,8,GMM,4,0.1788,169.8,1.881,0.5516,0.102,0.1251,31,0.282,"87,31,100,110"
V1,MAD_3000_PC,8,GMM,5,0.188,154.8,1.7362,0.4483,0.1074,0.1559,31,0.282,"55,110,76,56,31"
V1,MAD_3000_PC,8,GMM,6,0.1455,134.6,1.8927,0.3482,0.1512,0.2103,24,0.338,"71,61,24,55,46,71"
V1,MAD_3000_PC,8,GMM,7,0.1055,113.9,2.0947,0.2954,0.1473,0.2143,26,0.406,"37,55,34,26,52,60,64"
V1,MAD_3000_PC,8,Spectral,3,0.3162,250.8,1.3618,0.6857,0.042,0.0571,77,0.546,"110,141,77"
V1,MAD_3000_PC,8,Spectral,4,0.2364,203.0,1.5406,0.5286,0.0775,0.1039,44,0.4,"97,110,77,44"
V1,MAD_3000_PC,8,Spectral,5,0.1998,167.0,1.6401,0.4217,0.1129,0.1701,44,0.454,"97,50,81,44,56"
V1,MAD_3000_PC,8,Spectral,6,0.165,143.6,1.7246,0.3425,0.1627,0.2442,39,0.481,"56,50,81,63,39,39"
V1,MAD_3000_PC,8,Spectral,7,0.1596,123.6,1.7238,0.3081,0.1646,0.2588,31,0.383,"50,32,81,31,56,32,46"
V1,MAD_3000_PC,10,KMeans,3,0.3,230.7,1.4249,0.6764,0.0277,0.0403,89,0.631,"141,98,89"
V1,MAD_3000_PC,10,KMeans,4,0.2161,185.6,1.6392,0.5061,0.0698,0.0901,52,0.531,"98,89,89,52"
V1,MAD_3000_PC,10,KMeans,5,0.1859,154.5,1.7873,0.3989,0.1053,0.1466,52,0.584,"64,89,59,64,52"
V1,MAD_3000_PC,10,KMeans,6,0.1846,134.8,1.8162,0.3481,0.142,0.2261,40,0.449,"55,89,40,52,42,50"
V1,MAD_3000_PC,10,KMeans,7,0.1562,120.6,1.872,0.2771,0.1743,0.2667,40,0.702,"40,51,43,44,57,52,41"
V1,MAD_3000_PC,10,Ward,3,0.2871,222.9,1.5028,0.6756,0.0371,0.0492,93,0.66,"141,94,93"
V1,MAD_3000_PC,10,Ward,4,0.1902,174.7,1.7463,0.5131,0.0745,0.1036,47,0.5,"94,94,93,47"
V1,MAD_3000_PC,10,Ward,5,0.163,142.9,1.8371,0.4324,0.0909,0.146,44,0.468,"93,94,50,47,44"
V1,MAD_3000_PC,10,Ward,6,0.1474,124.1,1.9391,0.3582,0.1185,0.1764,35,0.372,"94,58,50,47,44,35"
V1,MAD_3000_PC,10,Ward,7,0.1209,110.2,2.0948,0.2777,0.143,0.2054,35,0.603,"58,47,50,48,44,35,46"
V1,MAD_3000_PC,10,GMM,3,0.2755,197.3,1.6687,0.7662,0.0459,0.0905,44,0.308,"44,141,143"
V1,MAD_3000_PC,10,GMM,4,0.1149,141.9,2.3612,0.5941,0.0599,0.1029,41,0.281,"70,41,71,146"
V1,MAD_3000_PC,10,GMM,5,0.1301,117.1,2.2058,0.5529,0.11,0.1932,29,0.2,"29,145,36,76,42"
V1,MAD_3000_PC,10,GMM,6,0.1336,114.3,2.0068,0.4012,0.1273,0.1913,25,0.275,"91,47,25,91,49,25"
V1,MAD_3000_PC,10,GMM,7,0.1277,105.8,2.0407,0.333,0.1221,0.2003,26,0.292,"26,63,26,34,89,34,56"
V1,MAD_3000_PC,10,Spectral,3,0.2999,228.3,1.4268,0.6883,0.0416,0.0569,75,0.532,"141,75,112"
V1,MAD_3000_PC,10,Spectral,4,0.2178,181.8,1.6164,0.5352,0.0777,0.1063,42,0.375,"99,112,75,42"
V1,MAD_3000_PC,10,Spectral,5,0.1854,149.9,1.7479,0.4236,0.1086,0.1619,42,0.424,"99,79,52,56,42"
V1,MAD_3000_PC,10,Spectral,6,0.1561,128.9,1.8564,0.3386,0.1559,0.2248,39,0.5,"40,62,56,78,53,39"
V1,MAD_3000_PC,10,Spectral,7,0.1492,110.6,1.8651,0.3034,0.162,0.2461,31,0.397,"34,53,78,34,42,56,31"
V1,MAD_3000_PC,15,KMeans,3,0.2752,203.2,1.5293,0.6764,0.0277,0.0403,89,0.631,"89,141,98"
V1,MAD_3000_PC,15,KMeans,4,0.1933,161.4,1.7689,0.5061,0.0698,0.0901,52,0.531,"89,52,98,89"
V1,MAD_3000_PC,15,KMeans,5,0.1642,133.0,1.9377,0.399,0.1043,0.1448,52,0.584,"89,63,52,65,59"
V1,MAD_3000_PC,15,KMeans,6,0.1619,115.3,1.9727,0.3484,0.1398,0.2244,40,0.449,"51,52,41,89,40,55"
V1,MAD_3000_PC,15,KMeans,7,0.1413,102.0,1.9727,0.2989,0.1771,0.2788,22,0.297,"51,74,52,22,43,45,41"
V1,MAD_3000_PC,15,Ward,3,0.2596,190.0,1.5016,0.7699,0.0294,0.0637,43,0.299,"141,144,43"
V1,MAD_3000_PC,15,Ward,4,0.1635,144.2,1.9361,0.5876,0.071,0.1204,43,0.299,"144,65,43,76"
V1,MAD_3000_PC,15,Ward,5,0.1223,121.7,2.2355,0.3975,0.0718,0.1147,43,0.566,"65,73,43,76,71"
V1,MAD_3000_PC,15,Ward,6,0.1139,104.6,2.1491,0.3714,0.0784,0.146,14,0.184,"73,71,43,76,51,14"
V1,MAD_3000_PC,15,Ward,7,0.105,92.6,2.0527,0.3239,0.0918,0.1687,14,0.184,"71,76,43,42,51,14,31"
V1,MAD_3000_PC,15,GMM,3,0.2513,174.1,1.8958,0.7521,0.0485,0.0953,48,0.34,"48,141,139"
V1,MAD_3000_PC,15,GMM,4,0.1215,131.7,2.2797,0.5704,0.0674,0.1012,48,0.345,"48,77,64,139"
V1,MAD_3000_PC,15,GMM,5,0.1084,107.6,2.2996,0.5102,0.0922,0.1493,33,0.239,"33,138,56,49,52"
V1,MAD_3000_PC,15,GMM,6,0.1342,106.5,2.0282,0.3746,0.1212,0.1884,29,0.296,"44,29,68,98,44,45"
V1,MAD_3000_PC,15,Spectral,3,0.2745,202.2,1.5425,0.6783,0.0339,0.0459,85,0.603,"141,85,102"
V1,MAD_3000_PC,15,Spectral,4,0.1947,159.7,1.7532,0.5212,0.0692,0.0921,44,0.431,"102,85,97,44"
V1,MAD_3000_PC,15,Spectral,5,0.1649,130.2,1.9311,0.4177,0.1083,0.1563,44,0.454,"55,44,77,97,55"
V1,MAD_3000_PC,15,Spectral,6,0.1363,111.0,2.0555,0.3362,0.1542,0.2214,39,0.506,"60,77,55,55,42,39"
V1,MAD_3000_PC,15,Spectral,7,0.1323,100.4,2.0457,0.2824,0.1841,0.2896,39,0.65,"40,42,39,60,60,48,39"
V1,MAD_3000_PC,20,KMeans,3,0.2625,188.7,1.5876,0.6761,0.0273,0.0391,90,0.638,"97,141,90"
V1,MAD_3000_PC,20,KMeans,4,0.1823,149.0,1.8392,0.5058,0.0693,0.089,52,0.536,"52,97,89,90"
V1,MAD_3000_PC,20,KMeans,5,0.1533,122.3,2.016,0.3991,0.1082,0.1527,52,0.584,"64,89,65,58,52"
V1,MAD_3000_PC,20,KMeans,6,0.1509,105.6,2.0668,0.3479,0.1424,0.2264,41,0.461,"51,52,41,89,41,54"
V1,MAD_3000_PC,20,KMeans,7,0.1259,93.3,2.2034,0.2755,0.1631,0.2446,41,0.759,"51,51,41,44,46,54,41"
V1,MAD_3000_PC,20,Ward,3,0.2532,180.7,1.664,0.6897,0.0232,0.0396,74,0.525,"141,113,74"
V1,MAD_3000_PC,20,Ward,4,0.1595,138.6,1.9271,0.5432,0.0602,0.097,39,0.345,"113,102,74,39"
V1,MAD_3000_PC,20,Ward,5,0.1336,114.8,2.1549,0.4302,0.1001,0.1529,39,0.382,"74,102,46,39,67"
V1,MAD_3000_PC,20,Ward,6,0.1272,97.8,2.1272,0.3801,0.1199,0.1975,36,0.353,"46,102,36,39,67,38"
V1,MAD_3000_PC,20,Ward,7,0.1299,86.4,1.9821,0.3621,0.1077,0.2069,17,0.167,"102,39,36,29,67,38,17"
V1,MAD_3000_PC,20,GMM,3,0.2476,166.4,1.8328,0.7521,0.0392,0.0689,48,0.34,"48,141,139"
V1,MAD_3000_PC,20,GMM,4,0.1344,128.2,2.1731,0.5658,0.0728,0.098,51,0.375,"84,51,136,57"
V1,MAD_3000_PC,20,GMM,5,0.1259,104.3,2.2027,0.5022,0.1023,0.1584,34,0.26,"131,73,56,34,34"
V1,MAD_3000_PC,20,GMM,6,0.1184,97.6,2.1946,0.3598,0.0669,0.1099,18,0.214,"57,58,84,57,18,54"
V1,MAD_3000_PC,20,Spectral,3,0.2606,187.0,1.5832,0.6897,0.0446,0.0605,74,0.525,"113,141,74"
V1,MAD_3000_PC,20,Spectral,4,0.1831,147.3,1.8274,0.523,0.0772,0.0972,47,0.427,"110,47,77,94"
V1,MAD_3000_PC,20,Spectral,5,0.1528,119.7,2.031,0.4167,0.1104,0.1557,45,0.469,"96,78,56,45,53"
V1,MAD_3000_PC,20,Spectral,6,0.1254,101.7,2.1831,0.3365,0.1574,0.2236,37,0.474,"58,78,46,56,37,53"
V1,MAD_3000_PC,20,Spectral,7,0.1234,91.8,2.1517,0.2822,0.1786,0.2856,38,0.623,"39,38,45,61,48,39,58"
V1,MAD_5000_PC,5,KMeans,3,0.3421,251.5,1.2194,0.6845,0.0419,0.0573,78,0.553,"78,141,109"
V1,MAD_5000_PC,5,KMeans,4,0.2791,216.8,1.3613,0.5104,0.0851,0.1027,55,0.505,"55,78,109,86"
V1,MAD_5000_PC,5,KMeans,5,0.2494,186.9,1.4466,0.4028,0.1073,0.1594,50,0.581,"56,83,50,53,86"
V1,MAD_5000_PC,5,KMeans,6,0.2298,166.0,1.4153,0.3555,0.1288,0.1916,23,0.295,"53,44,78,55,23,75"
V1,MAD_5000_PC,5,KMeans,7,0.2243,153.9,1.4421,0.3022,0.167,0.2463,22,0.293,"75,39,50,41,44,57,22"
V1,MAD_5000_PC,5,Ward,3,0.3357,243.1,1.2535,0.6943,0.0351,0.0517,71,0.504,"141,71,116"
V1,MAD_5000_PC,5,Ward,4,0.2483,198.3,1.492,0.5181,0.0898,0.1285,57,0.491,"71,57,116,84"
V1,MAD_5000_PC,5,Ward,5,0.2292,165.3,1.4802,0.4719,0.1028,0.179,34,0.293,"116,57,34,84,37"
V1,MAD_5000_PC,5,Ward,6,0.1981,147.6,1.5763,0.3775,0.1162,0.2129,30,0.349,"57,86,34,84,37,30"
V1,MAD_5000_PC,5,Ward,7,0.1899,137.8,1.4743,0.3535,0.1185,0.2247,16,0.186,"86,84,34,41,37,30,16"
V1,MAD_5000_PC,5,GMM,3,0.3436,204.2,1.185,0.8702,0.0241,0.0649,32,0.171,"32,187,109"
V1,MAD_5000_PC,5,GMM,4,0.2403,187.8,1.4791,0.5457,0.0331,0.0711,34,0.318,"107,104,34,83"
V1,MAD_5000_PC,5,GMM,5,0.1898,148.3,1.5821,0.473,0.0509,0.0971,14,0.136,"49,84,14,103,78"
V1,MAD_5000_PC,5,GMM,6,0.1578,142.7,1.793,0.3602,0.1035,0.1513,16,0.205,"61,16,78,62,48,63"
V1,MAD_5000_PC,5,GMM,7,0.1714,128.3,1.7221,0.3181,0.0886,0.1598,20,0.244,"45,20,82,65,36,41,39"
V1,MAD_5000_PC,5,Spectral,3,0.3416,250.6,1.2259,0.6834,0.0342,0.0485,79,0.56,"141,79,108"
V1,MAD_5000_PC,5,Spectral,4,0.2786,215.3,1.3575,0.5145,0.085,0.1148,51,0.472,"90,108,79,51"
V1,MAD_5000_PC,5,Spectral,5,0.2507,174.5,1.4561,0.4408,0.0978,0.1373,43,0.398,"108,79,45,53,43"
V1,MAD_5000_PC,5,Spectral,6,0.2024,156.2,1.5522,0.329,0.1505,0.1908,43,0.606,"71,61,45,43,53,55"
V1,MAD_5000_PC,5,Spectral,7,0.2036,141.1,1.4661,0.299,0.1622,0.2283,29,0.414,"41,61,70,29,39,56,32"
V1,MAD_5000_PC,8,KMeans,3,0.2877,188.8,1.4318,0.6857,0.039,0.0541,77,0.546,"110,141,77"
V1,MAD_5000_PC,8,KMeans,4,0.229,156.8,1.5928,0.5166,0.0849,0.1055,52,0.468,"111,52,76,89"
V1,MAD_5000_PC,8,KMeans,5,0.2012,132.6,1.7,0.4083,0.1139,0.1731,47,0.528,"55,89,84,53,47"
V1,MAD_5000_PC,8,KMeans,6,0.1925,116.7,1.7481,0.349,0.1431,0.2325,39,0.438,"52,39,41,56,89,51"
V1,MAD_5000_PC,8,KMeans,7,0.168,105.9,1.745,0.2907,0.1674,0.2676,26,0.371,"41,70,54,26,41,50,46"
V1,MAD_5000_PC,8,Ward,3,0.2826,183.5,1.436,0.7078,0.0419,0.063,64,0.454,"141,123,64"
V1,MAD_5000_PC,8,Ward,4,0.2063,145.3,1.6795,0.5505,0.0898,0.1276,44,0.358,"123,44,64,97"
V1,MAD_5000_PC,8,Ward,5,0.1584,120.4,1.9369,0.4176,0.0964,0.1298,44,0.454,"74,44,64,97,49"
V1,MAD_5000_PC,8,Ward,6,0.1492,104.9,1.8138,0.3679,0.1012,0.1513,34,0.351,"44,97,64,40,49,34"
V1,MAD_5000_PC,8,Ward,7,0.1393,94.4,1.6968,0.3564,0.1064,0.1724,9,0.093,"97,40,64,35,49,34,9"
V1,MAD_5000_PC,8,GMM,3,0.2978,157.5,1.351,0.8822,0.0199,0.0589,28,0.15,"28,187,113"
V1,MAD_5000_PC,8,GMM,4,0.1862,132.6,1.847,0.5502,0.0985,0.1218,31,0.282,"95,31,92,110"
V1,MAD_5000_PC,8,GMM,5,0.1357,104.5,2.0891,0.4608,0.106,0.1255,19,0.202,"93,47,94,75,19"
V1,MAD_5000_PC,8,GMM,6,0.1051,95.6,2.0988,0.3612,0.1334,0.19,27,0.314,"69,61,86,27,40,45"
V1,MAD_5000_PC,8,GMM,7,0.1213,87.9,2.0302,0.3173,0.1279,0.194,28,0.337,"37,28,59,34,30,83,57"
V1,MAD_5000_PC,8,Spectral,3,0.2875,187.9,1.4232,0.6927,0.0442,0.0614,72,0.511,"141,72,115"
V1,MAD_5000_PC,8,Spectral,4,0.2333,155.0,1.5638,0.5396,0.0789,0.1083,42,0.365,"99,115,72,42"
V1,MAD_5000_PC,8,Spectral,5,0.1934,128.6,1.7499,0.4179,0.1242,0.1789,42,0.424,"99,69,64,42,54"
V1,MAD_5000_PC,8,Spectral,6,0.1659,109.9,1.7862,0.3419,0.1525,0.2167,31,0.449,"41,64,69,31,54,69"
V1,MAD_5000_PC,8,Spectral,7,0.1669,101.4,1.7463,0.2885,0.1667,0.251,31,0.449,"41,69,53,47,39,48,31"
V1,MAD_5000_PC,10,KMeans,3,0.2701,172.3,1.4902,0.6869,0.0416,0.0573,76,0.539,"111,76,141"
V1,MAD_5000_PC,10,KMeans,4,0.2119,141.5,1.6686,0.5166,0.0849,0.1055,52,0.468,"89,111,76,52"
V1,MAD_5000_PC,10,KMeans,5,0.1855,118.9,1.7876,0.4083,0.1139,0.1731,47,0.528,"89,84,55,53,47"
V1,MAD_5000_PC,10,KMeans,6,0.1772,104.1,1.8521,0.3466,0.1523,0.2361,41,0.461,"45,52,41,51,89,50"
V1,MAD_5000_PC,10,KMeans,7,0.1588,93.8,1.9126,0.2846,0.1687,0.2583,37,0.552,"67,41,37,37,45,50,51"
V1,MAD_5000_PC,10,Ward,3,0.2572,161.8,1.5399,0.6787,0.0411,0.0619,69,0.496,"139,120,69"
V1,MAD_5000_PC,10,Ward,4,0.1829,128.6,1.7928,0.5098,0.0787,0.1084,54,0.45,"120,54,69,85"
V1,MAD_5000_PC,10,Ward,5,0.1476,105.3,2.131,0.3868,0.1264,0.1721,54,0.635,"60,54,69,85,60"
V1,MAD_5000_PC,10,Ward,6,0.1493,91.1,1.8696,0.3869,0.1287,0.1765,4,0.047,"54,60,69,85,56,4"
V1,MAD_5000_PC,10,Ward,7,0.1369,81.7,1.8183,0.3639,0.1329,0.1928,4,0.047,"69,60,37,85,56,4,17"
V1,MAD_5000_PC,10,GMM,3,0.2325,144.4,1.8272,0.759,0.0416,0.0892,46,0.326,"141,141,46"
V1,MAD_5000_PC,10,GMM,4,0.0897,101.4,2.7986,0.6091,0.0533,0.0934,42,0.296,"42,45,142,99"
V1,MAD_5000_PC,10,GMM,5,0.0948,93.6,2.8111,0.4369,0.0936,0.1517,39,0.394,"99,87,42,61,39"
V1,MAD_5000_PC,10,GMM,6,0.0866,81.4,2.5329,0.3742,0.0717,0.1238,25,0.253,"55,42,52,25,99,55"
V1,MAD_5000_PC,10,GMM,7,0.1334,81.8,2.1142,0.3169,0.1056,0.1672,26,0.321,"28,34,53,63,81,43,26"
V1,MAD_5000_PC,10,Spectral,3,0.2711,171.3,1.4965,0.6912,0.0444,0.0607,73,0.518,"141,73,114"
V1,MAD_5000_PC,10,Spectral,4,0.2152,139.2,1.6428,0.5402,0.0782,0.1066,41,0.36,"100,114,73,41"
V1,MAD_5000_PC,10,Spectral,5,0.1769,114.6,1.8686,0.4194,0.1268,0.1695,41,0.41,"100,55,67,41,65"
V1,MAD_5000_PC,10,Spectral,6,0.149,98.8,1.9089,0.3458,0.1665,0.2089,22,0.328,"65,66,67,55,53,22"
V1,MAD_5000_PC,10,Spectral,7,0.1526,91.3,1.8506,0.2938,0.1774,0.2609,22,0.333,"55,66,50,53,41,41,22"
V1,MAD_5000_PC,15,KMeans,3,0.2451,151.6,1.6047,0.6857,0.039,0.0541,77,0.546,"110,141,77"
V1,MAD_5000_PC,15,KMeans,4,0.1886,122.9,1.8032,0.514,0.0809,0.0998,53,0.482,"88,77,53,110"
V1,MAD_5000_PC,15,KMeans,5,0.164,102.5,1.9329,0.4083,0.1139,0.1731,47,0.528,"47,53,55,89,84"
V1,MAD_5000_PC,15,KMeans,6,0.1572,89.1,2.0079,0.3486,0.1431,0.2321,40,0.449,"40,89,50,52,41,56"
V1,MAD_5000_PC,15,KMeans,7,0.1403,79.5,2.0893,0.2884,0.1625,0.263,36,0.529,"41,68,50,57,39,37,36"
V1,MAD_5000_PC,15,Ward,3,0.2375,138.7,1.6344,0.725,0.0619,0.107,50,0.36,"139,139,50"
V1,MAD_5000_PC,15,Ward,4,0.1796,109.7,1.8156,0.5835,0.0899,0.1473,38,0.273,"139,101,50,38"
V1,MAD_5000_PC,15,Ward,5,0.1304,91.5,2.1892,0.4184,0.1008,0.1551,38,0.376,"79,101,50,38,60"
V1,MAD_5000_PC,15,Ward,6,0.134,80.0,2.028,0.3691,0.114,0.1951,34,0.337,"34,101,50,38,60,45"
V1,MAD_5000_PC,15,Ward,7,0.1425,72.0,1.8394,0.3692,0.1145,0.2082,4,0.04,"101,38,50,30,60,45,4"
V1,MAD_5000_PC,15,GMM,3,0.2209,128.7,1.8799,0.7775,0.0368,0.0848,41,0.281,"146,141,41"
V1,MAD_5000_PC,15,GMM,4,0.1153,98.4,2.282,0.5945,0.0669,0.1107,41,0.281,"67,41,74,146"
V1,MAD_5000_PC,15,GMM,5,0.1724,74.5,2.1029,0.4843,0.0802,0.1618,32,0.241,"133,46,32,64,53"
V1,MAD_5000_PC,15,GMM,6,0.1124,79.3,2.2638,0.3562,0.1732,0.2434,36,0.414,"36,59,87,41,67,38"
V1,MAD_5000_PC,15,GMM,7,0.0915,70.4,2.239,0.2831,0.1236,0.2082,37,0.578,"64,37,44,37,42,50,54"
V1,MAD_5000_PC,15,Spectral,3,0.2459,150.7,1.6085,0.6912,0.0444,0.0607,73,0.518,"141,114,73"
V1,MAD_5000_PC,15,Spectral,4,0.1915,121.3,1.7779,0.536,0.0835,0.1131,43,0.377,"43,114,98,73"
V1,MAD_5000_PC,15,Spectral,5,0.1577,99.5,2.002,0.417,0.1227,0.1753,43,0.439,"98,43,73,59,55"
V1,MAD_5000_PC,15,Spectral,6,0.1345,84.9,2.1394,0.3474,0.1534,0.2237,33,0.452,"73,59,33,55,35,73"
V1,MAD_5000_PC,15,Spectral,7,0.1348,77.7,2.0776,0.2918,0.1693,0.2762,35,0.5,"58,35,36,40,51,38,70"
V1,MAD_5000_PC,20,KMeans,3,0.2302,140.7,1.6904,0.6764,0.0277,0.0403,89,0.631,"141,98,89"
V1,MAD_5000_PC,20,KMeans,4,0.1748,113.4,1.8901,0.5061,0.0698,0.0901,52,0.531,"89,89,52,98"
V1,MAD_5000_PC,20,KMeans,5,0.1568,94.1,1.9765,0.41,0.1076,0.1669,43,0.483,"89,43,59,53,84"
V1,MAD_5000_PC,20,KMeans,6,0.1472,81.5,2.0974,0.3514,0.1367,0.2263,40,0.44,"56,91,50,41,50,40"
V1,MAD_5000_PC,20,KMeans,7,0.1175,72.6,2.1852,0.287,0.1503,0.2506,31,0.477,"41,45,39,57,50,65,31"
V1,MAD_5000_PC,20,Ward,3,0.2253,130.3,1.675,0.7219,0.0589,0.0985,51,0.367,"139,138,51"
V1,MAD_5000_PC,20,Ward,4,0.1553,100.5,2.0054,0.5625,0.0962,0.1488,47,0.341,"138,47,51,92"
V1,MAD_5000_PC,20,Ward,5,0.1198,84.6,2.3329,0.3986,0.1045,0.1652,47,0.511,"47,67,51,92,71"
V1,MAD_5000_PC,20,Ward,6,0.1089,73.0,2.1846,0.3817,0.1068,0.1882,14,0.152,"67,71,51,92,33,14"
V1,MAD_5000_PC,20,Ward,7,0.1099,65.6,1.9816,0.3818,0.1062,0.1867,4,0.043,"71,92,51,63,33,14,4"
V1,MAD_5000_PC,20,GMM,3,0.2092,121.1,1.9518,0.7626,0.0357,0.0688,45,0.317,"142,141,45"
V1,MAD_5000_PC,20,GMM,4,0.1185,94.8,2.2467,0.5813,0.07,0.1022,45,0.317,"63,45,78,142"
V1,MAD_5000_PC,20,GMM,5,0.1621,68.3,2.2007,0.4782,0.0865,0.1752,38,0.29,"131,43,38,75,41"
V1,MAD_5000_PC,20,Spectral,3,0.2309,139.9,1.6568,0.6943,0.0442,0.0616,71,0.504,"141,71,116"
V1,MAD_5000_PC,20,Spectral,4,0.1791,112.1,1.8567,0.5352,0.0811,0.1076,45,0.388,"96,116,71,45"
V1,MAD_5000_PC,20,Spectral,5,0.1457,91.2,2.1289,0.4106,0.1339,0.1797,45,0.469,"96,58,62,45,67"
V1,MAD_5000_PC,20,Spectral,6,0.1235,76.8,2.163,0.3494,0.1533,0.2119,32,0.421,"76,58,62,33,32,67"
V1,MAD_5000_PC,20,Spectral,7,0.1251,70.6,2.0711,0.2959,0.1614,0.2605,29,0.403,"72,60,40,39,48,29,40"
V1,MAD_2000_ALL,5,KMeans,3,0.6222,1803.1,0.6304,0.6413,0.0041,0.0172,92,0.643,"92,143,93"
V1,MAD_2000_ALL,5,KMeans,4,0.5669,1690.9,0.7691,0.5703,0.003,0.028,49,0.35,"140,79,49,60"
V1,MAD_2000_ALL,5,KMeans,5,0.5399,1576.3,0.8629,0.5229,-0.0023,0.0247,25,0.179,"47,140,25,58,58"
V1,MAD_2000_ALL,5,KMeans,6,0.5016,1387.5,1.0185,0.4857,-0.0009,0.0312,22,0.157,"33,22,50,140,43,40"
V1,MAD_2000_ALL,5,KMeans,7,0.3137,1279.8,1.1002,0.3096,0.0117,0.0412,19,0.241,"79,45,43,19,61,41,40"
V1,MAD_2000_ALL,5,Ward,3,0.6181,1708.0,0.6368,0.6753,0.005,0.0149,80,0.571,"108,140,80"
V1,MAD_2000_ALL,5,Ward,4,0.5611,1568.8,0.7856,0.5715,-0.0023,0.0194,44,0.314,"80,140,64,44"
V1,MAD_2000_ALL,5,Ward,5,0.5357,1529.2,0.8549,0.5276,0.0004,0.0279,23,0.164,"140,57,64,44,23"
V1,MAD_2000_ALL,5,Ward,6,0.3436,1335.3,0.9709,0.3587,0.0153,0.0393,23,0.264,"64,57,87,44,23,53"
V1,MAD_2000_ALL,5,Ward,7,0.2998,1212.4,1.2195,0.3214,0.0146,0.0409,23,0.264,"57,33,31,44,23,53,87"
V1,MAD_2000_ALL,5,GMM,3,0.4569,780.1,1.6089,0.7871,0.0387,0.0849,38,0.253,"150,140,38"
V1,MAD_2000_ALL,5,GMM,4,0.4665,942.2,0.8903,0.6722,0.004,0.0538,16,0.114,"140,122,16,50"
V1,MAD_2000_ALL,5,GMM,5,0.4093,723.9,1.4001,0.5648,0.0295,0.1089,21,0.15,"36,140,21,93,38"
V1,MAD_2000_ALL,5,GMM,6,0.4158,904.5,1.3822,0.4889,0.0231,0.0979,19,0.136,"43,140,43,32,19,51"
V1,MAD_2000_ALL,5,GMM,7,0.4174,831.4,1.4882,0.4701,0.0359,0.1385,19,0.136,"39,140,25,20,19,34,51"
V1,MAD_2000_ALL,5,Spectral,3,0.6227,1748.5,0.632,0.6723,0.0036,0.0136,83,0.593,"140,105,83"
V1,MAD_2000_ALL,5,Spectral,4,0.391,1218.5,0.8683,0.5114,0.0111,0.0231,47,0.448,"47,83,93,105"
V1,MAD_2000_ALL,5,Spectral,5,0.3431,1336.7,0.9194,0.4092,0.0043,0.0264,47,0.505,"93,79,49,60,47"
V1,MAD_2000_ALL,5,Spectral,6,0.3222,1099.1,0.9795,0.3475,0.0104,0.0487,29,0.367,"40,79,49,71,29,60"
V1,MAD_2000_ALL,5,Spectral,7,0.3065,1165.6,1.0174,0.3007,0.0187,0.0579,25,0.357,"70,47,25,63,40,30,53"
V1,MAD_2000_ALL,8,KMeans,3,0.5909,1503.1,0.6965,0.6413,0.0041,0.0172,92,0.643,"92,143,93"
V1,MAD_2000_ALL,8,KMeans,4,0.5273,1328.0,0.8745,0.5715,0.0034,0.0254,45,0.321,"140,67,76,45"
V1,MAD_2000_ALL,8,KMeans,5,0.4954,1183.5,0.999,0.5229,-0.0023,0.0247,25,0.179,"140,58,25,58,47"
V1,MAD_2000_ALL,8,KMeans,6,0.3057,1043.9,1.1154,0.3463,0.009,0.0335,25,0.316,"79,60,25,48,61,55"
V1,MAD_2000_ALL,8,KMeans,7,0.2668,939.9,1.2808,0.3061,0.0116,0.0409,24,0.312,"77,45,33,24,40,46,63"
V1,MAD_2000_ALL,8,Ward,3,0.5706,1330.1,0.7041,0.7072,0.006,0.0135,62,0.443,"126,140,62"
V1,MAD_2000_ALL,8,Ward,4,0.5295,1309.9,0.8599,0.5681,-0.0025,0.016,49,0.35,"62,140,77,49"
V1,MAD_2000_ALL,8,Ward,5,0.4868,1125.9,0.9879,0.5413,0.0006,0.0286,19,0.136,"140,49,77,43,19"
V1,MAD_2000_ALL,8,Ward,6,0.2966,985.8,1.1076,0.369,0.0049,0.0297,19,0.226,"77,49,56,43,19,84"
V1,MAD_2000_ALL,8,Ward,7,0.2464,884.4,1.3318,0.3248,0.0069,0.0367,19,0.226,"55,49,56,43,19,84,22"
V1,MAD_2000_ALL,8,GMM,3,0.4218,737.0,1.6934,0.6865,0.0488,0.0656,72,0.514,"140,116,72"
V1,MAD_2000_ALL,8,GMM,4,0.3111,639.5,1.2194,0.6511,0.0504,0.0737,7,0.052,"7,77,110,134"
V1,MAD_2000_ALL,8,GMM,5,0.165,642.9,1.7654,0.4199,0.0683,0.1136,37,0.394,"83,94,37,57,57"
V1,MAD_2000_ALL,8,GMM,6,0.1955,728.7,1.5098,0.3617,0.043,0.0824,21,0.273,"63,34,66,67,77,21"
V1,MAD_2000_ALL,8,GMM,7,0.1685,614.1,1.622,0.3376,0.0416,0.0723,7,0.091,"55,63,48,21,77,57,7"
V1,MAD_2000_ALL,8,Spectral,3,0.5897,1462.5,0.6957,0.67,0.004,0.015,86,0.614,"86,102,140"
V1,MAD_2000_ALL,8,Spectral,4,0.3738,1037.1,0.9647,0.495,0.0096,0.0192,58,0.569,"82,102,58,86"
V1,MAD_2000_ALL,8,Spectral,5,0.3192,1047.4,1.0245,0.408,0.0022,0.0232,48,0.533,"82,48,90,58,50"
V1,MAD_2000_ALL,8,Spectral,6,0.2851,856.7,1.0824,0.3685,0.0091,0.042,29,0.322,"77,48,50,34,29,90"
V1,MAD_2000_ALL,8,Spectral,7,0.2683,882.2,1.1388,0.3131,0.0167,0.0557,24,0.312,"77,65,55,24,34,44,29"
V1,MAD_2000_ALL,10,KMeans,3,0.5777,1386.2,0.7273,0.6413,0.0041,0.0172,92,0.643,"143,92,93"
V1,MAD_2000_ALL,10,KMeans,4,0.5116,1197.3,0.9178,0.5715,0.0034,0.0254,45,0.321,"76,140,67,45"
V1,MAD_2000_ALL,10,KMeans,5,0.4772,1049.2,1.0588,0.5229,-0.0023,0.0247,25,0.179,"58,58,140,47,25"
V1,MAD_2000_ALL,10,KMeans,6,0.2824,918.0,1.1865,0.3497,0.0077,0.0319,25,0.301,"58,25,83,47,58,57"
V1,MAD_2000_ALL,10,KMeans,7,0.2464,818.4,1.3761,0.3081,0.011,0.0392,20,0.256,"62,41,40,42,45,78,20"
V1,MAD_2000_ALL,10,Ward,3,0.5638,1280.7,0.7351,0.6865,0.0093,0.0182,72,0.514,"116,140,72"
V1,MAD_2000_ALL,10,Ward,4,0.4959,1129.8,0.9883,0.5626,0.0013,0.023,58,0.414,"72,140,58,58"
V1,MAD_2000_ALL,10,Ward,5,0.4622,989.3,1.0924,0.5295,0.0042,0.0348,19,0.136,"140,58,58,53,19"
V1,MAD_2000_ALL,10,Ward,6,0.2704,855.5,1.2244,0.3711,0.0209,0.0476,19,0.202,"58,58,94,53,19,46"
V1,MAD_2000_ALL,10,Ward,7,0.24,763.4,1.3954,0.3417,0.0285,0.0717,19,0.202,"58,53,35,23,19,46,94"
V1,MAD_2000_ALL,10,GMM,3,0.3874,644.4,2.8289,0.6679,0.0793,0.101,88,0.629,"140,88,100"
V1,MAD_2000_ALL,10,GMM,5,0.3316,510.2,1.5759,0.5897,0.0169,0.0374,18,0.129,"98,140,18,54,18"
V1,MAD_2000_ALL,10,Spectral,3,0.5762,1351.3,0.7255,0.6693,0.005,0.0168,87,0.621,"87,101,140"
V1,MAD_2000_ALL,10,Spectral,4,0.3516,955.4,1.0321,0.4891,0.0129,0.0236,70,0.693,"101,70,70,87"
V1,MAD_2000_ALL,10,Spectral,5,0.2961,946.2,1.0967,0.3998,0.0053,0.027,49,0.557,"70,49,51,88,70"
V1,MAD_2000_ALL,10,Spectral,6,0.2608,772.0,1.1713,0.3655,0.0109,0.0436,29,0.33,"77,51,49,88,34,29"
V1,MAD_2000_ALL,10,Spectral,7,0.2399,769.0,1.2281,0.3136,0.0208,0.06,25,0.325,"77,42,29,54,34,25,67"
V1,MAD_2000_ALL,15,KMeans,3,0.5583,1201.8,0.7797,0.6413,0.0041,0.0172,92,0.643,"143,92,93"
V1,MAD_2000_ALL,15,KMeans,4,0.4897,1003.7,0.9963,0.5715,0.0034,0.0254,45,0.321,"67,140,45,76"
V1,MAD_2000_ALL,15,KMeans,5,0.4546,858.2,1.168,0.5204,-0.0007,0.0281,27,0.193,"57,140,27,47,57"
V1,MAD_2000_ALL,15,KMeans,6,0.2524,741.4,1.3022,0.3453,0.0074,0.0319,25,0.325,"77,58,63,58,47,25"
V1,MAD_2000_ALL,15,KMeans,7,0.2196,654.2,1.5017,0.3075,0.0102,0.0388,24,0.304,"45,61,33,47,24,39,79"
V1,MAD_2000_ALL,15,Ward,3,0.548,1143.5,0.7949,0.6688,0.0001,0.0105,88,0.629,"100,140,88"
V1,MAD_2000_ALL,15,Ward,4,0.4728,913.0,1.0808,0.577,-0.0032,0.0168,47,0.336,"88,140,53,47"
V1,MAD_2000_ALL,15,Ward,5,0.4347,802.5,1.1675,0.5379,-0.0036,0.0262,17,0.121,"140,71,53,47,17"
V1,MAD_2000_ALL,15,Ward,6,0.2323,688.2,1.3132,0.3585,0.0084,0.0361,17,0.239,"71,47,53,69,17,71"
V1,MAD_2000_ALL,15,Ward,7,0.2054,615.4,1.5913,0.3126,0.0088,0.0348,17,0.239,"53,47,34,69,17,71,37"
V1,MAD_2000_ALL,15,GMM,3,0.4406,652.7,1.3489,0.8432,0.0097,0.0192,26,0.16,"140,162,26"
V1,MAD_2000_ALL,15,GMM,4,0.3661,527.6,1.3052,0.7618,0.0017,0.0192,16,0.109,"16,140,25,147"
V1,MAD_2000_ALL,15,GMM,7,0.3893,580.1,1.6834,0.4704,0.011,0.0807,15,0.107,"44,140,26,22,34,15,47"
V1,MAD_2000_ALL,15,Spectral,3,0.5568,1175.3,0.7761,0.6693,0.005,0.0168,87,0.621,"87,101,140"
V1,MAD_2000_ALL,15,Spectral,4,0.3257,826.5,1.1229,0.4894,0.0152,0.0261,67,0.663,"73,101,67,87"
V1,MAD_2000_ALL,15,Spectral,5,0.2689,786.7,1.1935,0.4016,0.0069,0.0272,48,0.539,"73,48,89,67,51"
V1,MAD_2000_ALL,15,Spectral,6,0.2317,643.7,1.2893,0.3589,0.0091,0.0402,28,0.326,"38,28,86,54,48,74"
V1,MAD_2000_ALL,15,Spectral,7,0.2111,619.0,1.3438,0.3129,0.0166,0.0537,23,0.311,"74,56,41,68,38,23,28"
V1,MAD_2000_ALL,20,KMeans,3,0.5451,1093.7,0.8183,0.6413,0.0041,0.0172,92,0.643,"92,143,93"
V1,MAD_2000_ALL,20,KMeans,4,0.4754,895.4,1.054,0.5715,0.0034,0.0254,45,0.321,"45,140,67,76"
V1,MAD_2000_ALL,20,KMeans,5,0.4392,756.1,1.2306,0.5229,-0.0019,0.0251,25,0.179,"140,59,25,47,57"
V1,MAD_2000_ALL,20,KMeans,6,0.2339,647.4,1.3878,0.3465,0.0074,0.0316,25,0.316,"61,58,79,47,25,58"
V1,MAD_2000_ALL,20,KMeans,7,0.1996,566.3,1.6409,0.3063,0.0109,0.0388,23,0.291,"79,43,23,41,38,43,61"
V1,MAD_2000_ALL,20,Ward,3,0.5361,1040.9,0.8192,0.6803,0.0035,0.0127,76,0.543,"112,140,76"
V1,MAD_2000_ALL,20,Ward,4,0.4752,863.8,1.0893,0.5685,-0.0034,0.0175,46,0.329,"76,140,66,46"
V1,MAD_2000_ALL,20,Ward,5,0.438,738.2,1.2221,0.5288,0.0029,0.0354,22,0.157,"140,54,66,46,22"
V1,MAD_2000_ALL,20,Ward,6,0.2369,628.8,1.3718,0.3722,0.0093,0.037,22,0.232,"66,54,95,46,22,45"
V1,MAD_2000_ALL,20,Ward,7,0.2262,546.4,1.5815,0.3418,0.0217,0.0824,17,0.179,"54,46,17,49,22,45,95"
V1,MAD_2000_ALL,20,GMM,3,0.4896,885.7,0.9776,0.6676,0.0211,0.0334,91,0.65,"91,97,140"
V1,MAD_2000_ALL,20,GMM,4,0.3818,570.3,1.226,0.7086,0.0009,0.0206,24,0.171,"29,140,24,135"
V1,MAD_2000_ALL,20,Spectral,3,0.5435,1071.6,0.8135,0.6693,0.005,0.0168,87,0.621,"140,101,87"
V1,MAD_2000_ALL,20,Spectral,4,0.308,750.5,1.1896,0.4894,0.0152,0.0261,67,0.663,"73,101,87,67"
V1,MAD_2000_ALL,20,Spectral,5,0.2508,701.7,1.2738,0.3961,0.0072,0.025,50,0.588,"85,67,73,53,50"
V1,MAD_2000_ALL,20,Spectral,6,0.2311,640.8,1.3702,0.3488,0.0151,0.0438,24,0.329,"73,67,24,67,43,54"
V1,MAD_2000_ALL,20,Spectral,7,0.1931,543.1,1.4497,0.3103,0.018,0.0561,24,0.324,"74,43,54,67,38,28,24"
V1,MAD_5000_ALL,5,KMeans,3,0.5219,933.7,0.7927,0.6503,0.007,0.0196,88,0.611,"144,96,88"
V1,MAD_5000_ALL,5,KMeans,4,0.456,763.9,0.98,0.5794,0.0074,0.0381,49,0.348,"141,82,49,56"
V1,MAD_5000_ALL,5,KMeans,5,0.2926,670.3,1.1684,0.3979,0.0296,0.057,49,0.598,"75,56,49,66,82"
V1,MAD_5000_ALL,5,KMeans,6,0.2723,614.6,1.2709,0.3428,0.0251,0.0551,28,0.394,"57,71,46,70,28,56"
V1,MAD_5000_ALL,5,KMeans,7,0.2728,560.2,1.2298,0.3102,0.0451,0.0976,26,0.347,"75,26,28,37,66,51,45"
V1,MAD_5000_ALL,5,Ward,3,0.5192,919.2,0.7997,0.6777,0.0033,0.0136,86,0.61,"101,141,86"
V1,MAD_5000_ALL,5,Ward,4,0.4328,716.2,1.0747,0.5853,0.0048,0.029,44,0.312,"86,141,57,44"
V1,MAD_5000_ALL,5,Ward,5,0.4078,606.3,1.2757,0.5203,0.0173,0.0584,34,0.241,"141,34,57,44,52"
V1,MAD_5000_ALL,5,Ward,6,0.2274,554.6,1.4357,0.3417,0.0495,0.0828,34,0.425,"34,80,57,44,52,61"
V1,MAD_5000_ALL,5,Ward,7,0.2275,493.8,1.3646,0.3315,0.0454,0.0974,14,0.175,"80,44,57,20,52,61,14"
V1,MAD_5000_ALL,5,GMM,3,0.4738,779.1,0.9189,0.6805,0.0226,0.0344,82,0.582,"141,105,82"
V1,MAD_5000_ALL,5,GMM,4,0.2487,563.7,1.3454,0.4981,0.0428,0.053,67,0.638,"74,82,105,67"
V1,MAD_5000_ALL,5,GMM,5,0.2523,597.1,1.2584,0.4209,0.0361,0.0753,40,0.426,"53,83,40,94,58"
V1,MAD_5000_ALL,5,GMM,6,0.2058,476.6,1.4621,0.3742,0.0583,0.1054,22,0.232,"22,95,63,39,53,56"
V1,MAD_5000_ALL,5,GMM,7,0.158,419.9,1.5743,0.3351,0.0601,0.1063,22,0.247,"22,89,63,25,38,56,35"
V1,MAD_5000_ALL,5,Spectral,3,0.5188,919.3,0.7961,0.6757,0.0035,0.0152,92,0.652,"92,141,95"
V1,MAD_5000_ALL,5,Spectral,4,0.3391,699.8,1.0751,0.5035,0.0275,0.0476,54,0.551,"89,87,98,54"
V1,MAD_5000_ALL,5,Spectral,5,0.2879,659.1,1.169,0.3998,0.0215,0.0456,46,0.561,"82,59,64,46,77"
V1,MAD_5000_ALL,5,Spectral,6,0.2544,546.3,1.2632,0.3492,0.067,0.1357,31,0.378,"31,82,44,46,66,59"
V1,MAD_5000_ALL,5,Spectral,7,0.2743,483.2,1.1549,0.3198,0.0576,0.1368,20,0.244,"20,46,59,82,27,54,40"
V1,MAD_5000_ALL,8,KMeans,3,0.4799,737.8,0.897,0.6503,0.007,0.0196,88,0.611,"144,88,96"
V1,MAD_5000_ALL,8,KMeans,4,0.4079,579.0,1.1315,0.5794,0.0074,0.0381,49,0.348,"82,141,56,49"
V1,MAD_5000_ALL,8,KMeans,5,0.2471,499.3,1.3392,0.3992,0.0224,0.0484,49,0.598,"63,82,49,78,56"
V1,MAD_5000_ALL,8,KMeans,6,0.2277,445.3,1.4687,0.3481,0.018,0.0476,25,0.316,"79,48,58,56,62,25"
V1,MAD_5000_ALL,8,KMeans,7,0.2265,397.6,1.4321,0.3135,0.0382,0.0948,23,0.295,"41,63,45,23,78,51,27"
V1,MAD_5000_ALL,8,Ward,3,0.4725,718.2,0.9082,0.6814,0.0021,0.0121,81,0.574,"106,141,81"
V1,MAD_5000_ALL,8,Ward,4,0.4129,561.2,1.1272,0.5873,-0.0018,0.0229,37,0.262,"141,69,81,37"
V1,MAD_5000_ALL,8,Ward,5,0.2453,470.1,1.2532,0.4743,0.0114,0.054,27,0.237,"81,69,114,37,27"
V1,MAD_5000_ALL,8,Ward,6,0.2292,422.0,1.3376,0.4281,0.0138,0.0604,21,0.184,"114,69,60,37,27,21"
V1,MAD_5000_ALL,8,Ward,7,0.1975,377.7,1.4361,0.3402,0.0203,0.0698,21,0.244,"69,37,60,86,27,21,28"
V1,MAD_5000_ALL,8,GMM,3,0.3688,483.3,1.6454,0.6805,0.1,0.1378,82,0.582,"141,82,105"
V1,MAD_5000_ALL,8,GMM,4,0.1395,343.6,1.9542,0.5102,0.13,0.159,52,0.495,"82,105,89,52"
V1,MAD_5000_ALL,8,GMM,5,0.1586,373.3,1.9122,0.4062,0.074,0.1212,52,0.584,"89,54,79,52,54"
V1,MAD_5000_ALL,8,GMM,6,0.1502,324.1,1.7521,0.3777,0.0702,0.1329,19,0.213,"19,89,48,42,78,52"
V1,MAD_5000_ALL,8,GMM,7,0.1613,274.6,1.7711,0.3167,0.1018,0.1613,22,0.278,"58,53,79,33,22,28,55"
V1,MAD_5000_ALL,8,Spectral,3,0.4791,726.8,0.8888,0.679,0.0053,0.0186,84,0.596,"141,103,84"
V1,MAD_5000_ALL,8,Spectral,4,0.2979,543.6,1.1985,0.52,0.0281,0.0501,45,0.437,"96,45,103,84"
V1,MAD_5000_ALL,8,Spectral,5,0.2486,479.7,1.2494,0.4583,0.0279,0.0667,37,0.356,"96,104,46,37,45"
V1,MAD_5000_ALL,8,Spectral,6,0.207,403.2,1.4043,0.3814,0.0449,0.1148,34,0.333,"68,102,39,39,46,34"
V1,MAD_5000_ALL,8,Spectral,7,0.2286,351.3,1.3451,0.3506,0.0527,0.133,24,0.235,"26,39,102,46,24,56,35"
V1,MAD_5000_ALL,10,KMeans,3,0.465,679.5,0.9371,0.6503,0.007,0.0196,88,0.611,"144,96,88"
V1,MAD_5000_ALL,10,KMeans,4,0.3923,527.2,1.1839,0.5794,0.0074,0.0381,49,0.348,"49,141,56,82"
V1,MAD_5000_ALL,10,KMeans,5,0.2336,451.7,1.3994,0.3984,0.0276,0.0539,48,0.578,"71,83,56,48,70"
V1,MAD_5000_ALL,10,KMeans,6,0.213,398.9,1.5472,0.3457,0.0243,0.0533,25,0.342,"25,68,56,73,48,58"
V1,MAD_5000_ALL,10,KMeans,7,0.2117,354.1,1.5121,0.3117,0.0424,0.0979,23,0.315,"41,73,51,68,45,27,23"
V1,MAD_5000_ALL,10,Ward,3,0.4497,648.8,0.9589,0.6869,0.0088,0.0186,76,0.539,"111,141,76"
V1,MAD_5000_ALL,10,Ward,4,0.3839,505.0,1.2859,0.5742,0.0039,0.0289,51,0.362,"141,60,76,51"
V1,MAD_5000_ALL,10,Ward,5,0.2111,420.4,1.4793,0.4381,0.016,0.0389,35,0.33,"76,60,106,51,35"
V1,MAD_5000_ALL,10,Ward,6,0.1912,366.1,1.6183,0.3889,0.0173,0.0453,28,0.264,"106,60,48,51,35,28"
V1,MAD_5000_ALL,10,Ward,7,0.1647,325.8,1.6745,0.311,0.0234,0.0666,27,0.342,"60,51,48,79,35,28,27"
V1,MAD_5000_ALL,10,GMM,3,0.3512,437.1,1.6803,0.7555,0.0656,0.1339,47,0.333,"141,47,140"
V1,MAD_5000_ALL,10,GMM,4,0.127,311.8,1.9681,0.6692,0.0517,0.1186,28,0.176,"48,159,28,93"
V1,MAD_5000_ALL,10,GMM,5,0.1086,319.8,2.3471,0.4313,0.0861,0.1238,42,0.452,"93,42,48,93,52"
V1,MAD_5000_ALL,10,GMM,6,0.0969,280.1,2.0652,0.429,0.0643,0.1323,24,0.233,"93,103,48,29,24,31"
V1,MAD_5000_ALL,10,GMM,7,0.1176,252.1,1.793,0.4069,0.0487,0.1146,13,0.125,"25,88,104,40,22,13,36"
V1,MAD_5000_ALL,10,Spectral,3,0.4655,668.6,0.922,0.6824,0.0018,0.016,80,0.567,"141,107,80"
V1,MAD_5000_ALL,10,Spectral,4,0.2812,497.1,1.2484,0.5233,0.0217,0.0439,45,0.421,"96,80,107,45"
V1,MAD_5000_ALL,10,Spectral,5,0.2335,436.5,1.3071,0.4562,0.0253,0.0628,37,0.359,"103,96,47,37,45"
V1,MAD_5000_ALL,10,Spectral,6,0.2003,363.5,1.496,0.3797,0.0484,0.1112,34,0.33,"63,47,37,103,34,44"
V1,MAD_5000_ALL,10,Spectral,7,0.2153,315.5,1.4147,0.3565,0.0554,0.1411,23,0.223,"25,103,47,23,59,34,37"
V1,MAD_5000_ALL,15,KMeans,3,0.4434,597.3,1.0025,0.6516,0.0068,0.0192,85,0.59,"85,144,99"
V1,MAD_5000_ALL,15,KMeans,4,0.3687,456.2,1.2773,0.5797,0.007,0.0374,48,0.34,"141,82,48,57"
V1,MAD_5000_ALL,15,KMeans,5,0.2098,385.6,1.5127,0.3985,0.0265,0.0528,48,0.578,"72,83,56,48,69"
V1,MAD_5000_ALL,15,KMeans,6,0.1891,336.4,1.6781,0.3455,0.0221,0.0512,25,0.347,"72,57,57,48,69,25"
V1,MAD_5000_ALL,15,KMeans,7,0.1869,296.2,1.6539,0.3122,0.0424,0.0958,24,0.338,"70,24,71,53,45,26,39"
V1,MAD_5000_ALL,15,Ward,3,0.4038,531.6,1.0416,0.7333,0.0058,0.0165,54,0.383,"133,141,54"
V1,MAD_5000_ALL,15,Ward,4,0.3571,436.4,1.3087,0.5815,0.0044,0.0306,49,0.348,"141,84,54,49"
V1,MAD_5000_ALL,15,Ward,5,0.1793,361.3,1.6019,0.4013,0.0178,0.0435,49,0.583,"84,49,54,63,78"
V1,MAD_5000_ALL,15,Ward,6,0.1613,312.0,1.7545,0.3386,0.0409,0.0806,35,0.449,"54,49,35,63,78,49"
V1,MAD_5000_ALL,15,Ward,7,0.1494,275.1,1.8381,0.3133,0.0398,0.0815,21,0.269,"49,63,35,33,78,49,21"
V1,MAD_5000_ALL,15,GMM,3,0.377,445.3,1.2515,0.7699,0.0179,0.0562,43,0.299,"141,144,43"
V1,MAD_5000_ALL,15,GMM,4,0.1278,303.8,2.2827,0.6329,0.0224,0.0539,35,0.243,"35,43,106,144"
V1,MAD_5000_ALL,15,GMM,5,0.0925,281.9,2.3385,0.492,0.0243,0.0766,35,0.299,"117,45,35,96,35"
V1,MAD_5000_ALL,15,GMM,6,0.1367,293.3,2.1166,0.3604,0.0511,0.1042,34,0.362,"34,47,58,55,40,94"
V1,MAD_5000_ALL,15,Spectral,3,0.4414,588.8,0.9959,0.679,0.0019,0.015,84,0.596,"84,141,103"
V1,MAD_5000_ALL,15,Spectral,4,0.2578,433.6,1.3467,0.5219,0.0234,0.0458,44,0.427,"97,84,103,44"
V1,MAD_5000_ALL,15,Spectral,5,0.2108,372.6,1.4095,0.4581,0.0269,0.0655,37,0.359,"97,37,47,44,103"
V1,MAD_5000_ALL,15,Spectral,6,0.1756,306.3,1.6691,0.383,0.0626,0.1346,29,0.282,"47,103,64,37,29,48"
V1,MAD_5000_ALL,15,Spectral,7,0.191,267.4,1.5542,0.355,0.0548,0.1409,24,0.233,"58,47,37,103,26,24,33"
V1,MAD_5000_ALL,20,KMeans,3,0.4286,550.0,1.0523,0.6503,0.007,0.0196,88,0.611,"88,144,96"
V1,MAD_5000_ALL,20,KMeans,4,0.3558,416.5,1.3374,0.5807,0.0066,0.037,48,0.34,"56,141,83,48"
V1,MAD_5000_ALL,20,KMeans,5,0.1962,348.8,1.5881,0.3985,0.0265,0.0528,48,0.578,"72,83,56,48,69"
V1,MAD_5000_ALL,20,KMeans,6,0.1753,302.3,1.7663,0.3454,0.0233,0.0522,25,0.352,"71,57,57,48,70,25"
V1,MAD_5000_ALL,20,KMeans,7,0.1728,264.9,1.7389,0.3114,0.0449,0.0998,23,0.324,"70,41,23,27,45,71,51"
V1,MAD_5000_ALL,20,Ward,3,0.4094,518.0,1.1099,0.6772,-0.0013,0.0091,87,0.617,"100,141,87"
V1,MAD_5000_ALL,20,Ward,4,0.3553,389.7,1.4131,0.5888,0.0096,0.0415,40,0.284,"87,141,40,60"
V1,MAD_5000_ALL,20,Ward,5,0.3215,326.3,1.577,0.525,0.0299,0.0834,31,0.22,"141,56,40,60,31"
V1,MAD_5000_ALL,20,Ward,6,0.1563,286.5,1.7537,0.3668,0.0601,0.1124,31,0.323,"56,96,40,60,31,45"
V1,MAD_5000_ALL,20,Ward,7,0.1428,248.9,1.7764,0.3443,0.0619,0.1389,15,0.156,"96,60,40,41,31,45,15"
V1,MAD_5000_ALL,20,GMM,3,0.3633,414.9,1.3712,0.7555,0.0197,0.05,47,0.333,"141,47,140"
V1,MAD_5000_ALL,20,GMM,4,0.1322,290.7,1.9629,0.5925,0.0373,0.0667,47,0.336,"140,94,47,47"
V1,MAD_5000_ALL,20,GMM,5,0.1536,321.8,1.8266,0.4116,0.023,0.0475,49,0.563,"86,51,55,87,49"
V1,MAD_5000_ALL,20,GMM,6,0.1336,269.8,2.0347,0.3764,0.0351,0.095,23,0.267,"34,55,49,81,86,23"
V1,MAD_5000_ALL,20,Spectral,3,0.4283,543.2,1.0402,0.679,0.0036,0.0167,84,0.596,"141,103,84"
V1,MAD_5000_ALL,20,Spectral,4,0.2434,397.6,1.4251,0.5164,0.0303,0.0535,47,0.456,"94,103,47,84"
V1,MAD_5000_ALL,20,Spectral,5,0.1978,340.9,1.5143,0.4411,0.0334,0.0704,38,0.392,"94,97,52,38,47"
V1,MAD_5000_ALL,20,Spectral,6,0.1776,281.1,1.65,0.3731,0.0459,0.1164,26,0.268,"38,52,53,26,62,97"
V1,MAD_5000_ALL,20,Spectral,7,0.1772,243.0,1.6678,0.3435,0.059,0.1422,24,0.247,"26,52,38,24,33,58,97"
V2,MAD_1000_PC,5,KMeans,3,0.2116,101.3,1.5739,-0.0032,0.3807,0.3721,98,0.754,"98,130,100"
V2,MAD_1000_PC,5,KMeans,4,0.1974,89.9,1.4825,-0.0018,0.3979,0.3944,72,0.809,"89,72,79,88"
V2,MAD_1000_PC,5,KMeans,5,0.2024,84.0,1.4741,-0.0048,0.3509,0.4076,41,0.461,"81,53,89,41,64"
V2,MAD_1000_PC,5,KMeans,6,0.2042,79.8,1.4354,-0.0036,0.3434,0.3852,39,0.582,"48,67,45,62,67,39"
V2,MAD_1000_PC,5,KMeans,7,0.2024,75.0,1.3933,-0.0031,0.34,0.3951,30,0.5,"45,60,58,30,36,39,60"
V2,MAD_1000_PC,5,Ward,3,0.1573,76.5,1.8629,-0.0032,0.2666,0.2911,70,0.53,"126,132,70"
V2,MAD_1000_PC,5,Ward,4,0.1479,69.0,1.6716,0.0003,0.2929,0.3401,43,0.326,"132,83,70,43"
V2,MAD_1000_PC,5,Ward,5,0.1504,66.7,1.6913,-0.0006,0.2759,0.3669,43,0.518,"70,83,83,43,49"
V2,MAD_1000_PC,5,Ward,6,0.1394,62.8,1.558,-0.0028,0.2167,0.3608,34,0.41,"83,49,83,43,34,36"
V2,MAD_1000_PC,5,Ward,7,0.1503,60.2,1.5691,0.0001,0.2226,0.3503,18,0.217,"83,49,65,43,34,36,18"
V2,MAD_1000_PC,5,GMM,3,0.1828,86.3,1.6769,-0.0016,0.3378,0.3349,103,0.888,"103,109,116"
V2,MAD_1000_PC,5,GMM,4,0.1725,65.9,1.9664,-0.0044,0.4593,0.4525,59,0.59,"93,76,100,59"
V2,MAD_1000_PC,5,GMM,5,0.1604,63.6,1.7994,-0.0041,0.3478,0.4461,56,0.709,"79,57,78,56,58"
V2,MAD_1000_PC,5,GMM,6,0.1217,50.1,2.0068,-0.0022,0.3047,0.338,36,0.429,"57,84,64,45,42,36"
V2,MAD_1000_PC,5,GMM,7,0.0949,43.3,2.1058,-0.0033,0.3572,0.4276,28,0.4,"44,70,35,66,55,28,30"
V2,MAD_1000_PC,5,Spectral,3,0.2081,98.3,1.5994,-0.0026,0.4369,0.4294,88,0.672,"109,131,88"
V2,MAD_1000_PC,5,Spectral,4,0.1936,87.3,1.5406,-0.0023,0.3899,0.4033,72,0.809,"80,87,72,89"
V2,MAD_1000_PC,5,Spectral,5,0.1871,77.2,1.5021,0.0024,0.2534,0.3519,49,0.57,"86,50,60,49,83"
V2,MAD_1000_PC,5,Spectral,6,0.1773,72.7,1.5006,0.0017,0.2521,0.3607,40,0.5,"54,40,80,41,59,54"
V2,MAD_1000_PC,5,Spectral,7,0.1742,67.1,1.4482,-0.0038,0.2333,0.3776,27,0.355,"76,40,47,27,55,33,50"
V2,MAD_1000_PC,8,KMeans,3,0.1742,78.3,1.8165,-0.0036,0.3755,0.3689,98,0.748,"98,99,131"
V2,MAD_1000_PC,8,KMeans,4,0.1599,68.2,1.7416,-0.0026,0.401,0.3973,77,0.875,"88,77,77,86"
V2,MAD_1000_PC,8,KMeans,5,0.1611,62.4,1.6772,0.0007,0.3094,0.3442,59,0.855,"69,66,59,69,65"
V2,MAD_1000_PC,8,KMeans,6,0.164,58.1,1.6616,-0.0028,0.316,0.3791,38,0.469,"81,44,38,53,62,50"
V2,MAD_1000_PC,8,KMeans,7,0.1633,54.2,1.6345,-0.0035,0.3599,0.4249,32,0.516,"37,60,62,32,40,39,58"
V2,MAD_1000_PC,8,Ward,3,0.1451,63.3,1.6622,0.0041,0.2244,0.332,48,0.24,"200,80,48"
V2,MAD_1000_PC,8,Ward,4,0.1284,57.6,1.9151,0.0029,0.3079,0.3409,48,0.39,"123,80,48,77"
V2,MAD_1000_PC,8,Ward,5,0.1408,54.6,1.825,-0.0016,0.2813,0.3371,42,0.519,"81,80,48,77,42"
V2,MAD_1000_PC,8,Ward,6,0.1404,49.5,1.7873,-0.0022,0.3033,0.3599,21,0.263,"80,60,48,77,42,21"
V2,MAD_1000_PC,8,Ward,7,0.1364,46.2,1.7443,-0.0028,0.2931,0.3624,13,0.169,"60,77,48,67,42,21,13"
V2,MAD_1000_PC,8,GMM,3,0.0848,41.1,2.8554,-0.0046,0.1801,0.2589,64,0.478,"134,64,130"
V2,MAD_1000_PC,8,GMM,4,0.0715,34.2,2.4526,-0.0046,0.1712,0.2521,34,0.238,"143,100,34,51"
V2,MAD_1000_PC,8,GMM,5,0.0856,39.4,2.1702,-0.0032,0.2811,0.3386,30,0.309,"54,76,97,30,71"
V2,MAD_1000_PC,8,GMM,6,0.0835,37.2,1.9901,-0.0028,0.2505,0.3139,31,0.295,"46,66,46,31,34,105"
V2,MAD_1000_PC,8,GMM,7,0.0683,32.2,2.298,-0.0043,0.2019,0.2924,31,0.316,"32,36,98,51,31,49,31"
V2,MAD_1000_PC,8,Spectral,3,0.1684,75.2,1.8552,-0.0036,0.3977,0.3833,88,0.677,"88,110,130"
V2,MAD_1000_PC,8,Spectral,4,0.155,65.6,1.8222,-0.0031,0.3627,0.3895,65,0.67,"89,97,77,65"
V2,MAD_1000_PC,8,Spectral,5,0.1512,57.3,1.7049,-0.0023,0.2244,0.3348,40,0.44,"89,56,40,52,91"
V2,MAD_1000_PC,8,Spectral,6,0.1393,50.3,1.7213,-0.0029,0.2353,0.3522,19,0.192,"42,51,99,53,64,19"
V2,MAD_1000_PC,8,Spectral,7,0.1322,46.5,1.6839,-0.0034,0.2259,0.3681,18,0.234,"37,56,77,18,57,35,48"
V2,MAD_1000_PC,10,KMeans,3,0.1612,70.4,1.9196,-0.0033,0.3542,0.3556,92,0.681,"101,135,92"
V2,MAD_1000_PC,10,KMeans,4,0.1464,60.8,1.8625,-0.0022,0.3771,0.3781,76,0.884,"81,76,85,86"
V2,MAD_1000_PC,10,KMeans,5,0.1465,55.2,1.7672,0.0015,0.3227,0.364,59,0.831,"68,63,59,71,67"
V2,MAD_1000_PC,10,KMeans,6,0.1502,51.2,1.7648,-0.0018,0.3431,0.3859,42,0.618,"42,62,63,68,43,50"
V2,MAD_1000_PC,10,KMeans,7,0.1466,47.3,1.7618,-0.0029,0.3296,0.4063,33,0.55,"57,60,60,33,37,39,42"
V2,MAD_1000_PC,10,Ward,3,0.1398,63.7,1.9562,-0.0022,0.3041,0.3165,81,0.536,"151,81,96"
V2,MAD_1000_PC,10,Ward,4,0.1312,53.4,1.9732,-0.0054,0.2772,0.3314,35,0.302,"116,81,96,35"
V2,MAD_1000_PC,10,Ward,5,0.1411,48.1,1.9848,-0.0046,0.3104,0.3388,35,0.365,"81,67,96,35,49"
V2,MAD_1000_PC,10,Ward,6,0.134,43.4,1.8711,-0.0031,0.317,0.3519,12,0.125,"96,67,69,35,49,12"
V2,MAD_1000_PC,10,Ward,7,0.1064,40.5,1.9526,-0.0013,0.3151,0.3566,12,0.174,"67,55,69,35,49,12,41"
V2,MAD_1000_PC,10,GMM,3,0.0874,40.7,2.6821,-0.003,0.1845,0.2373,68,0.42,"162,68,98"
V2,MAD_1000_PC,10,GMM,4,0.1173,43.7,2.5643,-0.0051,0.3409,0.3566,65,0.537,"65,65,121,77"
V2,MAD_1000_PC,10,GMM,5,0.0754,33.4,2.4765,-0.0065,0.2419,0.3144,25,0.202,"81,124,50,25,48"
V2,MAD_1000_PC,10,GMM,6,0.0855,36.2,2.1254,-0.0034,0.2313,0.3039,29,0.33,"88,29,48,43,49,71"
V2,MAD_1000_PC,10,GMM,7,0.1055,35.7,2.0536,0.0008,0.2686,0.3422,27,0.397,"58,27,68,55,44,41,35"
V2,MAD_1000_PC,10,Spectral,3,0.1565,67.0,1.939,-0.005,0.3561,0.4105,84,0.532,"84,86,158"
V2,MAD_1000_PC,10,Spectral,4,0.1405,56.8,1.9554,-0.0023,0.3122,0.3975,63,0.5,"126,73,66,63"
V2,MAD_1000_PC,10,Spectral,5,0.1399,51.8,1.8314,-0.0014,0.2488,0.3615,44,0.484,"44,91,85,54,54"
V2,MAD_1000_PC,10,Spectral,6,0.133,47.2,1.8033,-0.0025,0.2574,0.366,43,0.537,"43,52,49,80,45,59"
V2,MAD_1000_PC,10,Spectral,7,0.1265,42.4,1.7794,-0.002,0.2495,0.372,18,0.237,"76,47,18,44,52,47,44"
V2,MAD_1000_PC,15,KMeans,3,0.1419,60.4,2.0849,-0.0039,0.3596,0.3599,92,0.681,"92,135,101"
V2,MAD_1000_PC,15,KMeans,4,0.1289,51.6,2.0449,-0.0032,0.3866,0.3862,77,0.895,"81,77,86,84"
V2,MAD_1000_PC,15,KMeans,5,0.1281,46.4,1.947,0.0012,0.3215,0.3513,60,0.845,"65,69,63,71,60"
V2,MAD_1000_PC,15,KMeans,6,0.1284,42.6,1.9593,-0.0021,0.3256,0.3754,40,0.556,"72,60,64,45,40,47"
V2,MAD_1000_PC,15,KMeans,7,0.1262,39.3,1.9363,-0.0012,0.3329,0.3869,34,0.557,"40,60,56,61,34,41,36"
V2,MAD_1000_PC,15,Ward,3,0.1059,47.4,2.3844,-0.0032,0.2098,0.2137,97,0.822,"113,97,118"
V2,MAD_1000_PC,15,Ward,4,0.0945,41.2,2.0758,-0.0025,0.2252,0.2436,54,0.458,"118,97,54,59"
V2,MAD_1000_PC,15,Ward,5,0.0947,38.1,2.0768,-0.0013,0.2239,0.2886,36,0.371,"97,82,54,59,36"
V2,MAD_1000_PC,15,Ward,6,0.0984,36.4,2.0771,-0.0026,0.2411,0.3242,36,0.439,"82,58,54,59,36,39"
V2,MAD_1000_PC,15,Ward,7,0.1035,34.1,2.1344,-0.0008,0.2537,0.3191,24,0.407,"58,58,54,59,36,39,24"
V2,MAD_1000_PC,15,GMM,3,0.0985,42.2,2.5067,0.0012,0.2871,0.2905,93,0.71,"93,104,131"
V2,MAD_1000_PC,15,GMM,4,0.0915,39.8,2.4991,-0.0045,0.3562,0.3546,59,0.527,"59,76,81,112"
V2,MAD_1000_PC,15,GMM,5,0.0846,36.8,2.3835,-0.0042,0.2433,0.3005,51,0.646,"61,69,51,68,79"
V2,MAD_1000_PC,15,GMM,6,0.0903,33.4,2.3103,-0.0018,0.3271,0.3727,28,0.346,"52,45,28,81,59,63"
V2,MAD_1000_PC,15,GMM,7,0.1103,34.9,1.9755,-0.0027,0.3108,0.3797,16,0.262,"16,53,42,56,61,42,58"
V2,MAD_1000_PC,15,Spectral,3,0.1383,57.7,2.1141,-0.0035,0.3972,0.412,91,0.628,"145,92,91"
V2,MAD_1000_PC,15,Spectral,4,0.1225,48.1,2.1762,-0.0033,0.3945,0.4227,74,0.771,"74,83,96,75"
V2,MAD_1000_PC,15,Spectral,5,0.1171,42.7,2.0613,-0.0028,0.2581,0.3553,42,0.472,"77,67,53,42,89"
V2,MAD_1000_PC,15,Spectral,6,0.1193,38.0,2.0982,-0.0037,0.3147,0.3756,21,0.263,"21,53,61,80,70,43"
V2,MAD_1000_PC,15,Spectral,7,0.1175,36.6,1.9717,-0.0041,0.2979,0.3845,16,0.242,"42,46,66,16,43,51,64"
V2,MAD_1000_PC,20,KMeans,3,0.1324,55.4,2.1858,-0.0035,0.3607,0.3604,93,0.694,"93,134,101"
V2,MAD_1000_PC,20,KMeans,4,0.1208,47.0,2.1547,-0.0022,0.3893,0.3869,78,0.907,"78,78,86,86"
V2,MAD_1000_PC,20,KMeans,5,0.118,42.1,2.052,0.0007,0.3323,0.3591,62,0.899,"62,69,65,65,67"
V2,MAD_1000_PC,20,KMeans,6,0.1173,38.5,2.0794,-0.0024,0.3355,0.3805,39,0.557,"44,65,60,50,70,39"
V2,MAD_1000_PC,20,KMeans,7,0.1104,35.0,2.0405,-0.0038,0.3013,0.3821,39,0.639,"52,39,61,39,48,46,43"
V2,MAD_1000_PC,20,Ward,3,0.0853,39.9,2.6655,-0.003,0.1756,0.1876,86,0.667,"129,86,113"
V2,MAD_1000_PC,20,Ward,4,0.0854,37.1,2.2956,0.0005,0.2196,0.2422,58,0.513,"113,86,58,71"
V2,MAD_1000_PC,20,Ward,5,0.0893,34.8,2.2368,0.0016,0.267,0.3072,51,0.593,"86,62,58,71,51"
V2,MAD_1000_PC,20,Ward,6,0.0943,33.1,2.1412,-0.0014,0.2809,0.3408,34,0.479,"62,71,58,52,51,34"
V2,MAD_1000_PC,20,Ward,7,0.0959,30.2,2.196,-0.0007,0.2896,0.3318,31,0.437,"58,71,31,52,51,34,31"
V2,MAD_1000_PC,20,GMM,3,0.0993,42.3,2.5689,-0.0046,0.2369,0.2427,84,0.571,"84,147,97"
V2,MAD_1000_PC,20,GMM,4,0.1035,41.0,2.3227,-0.0011,0.3615,0.3527,72,0.8,"72,80,86,90"
V2,MAD_1000_PC,20,GMM,5,0.1049,38.7,2.1768,-0.0035,0.3453,0.3649,61,0.813,"61,61,65,75,66"
V2,MAD_1000_PC,20,GMM,6,0.0988,35.6,2.2345,-0.0034,0.3092,0.3841,42,0.646,"42,45,65,56,59,61"
V2,MAD_1000_PC,20,GMM,7,0.0961,32.4,2.0778,-0.0012,0.2706,0.3538,36,0.537,"45,60,43,67,41,36,36"
V2,MAD_1000_PC,20,Spectral,3,0.1307,53.8,2.202,-0.0039,0.392,0.4017,92,0.643,"143,92,93"
V2,MAD_1000_PC,20,Spectral,4,0.1159,44.6,2.2444,-0.001,0.3592,0.4128,68,0.607,"79,68,69,112"
V2,MAD_1000_PC,20,Spectral,5,0.1114,39.7,2.1152,-0.0015,0.2759,0.3682,48,0.571,"48,84,59,82,55"
V2,MAD_1000_PC,20,Spectral,6,0.1049,34.7,2.0297,-0.0021,0.2698,0.3734,12,0.133,"62,90,45,66,53,12"
V2,MAD_1000_PC,20,Spectral,7,0.0914,31.2,2.1072,-0.0027,0.254,0.3794,12,0.188,"49,64,61,32,12,62,48"
V2,MAD_2000_PC,5,KMeans,3,0.2026,97.9,1.6193,-0.0034,0.2993,0.3166,84,0.622,"135,109,84"
V2,MAD_2000_PC,5,KMeans,4,0.2028,88.8,1.5628,-0.0049,0.3417,0.3874,55,0.437,"74,73,55,126"
V2,MAD_2000_PC,5,KMeans,5,0.1912,82.2,1.5124,-0.0036,0.3657,0.3852,48,0.667,"69,70,48,72,69"
V2,MAD_2000_PC,5,KMeans,6,0.2037,79.1,1.4123,-0.0014,0.3297,0.3596,35,0.507,"44,35,69,49,63,68"
V2,MAD_2000_PC,5,KMeans,7,0.1968,73.6,1.3822,-0.0034,0.3008,0.3548,25,0.417,"43,60,25,59,46,44,51"
V2,MAD_2000_PC,5,Ward,3,0.1685,74.8,1.7481,-0.0057,0.2813,0.3717,67,0.374,"179,67,82"
V2,MAD_2000_PC,5,Ward,4,0.1605,72.9,1.705,-0.0019,0.3137,0.347,67,0.677,"99,80,82,67"
V2,MAD_2000_PC,5,Ward,5,0.1418,67.2,1.5613,-0.0006,0.3758,0.4009,44,0.537,"82,80,55,67,44"
V2,MAD_2000_PC,5,Ward,6,0.1455,62.2,1.5742,-0.0011,0.3101,0.3873,29,0.362,"80,53,55,67,44,29"
V2,MAD_2000_PC,5,Ward,7,0.153,59.2,1.5601,-0.0001,0.3115,0.3783,10,0.143,"53,70,55,67,44,29,10"
V2,MAD_2000_PC,5,GMM,3,0.1349,47.1,2.3483,-0.0033,0.401,0.413,65,0.389,"96,167,65"
V2,MAD_2000_PC,5,GMM,4,0.1386,67.3,1.6048,0.0013,0.385,0.3637,51,0.5,"97,102,51,78"
V2,MAD_2000_PC,5,GMM,5,0.1208,52.1,1.7766,-0.0029,0.3839,0.4096,46,0.447,"103,66,66,46,47"
V2,MAD_2000_PC,5,GMM,6,0.082,40.4,1.86,0.0024,0.2609,0.3372,35,0.333,"35,49,105,39,57,43"
V2,MAD_2000_PC,5,GMM,7,0.1152,50.6,1.7621,-0.0029,0.2912,0.3937,35,0.507,"53,55,35,39,37,40,69"
V2,MAD_2000_PC,5,Spectral,3,0.2032,95.8,1.6091,-0.0044,0.3279,0.3533,81,0.562,"81,103,144"
V2,MAD_2000_PC,5,Spectral,4,0.1806,82.7,1.5234,-0.0037,0.369,0.3578,66,0.68,"66,94,97,71"
V2,MAD_2000_PC,5,Spectral,5,0.1837,77.0,1.4785,-0.0012,0.2689,0.3501,39,0.481,"80,81,39,55,73"
V2,MAD_2000_PC,5,Spectral,6,0.1714,69.5,1.482,0.0025,0.2988,0.3909,27,0.342,"27,63,57,54,79,48"
V2,MAD_2000_PC,5,Spectral,7,0.167,65.4,1.5096,-0.0015,0.2432,0.345,25,0.41,"45,49,50,54,25,44,61"
V2,MAD_2000_PC,8,KMeans,3,0.1699,76.0,1.8459,-0.0033,0.2749,0.299,79,0.568,"139,110,79"
V2,MAD_2000_PC,8,KMeans,4,0.1664,67.2,1.7972,-0.0049,0.3297,0.3793,57,0.452,"72,57,126,73"
V2,MAD_2000_PC,8,KMeans,5,0.1564,61.5,1.7475,-0.0022,0.3623,0.3833,52,0.732,"71,69,69,67,52"
V2,MAD_2000_PC,8,KMeans,6,0.1662,58.2,1.6293,-0.0027,0.3568,0.3817,38,0.528,"44,38,61,72,50,63"
V2,MAD_2000_PC,8,KMeans,7,0.1662,54.0,1.6065,-0.003,0.3719,0.4205,32,0.471,"43,54,68,61,38,32,32"
V2,MAD_2000_PC,8,Ward,3,0.1426,61.3,2.0025,-0.0037,0.2713,0.2952,88,0.599,"88,147,93"
V2,MAD_2000_PC,8,Ward,4,0.1453,53.9,1.8306,-0.0014,0.3066,0.3604,32,0.218,"147,56,93,32"
V2,MAD_2000_PC,8,Ward,5,0.1254,50.3,1.8175,0.0008,0.4007,0.4049,32,0.344,"93,56,84,32,63"
V2,MAD_2000_PC,8,Ward,6,0.1275,47.1,1.8511,-0.0006,0.3448,0.3888,28,0.333,"65,56,84,32,63,28"
V2,MAD_2000_PC,8,Ward,7,0.1293,44.3,1.7638,-0.0011,0.338,0.3998,28,0.333,"84,56,28,32,63,31,34"
V2,MAD_2000_PC,8,GMM,3,0.1442,64.4,2.0336,-0.0024,0.3051,0.3192,85,0.62,"137,106,85"
V2,MAD_2000_PC,8,GMM,4,0.12,42.6,2.1575,-0.0035,0.2439,0.2858,14,0.089,"74,83,14,157"
V2,MAD_2000_PC,8,GMM,5,0.1311,48.1,2.1699,-0.0039,0.3176,0.3307,35,0.315,"72,38,35,111,72"
V2,MAD_2000_PC,8,GMM,6,0.1177,40.1,1.8414,0.0006,0.3022,0.3512,4,0.047,"67,86,60,67,4,44"
V2,MAD_2000_PC,8,GMM,7,0.1146,40.8,2.0697,-0.0042,0.3358,0.3661,17,0.205,"33,58,83,40,59,38,17"
V2,MAD_2000_PC,8,Spectral,3,0.1673,73.3,1.8662,-0.0043,0.3121,0.3531,77,0.51,"151,100,77"
V2,MAD_2000_PC,8,Spectral,4,0.1529,63.5,1.8434,-0.0034,0.3225,0.3665,70,0.68,"70,103,77,78"
V2,MAD_2000_PC,8,Spectral,5,0.1503,57.2,1.7074,-0.0022,0.2712,0.3765,41,0.406,"68,65,41,53,101"
V2,MAD_2000_PC,8,Spectral,6,0.1398,50.1,1.6643,-0.0004,0.2887,0.4178,25,0.225,"72,34,51,25,35,111"
V2,MAD_2000_PC,8,Spectral,7,0.1393,47.4,1.6906,-0.0027,0.2333,0.3723,28,0.333,"34,84,42,28,65,28,47"
V2,MAD_2000_PC,10,KMeans,3,0.1579,69.1,1.9611,-0.0024,0.2851,0.3072,81,0.579,"140,107,81"
V2,MAD_2000_PC,10,KMeans,4,0.153,60.6,1.8755,-0.0021,0.3272,0.3763,63,0.521,"71,73,121,63"
V2,MAD_2000_PC,10,KMeans,5,0.1433,54.9,1.8534,-0.0032,0.3533,0.376,51,0.689,"68,64,74,51,71"
V2,MAD_2000_PC,10,KMeans,6,0.1508,51.3,1.7366,-0.0031,0.3567,0.3856,38,0.535,"50,71,63,38,59,47"
V2,MAD_2000_PC,10,KMeans,7,0.1454,47.2,1.7412,0.0018,0.3538,0.4161,26,0.426,"33,48,58,61,43,59,26"
V2,MAD_2000_PC,10,Ward,3,0.1451,63.1,2.0993,-0.0044,0.3244,0.352,83,0.58,"143,102,83"
V2,MAD_2000_PC,10,Ward,4,0.1108,52.1,1.9989,-0.0028,0.387,0.3977,67,0.657,"102,76,83,67"
V2,MAD_2000_PC,10,Ward,5,0.1127,47.1,2.0573,-0.0014,0.3893,0.4031,32,0.386,"83,76,70,67,32"
V2,MAD_2000_PC,10,Ward,6,0.1168,43.2,2.1052,-0.0008,0.3283,0.3867,32,0.421,"42,76,70,67,32,41"
V2,MAD_2000_PC,10,Ward,7,0.1276,39.9,1.8773,-0.0007,0.3256,0.3868,4,0.053,"70,76,41,67,32,38,4"
V2,MAD_2000_PC,10,GMM,3,0.1276,52.2,2.3142,-0.005,0.2292,0.2749,73,0.456,"95,73,160"
V2,MAD_2000_PC,10,GMM,4,0.1347,47.9,2.0529,-0.0051,0.2854,0.3224,43,0.333,"72,43,129,84"
V2,MAD_2000_PC,10,GMM,5,0.0855,36.8,2.4107,-0.005,0.2564,0.2954,24,0.226,"70,24,81,47,106"
V2,MAD_2000_PC,10,GMM,6,0.1008,37.4,2.0397,-0.0045,0.3733,0.398,21,0.266,"62,79,42,55,69,21"
V2,MAD_2000_PC,10,GMM,7,0.1057,35.9,1.884,-0.0045,0.3693,0.4109,21,0.266,"21,79,69,49,23,54,33"
V2,MAD_2000_PC,10,Spectral,3,0.1572,66.8,1.9534,-0.0046,0.3037,0.3427,76,0.514,"76,104,148"
V2,MAD_2000_PC,10,Spectral,4,0.1437,58.2,1.9335,-0.0034,0.3228,0.3854,68,0.618,"74,110,68,76"
V2,MAD_2000_PC,10,Spectral,5,0.139,50.9,1.8273,-0.0031,0.2919,0.3864,44,0.463,"70,95,67,52,44"
V2,MAD_2000_PC,10,Spectral,6,0.1227,43.9,1.8582,-0.003,0.2555,0.3789,25,0.255,"51,33,98,44,77,25"
V2,MAD_2000_PC,10,Spectral,7,0.1232,42.4,1.8247,-0.0023,0.2543,0.384,24,0.393,"24,59,50,54,47,33,61"
V2,MAD_2000_PC,15,KMeans,3,0.1391,59.8,2.1223,-0.0024,0.2907,0.3113,81,0.587,"81,138,109"
V2,MAD_2000_PC,15,KMeans,4,0.134,51.9,2.0396,-0.0031,0.3498,0.3919,60,0.5,"60,74,120,74"
V2,MAD_2000_PC,15,KMeans,5,0.1243,46.6,2.0352,-0.0028,0.3575,0.3778,53,0.757,"68,69,53,70,68"
V2,MAD_2000_PC,15,KMeans,6,0.1286,43.1,1.92,-0.0031,0.3596,0.3899,40,0.597,"63,67,61,40,54,43"
V2,MAD_2000_PC,15,KMeans,7,0.1389,39.4,1.7451,-0.003,0.3404,0.3801,4,0.053,"62,37,75,63,50,37,4"
V2,MAD_2000_PC,15,Ward,3,0.1187,51.7,2.3169,-0.0041,0.3026,0.3447,86,0.555,"155,86,87"
V2,MAD_2000_PC,15,Ward,4,0.0857,42.2,2.2942,-0.0022,0.38,0.3691,52,0.505,"87,86,103,52"
V2,MAD_2000_PC,15,Ward,5,0.091,37.8,2.1848,-0.0041,0.3604,0.3798,35,0.34,"86,52,103,52,35"
V2,MAD_2000_PC,15,Ward,6,0.0911,35.6,2.1812,-0.0034,0.3329,0.383,31,0.301,"103,52,55,52,35,31"
V2,MAD_2000_PC,15,Ward,7,0.0911,33.9,2.144,-0.002,0.2925,0.3592,31,0.508,"42,52,61,52,35,31,55"
V2,MAD_2000_PC,15,GMM,3,0.1095,44.9,2.4135,-0.0048,0.1981,0.2332,71,0.438,"95,71,162"
V2,MAD_2000_PC,15,GMM,4,0.0906,39.8,2.5266,-0.0028,0.3092,0.3331,63,0.63,"89,63,76,100"
V2,MAD_2000_PC,15,GMM,5,0.1044,39.5,2.1357,-0.0042,0.3961,0.4172,42,0.494,"85,63,64,74,42"
V2,MAD_2000_PC,15,GMM,6,0.1031,35.8,2.0769,-0.0021,0.3613,0.3846,42,0.592,"56,45,49,65,71,42"
V2,MAD_2000_PC,15,GMM,7,0.1094,34.5,2.171,-0.0029,0.345,0.3651,28,0.4,"60,28,45,70,31,47,47"
V2,MAD_2000_PC,15,Spectral,3,0.1392,58.2,2.0998,-0.0044,0.3228,0.3491,75,0.532,"112,75,141"
V2,MAD_2000_PC,15,Spectral,4,0.1261,50.0,2.0984,-0.0033,0.3236,0.3725,71,0.657,"71,108,73,76"
V2,MAD_2000_PC,15,Spectral,5,0.1173,43.7,2.0293,-0.0004,0.2858,0.3843,45,0.523,"65,45,52,86,80"
V2,MAD_2000_PC,15,Spectral,6,0.1077,37.0,1.9845,-0.0041,0.2645,0.3985,27,0.239,"113,76,27,53,29,30"
V2,MAD_2000_PC,15,Spectral,7,0.1008,34.9,1.9902,-0.0038,0.2134,0.3643,28,0.292,"45,58,29,96,42,30,28"
V2,MAD_2000_PC,20,KMeans,3,0.1293,55.0,2.2247,-0.0024,0.2851,0.3072,81,0.579,"140,107,81"
V2,MAD_2000_PC,20,KMeans,4,0.1231,47.4,2.1432,-0.003,0.3642,0.3938,66,0.595,"75,111,76,66"
V2,MAD_2000_PC,20,KMeans,5,0.1167,42.4,2.152,-0.0036,0.3455,0.3735,50,0.658,"71,50,63,68,76"
V2,MAD_2000_PC,20,KMeans,6,0.1183,39.0,2.0201,-0.0034,0.3624,0.3963,43,0.642,"43,62,43,63,67,50"
V2,MAD_2000_PC,20,KMeans,7,0.1137,35.5,2.0579,-0.0017,0.3036,0.3785,31,0.525,"59,55,44,43,53,43,31"
V2,MAD_2000_PC,20,Ward,3,0.1128,47.0,2.4121,-0.0016,0.2898,0.3593,76,0.461,"165,87,76"
V2,MAD_2000_PC,20,Ward,4,0.092,40.2,2.3921,-0.0039,0.355,0.3616,74,0.813,"87,74,76,91"
V2,MAD_2000_PC,20,Ward,5,0.0954,36.3,2.2714,-0.002,0.3561,0.3814,26,0.286,"76,74,61,91,26"
V2,MAD_2000_PC,20,Ward,6,0.0945,33.4,2.2059,0.0019,0.3117,0.371,26,0.286,"48,74,61,91,26,28"
V2,MAD_2000_PC,20,Ward,7,0.1036,30.7,2.0035,0.0021,0.3086,0.3732,4,0.044,"74,91,61,44,26,28,4"
V2,MAD_2000_PC,20,GMM,3,0.0967,41.0,2.4423,-0.0028,0.2837,0.2815,81,0.633,"128,119,81"
V2,MAD_2000_PC,20,GMM,4,0.1018,38.5,2.3735,-0.0046,0.3275,0.3645,47,0.392,"83,47,120,78"
V2,MAD_2000_PC,20,Spectral,3,0.1249,53.0,2.2865,-0.0037,0.3719,0.371,89,0.669,"106,133,89"
V2,MAD_2000_PC,20,Spectral,4,0.1182,46.0,2.1825,-0.0035,0.3166,0.3647,71,0.628,"71,113,73,71"
V2,MAD_2000_PC,20,Spectral,5,0.1068,38.1,2.1353,-0.0044,0.2784,0.3802,43,0.417,"103,43,63,50,69"
V2,MAD_2000_PC,20,Spectral,6,0.1016,34.2,2.0947,-0.0048,0.2821,0.409,29,0.261,"111,72,32,29,32,52"
V2,MAD_2000_PC,20,Spectral,7,0.0953,32.3,2.0448,-0.0046,0.2339,0.3803,28,0.292,"41,96,32,53,28,46,32"
V2,MAD_3000_PC,5,KMeans,3,0.1927,97.1,1.6696,-0.0013,0.2971,0.2966,93,0.762,"113,122,93"
V2,MAD_3000_PC,5,KMeans,4,0.1962,88.4,1.6017,-0.0013,0.3293,0.3787,64,0.533,"64,72,120,72"
V2,MAD_3000_PC,5,KMeans,5,0.1956,82.0,1.5131,-0.0034,0.3231,0.3743,45,0.57,"76,61,45,67,79"
V2,MAD_3000_PC,5,KMeans,6,0.1997,78.1,1.4288,-0.0009,0.3368,0.3743,30,0.435,"52,30,68,69,64,45"
V2,MAD_3000_PC,5,KMeans,7,0.2009,73.1,1.3034,0.003,0.2831,0.3567,18,0.281,"49,48,52,18,64,57,40"
V2,MAD_3000_PC,5,Ward,3,0.1946,76.6,1.59,-0.0078,0.1032,0.1972,61,0.298,"205,62,61"
V2,MAD_3000_PC,5,Ward,4,0.1651,74.6,1.6119,-0.0038,0.2338,0.3097,58,0.395,"147,62,61,58"
V2,MAD_3000_PC,5,Ward,5,0.1356,67.2,1.6286,-0.0011,0.3081,0.3519,39,0.361,"62,108,61,58,39"
V2,MAD_3000_PC,5,Ward,6,0.1452,64.1,1.5277,0.0017,0.3201,0.3591,16,0.148,"108,58,61,46,39,16"
V2,MAD_3000_PC,5,Ward,7,0.152,62.3,1.5017,0.0036,0.2905,0.3437,16,0.239,"58,67,61,46,39,16,41"
V2,MAD_3000_PC,5,GMM,3,0.1426,47.5,2.1934,-0.005,0.3924,0.4095,63,0.36,"90,175,63"
V2,MAD_3000_PC,5,GMM,4,0.0696,40.5,2.0827,-0.0034,0.2846,0.3123,36,0.206,"73,44,175,36"
V2,MAD_3000_PC,5,GMM,5,0.1462,61.5,1.6448,-0.0039,0.3116,0.3639,27,0.231,"27,89,117,52,43"
V2,MAD_3000_PC,5,GMM,6,0.1511,62.4,1.6767,-0.004,0.3486,0.3848,28,0.295,"62,48,54,95,41,28"
V2,MAD_3000_PC,5,GMM,7,0.1411,58.2,1.6815,0.0019,0.2413,0.3245,32,0.444,"60,72,35,32,53,35,41"
V2,MAD_3000_PC,5,Spectral,3,0.1984,94.1,1.6509,-0.0031,0.2613,0.2985,74,0.503,"147,74,107"
V2,MAD_3000_PC,5,Spectral,4,0.1838,81.6,1.5531,-0.0009,0.2979,0.3177,54,0.557,"88,89,97,54"
V2,MAD_3000_PC,5,Spectral,5,0.1852,78.0,1.5051,-0.0005,0.2861,0.3558,36,0.434,"83,58,76,36,75"
V2,MAD_3000_PC,5,Spectral,6,0.1803,69.4,1.5739,0.0038,0.2419,0.3257,30,0.345,"30,87,55,62,49,45"
V2,MAD_3000_PC,5,Spectral,7,0.1792,65.5,1.4762,0.0039,0.2173,0.3277,22,0.265,"50,41,42,83,29,22,61"
V2,MAD_3000_PC,8,KMeans,3,0.1656,76.1,1.8994,-0.0004,0.2625,0.2855,82,0.607,"135,111,82"
V2,MAD_3000_PC,8,KMeans,4,0.1638,67.5,1.8517,-0.0032,0.3304,0.3548,57,0.471,"121,57,76,74"
V2,MAD_3000_PC,8,KMeans,5,0.1612,61.6,1.7336,-0.0038,0.3461,0.3945,44,0.557,"79,44,64,72,69"
V2,MAD_3000_PC,8,KMeans,6,0.1655,58.0,1.631,-0.0009,0.3232,0.3662,41,0.603,"44,48,68,59,41,68"
V2,MAD_3000_PC,8,KMeans,7,0.1654,54.1,1.5991,-0.0015,0.3342,0.3971,30,0.448,"67,60,58,42,33,38,30"
V2,MAD_3000_PC,8,Ward,3,0.1533,69.9,1.9709,-0.0031,0.2628,0.2897,79,0.541,"103,146,79"
V2,MAD_3000_PC,8,Ward,4,0.1474,58.3,1.9375,0.0001,0.2817,0.3115,32,0.219,"146,71,79,32"
V2,MAD_3000_PC,8,Ward,5,0.1292,53.9,1.8822,0.0028,0.3358,0.3188,32,0.364,"79,71,88,32,58"
V2,MAD_3000_PC,8,Ward,6,0.1312,49.2,1.9227,0.0015,0.2758,0.3066,32,0.364,"71,35,88,32,58,44"
V2,MAD_3000_PC,8,Ward,7,0.1221,46.3,1.8128,-0.0025,0.2803,0.3396,21,0.239,"35,50,88,32,58,44,21"
V2,MAD_3000_PC,8,GMM,3,0.1471,64.2,2.0807,-0.0015,0.2652,0.2775,84,0.596,"103,141,84"
V2,MAD_3000_PC,8,GMM,4,0.1277,43.4,2.2738,-0.0041,0.3144,0.291,20,0.168,"119,106,20,83"
V2,MAD_3000_PC,8,GMM,5,0.1081,45.1,2.1095,-0.0027,0.3199,0.3371,46,0.5,"78,63,46,49,92"
V2,MAD_3000_PC,8,GMM,6,0.0907,37.3,2.0355,0.0004,0.317,0.3482,33,0.418,"39,33,62,79,40,75"
V2,MAD_3000_PC,8,GMM,7,0.1474,46.7,1.6528,-0.0017,0.3695,0.3754,4,0.048,"56,48,64,4,31,41,84"
V2,MAD_3000_PC,8,Spectral,3,0.1647,73.2,1.9037,-0.0004,0.2601,0.2923,79,0.549,"144,105,79"
V2,MAD_3000_PC,8,Spectral,4,0.1497,62.1,1.8217,-0.0019,0.2759,0.3294,66,0.635,"104,87,66,71"
V2,MAD_3000_PC,8,Spectral,5,0.1498,57.8,1.7228,-0.0009,0.2889,0.386,41,0.441,"93,67,41,54,73"
V2,MAD_3000_PC,8,Spectral,6,0.1536,53.9,1.7128,-0.0015,0.2711,0.3573,32,0.368,"67,32,47,63,32,87"
V2,MAD_3000_PC,8,Spectral,7,0.1479,49.6,1.6914,0.0015,0.2936,0.3982,23,0.348,"23,64,62,33,47,33,66"
V2,MAD_3000_PC,10,KMeans,3,0.1546,69.1,2.0104,-0.0004,0.2625,0.2855,82,0.607,"135,111,82"
V2,MAD_3000_PC,10,KMeans,4,0.1508,60.8,1.9646,-0.0033,0.3327,0.3806,60,0.492,"74,72,60,122"
V2,MAD_3000_PC,10,KMeans,5,0.1478,55.1,1.8532,-0.0033,0.3418,0.3858,43,0.551,"78,68,43,62,77"
V2,MAD_3000_PC,10,KMeans,6,0.1491,51.3,1.7494,-0.0033,0.3328,0.373,42,0.592,"45,42,71,47,60,63"
V2,MAD_3000_PC,10,KMeans,7,0.1505,47.7,1.7064,-0.0006,0.3534,0.4157,32,0.492,"42,61,58,33,32,37,65"
V2,MAD_3000_PC,10,Ward,3,0.1267,53.9,2.1204,-0.005,0.1385,0.2223,59,0.339,"174,95,59"
V2,MAD_3000_PC,10,Ward,4,0.1137,49.9,2.0529,-0.0014,0.2556,0.3057,59,0.522,"95,113,59,61"
V2,MAD_3000_PC,10,Ward,5,0.1196,45.9,1.9726,0.0024,0.2848,0.3302,29,0.257,"113,61,59,66,29"
V2,MAD_3000_PC,10,Ward,6,0.118,44.6,1.8689,0.0043,0.3398,0.3686,29,0.439,"61,66,59,66,29,47"
V2,MAD_3000_PC,10,Ward,7,0.1295,41.2,1.6774,0.0044,0.3376,0.3663,4,0.061,"57,66,59,66,29,47,4"
V2,MAD_3000_PC,10,GMM,3,0.123,50.8,2.4065,-0.0052,0.2281,0.2715,73,0.459,"159,96,73"
V2,MAD_3000_PC,10,GMM,4,0.1058,38.0,3.112,-0.0049,0.321,0.3383,49,0.408,"89,49,70,120"
V2,MAD_3000_PC,10,GMM,5,0.0915,33.1,2.2032,-0.0062,0.2668,0.3025,27,0.239,"113,94,61,33,27"
V2,MAD_3000_PC,10,GMM,6,0.0678,26.9,2.3968,-0.0041,0.3001,0.3412,34,0.391,"37,75,61,87,34,34"
V2,MAD_3000_PC,10,GMM,7,0.0884,36.0,2.1544,-0.0043,0.229,0.3041,22,0.212,"23,49,54,104,22,50,26"
V2,MAD_3000_PC,10,Spectral,3,0.154,66.4,2.0052,-0.0003,0.2889,0.3364,79,0.537,"147,102,79"
V2,MAD_3000_PC,10,Spectral,4,0.1448,57.9,1.9238,-0.002,0.2798,0.3574,62,0.463,"68,64,62,134"
V2,MAD_3000_PC,10,Spectral,5,0.1311,50.0,1.8631,-0.0023,0.2808,0.3703,45,0.484,"93,73,47,70,45"
V2,MAD_3000_PC,10,Spectral,6,0.1396,47.5,1.8634,-0.0018,0.2717,0.3463,31,0.378,"69,37,48,31,61,82"
V2,MAD_3000_PC,10,Spectral,7,0.1282,43.9,1.8318,0.0007,0.2303,0.3406,29,0.433,"39,63,37,48,29,67,45"
V2,MAD_3000_PC,15,KMeans,3,0.1363,60.2,2.1748,-0.0004,0.2625,0.2855,82,0.607,"135,82,111"
V2,MAD_3000_PC,15,KMeans,4,0.1314,52.4,2.0898,-0.001,0.3235,0.3746,64,0.529,"64,71,72,121"
V2,MAD_3000_PC,15,KMeans,5,0.1274,46.9,2.0225,-0.0022,0.3277,0.3849,45,0.542,"45,83,70,67,63"
V2,MAD_3000_PC,15,KMeans,6,0.1302,43.4,1.9261,-0.0039,0.3384,0.3799,43,0.606,"59,44,64,43,71,47"
V2,MAD_3000_PC,15,KMeans,7,0.1291,40.0,1.8647,-0.0027,0.364,0.4209,30,0.462,"42,58,30,32,65,37,64"
V2,MAD_3000_PC,15,Ward,3,0.1156,50.1,2.2854,-0.0045,0.2375,0.2885,59,0.396,"120,149,59"
V2,MAD_3000_PC,15,Ward,4,0.114,44.3,2.2363,-0.0057,0.3055,0.3901,51,0.342,"149,51,59,69"
V2,MAD_3000_PC,15,Ward,5,0.0897,39.1,2.3223,-0.0046,0.3971,0.417,51,0.537,"51,95,59,69,54"
V2,MAD_3000_PC,15,Ward,6,0.0896,35.7,2.1478,-0.0039,0.4011,0.411,21,0.221,"95,69,59,30,54,21"
V2,MAD_3000_PC,15,Ward,7,0.0896,33.2,2.1585,-0.0025,0.3951,0.4361,21,0.304,"59,69,48,30,54,21,47"
V2,MAD_3000_PC,15,GMM,3,0.0675,27.0,2.9126,-0.0018,0.2212,0.2354,56,0.361,"117,155,56"
V2,MAD_3000_PC,15,GMM,4,0.0671,30.4,2.7977,-0.0029,0.2608,0.3034,51,0.375,"69,72,51,136"
V2,MAD_3000_PC,15,GMM,5,0.0884,36.2,2.2084,-0.002,0.3411,0.3609,47,0.61,"73,77,63,47,68"
V2,MAD_3000_PC,15,GMM,6,0.0952,36.8,2.1302,-0.004,0.3283,0.3355,27,0.386,"67,42,58,64,27,70"
V2,MAD_3000_PC,15,Spectral,3,0.1368,58.2,2.1607,-0.002,0.2932,0.3353,77,0.52,"148,77,103"
V2,MAD_3000_PC,15,Spectral,4,0.1248,49.6,2.129,-0.0038,0.3497,0.3683,63,0.521,"74,63,121,70"
V2,MAD_3000_PC,15,Spectral,5,0.1211,44.1,2.0588,-0.002,0.3207,0.3842,48,0.571,"66,84,61,69,48"
V2,MAD_3000_PC,15,Spectral,6,0.1242,41.1,2.0257,-0.0014,0.3158,0.3809,28,0.337,"28,66,61,51,39,83"
V2,MAD_3000_PC,15,Spectral,7,0.1209,37.3,1.9787,-0.0005,0.2902,0.3692,28,0.475,"28,52,52,35,59,59,43"
V2,MAD_3000_PC,20,KMeans,3,0.1277,55.3,2.276,-0.0013,0.2546,0.2788,80,0.588,"136,112,80"
V2,MAD_3000_PC,20,KMeans,4,0.1226,47.9,2.1985,-0.0027,0.3269,0.3606,61,0.504,"75,121,71,61"
V2,MAD_3000_PC,20,KMeans,5,0.118,42.7,2.1325,-0.0034,0.3423,0.3895,44,0.564,"44,63,78,75,68"
V2,MAD_3000_PC,20,KMeans,6,0.1203,39.3,2.0331,-0.0038,0.3438,0.3809,42,0.553,"42,59,43,76,61,47"
V2,MAD_3000_PC,20,KMeans,7,0.1263,36.0,1.8516,0.001,0.3225,0.3886,4,0.055,"60,73,30,60,42,59,4"
V2,MAD_3000_PC,20,Ward,3,0.1066,43.3,2.2614,-0.0038,0.1657,0.2335,44,0.27,"121,163,44"
V2,MAD_3000_PC,20,Ward,4,0.1028,39.1,2.2072,-0.0044,0.212,0.3184,44,0.27,"163,60,44,61"
V2,MAD_3000_PC,20,Ward,5,0.0958,36.9,2.26,0.0032,0.3083,0.3923,44,0.444,"60,99,44,61,64"
V2,MAD_3000_PC,20,Ward,6,0.0961,33.9,2.1575,0.0043,0.3137,0.3867,26,0.263,"44,99,34,61,64,26"
V2,MAD_3000_PC,20,Ward,7,0.1039,31.2,1.9537,0.0044,0.3109,0.3922,4,0.04,"99,64,34,61,40,26,4"
V2,MAD_3000_PC,20,GMM,3,0.0677,30.6,2.8729,-0.0012,0.2057,0.22,79,0.503,"79,92,157"
V2,MAD_3000_PC,20,GMM,4,0.0788,34.8,2.5154,-0.0042,0.2984,0.3254,72,0.818,"72,88,81,87"
V2,MAD_3000_PC,20,GMM,6,0.1028,36.0,2.1606,-0.0012,0.3309,0.3749,32,0.444,"64,56,32,45,59,72"
V2,MAD_3000_PC,20,Spectral,3,0.1258,53.5,2.2866,-0.0029,0.3171,0.3397,83,0.585,"83,103,142"
V2,MAD_3000_PC,20,Spectral,4,0.1167,45.7,2.201,-0.0044,0.3407,0.3696,64,0.512,"70,64,125,69"
V2,MAD_3000_PC,20,Spectral,5,0.1083,39.1,2.1682,-0.0017,0.2934,0.3787,46,0.511,"76,90,46,53,63"
V2,MAD_3000_PC,20,Spectral,6,0.1094,36.1,2.1534,-0.0021,0.3103,0.3902,28,0.322,"44,37,75,57,28,87"
V2,MAD_3000_PC,20,Spectral,7,0.0959,32.5,2.0699,-0.002,0.2413,0.3694,27,0.297,"48,37,91,37,41,27,47"
V2,MAD_5000_PC,5,KMeans,3,0.2204,97.9,1.5896,-0.0034,0.1964,0.256,78,0.467,"167,78,83"
V2,MAD_5000_PC,5,KMeans,4,0.1897,89.3,1.6534,-0.0045,0.3014,0.3405,68,0.576,"70,72,118,68"
V2,MAD_5000_PC,5,KMeans,5,0.1931,82.9,1.537,-0.0029,0.3058,0.3496,45,0.556,"45,75,81,69,58"
V2,MAD_5000_PC,5,KMeans,6,0.2005,79.9,1.4528,-0.0025,0.3003,0.3488,32,0.41,"78,36,74,32,43,65"
V2,MAD_5000_PC,5,KMeans,7,0.2018,75.3,1.3123,0.003,0.2899,0.3633,19,0.271,"40,48,43,70,59,49,19"
V2,MAD_5000_PC,5,Ward,3,0.1979,81.6,1.6285,-0.0036,0.1558,0.2474,62,0.333,"186,80,62"
V2,MAD_5000_PC,5,Ward,4,0.146,73.3,1.8185,0.0027,0.2405,0.2743,62,0.653,"80,91,62,95"
V2,MAD_5000_PC,5,Ward,5,0.1592,68.9,1.6737,0.0049,0.2547,0.2792,21,0.221,"91,95,62,59,21"
V2,MAD_5000_PC,5,Ward,6,0.1609,66.7,1.5805,0.0014,0.249,0.2959,21,0.221,"95,59,62,61,21,30"
V2,MAD_5000_PC,5,Ward,7,0.1516,62.2,1.5551,0.0077,0.2537,0.3187,21,0.339,"62,59,49,61,21,30,46"
V2,MAD_5000_PC,5,GMM,3,0.1783,82.2,1.7807,0.0008,0.2755,0.3068,90,0.616,"92,146,90"
V2,MAD_5000_PC,5,GMM,4,0.187,81.0,1.6736,-0.0054,0.357,0.3835,44,0.336,"131,44,66,87"
V2,MAD_5000_PC,5,GMM,5,0.1649,69.1,1.672,-0.0044,0.3277,0.3434,44,0.449,"98,54,44,64,68"
V2,MAD_5000_PC,5,GMM,6,0.1517,61.8,1.6072,-0.0044,0.2008,0.2999,25,0.185,"39,135,25,53,43,33"
V2,MAD_5000_PC,5,GMM,7,0.1264,57.4,1.7733,-0.0039,0.2642,0.3595,21,0.236,"26,89,46,48,63,21,35"
V2,MAD_5000_PC,5,Spectral,3,0.2041,92.7,1.6277,-0.0017,0.1867,0.2489,58,0.372,"114,156,58"
V2,MAD_5000_PC,5,Spectral,4,0.1755,75.4,1.5952,-0.0035,0.2757,0.3275,59,0.522,"67,113,59,89"
V2,MAD_5000_PC,5,Spectral,5,0.1798,77.0,1.5735,0.0015,0.2695,0.3384,42,0.488,"42,86,73,60,67"
V2,MAD_5000_PC,5,Spectral,6,0.1937,74.8,1.488,-0.0,0.2765,0.3346,30,0.361,"46,77,60,30,32,83"
V2,MAD_5000_PC,5,Spectral,7,0.1854,70.8,1.4005,-0.0015,0.2246,0.3195,27,0.37,"35,48,30,57,58,27,73"
V2,MAD_5000_PC,8,KMeans,3,0.1821,75.7,1.8006,-0.0034,0.1964,0.256,78,0.467,"83,167,78"
V2,MAD_5000_PC,8,KMeans,4,0.1596,67.5,1.8811,-0.0043,0.2799,0.334,65,0.524,"65,69,124,70"
V2,MAD_5000_PC,8,KMeans,5,0.156,61.5,1.7965,-0.0029,0.3052,0.3484,45,0.577,"45,67,78,78,60"
V2,MAD_5000_PC,8,KMeans,6,0.1617,58.2,1.6605,0.0021,0.3085,0.3676,25,0.309,"43,51,81,25,66,62"
V2,MAD_5000_PC,8,KMeans,7,0.1528,53.9,1.5972,0.0012,0.2714,0.345,22,0.319,"44,58,44,46,45,69,22"
V2,MAD_5000_PC,8,Ward,3,0.1537,62.3,1.967,-0.0037,0.1403,0.2195,60,0.347,"173,95,60"
V2,MAD_5000_PC,8,Ward,4,0.1316,53.1,1.8997,-0.0054,0.1703,0.2652,27,0.185,"95,146,60,27"
V2,MAD_5000_PC,8,Ward,5,0.1338,48.6,1.9121,-0.0018,0.2097,0.3177,27,0.185,"146,41,60,27,54"
V2,MAD_5000_PC,8,Ward,6,0.1279,46.8,1.9901,0.0054,0.2893,0.3566,27,0.351,"41,77,69,27,54,60"
V2,MAD_5000_PC,8,Ward,7,0.1356,44.9,1.7702,0.0056,0.29,0.3529,14,0.182,"77,27,69,27,54,60,14"
V2,MAD_5000_PC,8,GMM,3,0.0829,21.7,3.1535,-0.0053,0.2374,0.2936,61,0.335,"61,85,182"
V2,MAD_5000_PC,8,GMM,4,0.1193,46.3,2.1084,-0.0034,0.3206,0.3458,44,0.346,"44,73,127,84"
V2,MAD_5000_PC,8,GMM,5,0.1347,50.9,1.8022,-0.0016,0.3308,0.3124,30,0.316,"30,91,77,95,35"
V2,MAD_5000_PC,8,GMM,7,0.1223,43.1,1.8642,-0.0008,0.317,0.3444,23,0.348,"26,66,37,23,52,64,60"
V2,MAD_5000_PC,8,Spectral,3,0.1682,71.9,1.8604,0.0011,0.193,0.2603,58,0.352,"165,105,58"
V2,MAD_5000_PC,8,Spectral,4,0.151,61.1,1.8181,-0.0029,0.2246,0.2996,57,0.504,"57,94,64,113"
V2,MAD_5000_PC,8,Spectral,5,0.1466,58.0,1.8023,-0.0007,0.2938,0.3816,38,0.418,"91,66,38,60,73"
V2,MAD_5000_PC,8,Spectral,6,0.1586,55.4,1.6917,-0.0013,0.3019,0.3759,28,0.308,"69,28,59,51,30,91"
V2,MAD_5000_PC,8,Spectral,7,0.1454,48.7,1.7102,0.0036,0.2704,0.3685,25,0.309,"65,30,29,52,46,25,81"
V2,MAD_5000_PC,10,KMeans,3,0.1676,68.9,1.88,-0.0034,0.1964,0.256,78,0.467,"167,78,83"
V2,MAD_5000_PC,10,KMeans,4,0.1501,61.0,1.9905,-0.0045,0.2905,0.3487,63,0.508,"63,71,124,70"
V2,MAD_5000_PC,10,KMeans,5,0.1415,55.2,1.9059,-0.0,0.3148,0.3631,44,0.53,"74,60,83,67,44"
V2,MAD_5000_PC,10,KMeans,6,0.1467,51.8,1.7765,0.0013,0.3127,0.3682,26,0.325,"80,42,74,63,43,26"
V2,MAD_5000_PC,10,KMeans,7,0.135,47.6,1.7567,-0.0024,0.2711,0.3434,25,0.403,"44,44,52,62,25,60,41"
V2,MAD_5000_PC,10,Ward,3,0.1319,54.0,1.9196,-0.0059,0.1,0.2368,44,0.205,"215,69,44"
V2,MAD_5000_PC,10,Ward,4,0.1078,47.0,2.211,-0.0021,0.213,0.2854,44,0.346,"127,69,44,88"
V2,MAD_5000_PC,10,Ward,5,0.1062,43.7,2.0474,-0.0034,0.2353,0.2792,36,0.396,"69,91,44,88,36"
V2,MAD_5000_PC,10,Ward,6,0.1128,42.2,1.9411,-0.0037,0.2413,0.3176,30,0.33,"91,88,44,39,36,30"
V2,MAD_5000_PC,10,Ward,7,0.1088,40.1,1.8743,-0.0024,0.2735,0.3282,30,0.341,"88,39,44,37,36,30,54"
V2,MAD_5000_PC,10,GMM,3,0.109,49.5,2.6812,-0.0038,0.2054,0.2472,58,0.36,"58,161,109"
V2,MAD_5000_PC,10,GMM,4,0.0656,35.0,2.7868,-0.002,0.1752,0.2228,48,0.35,"70,137,73,48"
V2,MAD_5000_PC,10,GMM,5,0.0847,31.7,2.2253,-0.006,0.2643,0.2959,28,0.257,"61,30,100,28,109"
V2,MAD_5000_PC,10,GMM,6,0.0914,36.8,2.1006,-0.0027,0.3111,0.3422,21,0.212,"65,55,27,99,21,61"
V2,MAD_5000_PC,10,Spectral,3,0.1509,64.9,2.0597,0.0005,0.2195,0.2805,65,0.414,"157,106,65"
V2,MAD_5000_PC,10,Spectral,4,0.1439,57.9,2.0135,-0.0028,0.3003,0.3419,60,0.451,"64,133,60,71"
V2,MAD_5000_PC,10,Spectral,5,0.1453,52.0,1.8204,-0.0038,0.2876,0.3677,30,0.226,"45,133,55,65,30"
V2,MAD_5000_PC,10,Spectral,6,0.1434,49.9,1.7956,0.0,0.3028,0.378,28,0.311,"90,70,58,50,28,32"
V2,MAD_5000_PC,10,Spectral,7,0.1284,42.2,1.8708,0.0015,0.2663,0.3553,26,0.338,"30,77,43,70,53,29,26"
V2,MAD_5000_PC,15,KMeans,3,0.151,60.2,2.01,-0.0036,0.197,0.2567,78,0.462,"78,169,81"
V2,MAD_5000_PC,15,KMeans,4,0.132,52.6,2.1214,-0.0043,0.2918,0.3526,61,0.48,"61,70,70,127"
V2,MAD_5000_PC,15,KMeans,5,0.1234,47.3,2.0737,0.0007,0.3097,0.3597,44,0.524,"44,73,60,67,84"
V2,MAD_5000_PC,15,KMeans,6,0.1258,44.0,1.9447,-0.0003,0.3125,0.3666,28,0.359,"78,69,66,42,45,28"
V2,MAD_5000_PC,15,KMeans,7,0.1354,40.4,1.7748,0.0032,0.3333,0.3797,4,0.058,"66,51,64,46,28,69,4"
V2,MAD_5000_PC,15,Ward,3,0.1017,48.6,2.4525,-0.0015,0.2417,0.2507,74,0.556,"121,74,133"
V2,MAD_5000_PC,15,Ward,4,0.0988,40.4,2.2994,0.0052,0.2501,0.2504,19,0.143,"102,74,133,19"
V2,MAD_5000_PC,15,Ward,5,0.0935,36.4,2.2257,0.0037,0.2277,0.2812,19,0.143,"74,67,133,19,35"
V2,MAD_5000_PC,15,Ward,6,0.0906,34.3,2.0617,0.0051,0.1761,0.2732,19,0.143,"133,67,33,19,35,41"
V2,MAD_5000_PC,15,Ward,7,0.08,32.2,2.2727,0.0073,0.174,0.2646,19,0.26,"33,67,73,19,35,41,60"
V2,MAD_5000_PC,15,GMM,3,0.0841,32.9,3.0677,-0.0038,0.2143,0.2142,48,0.327,"147,48,133"
V2,MAD_5000_PC,15,GMM,4,0.0752,32.4,2.7427,-0.0038,0.1873,0.2714,44,0.324,"44,92,136,56"
V2,MAD_5000_PC,15,GMM,5,0.0768,32.3,2.3526,-0.0025,0.3027,0.3331,36,0.444,"81,73,36,67,71"
V2,MAD_5000_PC,15,GMM,6,0.0952,35.9,2.1171,-0.0017,0.3486,0.364,35,0.417,"48,35,84,52,68,41"
V2,MAD_5000_PC,15,GMM,7,0.0861,33.3,2.2823,-0.0031,0.2919,0.3842,25,0.342,"30,73,54,25,39,69,38"
V2,MAD_5000_PC,15,Spectral,3,0.1334,57.8,2.2087,0.001,0.2551,0.3016,71,0.473,"150,107,71"
V2,MAD_5000_PC,15,Spectral,4,0.1211,49.3,2.1649,-0.0006,0.297,0.3272,64,0.492,"130,64,69,65"
V2,MAD_5000_PC,15,Spectral,5,0.1218,44.0,2.0854,-0.0031,0.3047,0.3295,29,0.299,"29,89,44,69,97"
V2,MAD_5000_PC,15,Spectral,6,0.1238,41.7,2.0171,0.0,0.3121,0.3764,29,0.367,"79,29,71,56,58,35"
V2,MAD_5000_PC,15,Spectral,7,0.1166,38.1,1.9881,0.0002,0.2836,0.3537,24,0.375,"28,64,55,36,63,24,58"
V2,MAD_5000_PC,20,KMeans,3,0.1404,55.5,2.1015,-0.004,0.1985,0.2622,77,0.458,"168,77,83"
V2,MAD_5000_PC,20,KMeans,4,0.1214,48.3,2.2518,-0.004,0.3049,0.3638,64,0.52,"123,72,64,69"
V2,MAD_5000_PC,20,KMeans,5,0.1135,43.1,2.1847,-0.0019,0.3244,0.3688,44,0.543,"44,75,60,68,81"
V2,MAD_5000_PC,20,KMeans,6,0.1191,39.8,2.0426,-0.0012,0.3162,0.3715,29,0.367,"72,29,64,79,36,48"
V2,MAD_5000_PC,20,KMeans,7,0.1242,36.5,1.864,0.0003,0.3157,0.3729,4,0.053,"69,63,38,75,24,55,4"
V2,MAD_5000_PC,20,Ward,3,0.0831,42.6,2.5678,0.0027,0.225,0.215,91,0.722,"111,126,91"
V2,MAD_5000_PC,20,Ward,4,0.0758,37.5,2.4971,0.0041,0.1764,0.2072,54,0.429,"126,54,91,57"
V2,MAD_5000_PC,20,Ward,5,0.0702,33.2,2.3333,0.0069,0.2177,0.2658,25,0.248,"54,57,91,101,25"
V2,MAD_5000_PC,20,Ward,6,0.0739,30.8,2.2331,0.0081,0.219,0.2888,21,0.208,"91,57,21,101,25,33"
V2,MAD_5000_PC,20,Ward,7,0.0665,29.2,2.215,0.0015,0.2558,0.3142,21,0.208,"55,57,21,101,25,33,36"
V2,MAD_5000_PC,20,GMM,3,0.0614,28.1,3.1522,-0.0032,0.2401,0.2569,85,0.556,"90,85,153"
V2,MAD_5000_PC,20,GMM,4,0.0864,33.5,2.5057,-0.0038,0.2692,0.3101,49,0.383,"49,74,128,77"
V2,MAD_5000_PC,20,GMM,5,0.0796,36.7,2.3153,-0.0034,0.2839,0.2992,28,0.315,"89,71,28,71,69"
V2,MAD_5000_PC,20,GMM,6,0.103,36.3,2.1443,-0.0028,0.3242,0.3688,30,0.405,"74,30,66,68,32,58"
V2,MAD_5000_PC,20,Spectral,3,0.1242,52.9,2.2961,0.0008,0.2713,0.3151,72,0.49,"109,72,147"
V2,MAD_5000_PC,20,Spectral,4,0.1151,45.7,2.2581,-0.0032,0.2857,0.3204,58,0.426,"69,58,136,65"
V2,MAD_5000_PC,20,Spectral,5,0.1138,40.4,2.1702,-0.0019,0.2649,0.309,29,0.282,"29,103,67,41,88"
V2,MAD_5000_PC,20,Spectral,6,0.1113,37.4,2.1418,0.0006,0.2755,0.356,29,0.326,"89,66,57,52,29,35"
V2,MAD_5000_PC,20,Spectral,7,0.0954,33.3,2.1802,-0.0007,0.2562,0.3498,29,0.414,"35,70,59,29,60,42,33"
V2,MAD_2000_ALL,5,KMeans,3,0.2063,101.1,1.5958,-0.0025,0.2402,0.2612,100,0.862,"100,116,112"
V2,MAD_2000_ALL,5,KMeans,4,0.1987,91.8,1.5868,-0.0044,0.3489,0.3944,72,0.735,"98,72,80,78"
V2,MAD_2000_ALL,5,KMeans,5,0.1987,84.8,1.3663,-0.0025,0.299,0.3768,38,0.458,"38,74,83,82,51"
V2,MAD_2000_ALL,5,KMeans,6,0.1919,79.4,1.3766,-0.0026,0.3034,0.3855,39,0.52,"39,62,59,75,46,47"
V2,MAD_2000_ALL,5,KMeans,7,0.1902,75.5,1.4166,-0.0025,0.2531,0.3592,32,0.516,"59,62,32,45,43,32,55"
V2,MAD_2000_ALL,5,Ward,3,0.169,80.9,1.6314,-0.0032,0.2248,0.2552,84,0.549,"153,91,84"
V2,MAD_2000_ALL,5,Ward,4,0.1408,71.9,1.7559,-0.0009,0.2067,0.2431,47,0.443,"106,91,84,47"
V2,MAD_2000_ALL,5,Ward,5,0.1411,66.5,1.624,-0.0001,0.234,0.2689,33,0.363,"91,73,84,47,33"
V2,MAD_2000_ALL,5,Ward,6,0.1467,64.8,1.5278,-0.0014,0.1788,0.2717,23,0.274,"73,68,84,47,33,23"
V2,MAD_2000_ALL,5,Ward,7,0.1427,62.7,1.4733,-0.0024,0.1728,0.2899,23,0.274,"68,47,84,48,33,23,25"
V2,MAD_2000_ALL,5,GMM,3,0.1199,51.5,1.7972,-0.0081,0.2314,0.3062,43,0.214,"201,43,84"
V2,MAD_2000_ALL,5,GMM,4,0.1525,71.5,1.7986,-0.0023,0.3887,0.3895,68,0.716,"82,83,95,68"
V2,MAD_2000_ALL,5,GMM,5,0.0861,39.2,1.9568,-0.0035,0.2462,0.3361,34,0.333,"102,34,43,60,89"
V2,MAD_2000_ALL,5,GMM,6,0.1155,51.2,1.7426,-0.0026,0.2256,0.2938,16,0.139,"37,77,16,34,49,115"
V2,MAD_2000_ALL,5,GMM,7,0.1107,48.3,1.6362,-0.0044,0.2464,0.3532,16,0.178,"42,16,51,90,34,18,77"
V2,MAD_2000_ALL,5,Spectral,3,0.2016,96.4,1.5732,0.0035,0.2623,0.2888,94,0.777,"113,94,121"
V2,MAD_2000_ALL,5,Spectral,4,0.1891,88.2,1.5284,-0.0038,0.327,0.3413,74,0.822,"81,90,74,83"
V2,MAD_2000_ALL,5,Spectral,5,0.1791,74.1,1.4533,-0.0046,0.3003,0.3525,28,0.295,"81,71,95,28,53"
V2,MAD_2000_ALL,5,Spectral,6,0.1682,64.3,1.488,0.0022,0.2784,0.4148,26,0.241,"46,26,61,108,50,37"
V2,MAD_2000_ALL,5,Spectral,7,0.177,65.9,1.3788,0.0051,0.2485,0.3996,26,0.257,"26,49,35,41,34,42,101"
V2,MAD_2000_ALL,8,KMeans,3,0.1688,78.5,1.8869,-0.0029,0.1863,0.2125,105,0.921,"105,109,114"
V2,MAD_2000_ALL,8,KMeans,4,0.1618,69.1,1.8394,-0.0042,0.343,0.3976,73,0.73,"73,80,100,75"
V2,MAD_2000_ALL,8,KMeans,5,0.1625,63.3,1.6023,-0.0012,0.2766,0.3452,41,0.5,"41,82,82,74,49"
V2,MAD_2000_ALL,8,KMeans,6,0.1469,58.1,1.6539,-0.0012,0.2628,0.3629,42,0.553,"65,46,52,47,76,42"
V2,MAD_2000_ALL,8,KMeans,7,0.1476,54.1,1.6809,0.0016,0.2829,0.3809,31,0.437,"71,41,45,43,31,46,51"
V2,MAD_2000_ALL,8,Ward,3,0.1267,61.9,2.165,-0.0004,0.1551,0.1756,82,0.626,"131,115,82"
V2,MAD_2000_ALL,8,Ward,4,0.1285,55.1,1.9379,-0.0028,0.1763,0.2377,38,0.33,"115,93,82,38"
V2,MAD_2000_ALL,8,Ward,5,0.1102,50.5,1.8226,0.0012,0.2054,0.2775,37,0.398,"82,93,78,38,37"
V2,MAD_2000_ALL,8,Ward,6,0.1151,46.2,1.8352,0.0026,0.2153,0.292,27,0.29,"78,93,55,38,37,27"
V2,MAD_2000_ALL,8,Ward,7,0.1083,43.7,1.7943,0.0023,0.1601,0.2961,27,0.29,"93,38,55,46,37,27,32"
V2,MAD_2000_ALL,8,GMM,3,0.1034,49.1,2.2261,-0.0008,0.2965,0.3116,91,0.636,"91,143,94"
V2,MAD_2000_ALL,8,GMM,4,0.0847,41.2,2.3156,-0.0038,0.2375,0.2844,54,0.45,"56,120,54,98"
V2,MAD_2000_ALL,8,GMM,5,0.1085,43.0,1.9298,-0.0051,0.3529,0.3697,30,0.28,"98,30,34,107,59"
V2,MAD_2000_ALL,8,GMM,6,0.0878,37.9,2.2124,-0.0014,0.2562,0.324,18,0.167,"108,63,40,75,24,18"
V2,MAD_2000_ALL,8,GMM,7,0.0745,34.4,2.1536,-0.0015,0.3401,0.3771,16,0.195,"43,70,16,41,30,82,46"
V2,MAD_2000_ALL,8,Spectral,3,0.1666,74.9,1.8661,-0.0001,0.2757,0.3096,89,0.664,"134,105,89"
V2,MAD_2000_ALL,8,Spectral,4,0.1533,66.9,1.7915,-0.0029,0.3203,0.3531,76,0.835,"85,76,91,76"
V2,MAD_2000_ALL,8,Spectral,5,0.1531,58.2,1.6321,-0.0014,0.2688,0.3308,30,0.316,"66,58,79,30,95"
V2,MAD_2000_ALL,8,Spectral,6,0.1375,55.3,1.5774,-0.0009,0.232,0.3467,31,0.32,"69,42,31,51,38,97"
V2,MAD_2000_ALL,8,Spectral,7,0.1374,49.8,1.6272,-0.0007,0.2434,0.3896,27,0.278,"39,97,32,48,45,27,40"
V2,MAD_2000_ALL,10,KMeans,3,0.1568,71.1,1.9833,-0.0029,0.1863,0.2125,105,0.921,"109,114,105"
V2,MAD_2000_ALL,10,KMeans,4,0.1502,62.6,1.9288,-0.0044,0.3427,0.3966,73,0.737,"76,80,99,73"
V2,MAD_2000_ALL,10,KMeans,5,0.1529,56.5,1.7381,-0.0001,0.2855,0.3462,40,0.494,"40,81,57,71,79"
V2,MAD_2000_ALL,10,KMeans,6,0.1386,51.6,1.7339,-0.0024,0.295,0.3811,38,0.5,"76,41,38,61,50,62"
V2,MAD_2000_ALL,10,KMeans,7,0.1402,48.2,1.7699,-0.0014,0.2682,0.3674,33,0.569,"56,58,33,48,45,52,36"
V2,MAD_2000_ALL,10,Ward,3,0.1329,59.4,2.2079,-0.0031,0.2759,0.2674,86,0.688,"125,117,86"
V2,MAD_2000_ALL,10,Ward,4,0.0945,51.0,2.1205,-0.0046,0.2693,0.2525,60,0.513,"117,65,86,60"
V2,MAD_2000_ALL,10,Ward,5,0.0952,45.8,2.1866,-0.0038,0.264,0.3044,52,0.605,"86,52,65,60,65"
V2,MAD_2000_ALL,10,Ward,6,0.1068,43.3,2.036,-0.0029,0.2856,0.3396,24,0.369,"62,52,65,60,65,24"
V2,MAD_2000_ALL,10,Ward,7,0.1115,40.4,1.9758,-0.0023,0.2276,0.3273,24,0.369,"36,52,65,60,65,24,26"
V2,MAD_2000_ALL,10,GMM,3,0.0768,37.4,2.7175,-0.0046,0.1534,0.2235,62,0.446,"139,127,62"
V2,MAD_2000_ALL,10,GMM,4,0.0687,32.2,2.8453,-0.0052,0.1716,0.2303,27,0.179,"53,27,151,97"
V2,MAD_2000_ALL,10,GMM,5,0.0927,38.7,2.1856,-0.0047,0.2533,0.3021,42,0.438,"42,85,96,53,52"
V2,MAD_2000_ALL,10,GMM,6,0.0822,35.4,2.1513,-0.0046,0.2277,0.304,29,0.322,"62,39,29,50,58,90"
V2,MAD_2000_ALL,10,GMM,7,0.0974,33.8,2.084,-0.0033,0.2708,0.3193,13,0.143,"91,37,59,13,68,25,35"
V2,MAD_2000_ALL,10,Spectral,3,0.1557,66.6,1.9311,-0.003,0.25,0.2968,72,0.483,"107,149,72"
V2,MAD_2000_ALL,10,Spectral,4,0.1441,60.2,1.9049,-0.0012,0.3282,0.3658,74,0.831,"89,87,78,74"
V2,MAD_2000_ALL,10,Spectral,5,0.1374,52.8,1.732,-0.0034,0.2474,0.32,28,0.301,"28,93,89,66,52"
V2,MAD_2000_ALL,10,Spectral,6,0.114,47.6,1.6968,-0.003,0.2394,0.3651,27,0.278,"76,33,54,97,41,27"
V2,MAD_2000_ALL,10,Spectral,7,0.1216,43.9,1.7078,-0.0035,0.2116,0.3639,23,0.228,"43,52,32,101,31,23,46"
V2,MAD_2000_ALL,15,KMeans,3,0.1412,61.5,2.091,-0.0025,0.2505,0.2719,102,0.895,"112,114,102"
V2,MAD_2000_ALL,15,KMeans,4,0.1311,53.4,2.0922,-0.0041,0.3451,0.3994,73,0.745,"73,75,82,98"
V2,MAD_2000_ALL,15,KMeans,5,0.1317,47.8,1.8558,-0.0019,0.2747,0.3436,41,0.488,"84,80,50,41,73"
V2,MAD_2000_ALL,15,KMeans,6,0.1216,43.2,1.9793,0.001,0.2716,0.3553,39,0.52,"55,75,66,44,39,49"
V2,MAD_2000_ALL,15,KMeans,7,0.1205,39.8,1.9835,-0.0008,0.2595,0.3518,35,0.583,"53,42,45,35,47,46,60"
V2,MAD_2000_ALL,15,Ward,3,0.0907,45.3,2.3751,-0.0062,0.1543,0.2321,64,0.342,"187,77,64"
V2,MAD_2000_ALL,15,Ward,4,0.0958,40.9,2.3612,-0.0008,0.2659,0.2854,64,0.66,"97,77,64,90"
V2,MAD_2000_ALL,15,Ward,5,0.0938,38.4,2.0752,-0.0027,0.2887,0.2854,40,0.444,"77,90,64,40,57"
V2,MAD_2000_ALL,15,Ward,6,0.0927,35.4,2.0652,-0.0029,0.2983,0.3084,27,0.3,"90,40,64,50,57,27"
V2,MAD_2000_ALL,15,Ward,7,0.0951,33.7,1.9625,-0.0018,0.2643,0.2962,24,0.364,"64,40,24,50,57,27,66"
V2,MAD_2000_ALL,15,GMM,3,0.0968,40.5,2.3766,-0.0037,0.224,0.2217,62,0.4,"155,111,62"
V2,MAD_2000_ALL,15,GMM,4,0.0906,40.8,2.3195,-0.0032,0.2436,0.2949,68,0.694,"70,98,92,68"
V2,MAD_2000_ALL,15,GMM,5,0.082,35.4,2.3266,-0.0016,0.2775,0.3226,38,0.432,"63,38,78,88,61"
V2,MAD_2000_ALL,15,GMM,6,0.067,31.7,2.4121,-0.0038,0.2616,0.3207,34,0.425,"47,34,76,80,57,34"
V2,MAD_2000_ALL,15,GMM,7,0.0934,33.3,2.2443,-0.002,0.2684,0.3746,19,0.322,"19,59,54,52,48,46,50"
V2,MAD_2000_ALL,15,Spectral,3,0.1367,57.9,2.1451,-0.0038,0.3158,0.3335,87,0.608,"87,98,143"
V2,MAD_2000_ALL,15,Spectral,4,0.1252,50.8,2.0654,-0.0032,0.348,0.3713,77,0.885,"84,87,77,80"
V2,MAD_2000_ALL,15,Spectral,5,0.1268,45.2,1.8464,-0.0015,0.2685,0.3367,29,0.309,"29,94,67,80,58"
V2,MAD_2000_ALL,15,Spectral,6,0.111,40.7,1.8478,-0.0035,0.265,0.3406,28,0.311,"90,52,76,40,42,28"
V2,MAD_2000_ALL,15,Spectral,7,0.1065,36.3,1.8974,-0.0003,0.2461,0.3747,21,0.221,"53,36,21,95,38,35,50"
V2,MAD_2000_ALL,20,KMeans,3,0.1279,56.2,2.2473,-0.0028,0.1882,0.2193,104,0.904,"109,115,104"
V2,MAD_2000_ALL,20,KMeans,4,0.1213,48.5,2.2081,-0.0044,0.3497,0.3964,74,0.755,"78,78,74,98"
V2,MAD_2000_ALL,20,KMeans,5,0.1197,43.1,2.0358,0.0017,0.2873,0.3484,46,0.575,"56,80,46,76,70"
V2,MAD_2000_ALL,20,KMeans,6,0.1055,38.9,2.0301,-0.0016,0.2522,0.3548,41,0.532,"44,73,41,77,43,50"
V2,MAD_2000_ALL,20,KMeans,7,0.1105,35.9,2.0538,-0.0036,0.2665,0.3622,29,0.446,"48,65,48,29,42,37,59"
V2,MAD_2000_ALL,20,Ward,3,0.1089,45.5,2.3301,-0.0054,0.1439,0.2169,54,0.318,"170,104,54"
V2,MAD_2000_ALL,20,Ward,4,0.0836,38.9,2.4496,-0.0035,0.1809,0.3024,50,0.417,"120,104,54,50"
V2,MAD_2000_ALL,20,Ward,5,0.084,35.2,2.339,0.0003,0.2118,0.3338,33,0.317,"104,87,54,50,33"
V2,MAD_2000_ALL,20,Ward,6,0.0835,32.6,2.3485,-0.0016,0.2381,0.3368,33,0.379,"87,33,54,50,58,46"
V2,MAD_2000_ALL,20,Ward,7,0.084,30.4,2.3282,-0.0011,0.254,0.326,33,0.569,"54,33,49,50,58,46,38"
V2,MAD_2000_ALL,20,GMM,3,0.0874,36.5,2.5178,-0.0039,0.2015,0.2017,67,0.435,"67,154,107"
V2,MAD_2000_ALL,20,GMM,4,0.089,37.3,2.4503,-0.003,0.3485,0.3462,72,0.809,"79,72,88,89"
V2,MAD_2000_ALL,20,Spectral,3,0.1234,52.1,2.2798,-0.004,0.3093,0.339,81,0.559,"145,81,102"
V2,MAD_2000_ALL,20,Spectral,4,0.1167,46.0,2.1388,-0.003,0.3628,0.4052,73,0.785,"93,73,85,77"
V2,MAD_2000_ALL,20,Spectral,5,0.1155,40.2,1.9952,-0.0018,0.3142,0.3793,30,0.333,"77,90,30,66,65"
V2,MAD_2000_ALL,20,Spectral,6,0.1009,37.1,1.9631,-0.0018,0.2779,0.3607,28,0.311,"59,90,57,28,42,52"
V2,MAD_2000_ALL,20,Spectral,7,0.0977,33.0,2.0164,-0.0017,0.259,0.3951,24,0.261,"52,35,39,34,24,92,52"
V2,MAD_5000_ALL,5,KMeans,3,0.1967,104.6,1.661,-0.0041,0.1563,0.1888,95,0.742,"95,128,105"
V2,MAD_5000_ALL,5,KMeans,4,0.1912,92.6,1.6524,-0.0043,0.2924,0.347,69,0.697,"99,69,86,74"
V2,MAD_5000_ALL,5,KMeans,5,0.1837,83.8,1.5282,-0.0024,0.3021,0.3388,53,0.726,"65,72,65,73,53"
V2,MAD_5000_ALL,5,KMeans,6,0.1827,79.5,1.4861,-0.0029,0.2408,0.3205,43,0.614,"43,61,51,46,57,70"
V2,MAD_5000_ALL,5,KMeans,7,0.1887,75.6,1.4005,0.0006,0.2255,0.3231,29,0.468,"58,45,39,62,49,46,29"
V2,MAD_5000_ALL,5,Ward,3,0.1835,89.6,1.6623,-0.0052,0.1365,0.2032,61,0.401,"152,115,61"
V2,MAD_5000_ALL,5,Ward,4,0.1654,79.6,1.6142,-0.0043,0.1632,0.2685,39,0.339,"115,113,61,39"
V2,MAD_5000_ALL,5,Ward,5,0.1718,75.7,1.5814,-0.0032,0.181,0.263,39,0.345,"113,53,61,39,62"
V2,MAD_5000_ALL,5,Ward,6,0.1666,70.3,1.5878,0.0014,0.2219,0.2945,36,0.468,"53,77,61,39,62,36"
V2,MAD_5000_ALL,5,Ward,7,0.1657,67.4,1.4513,0.0003,0.232,0.3085,17,0.221,"61,77,36,39,62,36,17"
V2,MAD_5000_ALL,5,GMM,3,0.1084,50.9,1.9881,-0.0063,0.2429,0.2941,53,0.288,"53,184,91"
V2,MAD_5000_ALL,5,GMM,4,0.1306,62.0,1.7115,-0.0024,0.2896,0.3182,50,0.394,"50,127,54,97"
V2,MAD_5000_ALL,5,GMM,5,0.1019,43.0,1.8442,-0.0014,0.3429,0.3331,15,0.161,"82,15,93,57,81"
V2,MAD_5000_ALL,5,GMM,6,0.1028,46.4,1.9183,-0.0029,0.1968,0.2958,29,0.282,"82,42,29,31,103,41"
V2,MAD_5000_ALL,5,GMM,7,0.1207,54.8,1.6291,-0.0005,0.2573,0.3376,25,0.362,"25,33,39,58,51,53,69"
V2,MAD_5000_ALL,5,Spectral,3,0.2004,98.0,1.5566,0.0015,0.1895,0.228,82,0.586,"106,140,82"
V2,MAD_5000_ALL,5,Spectral,4,0.1828,86.9,1.6076,-0.002,0.3123,0.3551,66,0.68,"89,97,66,76"
V2,MAD_5000_ALL,5,Spectral,5,0.1768,73.4,1.5391,-0.0005,0.2966,0.3433,25,0.281,"73,89,78,25,63"
V2,MAD_5000_ALL,5,Spectral,6,0.1747,70.2,1.5294,-0.0033,0.2083,0.3025,24,0.27,"55,71,43,24,89,46"
V2,MAD_5000_ALL,5,Spectral,7,0.1742,68.7,1.4516,-0.0023,0.2156,0.3393,24,0.264,"46,29,47,50,41,24,91"
V2,MAD_5000_ALL,8,KMeans,3,0.1629,80.4,1.9014,-0.004,0.1516,0.1941,95,0.714,"100,133,95"
V2,MAD_5000_ALL,8,KMeans,4,0.1429,69.0,1.7815,0.0006,0.167,0.2139,73,0.76,"83,76,96,73"
V2,MAD_5000_ALL,8,KMeans,5,0.1478,61.8,1.7362,0.0001,0.2655,0.3189,44,0.579,"44,76,76,57,75"
V2,MAD_5000_ALL,8,KMeans,6,0.1552,58.8,1.7045,-0.0009,0.2817,0.3432,35,0.486,"58,35,61,59,43,72"
V2,MAD_5000_ALL,8,KMeans,7,0.1528,55.0,1.6887,0.0057,0.2644,0.343,26,0.448,"42,47,49,51,55,58,26"
V2,MAD_5000_ALL,8,Ward,3,0.119,62.8,2.1055,0.0002,0.114,0.1282,46,0.307,"132,150,46"
V2,MAD_5000_ALL,8,Ward,4,0.1166,57.4,1.8958,-0.0051,0.1485,0.195,46,0.307,"150,74,46,58"
V2,MAD_5000_ALL,8,Ward,5,0.1077,52.3,1.9972,-0.0023,0.2445,0.2605,46,0.561,"74,82,46,58,68"
V2,MAD_5000_ALL,8,Ward,6,0.1204,48.7,1.8482,-0.0028,0.2225,0.2719,27,0.329,"46,82,47,58,68,27"
V2,MAD_5000_ALL,8,Ward,7,0.1211,45.5,1.7845,-0.0024,0.2241,0.2866,22,0.268,"47,82,22,58,68,27,24"
V2,MAD_5000_ALL,8,GMM,3,0.0873,32.9,2.7918,-0.0047,0.2549,0.2754,69,0.473,"69,146,113"
V2,MAD_5000_ALL,8,GMM,4,0.0753,40.3,2.5144,-0.0005,0.2013,0.2452,64,0.634,"101,95,68,64"
V2,MAD_5000_ALL,8,GMM,5,0.1069,43.4,2.1689,-0.0011,0.2747,0.325,31,0.265,"31,58,70,52,117"
V2,MAD_5000_ALL,8,GMM,6,0.0898,36.9,2.2492,-0.0037,0.3143,0.3469,31,0.356,"54,32,69,55,31,87"
V2,MAD_5000_ALL,8,Spectral,3,0.1657,74.3,1.8792,-0.002,0.1956,0.2494,72,0.541,"123,133,72"
V2,MAD_5000_ALL,8,Spectral,4,0.1423,65.6,1.8281,-0.0009,0.2894,0.3181,72,0.791,"72,78,91,87"
V2,MAD_5000_ALL,8,Spectral,5,0.1403,52.9,1.8012,-0.0011,0.2862,0.342,26,0.265,"61,98,66,26,77"
V2,MAD_5000_ALL,8,Spectral,6,0.1301,48.2,1.8387,-0.0012,0.2677,0.3848,24,0.212,"54,70,113,24,34,33"
V2,MAD_5000_ALL,8,Spectral,7,0.1362,48.6,1.704,-0.0027,0.2325,0.3514,24,0.25,"52,57,32,96,31,36,24"
V2,MAD_5000_ALL,10,KMeans,3,0.148,73.3,2.0196,-0.0039,0.1498,0.1839,99,0.78,"102,127,99"
V2,MAD_5000_ALL,10,KMeans,4,0.1442,62.6,2.0187,-0.0043,0.2832,0.348,69,0.67,"69,103,86,70"
V2,MAD_5000_ALL,10,KMeans,5,0.1323,55.7,1.8597,-0.0002,0.3111,0.3228,40,0.513,"73,40,78,71,66"
V2,MAD_5000_ALL,10,KMeans,6,0.1405,52.5,1.7969,0.0002,0.2946,0.3617,28,0.384,"44,59,73,54,70,28"
V2,MAD_5000_ALL,10,KMeans,7,0.1351,49.0,1.7505,0.0025,0.2994,0.3769,32,0.552,"53,40,49,58,43,53,32"
V2,MAD_5000_ALL,10,Ward,3,0.1306,62.2,2.2016,-0.0047,0.0853,0.1198,76,0.461,"165,76,87"
V2,MAD_5000_ALL,10,Ward,4,0.0972,53.0,2.1537,0.0006,0.1447,0.1709,66,0.667,"99,76,87,66"
V2,MAD_5000_ALL,10,Ward,5,0.1025,46.9,2.0422,0.0015,0.1959,0.2392,46,0.529,"76,53,87,66,46"
V2,MAD_5000_ALL,10,Ward,6,0.106,43.7,1.9387,0.003,0.1975,0.2487,23,0.264,"87,53,53,66,46,23"
V2,MAD_5000_ALL,10,Ward,7,0.1155,42.0,1.9343,0.003,0.2177,0.2697,23,0.348,"53,32,53,66,46,23,55"
V2,MAD_5000_ALL,10,GMM,3,0.1235,51.7,2.4506,-0.005,0.23,0.2741,74,0.463,"94,160,74"
V2,MAD_5000_ALL,10,GMM,4,0.057,28.9,2.6702,-0.0061,0.2354,0.2789,26,0.195,"133,26,105,64"
V2,MAD_5000_ALL,10,GMM,5,0.067,30.9,2.3707,-0.0013,0.2795,0.3523,43,0.443,"64,65,97,43,59"
V2,MAD_5000_ALL,10,GMM,6,0.0624,30.9,2.3487,-0.001,0.2767,0.3468,39,0.47,"83,41,54,39,59,52"
V2,MAD_5000_ALL,10,Spectral,3,0.1526,68.0,2.0359,0.0011,0.2351,0.2746,83,0.629,"83,113,132"
V2,MAD_5000_ALL,10,Spectral,4,0.1334,57.7,1.9295,-0.0032,0.2682,0.3191,66,0.667,"69,94,99,66"
V2,MAD_5000_ALL,10,Spectral,5,0.1252,47.8,1.9583,-0.0034,0.3217,0.3532,34,0.37,"90,54,34,92,58"
V2,MAD_5000_ALL,10,Spectral,6,0.1295,46.8,1.8797,-0.004,0.2372,0.3148,29,0.333,"87,51,47,45,69,29"
V2,MAD_5000_ALL,10,Spectral,7,0.1278,43.9,1.8293,-0.0031,0.211,0.3363,29,0.287,"101,47,51,29,41,30,29"
V2,MAD_5000_ALL,15,KMeans,3,0.1354,63.8,2.1404,-0.004,0.1534,0.1969,93,0.699,"93,102,133"
V2,MAD_5000_ALL,15,KMeans,4,0.1175,54.0,2.0109,-0.0023,0.1731,0.2236,73,0.737,"74,73,82,99"
V2,MAD_5000_ALL,15,KMeans,5,0.1226,47.5,2.0432,-0.0011,0.2663,0.3237,44,0.524,"44,72,84,62,66"
V2,MAD_5000_ALL,15,KMeans,6,0.1251,44.2,1.9857,-0.0014,0.2797,0.3391,30,0.4,"69,38,75,30,61,55"
V2,MAD_5000_ALL,15,KMeans,7,0.1185,41.2,1.9168,0.0031,0.2874,0.3683,31,0.534,"52,31,53,51,41,58,42"
V2,MAD_5000_ALL,15,Ward,3,0.0988,53.3,2.3181,-0.004,0.0671,0.1293,59,0.343,"172,97,59"
V2,MAD_5000_ALL,15,Ward,4,0.0773,44.9,2.3829,0.0007,0.1034,0.1438,57,0.496,"115,97,59,57"
V2,MAD_5000_ALL,15,Ward,5,0.0736,40.0,2.2499,0.002,0.1365,0.1756,45,0.464,"97,70,59,57,45"
V2,MAD_5000_ALL,15,Ward,6,0.0772,36.8,2.2678,-0.0006,0.1445,0.2149,30,0.429,"59,70,67,57,45,30"
V2,MAD_5000_ALL,15,Ward,7,0.084,34.9,2.18,-0.0003,0.1529,0.2485,21,0.3,"67,70,30,57,45,21,38"
V2,MAD_5000_ALL,15,GMM,3,0.0883,40.3,2.6422,-0.0039,0.21,0.2301,81,0.623,"117,81,130"
V2,MAD_5000_ALL,15,GMM,4,0.0631,29.2,2.6563,-0.0031,0.2509,0.3066,41,0.279,"77,41,63,147"
V2,MAD_5000_ALL,15,GMM,5,0.0797,34.6,2.4134,0.0038,0.2229,0.2798,39,0.433,"80,72,39,90,47"
V2,MAD_5000_ALL,15,GMM,6,0.0732,29.9,2.3043,-0.0027,0.2783,0.3025,31,0.337,"36,65,50,31,92,54"
V2,MAD_5000_ALL,15,Spectral,3,0.1347,58.9,2.1798,-0.002,0.2379,0.2918,75,0.507,"148,105,75"
V2,MAD_5000_ALL,15,Spectral,4,0.1117,49.2,2.0872,-0.001,0.2385,0.3361,43,0.381,"105,113,67,43"
V2,MAD_5000_ALL,15,Spectral,5,0.1044,41.9,2.0776,-0.0018,0.2892,0.337,35,0.422,"78,83,35,78,54"
V2,MAD_5000_ALL,15,Spectral,6,0.1062,41.9,1.9476,-0.0013,0.2403,0.3379,31,0.337,"92,32,31,80,38,55"
V2,MAD_5000_ALL,15,Spectral,7,0.1127,38.7,2.0088,0.0012,0.2331,0.3154,31,0.431,"31,31,52,72,42,54,46"
V2,MAD_5000_ALL,20,KMeans,3,0.1211,58.3,2.2896,-0.004,0.1518,0.1912,98,0.754,"130,100,98"
V2,MAD_5000_ALL,20,KMeans,4,0.1048,49.1,2.149,-0.0012,0.1653,0.2112,74,0.787,"74,78,94,82"
V2,MAD_5000_ALL,20,KMeans,5,0.1153,43.0,2.1201,-0.0044,0.235,0.3213,35,0.361,"97,62,91,35,43"
V2,MAD_5000_ALL,20,KMeans,6,0.1167,39.7,2.0739,-0.001,0.2692,0.3385,29,0.372,"58,41,58,29,78,64"
V2,MAD_5000_ALL,20,KMeans,7,0.1032,36.8,2.0442,-0.0009,0.268,0.349,29,0.5,"58,29,55,43,43,50,50"
V2,MAD_5000_ALL,20,Ward,3,0.0946,48.3,2.5314,-0.0012,0.1349,0.1338,84,0.683,"121,123,84"
V2,MAD_5000_ALL,20,Ward,4,0.0909,40.4,2.3826,0.0005,0.1783,0.2075,35,0.285,"123,86,84,35"
V2,MAD_5000_ALL,20,Ward,5,0.095,37.0,2.3123,-0.0001,0.1841,0.2176,35,0.407,"86,86,84,35,37"
V2,MAD_5000_ALL,20,Ward,6,0.0788,33.3,2.3725,-0.0009,0.1437,0.222,35,0.407,"86,35,84,51,37,35"
V2,MAD_5000_ALL,20,Ward,7,0.0761,30.9,2.2879,0.0024,0.1417,0.2449,34,0.405,"84,35,52,51,37,35,34"
V2,MAD_5000_ALL,20,GMM,3,0.0661,32.0,3.0486,-0.0052,0.2239,0.2751,78,0.456,"79,78,171"
V2,MAD_5000_ALL,20,GMM,4,0.0834,35.7,2.5847,-0.0037,0.3438,0.3644,59,0.532,"111,73,85,59"
V2,MAD_5000_ALL,20,GMM,5,0.0713,36.1,2.3988,-0.004,0.2057,0.2731,51,0.537,"95,74,56,52,51"
V2,MAD_5000_ALL,20,Spectral,3,0.1231,53.8,2.2919,-0.0015,0.2364,0.2803,74,0.507,"74,108,146"
V2,MAD_5000_ALL,20,Spectral,4,0.1045,45.5,2.1906,-0.0023,0.2566,0.3611,40,0.357,"102,112,74,40"
V2,MAD_5000_ALL,20,Spectral,5,0.0993,38.0,2.1897,-0.0035,0.3042,0.3514,32,0.381,"84,57,32,77,78"
V2,MAD_5000_ALL,20,Spectral,6,0.108,38.2,2.0899,-0.0007,0.2418,0.3208,30,0.366,"30,82,31,48,58,79"
V2,MAD_5000_ALL,20,Spectral,7,0.0957,33.9,2.1278,-0.0016,0.2033,0.3285,30,0.297,"101,31,50,44,30,34,38"
V3,MAD_1000_PC,5,KMeans,3,0.2082,101.5,1.5816,-0.0031,0.3356,0.3302,101,0.828,"105,101,122"
V3,MAD_1000_PC,5,KMeans,4,0.1972,89.6,1.503,-0.0001,0.218,0.2544,63,0.529,"119,80,66,63"
V3,MAD_1000_PC,5,KMeans,5,0.2037,85.8,1.4199,-0.0001,0.3221,0.3527,58,0.784,"61,64,74,58,71"
V3,MAD_1000_PC,5,KMeans,6,0.2009,79.5,1.4491,0.0004,0.3226,0.3734,25,0.357,"53,60,25,60,70,60"
V3,MAD_1000_PC,5,KMeans,7,0.1991,74.1,1.4094,-0.0002,0.2767,0.3373,31,0.508,"50,49,52,37,48,31,61"
V3,MAD_1000_PC,5,Ward,3,0.1823,83.9,1.6676,0.0013,0.2409,0.3012,80,0.494,"162,80,86"
V3,MAD_1000_PC,5,Ward,4,0.1331,72.4,1.781,0.0058,0.2628,0.2872,57,0.543,"86,80,105,57"
V3,MAD_1000_PC,5,Ward,5,0.1355,65.5,1.7671,0.0061,0.2118,0.2921,38,0.362,"105,80,38,57,48"
V3,MAD_1000_PC,5,Ward,6,0.1383,62.8,1.6368,0.0075,0.2463,0.3243,34,0.425,"80,71,38,57,48,34"
V3,MAD_1000_PC,5,Ward,7,0.1407,61.3,1.6475,0.0011,0.2222,0.3413,34,0.479,"38,71,46,57,48,34,34"
V3,MAD_1000_PC,5,GMM,3,0.1942,93.4,1.6328,-0.0036,0.3078,0.329,94,0.803,"117,117,94"
V3,MAD_1000_PC,5,GMM,4,0.1485,66.2,1.6789,0.0008,0.2728,0.3798,44,0.367,"115,44,49,120"
V3,MAD_1000_PC,5,GMM,5,0.1244,53.5,1.8654,-0.004,0.2355,0.2747,45,0.517,"48,45,78,70,87"
V3,MAD_1000_PC,5,GMM,6,0.1294,58.2,1.7684,-0.0007,0.2436,0.3334,31,0.316,"69,43,98,31,50,37"
V3,MAD_1000_PC,5,GMM,7,0.1209,49.9,1.7848,-0.0036,0.2862,0.4085,26,0.382,"38,37,53,65,68,41,26"
V3,MAD_1000_PC,5,Spectral,3,0.2079,98.9,1.5955,-0.004,0.3562,0.3637,95,0.693,"137,95,96"
V3,MAD_1000_PC,5,Spectral,4,0.1888,81.5,1.4966,-0.0022,0.2867,0.3166,68,0.68,"68,82,100,78"
V3,MAD_1000_PC,5,Spectral,5,0.1885,77.9,1.4458,0.0002,0.2652,0.326,48,0.615,"78,75,50,48,77"
V3,MAD_1000_PC,5,Spectral,6,0.1842,71.1,1.4295,0.0034,0.2678,0.3431,30,0.38,"79,72,42,46,30,59"
V3,MAD_1000_PC,5,Spectral,7,0.1873,66.2,1.4865,0.0026,0.2495,0.3455,29,0.475,"55,40,57,41,45,61,29"
V3,MAD_1000_PC,8,KMeans,3,0.1723,78.8,1.8283,-0.0039,0.3182,0.3233,94,0.723,"94,104,130"
V3,MAD_1000_PC,8,KMeans,4,0.1609,68.3,1.6944,-0.0004,0.2465,0.2857,62,0.521,"65,82,119,62"
V3,MAD_1000_PC,8,KMeans,5,0.1684,64.6,1.6455,0.0024,0.303,0.3311,59,0.797,"74,63,68,59,64"
V3,MAD_1000_PC,8,KMeans,6,0.1628,58.8,1.6842,0.0012,0.3182,0.3663,26,0.356,"55,73,53,26,58,63"
V3,MAD_1000_PC,8,KMeans,7,0.1584,54.2,1.7072,-0.0026,0.3395,0.4137,33,0.524,"57,35,38,61,63,33,41"
V3,MAD_1000_PC,8,Ward,3,0.1487,65.1,1.9352,0.0008,0.196,0.238,64,0.393,"101,64,163"
V3,MAD_1000_PC,8,Ward,4,0.131,57.0,1.7722,-0.0054,0.1592,0.2445,46,0.282,"163,64,46,55"
V3,MAD_1000_PC,8,Ward,5,0.1155,52.7,2.0323,-0.0001,0.168,0.2496,46,0.451,"61,64,46,55,102"
V3,MAD_1000_PC,8,Ward,6,0.107,49.0,1.8083,0.0005,0.1909,0.3084,30,0.294,"64,102,46,55,30,31"
V3,MAD_1000_PC,8,Ward,7,0.1154,45.8,1.741,0.0014,0.201,0.3368,13,0.127,"102,55,46,51,30,31,13"
V3,MAD_1000_PC,8,GMM,3,0.1279,56.4,2.1422,-0.0052,0.2417,0.2718,79,0.494,"79,160,89"
V3,MAD_1000_PC,8,GMM,4,0.0908,40.5,2.3247,-0.005,0.2782,0.3516,47,0.367,"91,62,128,47"
V3,MAD_1000_PC,8,GMM,5,0.0999,41.2,2.3447,-0.0006,0.231,0.292,43,0.406,"43,106,45,72,62"
V3,MAD_1000_PC,8,GMM,6,0.0949,38.2,2.1329,0.0004,0.283,0.3343,22,0.289,"57,56,76,67,22,50"
V3,MAD_1000_PC,8,GMM,7,0.0562,32.4,2.6566,-0.0017,0.1802,0.2877,25,0.275,"28,50,34,67,33,91,25"
V3,MAD_1000_PC,8,Spectral,3,0.1663,73.8,1.8698,-0.0033,0.3341,0.3578,89,0.605,"92,89,147"
V3,MAD_1000_PC,8,Spectral,4,0.1404,58.2,1.7761,0.0015,0.238,0.3012,54,0.495,"54,109,91,74"
V3,MAD_1000_PC,8,Spectral,5,0.1539,59.0,1.6524,0.0005,0.2479,0.3521,45,0.469,"76,63,48,45,96"
V3,MAD_1000_PC,8,Spectral,6,0.1422,52.2,1.7464,-0.0007,0.2483,0.3405,34,0.41,"59,34,46,51,83,55"
V3,MAD_1000_PC,8,Spectral,7,0.141,47.9,1.7183,-0.0006,0.2258,0.3513,29,0.42,"48,54,69,29,43,31,54"
V3,MAD_1000_PC,10,KMeans,3,0.1608,71.2,1.9223,-0.0037,0.3288,0.3346,93,0.721,"93,129,106"
V3,MAD_1000_PC,10,KMeans,4,0.1482,61.3,1.7917,-0.0002,0.2389,0.2851,63,0.529,"63,83,63,119"
V3,MAD_1000_PC,10,KMeans,5,0.153,57.3,1.7661,0.0024,0.316,0.345,58,0.784,"74,73,64,59,58"
V3,MAD_1000_PC,10,KMeans,6,0.1491,52.0,1.7684,-0.0023,0.3168,0.3649,43,0.632,"49,68,43,45,65,58"
V3,MAD_1000_PC,10,KMeans,7,0.146,47.8,1.7677,0.0027,0.3381,0.3878,24,0.407,"32,55,53,58,47,24,59"
V3,MAD_1000_PC,10,Ward,3,0.1333,56.6,2.0012,-0.0005,0.1193,0.1716,52,0.323,"115,161,52"
V3,MAD_1000_PC,10,Ward,4,0.1277,51.6,1.8303,-0.005,0.1801,0.2763,52,0.323,"161,57,52,58"
V3,MAD_1000_PC,10,Ward,5,0.1203,47.1,1.9958,-0.0018,0.1867,0.2622,41,0.342,"120,57,52,58,41"
V3,MAD_1000_PC,10,Ward,6,0.1192,43.9,1.9893,0.0003,0.2432,0.2922,41,0.641,"57,41,52,58,56,64"
V3,MAD_1000_PC,10,Ward,7,0.1169,41.0,1.8798,0.0011,0.2533,0.304,15,0.234,"41,56,52,58,42,64,15"
V3,MAD_1000_PC,10,GMM,3,0.0898,42.0,2.6205,-0.0047,0.0955,0.1817,56,0.327,"101,56,171"
V3,MAD_1000_PC,10,GMM,4,0.0992,38.0,2.3481,-0.0048,0.2038,0.3068,44,0.253,"174,56,44,54"
V3,MAD_1000_PC,10,GMM,5,0.0852,36.4,2.2612,-0.0042,0.2852,0.335,31,0.279,"59,48,79,31,111"
V3,MAD_1000_PC,10,GMM,6,0.07,34.0,2.4077,-0.0042,0.2148,0.2909,25,0.316,"45,60,65,79,25,54"
V3,MAD_1000_PC,10,Spectral,3,0.1573,67.9,1.9496,-0.0035,0.3362,0.3579,90,0.612,"147,91,90"
V3,MAD_1000_PC,10,Spectral,4,0.1422,57.2,1.8194,-0.0021,0.2262,0.3214,54,0.391,"54,81,138,55"
V3,MAD_1000_PC,10,Spectral,5,0.1414,52.8,1.7396,-0.0004,0.2219,0.3324,35,0.34,"83,103,57,35,50"
V3,MAD_1000_PC,10,Spectral,6,0.1405,46.8,1.8522,0.0001,0.2725,0.3496,35,0.467,"44,62,35,51,61,75"
V3,MAD_1000_PC,10,Spectral,7,0.1355,44.3,1.8511,-0.0029,0.2703,0.3547,33,0.55,"53,60,45,35,33,47,55"
V3,MAD_1000_PC,15,KMeans,3,0.1416,61.3,2.0844,-0.0041,0.3182,0.3378,89,0.664,"105,134,89"
V3,MAD_1000_PC,15,KMeans,4,0.1277,52.2,1.9665,0.0008,0.2277,0.2721,62,0.521,"62,65,82,119"
V3,MAD_1000_PC,15,KMeans,5,0.1332,48.2,1.9352,0.0002,0.3109,0.3409,57,0.76,"75,57,68,61,67"
V3,MAD_1000_PC,15,KMeans,6,0.1252,43.2,1.9926,-0.0026,0.3145,0.3636,34,0.486,"52,65,34,48,59,70"
V3,MAD_1000_PC,15,KMeans,7,0.1283,39.8,1.9312,-0.0023,0.3518,0.416,32,0.516,"62,58,39,34,60,43,32"
V3,MAD_1000_PC,15,Ward,3,0.0949,44.0,2.3726,-0.0052,0.29,0.3218,62,0.383,"162,104,62"
V3,MAD_1000_PC,15,Ward,4,0.0907,40.4,2.2342,-0.0042,0.3606,0.3417,61,0.587,"101,104,62,61"
V3,MAD_1000_PC,15,Ward,5,0.0901,37.0,2.1852,-0.0029,0.3538,0.3552,49,0.471,"104,61,62,52,49"
V3,MAD_1000_PC,15,Ward,6,0.0928,35.5,2.165,-0.0023,0.2913,0.3469,48,0.774,"61,52,62,56,49,48"
V3,MAD_1000_PC,15,Ward,7,0.0834,32.7,2.1301,-0.0023,0.3071,0.3719,30,0.484,"52,49,62,56,31,48,30"
V3,MAD_1000_PC,15,GMM,3,0.0956,41.2,2.5027,0.0011,0.2613,0.28,91,0.628,"92,145,91"
V3,MAD_1000_PC,15,GMM,4,0.0858,39.9,2.4233,-0.0047,0.3306,0.3622,67,0.593,"113,67,80,68"
V3,MAD_1000_PC,15,GMM,5,0.0962,36.8,2.1472,-0.0031,0.3342,0.388,49,0.533,"54,49,52,81,92"
V3,MAD_1000_PC,15,GMM,6,0.0926,34.9,2.1957,-0.0042,0.263,0.3194,37,0.493,"75,38,37,53,70,55"
V3,MAD_1000_PC,15,Spectral,3,0.1389,58.5,2.1043,-0.0044,0.3616,0.3619,89,0.645,"89,101,138"
V3,MAD_1000_PC,15,Spectral,4,0.1237,49.8,1.9946,-0.0011,0.228,0.3119,54,0.406,"61,80,133,54"
V3,MAD_1000_PC,15,Spectral,5,0.1205,44.1,1.9231,-0.0001,0.2252,0.3424,38,0.384,"87,51,99,38,53"
V3,MAD_1000_PC,15,Spectral,6,0.1172,38.4,2.0104,0.0012,0.2611,0.3325,33,0.452,"33,73,67,48,48,59"
V3,MAD_1000_PC,15,Spectral,7,0.1115,36.0,2.0722,-0.0026,0.2626,0.3747,31,0.408,"54,54,76,31,47,31,35"
V3,MAD_1000_PC,20,KMeans,3,0.1317,56.3,2.1858,-0.0043,0.3099,0.3328,89,0.654,"136,89,103"
V3,MAD_1000_PC,20,KMeans,4,0.1164,47.6,2.1075,-0.0012,0.2141,0.2516,67,0.573,"77,117,67,67"
V3,MAD_1000_PC,20,KMeans,5,0.1221,43.7,2.0353,0.0044,0.3236,0.3558,60,0.822,"73,60,63,66,66"
V3,MAD_1000_PC,20,KMeans,6,0.1175,39.2,2.0847,-0.0008,0.3177,0.3656,29,0.403,"63,51,58,55,72,29"
V3,MAD_1000_PC,20,KMeans,7,0.1116,35.5,2.0696,0.0013,0.2863,0.372,32,0.561,"50,49,32,44,46,50,57"
V3,MAD_1000_PC,20,Ward,3,0.1045,44.9,2.2773,-0.0005,0.1956,0.2485,64,0.354,"181,83,64"
V3,MAD_1000_PC,20,Ward,4,0.0985,41.6,2.353,-0.0031,0.1877,0.2262,64,0.66,"83,84,64,97"
V3,MAD_1000_PC,20,Ward,5,0.0849,36.3,2.2379,-0.0021,0.2023,0.2683,33,0.34,"84,97,64,50,33"
V3,MAD_1000_PC,20,Ward,6,0.0836,32.9,2.2322,-0.0025,0.2128,0.3037,33,0.34,"64,97,45,50,33,39"
V3,MAD_1000_PC,20,Ward,7,0.0855,30.6,2.1943,-0.0007,0.2213,0.3398,22,0.227,"97,50,45,22,33,39,42"
V3,MAD_1000_PC,20,GMM,3,0.0948,41.9,2.5229,0.0008,0.231,0.2363,88,0.624,"88,141,99"
V3,MAD_1000_PC,20,GMM,4,0.0983,40.5,2.3366,-0.003,0.3433,0.3383,69,0.704,"69,98,79,82"
V3,MAD_1000_PC,20,GMM,5,0.0968,36.6,2.267,-0.0039,0.3023,0.3232,53,0.726,"73,67,69,66,53"
V3,MAD_1000_PC,20,GMM,7,0.1006,33.4,2.238,0.0012,0.3033,0.3566,20,0.328,"20,43,49,59,55,61,41"
V3,MAD_1000_PC,20,Spectral,3,0.128,54.0,2.1886,-0.0041,0.3423,0.3533,86,0.637,"86,107,135"
V3,MAD_1000_PC,20,Spectral,4,0.1071,44.2,2.2345,-0.0007,0.3142,0.3489,58,0.552,"92,105,73,58"
V3,MAD_1000_PC,20,Spectral,5,0.1134,40.9,2.0154,0.0003,0.2332,0.3398,42,0.433,"42,97,55,82,52"
V3,MAD_1000_PC,20,Spectral,6,0.0968,34.0,2.1729,-0.0003,0.2492,0.3694,30,0.361,"83,72,40,30,49,54"
V3,MAD_1000_PC,20,Spectral,7,0.0974,31.5,2.1835,0.0049,0.2365,0.3633,28,0.406,"42,45,66,28,69,42,36"
V3,MAD_2000_PC,5,KMeans,3,0.2034,99.9,1.6284,-0.0031,0.2688,0.2962,80,0.597,"80,114,134"
V3,MAD_2000_PC,5,KMeans,4,0.1929,89.9,1.6036,-0.0036,0.3208,0.3724,71,0.683,"71,73,104,80"
V3,MAD_2000_PC,5,KMeans,5,0.1925,82.9,1.5485,-0.0027,0.281,0.318,55,0.705,"67,78,55,65,63"
V3,MAD_2000_PC,5,KMeans,6,0.1948,78.0,1.4535,-0.0015,0.3052,0.3446,32,0.5,"59,63,52,64,32,58"
V3,MAD_2000_PC,5,KMeans,7,0.1933,74.4,1.3853,-0.0019,0.2706,0.3391,34,0.667,"51,51,48,45,34,48,51"
V3,MAD_2000_PC,5,Ward,3,0.1813,85.9,1.6815,-0.002,0.1903,0.2301,68,0.425,"160,100,68"
V3,MAD_2000_PC,5,Ward,4,0.1443,74.2,1.787,0.0026,0.1936,0.2128,68,0.68,"100,92,68,68"
V3,MAD_2000_PC,5,Ward,5,0.1467,69.5,1.7325,-0.002,0.2006,0.2286,43,0.467,"92,57,68,68,43"
V3,MAD_2000_PC,5,Ward,6,0.1478,66.3,1.5861,-0.0016,0.2389,0.2599,42,0.618,"57,68,68,42,43,50"
V3,MAD_2000_PC,5,Ward,7,0.1559,62.8,1.4597,-0.0013,0.2489,0.2807,10,0.147,"68,68,47,42,43,50,10"
V3,MAD_2000_PC,5,GMM,3,0.099,47.8,1.8837,-0.0042,0.2372,0.294,52,0.257,"202,74,52"
V3,MAD_2000_PC,5,GMM,4,0.148,60.9,2.0384,-0.0044,0.4236,0.4204,68,0.694,"88,68,98,74"
V3,MAD_2000_PC,5,GMM,5,0.1151,50.8,1.7946,0.0025,0.2353,0.3082,42,0.438,"96,63,42,58,69"
V3,MAD_2000_PC,5,GMM,6,0.1128,48.5,1.7302,-0.0008,0.2648,0.3253,40,0.494,"54,81,40,42,61,50"
V3,MAD_2000_PC,5,GMM,7,0.1169,49.9,1.9055,-0.0004,0.3161,0.3992,27,0.403,"27,51,67,42,54,51,36"
V3,MAD_2000_PC,5,Spectral,3,0.2002,95.7,1.6291,-0.0021,0.2675,0.3003,78,0.538,"105,145,78"
V3,MAD_2000_PC,5,Spectral,4,0.1772,81.9,1.5467,-0.0033,0.3307,0.3526,70,0.673,"76,78,70,104"
V3,MAD_2000_PC,5,Spectral,5,0.1767,76.2,1.5722,-0.0,0.2337,0.3024,43,0.494,"87,50,43,72,76"
V3,MAD_2000_PC,5,Spectral,6,0.1749,71.5,1.487,0.0014,0.2118,0.3008,39,0.565,"52,59,69,46,63,39"
V3,MAD_2000_PC,5,Spectral,7,0.1821,66.3,1.4865,0.0007,0.2536,0.339,25,0.41,"25,60,51,52,42,37,61"
V3,MAD_2000_PC,8,KMeans,3,0.169,77.8,1.869,-0.0031,0.2688,0.2962,80,0.597,"114,80,134"
V3,MAD_2000_PC,8,KMeans,4,0.1611,68.5,1.8509,-0.0044,0.3159,0.3667,69,0.622,"74,74,111,69"
V3,MAD_2000_PC,8,KMeans,5,0.1573,62.1,1.7907,-0.0021,0.3396,0.3709,60,0.833,"69,60,60,67,72"
V3,MAD_2000_PC,8,KMeans,6,0.161,58.3,1.6722,-0.0,0.3522,0.3946,34,0.531,"60,64,34,52,63,55"
V3,MAD_2000_PC,8,KMeans,7,0.1621,54.2,1.5753,0.0016,0.3122,0.3682,33,0.569,"33,36,49,58,51,56,45"
V3,MAD_2000_PC,8,Ward,3,0.1412,63.1,2.014,-0.0042,0.2504,0.2583,83,0.615,"110,135,83"
V3,MAD_2000_PC,8,Ward,4,0.1295,53.5,2.0196,-0.0044,0.2757,0.2942,46,0.341,"135,46,83,64"
V3,MAD_2000_PC,8,Ward,5,0.1177,49.9,1.9244,-0.003,0.3606,0.3546,46,0.554,"83,46,76,64,59"
V3,MAD_2000_PC,8,Ward,6,0.1237,46.8,1.9423,-0.0019,0.3284,0.3531,39,0.513,"76,46,44,64,59,39"
V3,MAD_2000_PC,8,Ward,7,0.1172,44.0,1.8801,-0.0012,0.2696,0.3438,33,0.516,"46,64,44,43,59,39,33"
V3,MAD_2000_PC,8,GMM,3,0.121,55.1,2.2153,-0.004,0.3103,0.3004,84,0.604,"84,105,139"
V3,MAD_2000_PC,8,GMM,4,0.0961,38.3,2.4156,-0.0036,0.2786,0.3399,29,0.177,"67,29,164,68"
V3,MAD_2000_PC,8,GMM,5,0.1115,39.6,2.216,-0.006,0.2355,0.2853,14,0.111,"57,64,67,14,126"
V3,MAD_2000_PC,8,GMM,6,0.1281,47.9,1.8346,-0.001,0.3266,0.3694,19,0.271,"60,70,19,44,70,65"
V3,MAD_2000_PC,8,GMM,7,0.105,39.1,1.9966,-0.001,0.2963,0.3367,27,0.409,"27,54,66,46,30,48,57"
V3,MAD_2000_PC,8,Spectral,3,0.1673,74.3,1.8811,-0.0009,0.2661,0.2966,78,0.538,"78,145,105"
V3,MAD_2000_PC,8,Spectral,4,0.1508,64.8,1.8467,-0.0024,0.3258,0.3754,64,0.646,"80,85,64,99"
V3,MAD_2000_PC,8,Spectral,5,0.145,54.9,1.7489,-0.0006,0.2856,0.3708,47,0.566,"47,48,83,73,77"
V3,MAD_2000_PC,8,Spectral,6,0.1449,53.4,1.7509,0.0001,0.2636,0.3573,42,0.609,"42,69,62,54,54,47"
V3,MAD_2000_PC,8,Spectral,7,0.1341,46.3,1.7212,-0.0011,0.2637,0.3884,26,0.366,"26,50,54,43,52,32,71"
V3,MAD_2000_PC,10,KMeans,3,0.1591,70.9,1.9694,-0.0028,0.2471,0.2795,78,0.586,"78,133,117"
V3,MAD_2000_PC,10,KMeans,4,0.1472,62.1,1.9295,-0.0041,0.3107,0.3741,67,0.644,"84,73,67,104"
V3,MAD_2000_PC,10,KMeans,5,0.1436,55.7,1.8936,-0.0023,0.3448,0.3932,60,0.811,"65,65,74,60,64"
V3,MAD_2000_PC,10,KMeans,6,0.1478,51.7,1.7899,-0.0026,0.3274,0.3673,34,0.479,"57,71,34,61,54,51"
V3,MAD_2000_PC,10,KMeans,7,0.1463,48.2,1.745,-0.0029,0.2698,0.3408,32,0.571,"32,56,50,44,52,43,51"
V3,MAD_2000_PC,10,Ward,3,0.1219,57.0,2.1754,-0.001,0.2518,0.2514,94,0.74,"107,127,94"
V3,MAD_2000_PC,10,Ward,4,0.1202,49.2,2.0835,-0.003,0.2888,0.2868,44,0.346,"127,44,94,63"
V3,MAD_2000_PC,10,Ward,5,0.1005,44.4,1.9921,0.0001,0.3468,0.324,43,0.457,"94,44,84,63,43"
V3,MAD_2000_PC,10,Ward,6,0.1052,42.3,1.923,0.0019,0.3115,0.3127,27,0.321,"84,44,67,63,43,27"
V3,MAD_2000_PC,10,Ward,7,0.1037,39.9,1.9357,0.0032,0.2837,0.3089,27,0.403,"44,29,67,63,43,27,55"
V3,MAD_2000_PC,10,GMM,3,0.0883,38.2,2.4756,-0.0031,0.1992,0.2484,68,0.374,"68,78,182"
V3,MAD_2000_PC,10,GMM,4,0.0973,39.1,2.218,-0.0041,0.3188,0.3543,50,0.388,"74,50,129,75"
V3,MAD_2000_PC,10,GMM,5,0.0849,37.6,2.173,-0.0028,0.3496,0.3835,40,0.388,"74,40,103,53,58"
V3,MAD_2000_PC,10,GMM,6,0.1157,40.8,1.9162,-0.0008,0.3234,0.3405,22,0.278,"22,65,79,24,70,68"
V3,MAD_2000_PC,10,GMM,7,0.1035,32.9,1.9992,-0.0019,0.3289,0.3942,4,0.054,"66,44,49,74,56,35,4"
V3,MAD_2000_PC,10,Spectral,3,0.1572,67.8,1.9571,-0.0018,0.2511,0.296,72,0.48,"72,150,106"
V3,MAD_2000_PC,10,Spectral,4,0.1434,59.2,1.8916,-0.0031,0.2522,0.3444,54,0.422,"54,84,128,62"
V3,MAD_2000_PC,10,Spectral,5,0.1332,49.4,1.856,-0.0017,0.262,0.3515,43,0.506,"43,85,48,76,76"
V3,MAD_2000_PC,10,Spectral,6,0.1311,47.2,1.9262,-0.0018,0.2506,0.3422,41,0.594,"69,62,48,41,58,50"
V3,MAD_2000_PC,10,Spectral,7,0.1284,42.8,1.8666,-0.0003,0.2322,0.3418,32,0.525,"42,47,52,32,44,61,50"
V3,MAD_2000_PC,15,KMeans,3,0.1402,61.8,2.1338,-0.003,0.2621,0.2912,80,0.606,"116,80,132"
V3,MAD_2000_PC,15,KMeans,4,0.1317,53.5,2.0828,-0.0044,0.3348,0.3821,69,0.6,"69,75,115,69"
V3,MAD_2000_PC,15,KMeans,5,0.1276,47.6,2.06,-0.0019,0.3467,0.3775,60,0.857,"70,60,62,70,66"
V3,MAD_2000_PC,15,KMeans,6,0.1296,43.8,1.9676,-0.0018,0.3218,0.3788,37,0.521,"51,61,47,61,37,71"
V3,MAD_2000_PC,15,KMeans,7,0.1247,40.2,1.9243,-0.0012,0.261,0.3304,34,0.618,"46,54,34,49,50,55,40"
V3,MAD_2000_PC,15,Ward,3,0.1248,48.1,2.0144,-0.0041,0.151,0.2469,57,0.279,"204,57,67"
V3,MAD_2000_PC,15,Ward,4,0.1007,43.5,2.2623,0.0051,0.287,0.3314,57,0.435,"131,57,67,73"
V3,MAD_2000_PC,15,Ward,5,0.1002,39.8,2.2687,-0.0001,0.3004,0.3642,39,0.424,"92,57,67,73,39"
V3,MAD_2000_PC,15,Ward,6,0.0998,36.2,2.1794,-0.0018,0.3416,0.3836,39,0.534,"57,73,51,41,39,67"
V3,MAD_2000_PC,15,Ward,7,0.0972,33.8,2.1046,0.0,0.3568,0.3941,22,0.301,"73,41,51,35,39,67,22"
V3,MAD_2000_PC,15,GMM,3,0.0798,34.9,2.5754,-0.0037,0.2538,0.2483,55,0.34,"111,162,55"
V3,MAD_2000_PC,15,GMM,4,0.0536,29.5,2.7881,-0.0021,0.2171,0.2717,49,0.374,"131,49,76,72"
V3,MAD_2000_PC,15,GMM,5,0.0996,38.0,2.1589,-0.0049,0.3569,0.3728,37,0.44,"84,73,60,74,37"
V3,MAD_2000_PC,15,GMM,6,0.1073,38.4,2.0864,-0.0025,0.3623,0.3744,29,0.377,"53,29,63,77,62,44"
V3,MAD_2000_PC,15,Spectral,3,0.1403,59.9,2.1038,-0.0032,0.2818,0.3164,73,0.5,"73,109,146"
V3,MAD_2000_PC,15,Spectral,4,0.1254,51.5,2.1261,-0.0031,0.2908,0.3451,69,0.639,"69,70,108,81"
V3,MAD_2000_PC,15,Spectral,5,0.1175,44.6,2.0429,-0.0004,0.2728,0.3656,41,0.477,"81,63,41,86,57"
V3,MAD_2000_PC,15,Spectral,6,0.1188,40.3,1.9949,0.0011,0.2736,0.3472,31,0.403,"71,32,65,52,31,77"
V3,MAD_2000_PC,15,Spectral,7,0.1155,37.5,1.9172,0.0001,0.2442,0.3356,27,0.386,"32,64,48,43,27,70,44"
V3,MAD_2000_PC,20,KMeans,3,0.1318,57.0,2.2159,-0.0023,0.2441,0.2773,78,0.591,"132,118,78"
V3,MAD_2000_PC,20,KMeans,4,0.1227,49.1,2.18,-0.004,0.3244,0.3673,66,0.569,"66,76,116,70"
V3,MAD_2000_PC,20,KMeans,5,0.117,43.5,2.1626,-0.0024,0.3637,0.3974,63,0.875,"63,72,65,64,64"
V3,MAD_2000_PC,20,KMeans,6,0.12,39.8,2.0941,-0.0009,0.3424,0.3762,29,0.433,"65,67,59,56,52,29"
V3,MAD_2000_PC,20,KMeans,7,0.1146,36.3,1.9858,-0.0,0.2774,0.3292,18,0.327,"18,52,54,55,46,55,48"
V3,MAD_2000_PC,20,Ward,3,0.0882,40.2,2.3434,-0.0041,0.1135,0.1822,40,0.267,"150,138,40"
V3,MAD_2000_PC,20,Ward,4,0.0777,36.5,2.3144,-0.0058,0.1462,0.2,40,0.29,"138,82,40,68"
V3,MAD_2000_PC,20,Ward,5,0.0822,34.2,2.3394,-0.0006,0.1925,0.2498,40,0.488,"82,60,40,68,78"
V3,MAD_2000_PC,20,Ward,6,0.0865,32.7,2.263,-0.0005,0.2037,0.2897,37,0.474,"45,60,40,68,78,37"
V3,MAD_2000_PC,20,Ward,7,0.0923,30.3,2.0594,-0.0004,0.2053,0.2836,18,0.231,"60,78,40,68,27,37,18"
V3,MAD_2000_PC,20,GMM,3,0.0884,37.7,2.5433,-0.0037,0.2886,0.2934,76,0.555,"76,137,115"
V3,MAD_2000_PC,20,GMM,4,0.0828,35.4,2.4379,-0.0009,0.3633,0.3461,70,0.761,"84,82,70,92"
V3,MAD_2000_PC,20,GMM,5,0.0923,36.3,2.2416,-0.0018,0.2923,0.3408,57,0.687,"57,83,61,63,64"
V3,MAD_2000_PC,20,GMM,6,0.0765,30.4,2.2297,-0.0029,0.3486,0.4017,29,0.414,"64,60,70,44,29,61"
V3,MAD_2000_PC,20,Spectral,3,0.1297,55.1,2.2096,-0.0012,0.2754,0.3078,75,0.524,"143,75,110"
V3,MAD_2000_PC,20,Spectral,4,0.1158,47.0,2.1689,-0.0031,0.2746,0.3465,62,0.585,"106,69,91,62"
V3,MAD_2000_PC,20,Spectral,5,0.1051,38.5,2.1187,-0.0014,0.2415,0.3387,41,0.461,"78,89,73,47,41"
V3,MAD_2000_PC,20,Spectral,6,0.1104,37.1,2.1276,-0.0016,0.2514,0.3321,32,0.416,"36,77,45,32,70,68"
V3,MAD_2000_PC,20,Spectral,7,0.1007,33.7,2.0981,-0.0022,0.2151,0.3178,28,0.389,"28,42,44,65,72,36,41"
V3,MAD_3000_PC,5,KMeans,3,0.199,98.9,1.6495,-0.0018,0.2464,0.2778,78,0.578,"115,135,78"
V3,MAD_3000_PC,5,KMeans,4,0.191,89.5,1.6143,-0.003,0.3235,0.3746,66,0.564,"66,72,117,73"
V3,MAD_3000_PC,5,KMeans,5,0.1884,82.4,1.5415,-0.0025,0.2565,0.2985,55,0.679,"67,55,62,81,63"
V3,MAD_3000_PC,5,KMeans,6,0.1952,78.1,1.4266,-0.0003,0.3203,0.3598,24,0.324,"74,24,51,69,66,44"
V3,MAD_3000_PC,5,KMeans,7,0.2006,74.5,1.3269,0.0028,0.2964,0.3473,19,0.317,"41,19,51,60,50,57,50"
V3,MAD_3000_PC,5,Ward,3,0.174,81.3,1.8462,0.0002,0.1735,0.2307,72,0.465,"155,101,72"
V3,MAD_3000_PC,5,Ward,4,0.1311,68.9,1.9201,-0.003,0.236,0.2817,57,0.564,"101,98,72,57"
V3,MAD_3000_PC,5,Ward,5,0.1369,64.3,1.8563,-0.0016,0.2834,0.329,36,0.367,"65,98,72,57,36"
V3,MAD_3000_PC,5,Ward,6,0.1244,60.4,1.7381,-0.0013,0.3129,0.3876,26,0.265,"98,36,72,57,39,26"
V3,MAD_3000_PC,5,Ward,7,0.1365,57.9,1.6701,-0.0035,0.332,0.3832,26,0.361,"36,57,72,57,39,26,41"
V3,MAD_3000_PC,5,GMM,3,0.1826,87.9,1.7454,-0.0025,0.3275,0.3328,96,0.756,"105,127,96"
V3,MAD_3000_PC,5,GMM,4,0.1408,60.8,1.9072,-0.0045,0.3923,0.4078,68,0.68,"100,72,88,68"
V3,MAD_3000_PC,5,GMM,5,0.1467,61.5,1.8888,-0.0032,0.3439,0.3777,38,0.38,"65,75,38,50,100"
V3,MAD_3000_PC,5,GMM,6,0.0948,38.8,1.7658,-0.0041,0.2651,0.3348,32,0.344,"39,93,32,40,79,45"
V3,MAD_3000_PC,5,GMM,7,0.1353,53.1,1.7532,0.0005,0.2527,0.3281,20,0.317,"63,50,20,61,60,38,36"
V3,MAD_3000_PC,5,Spectral,3,0.2012,96.5,1.644,-0.0029,0.2414,0.2821,73,0.5,"73,109,146"
V3,MAD_3000_PC,5,Spectral,4,0.1699,77.2,1.5721,-0.0045,0.3361,0.3599,69,0.611,"76,69,113,70"
V3,MAD_3000_PC,5,Spectral,5,0.17,71.6,1.5827,-0.0014,0.2356,0.3176,29,0.305,"69,85,29,50,95"
V3,MAD_3000_PC,5,Spectral,6,0.1759,68.8,1.6014,0.0023,0.2388,0.3195,29,0.367,"49,47,29,64,60,79"
V3,MAD_3000_PC,5,Spectral,7,0.1725,64.4,1.5009,0.0027,0.2066,0.3122,21,0.266,"28,79,50,44,21,40,66"
V3,MAD_3000_PC,8,KMeans,3,0.1646,77.2,1.9126,-0.0017,0.258,0.2783,85,0.654,"113,85,130"
V3,MAD_3000_PC,8,KMeans,4,0.1577,68.2,1.8736,-0.0032,0.3269,0.3767,69,0.616,"75,112,72,69"
V3,MAD_3000_PC,8,KMeans,5,0.1533,61.9,1.7708,-0.0025,0.3588,0.377,58,0.763,"61,65,68,58,76"
V3,MAD_3000_PC,8,KMeans,6,0.1612,58.0,1.6728,0.0012,0.3442,0.3892,33,0.478,"60,69,66,54,33,46"
V3,MAD_3000_PC,8,KMeans,7,0.1597,54.2,1.5772,0.0012,0.3061,0.3685,21,0.328,"38,64,58,47,46,54,21"
V3,MAD_3000_PC,8,Ward,3,0.1401,63.7,2.159,-0.0046,0.1922,0.2306,75,0.472,"159,94,75"
V3,MAD_3000_PC,8,Ward,4,0.1247,55.8,1.9743,-0.0036,0.2704,0.2724,69,0.734,"94,90,75,69"
V3,MAD_3000_PC,8,Ward,5,0.1266,50.8,1.9418,-0.0018,0.2894,0.2992,29,0.322,"75,90,65,69,29"
V3,MAD_3000_PC,8,Ward,6,0.1301,48.0,1.856,-0.0021,0.2559,0.2859,29,0.322,"37,90,38,69,29,65"
V3,MAD_3000_PC,8,Ward,7,0.1296,44.4,1.7423,-0.0021,0.2541,0.2947,16,0.178,"90,29,38,69,16,65,21"
V3,MAD_3000_PC,8,GMM,3,0.1429,63.0,2.1077,-0.0039,0.2787,0.2828,81,0.591,"110,137,81"
V3,MAD_3000_PC,8,GMM,4,0.1144,42.8,2.153,-0.0011,0.4184,0.376,30,0.288,"30,102,104,92"
V3,MAD_3000_PC,8,GMM,5,0.1018,39.4,2.1235,-0.0042,0.3109,0.3229,15,0.155,"65,61,90,15,97"
V3,MAD_3000_PC,8,GMM,6,0.0748,36.4,2.0729,-0.0046,0.2234,0.3126,33,0.452,"55,63,65,39,33,73"
V3,MAD_3000_PC,8,GMM,7,0.0927,35.3,1.9398,0.0003,0.2998,0.3274,29,0.408,"64,62,35,32,29,71,35"
V3,MAD_3000_PC,8,Spectral,3,0.1662,74.1,1.9049,-0.0013,0.2611,0.3024,77,0.524,"77,104,147"
V3,MAD_3000_PC,8,Spectral,4,0.1499,64.8,1.8747,0.0001,0.2657,0.3449,63,0.578,"109,90,63,66"
V3,MAD_3000_PC,8,Spectral,5,0.1439,57.4,1.7553,0.0006,0.2607,0.3592,39,0.448,"87,69,39,49,84"
V3,MAD_3000_PC,8,Spectral,6,0.146,53.0,1.7428,-0.0011,0.2524,0.3472,30,0.33,"30,67,64,45,31,91"
V3,MAD_3000_PC,8,Spectral,7,0.1476,49.8,1.6887,-0.0002,0.2604,0.3683,21,0.253,"64,83,41,35,30,54,21"
V3,MAD_3000_PC,10,KMeans,3,0.158,70.4,1.9974,-0.0029,0.2407,0.2756,76,0.563,"117,135,76"
V3,MAD_3000_PC,10,KMeans,4,0.15,61.6,1.9724,-0.0048,0.3107,0.3734,62,0.53,"62,73,117,76"
V3,MAD_3000_PC,10,KMeans,5,0.1357,55.5,1.8825,-0.0018,0.3147,0.3447,52,0.703,"63,68,71,74,52"
V3,MAD_3000_PC,10,KMeans,6,0.1451,51.5,1.7863,-0.0018,0.3339,0.3803,35,0.493,"71,64,65,49,44,35"
V3,MAD_3000_PC,10,KMeans,7,0.1437,47.8,1.7021,0.0036,0.293,0.3493,19,0.322,"54,19,59,46,46,56,48"
V3,MAD_3000_PC,10,Ward,3,0.1151,57.1,2.3338,0.0001,0.2303,0.2469,80,0.611,"131,80,117"
V3,MAD_3000_PC,10,Ward,4,0.1141,51.9,2.0714,-0.0036,0.2108,0.2428,57,0.487,"117,80,57,74"
V3,MAD_3000_PC,10,Ward,5,0.1011,46.8,1.9422,-0.001,0.2726,0.2973,48,0.6,"80,69,57,74,48"
V3,MAD_3000_PC,10,Ward,6,0.1048,43.8,1.9317,-0.0001,0.2595,0.319,32,0.432,"69,74,57,32,48,48"
V3,MAD_3000_PC,10,Ward,7,0.1001,41.0,1.9248,0.001,0.2261,0.3143,32,0.432,"57,74,34,32,48,48,35"
V3,MAD_3000_PC,10,GMM,3,0.126,53.4,2.3707,-0.0051,0.2435,0.2839,76,0.484,"95,157,76"
V3,MAD_3000_PC,10,GMM,4,0.0698,32.8,2.405,-0.0066,0.2517,0.3218,29,0.174,"72,29,167,60"
V3,MAD_3000_PC,10,GMM,5,0.0693,29.3,2.4596,-0.0046,0.3521,0.374,30,0.252,"67,32,80,30,119"
V3,MAD_3000_PC,10,Spectral,3,0.157,68.3,1.9905,-0.0011,0.2514,0.2986,74,0.5,"74,106,148"
V3,MAD_3000_PC,10,Spectral,4,0.1401,58.8,1.9766,-0.0032,0.301,0.3717,60,0.472,"67,127,60,74"
V3,MAD_3000_PC,10,Spectral,5,0.1337,50.2,1.919,-0.0031,0.2918,0.3368,39,0.476,"80,61,39,82,66"
V3,MAD_3000_PC,10,Spectral,6,0.1376,47.8,1.8555,-0.0017,0.266,0.3371,28,0.346,"74,36,28,47,81,62"
V3,MAD_3000_PC,10,Spectral,7,0.1298,44.5,1.8268,-0.0001,0.2393,0.3435,30,0.476,"63,44,48,30,46,35,62"
V3,MAD_3000_PC,15,KMeans,3,0.1385,61.5,2.1624,-0.0012,0.2565,0.2872,78,0.565,"78,138,112"
V3,MAD_3000_PC,15,KMeans,4,0.1286,53.3,2.1422,-0.0035,0.3357,0.3746,68,0.591,"69,76,115,68"
V3,MAD_3000_PC,15,KMeans,5,0.1233,47.5,2.0746,-0.0028,0.3435,0.3701,59,0.843,"70,59,68,69,62"
V3,MAD_3000_PC,15,KMeans,6,0.1286,43.8,1.9566,0.0014,0.319,0.3592,25,0.368,"68,61,25,56,53,65"
V3,MAD_3000_PC,15,KMeans,7,0.124,40.3,1.8775,0.0011,0.2946,0.3713,21,0.309,"42,58,42,45,52,68,21"
V3,MAD_3000_PC,15,Ward,3,0.1108,48.0,2.3983,-0.0042,0.2511,0.2966,67,0.411,"98,67,163"
V3,MAD_3000_PC,15,Ward,4,0.0972,42.9,2.0906,-0.0072,0.2104,0.3108,44,0.27,"163,67,54,44"
V3,MAD_3000_PC,15,Ward,5,0.1031,40.5,2.1723,-0.0006,0.2821,0.3295,44,0.512,"67,86,54,44,77"
V3,MAD_3000_PC,15,Ward,6,0.1052,37.8,2.06,0.0023,0.2781,0.3489,22,0.256,"86,77,54,44,45,22"
V3,MAD_3000_PC,15,Ward,7,0.1001,35.2,1.9997,0.0034,0.2387,0.3368,22,0.286,"40,77,54,44,45,22,46"
V3,MAD_3000_PC,15,GMM,3,0.0622,29.5,2.8792,-0.006,0.2319,0.2965,70,0.389,"70,180,78"
V3,MAD_3000_PC,15,GMM,4,0.0699,31.2,2.5817,-0.0003,0.3333,0.3217,64,0.667,"64,87,81,96"
V3,MAD_3000_PC,15,GMM,6,0.0967,33.7,2.2331,-0.0018,0.3717,0.4178,28,0.4,"51,70,70,45,28,64"
V3,MAD_3000_PC,15,GMM,7,0.1034,34.7,2.0894,-0.0024,0.3338,0.3851,30,0.441,"68,36,30,61,62,41,30"
V3,MAD_3000_PC,15,Spectral,3,0.1361,59.1,2.1553,0.0015,0.266,0.3043,74,0.503,"74,147,107"
V3,MAD_3000_PC,15,Spectral,4,0.1208,50.4,2.14,-0.0016,0.3061,0.347,65,0.533,"73,122,68,65"
V3,MAD_3000_PC,15,Spectral,5,0.106,40.5,2.0488,0.0003,0.2872,0.3796,39,0.443,"82,39,46,73,88"
V3,MAD_3000_PC,15,Spectral,6,0.1204,40.9,1.9878,0.0024,0.3062,0.3721,26,0.356,"66,73,70,57,26,36"
V3,MAD_3000_PC,15,Spectral,7,0.11,37.8,1.9319,0.0021,0.2548,0.3503,26,0.371,"35,70,26,50,62,38,47"
V3,MAD_3000_PC,20,KMeans,3,0.1306,56.7,2.2548,-0.0028,0.2465,0.2801,77,0.575,"117,77,134"
V3,MAD_3000_PC,20,KMeans,4,0.1213,48.8,2.238,-0.0047,0.3068,0.3671,64,0.547,"64,75,117,72"
V3,MAD_3000_PC,20,KMeans,5,0.1097,43.3,2.1755,-0.0024,0.3186,0.3487,52,0.722,"71,52,72,69,64"
V3,MAD_3000_PC,20,KMeans,6,0.1166,39.8,2.0632,-0.0006,0.3421,0.3713,30,0.448,"67,65,66,53,47,30"
V3,MAD_3000_PC,20,KMeans,7,0.1135,36.6,2.0452,-0.0015,0.2866,0.3599,29,0.509,"57,46,47,43,50,29,56"
V3,MAD_3000_PC,20,Ward,3,0.0729,39.3,2.7297,-0.0005,0.1054,0.1136,84,0.622,"135,84,109"
V3,MAD_3000_PC,20,Ward,4,0.0667,35.0,2.385,0.0027,0.1817,0.2129,61,0.56,"84,74,109,61"
V3,MAD_3000_PC,20,Ward,5,0.0745,32.7,2.2865,0.0041,0.208,0.2765,39,0.358,"109,74,39,61,45"
V3,MAD_3000_PC,20,Ward,6,0.0857,31.9,2.2135,-0.0008,0.2554,0.3213,39,0.527,"39,74,40,61,45,69"
V3,MAD_3000_PC,20,Ward,7,0.0886,29.7,2.0366,-0.0005,0.2565,0.3162,15,0.203,"74,61,40,24,45,69,15"
V3,MAD_3000_PC,20,GMM,3,0.0617,29.5,3.152,-0.0039,0.2321,0.2671,77,0.5,"97,154,77"
V3,MAD_3000_PC,20,GMM,4,0.0832,34.9,2.4765,-0.0036,0.2382,0.2928,55,0.514,"55,100,107,66"
V3,MAD_3000_PC,20,GMM,5,0.0817,35.2,2.33,-0.0032,0.2942,0.3402,53,0.616,"86,63,65,53,61"
V3,MAD_3000_PC,20,GMM,6,0.0871,33.6,2.2206,-0.0028,0.3167,0.3734,42,0.609,"69,48,60,64,45,42"
V3,MAD_3000_PC,20,Spectral,3,0.1293,54.4,2.2166,-0.0018,0.2492,0.295,69,0.463,"149,110,69"
V3,MAD_3000_PC,20,Spectral,4,0.1089,45.5,2.217,-0.0034,0.291,0.3475,58,0.472,"123,80,67,58"
V3,MAD_3000_PC,20,Spectral,5,0.1043,38.2,2.1607,-0.0022,0.286,0.3356,41,0.441,"93,59,81,54,41"
V3,MAD_3000_PC,20,Spectral,6,0.094,33.7,2.1473,-0.0037,0.2594,0.377,28,0.257,"38,45,77,28,109,31"
V3,MAD_3000_PC,20,Spectral,7,0.0981,33.3,2.1174,-0.0021,0.2295,0.3361,29,0.337,"49,86,29,36,43,50,35"
V3,MAD_5000_PC,5,KMeans,3,0.2145,99.8,1.6029,-0.0029,0.2023,0.2558,81,0.54,"150,81,97"
V3,MAD_5000_PC,5,KMeans,4,0.1875,90.2,1.6658,-0.0045,0.3134,0.3493,71,0.634,"112,72,71,73"
V3,MAD_5000_PC,5,KMeans,5,0.1917,83.4,1.5358,-0.003,0.3071,0.3522,44,0.557,"69,76,79,44,60"
V3,MAD_5000_PC,5,KMeans,6,0.1971,79.9,1.464,-0.0018,0.3051,0.3591,33,0.423,"70,33,40,43,64,78"
V3,MAD_5000_PC,5,KMeans,7,0.2011,76.1,1.3212,0.0028,0.2845,0.3608,19,0.264,"40,47,47,60,72,19,43"
V3,MAD_5000_PC,5,Ward,3,0.156,78.8,1.7758,-0.0016,0.185,0.2374,75,0.524,"143,110,75"
V3,MAD_5000_PC,5,Ward,4,0.1628,71.3,1.7546,-0.0018,0.2578,0.3048,52,0.473,"91,110,75,52"
V3,MAD_5000_PC,5,Ward,5,0.1615,66.9,1.5382,-0.0015,0.2581,0.2965,16,0.145,"110,75,75,52,16"
V3,MAD_5000_PC,5,Ward,6,0.1632,65.3,1.5161,-0.0008,0.2849,0.3258,16,0.198,"75,52,75,81,16,29"
V3,MAD_5000_PC,5,Ward,7,0.1452,61.3,1.4582,-0.0001,0.284,0.3406,16,0.198,"75,52,38,81,16,29,37"
V3,MAD_5000_PC,5,GMM,3,0.1701,81.4,1.8117,-0.003,0.3177,0.3284,93,0.689,"135,100,93"
V3,MAD_5000_PC,5,GMM,4,0.1854,81.1,1.6707,-0.0048,0.3595,0.3746,44,0.333,"44,69,132,83"
V3,MAD_5000_PC,5,GMM,5,0.1175,50.4,1.8475,-0.0041,0.296,0.3352,46,0.5,"64,52,92,74,46"
V3,MAD_5000_PC,5,GMM,6,0.1125,49.1,1.7226,-0.004,0.3008,0.3086,24,0.24,"24,47,74,46,37,100"
V3,MAD_5000_PC,5,GMM,7,0.1537,60.3,1.5996,-0.0032,0.2152,0.2997,26,0.317,"33,58,56,26,28,82,45"
V3,MAD_5000_PC,5,Spectral,3,0.2009,92.8,1.6664,-0.0023,0.1925,0.2518,61,0.396,"113,61,154"
V3,MAD_5000_PC,5,Spectral,4,0.1782,81.8,1.6532,-0.0036,0.2536,0.3048,67,0.67,"67,94,100,67"
V3,MAD_5000_PC,5,Spectral,5,0.1786,74.7,1.5917,-0.0032,0.2619,0.3188,31,0.344,"85,90,31,59,63"
V3,MAD_5000_PC,5,Spectral,6,0.1911,74.0,1.4922,-0.0009,0.2753,0.3354,28,0.337,"82,83,59,28,31,45"
V3,MAD_5000_PC,5,Spectral,7,0.1899,71.9,1.3882,-0.0017,0.2258,0.3103,20,0.278,"72,61,59,31,20,50,35"
V3,MAD_5000_PC,8,KMeans,3,0.1773,77.1,1.814,-0.0028,0.2018,0.2555,81,0.544,"149,81,98"
V3,MAD_5000_PC,8,KMeans,4,0.1578,67.9,1.8921,-0.0041,0.2887,0.3439,65,0.537,"121,72,65,70"
V3,MAD_5000_PC,8,KMeans,5,0.1553,61.8,1.7821,-0.0021,0.3037,0.3461,45,0.556,"45,76,67,59,81"
V3,MAD_5000_PC,8,KMeans,6,0.1582,58.4,1.6744,-0.0013,0.3169,0.3644,28,0.378,"74,65,71,28,47,43"
V3,MAD_5000_PC,8,KMeans,7,0.1593,54.5,1.5762,0.0015,0.2868,0.3632,21,0.3,"70,58,46,49,21,41,43"
V3,MAD_5000_PC,8,Ward,3,0.1356,63.3,1.8951,-0.0049,0.0853,0.1859,48,0.312,"154,126,48"
V3,MAD_5000_PC,8,Ward,4,0.1179,55.9,2.0878,-0.0033,0.1231,0.1933,48,0.381,"77,126,48,77"
V3,MAD_5000_PC,8,Ward,5,0.1293,51.6,1.879,-0.0025,0.1357,0.2042,22,0.175,"126,55,48,77,22"
V3,MAD_5000_PC,8,Ward,6,0.1238,48.5,1.918,-0.0036,0.1797,0.2467,22,0.278,"55,47,79,77,22,48"
V3,MAD_5000_PC,8,Ward,7,0.117,45.3,1.8859,-0.0022,0.185,0.2663,22,0.278,"47,77,79,31,22,48,24"
V3,MAD_5000_PC,8,GMM,3,0.1422,62.9,2.1716,-0.0038,0.2686,0.2828,83,0.576,"101,83,144"
V3,MAD_5000_PC,8,GMM,4,0.1145,44.8,2.1621,-0.0045,0.3011,0.3337,41,0.323,"81,41,127,79"
V3,MAD_5000_PC,8,GMM,5,0.1367,51.8,1.8208,-0.0028,0.3354,0.3325,30,0.326,"92,35,30,82,89"
V3,MAD_5000_PC,8,Spectral,3,0.168,72.3,1.859,-0.001,0.1652,0.2261,58,0.372,"114,156,58"
V3,MAD_5000_PC,8,Spectral,4,0.1542,65.1,1.8744,-0.0018,0.2615,0.3351,60,0.455,"132,75,61,60"
V3,MAD_5000_PC,8,Spectral,5,0.1457,55.8,1.7759,-0.0028,0.2693,0.3491,28,0.295,"95,70,57,28,78"
V3,MAD_5000_PC,8,Spectral,6,0.1569,55.1,1.7079,-0.0022,0.2945,0.3642,27,0.297,"50,73,57,30,91,27"
V3,MAD_5000_PC,8,Spectral,7,0.1469,51.1,1.6651,-0.0036,0.2306,0.3302,28,0.337,"40,83,31,53,28,64,29"
V3,MAD_5000_PC,10,KMeans,3,0.1639,70.3,1.8959,-0.0028,0.2018,0.2555,81,0.544,"149,98,81"
V3,MAD_5000_PC,10,KMeans,4,0.1496,61.6,1.9918,-0.0033,0.2955,0.3541,63,0.512,"70,63,123,72"
V3,MAD_5000_PC,10,KMeans,5,0.1428,55.5,1.8994,-0.0032,0.3288,0.3734,44,0.55,"60,80,68,44,76"
V3,MAD_5000_PC,10,KMeans,6,0.1449,52.1,1.7664,-0.0003,0.3221,0.379,25,0.329,"42,63,58,25,64,76"
V3,MAD_5000_PC,10,KMeans,7,0.1418,48.4,1.6737,0.001,0.2932,0.3732,21,0.292,"72,21,59,40,50,44,42"
V3,MAD_5000_PC,10,Ward,3,0.0994,57.8,2.4225,-0.0022,0.1164,0.1489,85,0.545,"156,85,87"
V3,MAD_5000_PC,10,Ward,4,0.0982,50.2,2.1775,0.0004,0.1889,0.2144,45,0.405,"85,111,87,45"
V3,MAD_5000_PC,10,Ward,5,0.1045,46.7,2.0512,0.001,0.1861,0.2509,37,0.333,"111,45,87,48,37"
V3,MAD_5000_PC,10,Ward,6,0.1045,44.7,1.8985,0.003,0.2331,0.2863,37,0.425,"87,45,62,48,37,49"
V3,MAD_5000_PC,10,Ward,7,0.1139,42.4,1.9077,-0.0012,0.2529,0.3042,35,0.565,"35,45,52,48,37,49,62"
V3,MAD_5000_PC,10,GMM,3,0.096,40.6,2.7503,-0.0049,0.2484,0.2723,55,0.357,"119,55,154"
V3,MAD_5000_PC,10,GMM,4,0.0827,32.2,2.5634,-0.0021,0.2761,0.3197,36,0.273,"132,92,36,68"
V3,MAD_5000_PC,10,Spectral,3,0.151,65.9,2.0583,-0.0001,0.2256,0.2809,69,0.46,"109,69,150"
V3,MAD_5000_PC,10,Spectral,4,0.1399,58.8,2.0032,-0.0016,0.3009,0.3771,62,0.47,"62,62,132,72"
V3,MAD_5000_PC,10,Spectral,5,0.14,51.4,1.836,-0.0045,0.27,0.3454,29,0.223,"48,130,50,71,29"
V3,MAD_5000_PC,10,Spectral,6,0.1413,49.7,1.8117,-0.0013,0.2898,0.363,29,0.33,"35,51,52,88,29,73"
V3,MAD_5000_PC,10,Spectral,7,0.1338,45.0,1.8098,-0.0028,0.2302,0.3194,30,0.39,"41,51,44,53,32,30,77"
V3,MAD_5000_PC,15,KMeans,3,0.1466,61.6,2.0344,-0.0028,0.2018,0.2555,81,0.544,"149,81,98"
V3,MAD_5000_PC,15,KMeans,4,0.1313,53.4,2.1448,-0.0033,0.2955,0.3541,63,0.512,"63,70,72,123"
V3,MAD_5000_PC,15,KMeans,5,0.1246,47.7,2.0762,-0.0036,0.3427,0.386,44,0.557,"44,61,69,79,75"
V3,MAD_5000_PC,15,KMeans,6,0.1266,44.4,1.9203,-0.0019,0.3336,0.3862,25,0.329,"65,55,66,76,25,41"
V3,MAD_5000_PC,15,KMeans,7,0.1381,40.8,1.7439,0.0004,0.3269,0.3729,4,0.055,"71,60,42,25,53,73,4"
V3,MAD_5000_PC,15,Ward,3,0.1161,48.6,2.3027,-0.0039,0.2191,0.2473,80,0.479,"167,81,80"
V3,MAD_5000_PC,15,Ward,4,0.0982,42.1,2.3087,-0.0052,0.2555,0.3097,40,0.315,"127,81,80,40"
V3,MAD_5000_PC,15,Ward,5,0.0877,38.3,2.2722,-0.0007,0.333,0.3885,40,0.494,"81,40,80,70,57"
V3,MAD_5000_PC,15,Ward,6,0.0932,36.7,2.1152,0.0038,0.3472,0.3882,22,0.275,"80,40,59,70,57,22"
V3,MAD_5000_PC,15,Ward,7,0.0884,34.7,2.1077,0.0041,0.2798,0.3794,22,0.314,"40,70,59,42,57,22,38"
V3,MAD_5000_PC,15,GMM,3,0.0579,26.2,2.9779,-0.003,0.2011,0.2363,75,0.543,"115,138,75"
V3,MAD_5000_PC,15,GMM,4,0.0708,32.6,2.6618,-0.0052,0.1705,0.2648,45,0.369,"45,104,122,57"
V3,MAD_5000_PC,15,GMM,6,0.0825,34.5,2.3055,-0.0022,0.2801,0.3152,39,0.481,"46,52,50,81,60,39"
V3,MAD_5000_PC,15,Spectral,3,0.1305,58.2,2.2167,0.0007,0.2709,0.3096,74,0.521,"112,142,74"
V3,MAD_5000_PC,15,Spectral,4,0.1193,50.2,2.1742,-0.0036,0.3237,0.3524,65,0.508,"70,128,65,65"
V3,MAD_5000_PC,15,Spectral,5,0.1155,43.9,1.9773,-0.0048,0.3085,0.349,31,0.252,"123,57,31,46,71"
V3,MAD_5000_PC,15,Spectral,6,0.1247,42.4,2.028,0.0015,0.3177,0.3858,29,0.377,"67,29,77,58,58,39"
V3,MAD_5000_PC,15,Spectral,7,0.1141,38.7,2.0094,0.0012,0.2362,0.3274,29,0.414,"35,70,29,54,58,43,39"
V3,MAD_5000_PC,20,KMeans,3,0.137,56.8,2.1309,-0.0036,0.1981,0.2537,79,0.527,"99,79,150"
V3,MAD_5000_PC,20,KMeans,4,0.1211,48.9,2.2645,-0.004,0.3049,0.358,64,0.529,"64,72,71,121"
V3,MAD_5000_PC,20,KMeans,5,0.1148,43.5,2.1774,-0.0038,0.3413,0.3832,44,0.564,"76,61,78,44,69"
V3,MAD_5000_PC,20,KMeans,6,0.1148,40.2,2.058,-0.0029,0.3305,0.3793,32,0.438,"71,43,48,32,61,73"
V3,MAD_5000_PC,20,KMeans,7,0.1118,36.8,1.9947,-0.0027,0.277,0.345,27,0.422,"27,42,39,63,64,31,62"
V3,MAD_5000_PC,20,Ward,3,0.0765,45.1,2.7368,-0.0033,0.2405,0.2331,86,0.683,"126,86,116"
V3,MAD_5000_PC,20,Ward,4,0.0794,38.7,2.4371,0.0002,0.202,0.2381,37,0.319,"86,89,116,37"
V3,MAD_5000_PC,20,Ward,5,0.085,35.6,2.265,0.004,0.2146,0.264,22,0.19,"116,89,64,37,22"
V3,MAD_5000_PC,20,Ward,6,0.0818,33.7,2.1034,0.0022,0.2383,0.2849,22,0.247,"89,37,64,80,22,36"
V3,MAD_5000_PC,20,Ward,7,0.0916,31.3,1.9089,0.0024,0.2375,0.285,4,0.047,"37,85,64,80,22,36,4"
V3,MAD_5000_PC,20,GMM,3,0.0569,28.4,3.0548,-0.0047,0.2147,0.2428,77,0.472,"88,77,163"
V3,MAD_5000_PC,20,GMM,4,0.0719,33.6,2.4878,-0.0035,0.1758,0.2446,53,0.387,"137,55,53,83"
V3,MAD_5000_PC,20,GMM,5,0.0885,35.6,2.2622,-0.0046,0.3249,0.3262,40,0.388,"75,50,60,40,103"
V3,MAD_5000_PC,20,Spectral,3,0.1226,53.3,2.3081,-0.0012,0.2669,0.3067,73,0.533,"118,73,137"
V3,MAD_5000_PC,20,Spectral,4,0.1102,46.5,2.2344,-0.0031,0.2574,0.3356,54,0.403,"134,64,76,54"
V3,MAD_5000_PC,20,Spectral,5,0.1064,39.9,2.0767,-0.004,0.2902,0.3557,30,0.222,"135,30,59,38,66"
V3,MAD_5000_PC,20,Spectral,6,0.111,37.4,2.1402,0.0001,0.308,0.3784,29,0.354,"29,58,31,60,82,68"
V3,MAD_5000_PC,20,Spectral,7,0.0977,33.6,2.1484,-0.0025,0.2347,0.3292,29,0.358,"57,47,29,46,31,37,81"
V3,MAD_2000_ALL,5,KMeans,3,0.2108,120.4,1.5491,-0.0019,0.1347,0.1683,101,0.856,"101,118,109"
V3,MAD_2000_ALL,5,KMeans,4,0.1987,106.9,1.4967,0.0062,0.1595,0.2054,73,0.811,"73,81,84,90"
V3,MAD_2000_ALL,5,KMeans,5,0.192,95.6,1.4606,0.0041,0.2391,0.2823,60,0.857,"67,69,62,60,70"
V3,MAD_2000_ALL,5,KMeans,6,0.1867,88.9,1.4106,0.004,0.2549,0.3563,40,0.519,"68,51,42,40,50,77"
V3,MAD_2000_ALL,5,KMeans,7,0.2044,83.3,1.3996,0.0031,0.2413,0.323,29,0.46,"29,61,42,53,63,40,40"
V3,MAD_2000_ALL,5,Ward,3,0.1466,96.9,1.7805,-0.001,0.0332,0.0608,74,0.46,"161,93,74"
V3,MAD_2000_ALL,5,Ward,4,0.1587,89.2,1.6451,0.0039,0.1272,0.1658,65,0.677,"93,65,74,96"
V3,MAD_2000_ALL,5,Ward,5,0.1435,78.2,1.6553,0.0003,0.1505,0.2223,30,0.312,"65,96,74,63,30"
V3,MAD_2000_ALL,5,Ward,6,0.1467,72.7,1.5437,0.0016,0.1475,0.2361,27,0.281,"96,63,74,38,30,27"
V3,MAD_2000_ALL,5,Ward,7,0.1535,70.2,1.4679,0.0037,0.1762,0.2658,27,0.365,"74,63,59,38,30,27,37"
V3,MAD_2000_ALL,5,GMM,3,0.1223,53.5,1.7004,-0.0089,0.2405,0.3163,28,0.127,"79,221,28"
V3,MAD_2000_ALL,5,GMM,4,0.1154,52.5,1.9001,-0.0053,0.4072,0.4363,28,0.19,"147,80,73,28"
V3,MAD_2000_ALL,5,GMM,5,0.0643,43.4,2.0614,-0.0038,0.1545,0.2508,31,0.218,"37,62,142,31,56"
V3,MAD_2000_ALL,5,GMM,6,0.1029,45.9,2.284,-0.0048,0.2203,0.3801,23,0.181,"48,23,127,57,33,40"
V3,MAD_2000_ALL,5,GMM,7,0.1028,45.5,1.7954,-0.0031,0.3081,0.3853,29,0.426,"32,30,40,29,68,64,65"
V3,MAD_2000_ALL,5,Spectral,3,0.2089,114.5,1.525,-0.0038,0.1627,0.2071,96,0.738,"96,130,102"
V3,MAD_2000_ALL,5,Spectral,4,0.1875,95.8,1.4568,-0.0039,0.2174,0.302,32,0.258,"72,100,32,124"
V3,MAD_2000_ALL,5,Spectral,5,0.1746,86.4,1.457,-0.002,0.2601,0.3527,29,0.293,"88,57,29,99,55"
V3,MAD_2000_ALL,5,Spectral,6,0.1749,78.9,1.5549,0.0013,0.1884,0.2672,34,0.453,"45,34,59,69,46,75"
V3,MAD_2000_ALL,5,Spectral,7,0.1786,77.5,1.4309,0.003,0.1835,0.29,28,0.364,"40,41,77,28,54,49,39"
V3,MAD_2000_ALL,8,KMeans,3,0.1777,95.6,1.7565,-0.0019,0.1331,0.1672,101,0.842,"101,107,120"
V3,MAD_2000_ALL,8,KMeans,4,0.1607,82.4,1.7419,0.0103,0.1691,0.2209,74,0.796,"84,93,74,77"
V3,MAD_2000_ALL,8,KMeans,5,0.1551,72.3,1.6858,0.0059,0.2342,0.2757,60,0.857,"67,60,66,65,70"
V3,MAD_2000_ALL,8,KMeans,6,0.1531,66.5,1.6094,0.0051,0.2458,0.3544,40,0.494,"67,40,51,81,49,40"
V3,MAD_2000_ALL,8,KMeans,7,0.1523,61.7,1.673,0.0046,0.2371,0.3369,36,0.679,"49,51,43,36,46,53,50"
V3,MAD_2000_ALL,8,Ward,3,0.141,80.5,1.7995,0.0092,0.08,0.1398,73,0.403,"181,74,73"
V3,MAD_2000_ALL,8,Ward,4,0.1255,68.7,2.0526,0.0206,0.1383,0.1873,73,0.676,"108,74,73,73"
V3,MAD_2000_ALL,8,Ward,5,0.1211,62.1,1.9103,0.0207,0.1518,0.1955,37,0.5,"74,71,73,73,37"
V3,MAD_2000_ALL,8,Ward,6,0.1305,58.0,1.7905,0.0114,0.181,0.2574,33,0.452,"73,71,41,73,37,33"
V3,MAD_2000_ALL,8,Ward,7,0.1271,53.1,1.7413,0.0098,0.1887,0.276,14,0.192,"71,73,41,59,37,33,14"
V3,MAD_2000_ALL,8,GMM,3,0.1075,46.7,2.2106,-0.0047,0.1587,0.2062,71,0.452,"100,157,71"
V3,MAD_2000_ALL,8,GMM,4,0.0964,48.7,2.1687,-0.0037,0.2075,0.2986,52,0.477,"64,109,103,52"
V3,MAD_2000_ALL,8,GMM,5,0.0526,36.2,2.2479,0.0069,0.2875,0.3232,30,0.244,"72,50,53,30,123"
V3,MAD_2000_ALL,8,GMM,6,0.063,37.8,2.0339,-0.0045,0.3602,0.3811,16,0.167,"63,96,16,52,50,51"
V3,MAD_2000_ALL,8,GMM,7,0.0874,42.8,1.9338,-0.0027,0.1881,0.2944,22,0.275,"24,49,53,22,32,80,68"
V3,MAD_2000_ALL,8,Spectral,3,0.182,86.0,1.818,0.0003,0.2499,0.2922,91,0.746,"91,115,122"
V3,MAD_2000_ALL,8,Spectral,4,0.1534,71.8,1.7057,-0.0055,0.2086,0.278,31,0.242,"128,102,67,31"
V3,MAD_2000_ALL,8,Spectral,5,0.1439,66.8,1.7253,-0.0029,0.2574,0.3313,31,0.313,"99,31,57,80,61"
V3,MAD_2000_ALL,8,Spectral,6,0.1395,62.3,1.6782,0.0016,0.2327,0.3077,28,0.308,"54,54,56,45,28,91"
V3,MAD_2000_ALL,8,Spectral,7,0.134,55.7,1.7157,0.0033,0.2113,0.3598,28,0.295,"43,54,37,28,37,95,34"
V3,MAD_2000_ALL,10,KMeans,3,0.1663,87.1,1.84,-0.0015,0.1337,0.1672,100,0.847,"118,100,110"
V3,MAD_2000_ALL,10,KMeans,4,0.1526,74.5,1.7978,0.008,0.1495,0.1901,73,0.777,"80,94,73,81"
V3,MAD_2000_ALL,10,KMeans,5,0.1491,64.7,1.7742,0.0029,0.1997,0.2676,41,0.466,"88,67,41,59,73"
V3,MAD_2000_ALL,10,KMeans,6,0.1454,59.1,1.712,0.0037,0.2404,0.3335,40,0.5,"65,80,40,40,45,58"
V3,MAD_2000_ALL,10,KMeans,7,0.1441,54.6,1.7413,0.0062,0.2087,0.3037,33,0.569,"49,58,46,33,55,39,48"
V3,MAD_2000_ALL,10,Ward,3,0.1234,72.1,2.0407,-0.0012,0.0547,0.0792,73,0.474,"154,101,73"
V3,MAD_2000_ALL,10,Ward,4,0.0988,61.0,2.069,0.0102,0.1292,0.1514,69,0.683,"101,85,73,69"
V3,MAD_2000_ALL,10,Ward,5,0.0923,53.6,2.0645,0.0106,0.16,0.2227,42,0.494,"85,59,73,69,42"
V3,MAD_2000_ALL,10,Ward,6,0.0955,48.8,2.0614,0.011,0.1744,0.2591,42,0.575,"73,59,42,69,42,43"
V3,MAD_2000_ALL,10,Ward,7,0.1016,46.0,2.0511,0.0058,0.1929,0.2967,25,0.362,"59,48,42,69,42,43,25"
V3,MAD_2000_ALL,10,GMM,3,0.0743,38.0,2.5608,-0.0069,0.1662,0.2411,46,0.245,"94,46,188"
V3,MAD_2000_ALL,10,GMM,4,0.0649,28.0,2.8216,-0.0025,0.2212,0.2759,35,0.302,"35,116,114,63"
V3,MAD_2000_ALL,10,GMM,5,0.0614,35.8,2.5908,-0.0054,0.1483,0.2478,36,0.36,"53,100,36,43,96"
V3,MAD_2000_ALL,10,GMM,6,0.0648,37.3,2.2586,0.0029,0.1481,0.2323,32,0.299,"107,34,43,68,32,44"
V3,MAD_2000_ALL,10,GMM,7,0.071,37.7,2.1177,-0.0037,0.2895,0.3503,25,0.316,"53,43,59,25,36,79,33"
V3,MAD_2000_ALL,10,Spectral,3,0.1757,80.0,1.8677,0.0045,0.2006,0.2475,81,0.628,"81,118,129"
V3,MAD_2000_ALL,10,Spectral,4,0.147,67.1,1.7629,-0.0045,0.1923,0.2643,29,0.236,"70,123,29,106"
V3,MAD_2000_ALL,10,Spectral,5,0.1356,61.4,1.7508,-0.0034,0.2563,0.332,29,0.296,"98,62,29,56,83"
V3,MAD_2000_ALL,10,Spectral,6,0.1307,55.8,1.6997,-0.002,0.2202,0.3015,24,0.24,"39,58,100,51,24,56"
V3,MAD_2000_ALL,10,Spectral,7,0.1287,50.8,1.7647,0.0063,0.206,0.3457,24,0.264,"41,91,34,50,36,52,24"
V3,MAD_2000_ALL,15,KMeans,3,0.1466,75.1,1.9913,-0.0022,0.137,0.1699,102,0.864,"102,118,108"
V3,MAD_2000_ALL,15,KMeans,4,0.1347,63.4,1.9717,0.0071,0.1479,0.1875,73,0.785,"93,81,81,73"
V3,MAD_2000_ALL,15,KMeans,5,0.1211,54.6,1.9592,0.005,0.2357,0.2799,61,0.871,"61,70,61,70,66"
V3,MAD_2000_ALL,15,KMeans,6,0.1247,49.4,1.8946,0.0038,0.243,0.3388,39,0.481,"39,50,43,68,47,81"
V3,MAD_2000_ALL,15,KMeans,7,0.1145,45.2,1.9407,0.0054,0.2186,0.3387,36,0.468,"36,37,38,38,77,55,47"
V3,MAD_2000_ALL,15,Ward,3,0.1131,58.8,2.3239,-0.0027,0.1316,0.1658,92,0.697,"104,132,92"
V3,MAD_2000_ALL,15,Ward,4,0.0982,50.8,2.0131,-0.0004,0.0951,0.1682,38,0.288,"132,66,92,38"
V3,MAD_2000_ALL,15,Ward,5,0.0803,44.6,2.3323,0.0112,0.1007,0.1655,38,0.413,"67,66,92,38,65"
V3,MAD_2000_ALL,15,Ward,6,0.0902,40.7,2.1244,0.0067,0.1138,0.2101,27,0.293,"92,66,40,38,65,27"
V3,MAD_2000_ALL,15,Ward,7,0.0888,38.0,2.1965,0.0046,0.1258,0.2318,27,0.409,"66,35,40,38,65,27,57"
V3,MAD_2000_ALL,15,GMM,3,0.0912,34.8,2.5865,-0.0034,0.2044,0.2596,74,0.423,"79,74,175"
V3,MAD_2000_ALL,15,GMM,4,0.0845,41.2,2.2956,-0.0029,0.3291,0.3355,63,0.583,"63,75,82,108"
V3,MAD_2000_ALL,15,GMM,5,0.0852,44.4,2.2852,-0.0018,0.1597,0.2383,45,0.506,"45,72,71,89,51"
V3,MAD_2000_ALL,15,GMM,6,0.0875,40.5,2.0968,0.0008,0.2671,0.309,43,0.512,"44,53,52,84,43,52"
V3,MAD_2000_ALL,15,Spectral,3,0.1538,69.5,2.0279,0.0002,0.2147,0.2456,86,0.683,"86,116,126"
V3,MAD_2000_ALL,15,Spectral,4,0.1287,57.5,1.9354,-0.0056,0.184,0.2556,32,0.274,"117,110,69,32"
V3,MAD_2000_ALL,15,Spectral,5,0.1156,51.5,1.9631,-0.0035,0.2385,0.3095,29,0.322,"90,56,29,63,90"
V3,MAD_2000_ALL,15,Spectral,6,0.115,46.4,1.9559,0.0028,0.2347,0.2965,23,0.277,"83,54,53,23,66,49"
V3,MAD_2000_ALL,15,Spectral,7,0.1083,42.0,1.945,0.0053,0.2028,0.3355,23,0.258,"89,37,56,48,23,38,37"
V3,MAD_2000_ALL,20,KMeans,3,0.1337,67.9,2.0811,-0.002,0.1339,0.1677,101,0.849,"119,108,101"
V3,MAD_2000_ALL,20,KMeans,4,0.1235,56.9,2.0956,0.0054,0.1477,0.187,75,0.806,"79,93,75,81"
V3,MAD_2000_ALL,20,KMeans,5,0.1196,48.9,2.0846,0.0002,0.197,0.2644,41,0.488,"68,78,84,57,41"
V3,MAD_2000_ALL,20,KMeans,6,0.1084,43.6,2.1096,-0.0027,0.2423,0.3168,39,0.52,"50,45,75,39,64,55"
V3,MAD_2000_ALL,20,KMeans,7,0.114,39.8,1.8442,0.0009,0.2534,0.3549,4,0.053,"75,40,45,41,54,69,4"
V3,MAD_2000_ALL,20,Ward,3,0.1051,56.7,2.2475,-0.0018,0.0706,0.0981,79,0.534,"148,79,101"
V3,MAD_2000_ALL,20,Ward,4,0.0939,48.9,2.4046,0.0085,0.088,0.1159,61,0.604,"61,79,101,87"
V3,MAD_2000_ALL,20,Ward,5,0.0921,41.3,2.2867,0.0027,0.0882,0.1465,20,0.198,"79,87,101,41,20"
V3,MAD_2000_ALL,20,Ward,6,0.0756,36.9,2.2902,0.0045,0.0907,0.1916,20,0.198,"101,87,49,41,20,30"
V3,MAD_2000_ALL,20,Ward,7,0.0736,34.1,2.2603,0.0065,0.1078,0.2407,20,0.23,"87,74,49,41,20,30,27"
V3,MAD_2000_ALL,20,GMM,3,0.0797,35.3,2.5533,-0.0012,0.1818,0.1792,64,0.408,"64,157,107"
V3,MAD_2000_ALL,20,GMM,4,0.0965,45.7,2.2219,-0.0047,0.1927,0.2475,45,0.433,"92,45,104,87"
V3,MAD_2000_ALL,20,GMM,5,0.0739,38.7,2.4811,0.0006,0.1873,0.2259,54,0.684,"62,54,79,60,73"
V3,MAD_2000_ALL,20,GMM,6,0.0884,39.2,2.1466,-0.0001,0.1715,0.2573,41,0.577,"41,64,47,41,71,64"
V3,MAD_2000_ALL,20,GMM,7,0.0828,33.7,2.3103,-0.003,0.2106,0.2995,17,0.254,"50,39,56,67,57,42,17"
V3,MAD_2000_ALL,20,Spectral,3,0.1421,61.6,2.1031,0.0002,0.1903,0.2328,81,0.633,"81,119,128"
V3,MAD_2000_ALL,20,Spectral,4,0.1183,52.3,2.0419,-0.0054,0.187,0.2673,32,0.286,"111,112,73,32"
V3,MAD_2000_ALL,20,Spectral,5,0.1009,45.2,2.064,-0.0022,0.2219,0.3061,29,0.296,"91,49,29,61,98"
V3,MAD_2000_ALL,20,Spectral,6,0.0931,40.7,1.9759,0.0017,0.2272,0.3234,23,0.225,"61,102,55,49,23,38"
V3,MAD_2000_ALL,20,Spectral,7,0.0971,36.9,2.0586,0.0036,0.2141,0.3479,23,0.258,"46,23,89,45,34,54,37"
V3,MAD_5000_ALL,5,KMeans,3,0.2059,122.9,1.5578,-0.0024,0.122,0.1509,86,0.694,"118,86,124"
V3,MAD_5000_ALL,5,KMeans,4,0.1948,108.5,1.503,0.0018,0.1557,0.209,70,0.7,"100,70,84,74"
V3,MAD_5000_ALL,5,KMeans,5,0.1896,97.0,1.4744,0.0023,0.1879,0.2328,55,0.724,"59,74,64,55,76"
V3,MAD_5000_ALL,5,KMeans,6,0.1926,89.6,1.5054,-0.003,0.2025,0.2856,39,0.6,"39,65,61,44,59,60"
V3,MAD_5000_ALL,5,KMeans,7,0.1893,84.3,1.4328,0.0009,0.1931,0.2952,31,0.484,"49,31,42,43,55,64,44"
V3,MAD_5000_ALL,5,Ward,3,0.1571,100.6,1.732,-0.003,0.0474,0.0801,68,0.444,"153,107,68"
V3,MAD_5000_ALL,5,Ward,4,0.1658,91.1,1.6156,-0.0013,0.1277,0.1818,68,0.636,"107,82,68,71"
V3,MAD_5000_ALL,5,Ward,5,0.1469,79.7,1.6191,-0.0046,0.1502,0.2322,27,0.329,"82,80,68,71,27"
V3,MAD_5000_ALL,5,Ward,6,0.1415,73.4,1.5766,-0.0032,0.1345,0.2194,27,0.338,"80,71,68,47,27,35"
V3,MAD_5000_ALL,5,Ward,7,0.1337,69.3,1.5015,0.0012,0.1574,0.2382,27,0.38,"71,47,68,51,27,35,29"
V3,MAD_5000_ALL,5,GMM,3,0.0931,48.9,1.8174,-0.0066,0.1963,0.2933,38,0.169,"65,225,38"
V3,MAD_5000_ALL,5,GMM,4,0.117,62.7,1.7816,-0.0004,0.254,0.3032,40,0.301,"71,133,40,84"
V3,MAD_5000_ALL,5,GMM,5,0.1113,60.2,1.7635,0.0011,0.2317,0.2754,28,0.326,"85,86,46,28,83"
V3,MAD_5000_ALL,5,GMM,6,0.0839,45.7,1.8996,-0.0005,0.1714,0.2841,23,0.25,"38,23,51,67,92,57"
V3,MAD_5000_ALL,5,GMM,7,0.1097,54.0,1.7543,0.0014,0.2563,0.3525,28,0.333,"30,41,28,59,84,48,38"
V3,MAD_5000_ALL,5,Spectral,3,0.209,118.5,1.54,-0.0039,0.1379,0.1876,89,0.685,"109,89,130"
V3,MAD_5000_ALL,5,Spectral,4,0.184,97.8,1.4949,-0.0048,0.1813,0.2812,34,0.288,"110,66,118,34"
V3,MAD_5000_ALL,5,Spectral,5,0.1792,87.1,1.5117,-0.0013,0.2208,0.2915,33,0.308,"75,55,107,58,33"
V3,MAD_5000_ALL,5,Spectral,6,0.184,82.8,1.5288,-0.0022,0.1834,0.2644,32,0.4,"67,49,80,32,48,52"
V3,MAD_5000_ALL,5,Spectral,7,0.1815,78.7,1.4431,-0.0016,0.1806,0.2807,29,0.403,"45,48,44,29,46,72,44"
V3,MAD_5000_ALL,8,KMeans,3,0.1695,96.0,1.804,-0.0025,0.1262,0.1524,94,0.764,"111,94,123"
V3,MAD_5000_ALL,8,KMeans,4,0.1607,82.1,1.7255,-0.0028,0.1713,0.2235,68,0.66,"82,103,75,68"
V3,MAD_5000_ALL,8,KMeans,5,0.1549,72.0,1.7259,-0.0029,0.2269,0.2658,56,0.789,"71,66,70,65,56"
V3,MAD_5000_ALL,8,KMeans,6,0.1544,65.7,1.7225,0.0017,0.2416,0.302,44,0.657,"59,67,49,44,60,49"
V3,MAD_5000_ALL,8,KMeans,7,0.1531,60.9,1.7403,-0.0029,0.2759,0.3498,32,0.5,"47,48,64,48,32,53,36"
V3,MAD_5000_ALL,8,Ward,3,0.1389,86.2,2.0157,0.0013,0.0689,0.0801,84,0.604,"139,105,84"
V3,MAD_5000_ALL,8,Ward,4,0.1113,70.0,2.0719,0.0019,0.1236,0.1491,55,0.524,"105,84,84,55"
V3,MAD_5000_ALL,8,Ward,5,0.1114,61.6,1.9721,0.0048,0.1341,0.1803,29,0.345,"84,76,84,55,29"
V3,MAD_5000_ALL,8,Ward,6,0.1149,56.1,1.9405,0.0022,0.1279,0.2202,29,0.345,"84,76,49,55,29,35"
V3,MAD_5000_ALL,8,Ward,7,0.1158,52.4,1.931,0.0004,0.1441,0.2557,24,0.316,"49,76,24,55,29,35,60"
V3,MAD_5000_ALL,8,GMM,3,0.1229,57.6,2.3785,-0.0048,0.1939,0.2495,67,0.432,"106,155,67"
V3,MAD_5000_ALL,8,GMM,4,0.0962,45.7,2.1958,-0.0027,0.2651,0.3052,29,0.185,"157,29,63,79"
V3,MAD_5000_ALL,8,GMM,5,0.0631,37.5,2.7547,0.0063,0.2998,0.3333,34,0.283,"120,35,68,71,34"
V3,MAD_5000_ALL,8,GMM,6,0.0899,42.4,2.1238,-0.004,0.3175,0.3553,18,0.25,"18,53,65,66,54,72"
V3,MAD_5000_ALL,8,GMM,7,0.09,41.8,2.0395,0.0054,0.2541,0.3088,24,0.32,"34,46,56,75,65,24,28"
V3,MAD_5000_ALL,8,Spectral,3,0.1725,92.0,1.7957,-0.0041,0.1436,0.174,102,0.829,"102,103,123"
V3,MAD_5000_ALL,8,Spectral,4,0.155,74.2,1.7307,-0.0041,0.1862,0.2616,31,0.267,"69,112,116,31"
V3,MAD_5000_ALL,8,Spectral,5,0.1553,68.8,1.7951,-0.0014,0.2663,0.319,55,0.679,"59,78,81,55,55"
V3,MAD_5000_ALL,8,Spectral,6,0.1443,61.1,1.7965,0.0001,0.2586,0.3215,29,0.397,"73,44,54,66,62,29"
V3,MAD_5000_ALL,8,Spectral,7,0.1429,56.2,1.7352,-0.0011,0.2222,0.3326,29,0.362,"32,80,29,57,46,37,47"
V3,MAD_5000_ALL,10,KMeans,3,0.1562,88.0,1.8941,0.0027,0.1168,0.1366,95,0.748,"127,106,95"
V3,MAD_5000_ALL,10,KMeans,4,0.1497,74.7,1.8181,-0.0019,0.1645,0.2113,68,0.687,"99,76,68,85"
V3,MAD_5000_ALL,10,KMeans,5,0.1377,64.9,1.84,0.0003,0.1992,0.2403,55,0.753,"55,73,63,70,67"
V3,MAD_5000_ALL,10,KMeans,6,0.1419,58.9,1.8446,0.0007,0.2557,0.2972,40,0.656,"52,61,60,56,59,40"
V3,MAD_5000_ALL,10,KMeans,7,0.136,54.5,1.8291,-0.0007,0.2811,0.3687,34,0.557,"36,56,48,61,34,43,50"
V3,MAD_5000_ALL,10,Ward,3,0.1275,72.7,2.1187,0.0053,0.1126,0.1203,103,0.858,"120,105,103"
V3,MAD_5000_ALL,10,Ward,4,0.0987,58.1,2.2001,0.0085,0.1328,0.1381,59,0.562,"105,61,103,59"
V3,MAD_5000_ALL,10,Ward,5,0.1015,51.8,2.1459,0.0107,0.177,0.2011,41,0.398,"103,61,64,59,41"
V3,MAD_5000_ALL,10,Ward,6,0.0966,48.0,2.1077,0.0068,0.1717,0.2411,41,0.641,"61,48,64,59,41,55"
V3,MAD_5000_ALL,10,Ward,7,0.1043,44.8,1.9873,0.0016,0.1932,0.2829,28,0.438,"48,33,64,59,41,55,28"
V3,MAD_5000_ALL,10,GMM,3,0.097,36.9,2.2536,-0.002,0.2075,0.2728,52,0.25,"208,52,68"
V3,MAD_5000_ALL,10,GMM,4,0.0624,31.0,2.6529,-0.003,0.3322,0.3372,43,0.358,"88,77,120,43"
V3,MAD_5000_ALL,10,GMM,6,0.0513,31.6,2.3238,0.0031,0.1848,0.2865,27,0.245,"110,50,57,41,43,27"
V3,MAD_5000_ALL,10,GMM,7,0.0897,41.2,2.1629,-0.0015,0.22,0.3009,24,0.364,"37,38,62,66,52,49,24"
V3,MAD_5000_ALL,10,Spectral,3,0.1619,85.0,1.8414,-0.0042,0.1276,0.1737,82,0.621,"114,82,132"
V3,MAD_5000_ALL,10,Spectral,4,0.1457,69.8,1.817,-0.0052,0.1692,0.2535,35,0.294,"119,67,35,107"
V3,MAD_5000_ALL,10,Spectral,5,0.141,61.4,1.8848,-0.0005,0.2431,0.3001,50,0.61,"74,52,82,50,70"
V3,MAD_5000_ALL,10,Spectral,6,0.1382,55.4,1.8846,-0.002,0.2333,0.3057,30,0.395,"49,49,55,69,30,76"
V3,MAD_5000_ALL,10,Spectral,7,0.1343,50.7,1.8424,0.0002,0.2153,0.3123,29,0.345,"84,33,45,29,31,47,59"
V3,MAD_5000_ALL,15,KMeans,3,0.1375,76.2,2.0418,0.0031,0.1136,0.1343,94,0.74,"127,107,94"
V3,MAD_5000_ALL,15,KMeans,4,0.129,64.0,2.0111,0.0008,0.1632,0.2128,72,0.72,"78,100,72,78"
V3,MAD_5000_ALL,15,KMeans,5,0.1213,55.2,2.0212,-0.0031,0.221,0.2627,55,0.714,"67,55,62,77,67"
V3,MAD_5000_ALL,15,KMeans,6,0.1212,49.5,2.0255,-0.0004,0.2533,0.3113,46,0.719,"52,46,64,62,49,55"
V3,MAD_5000_ALL,15,KMeans,7,0.1178,45.6,2.0328,-0.0026,0.2887,0.374,37,0.661,"45,37,56,39,56,48,47"
V3,MAD_5000_ALL,15,Ward,3,0.1061,63.7,2.1957,0.0005,0.0518,0.0878,74,0.46,"161,93,74"
V3,MAD_5000_ALL,15,Ward,4,0.1015,55.1,2.2065,0.0052,0.1546,0.2003,71,0.763,"93,90,74,71"
V3,MAD_5000_ALL,15,Ward,5,0.0881,47.0,2.2873,0.0028,0.1592,0.2464,31,0.344,"90,62,74,71,31"
V3,MAD_5000_ALL,15,Ward,6,0.0878,42.6,2.166,0.0044,0.1811,0.2703,31,0.419,"74,62,42,71,31,48"
V3,MAD_5000_ALL,15,Ward,7,0.0904,39.7,2.1529,-0.0,0.1964,0.3039,31,0.437,"43,62,42,71,31,48,31"
V3,MAD_5000_ALL,15,GMM,3,0.0579,29.4,3.0428,-0.0033,0.1325,0.213,74,0.435,"74,170,84"
V3,MAD_5000_ALL,15,GMM,4,0.0807,42.2,2.391,-0.0039,0.1753,0.2225,49,0.441,"72,111,96,49"
V3,MAD_5000_ALL,15,GMM,5,0.0895,43.8,2.1397,0.0023,0.209,0.2734,34,0.309,"47,63,110,34,74"
V3,MAD_5000_ALL,15,GMM,7,0.084,38.1,2.1708,0.0008,0.183,0.2742,33,0.485,"68,51,33,38,37,34,67"
V3,MAD_5000_ALL,15,Spectral,3,0.1388,66.8,2.1679,-0.003,0.1977,0.2125,105,0.929,"113,105,110"
V3,MAD_5000_ALL,15,Spectral,4,0.1253,58.2,1.9768,-0.0055,0.1777,0.2587,33,0.27,"104,33,69,122"
V3,MAD_5000_ALL,15,Spectral,5,0.1165,51.1,2.0423,-0.0044,0.2127,0.3011,32,0.286,"73,32,60,112,51"
V3,MAD_5000_ALL,15,Spectral,6,0.1156,46.2,2.0759,0.0014,0.263,0.328,28,0.384,"57,43,73,28,66,61"
V3,MAD_5000_ALL,15,Spectral,7,0.1149,42.5,2.0023,-0.0009,0.2228,0.3087,29,0.358,"41,33,45,29,81,37,62"
V3,MAD_5000_ALL,20,KMeans,3,0.1269,69.4,2.1358,-0.0004,0.1168,0.1396,94,0.764,"111,123,94"
V3,MAD_5000_ALL,20,KMeans,4,0.1197,57.9,2.0908,-0.0029,0.1665,0.2137,71,0.71,"75,100,71,82"
V3,MAD_5000_ALL,20,KMeans,5,0.108,49.6,2.1202,0.0003,0.1898,0.2314,55,0.733,"55,75,62,70,66"
V3,MAD_5000_ALL,20,KMeans,6,0.1087,44.3,2.0907,0.0004,0.2311,0.2963,43,0.597,"58,43,51,72,60,44"
V3,MAD_5000_ALL,20,KMeans,7,0.1049,40.4,2.138,-0.0028,0.2581,0.3591,31,0.5,"41,62,49,42,58,45,31"
V3,MAD_5000_ALL,20,Ward,3,0.0996,51.9,2.2682,0.004,0.0445,0.08,45,0.292,"154,129,45"
V3,MAD_5000_ALL,20,Ward,4,0.0969,46.9,2.2364,-0.0034,0.1168,0.1819,45,0.349,"104,129,45,50"
V3,MAD_5000_ALL,20,Ward,5,0.0773,41.8,2.197,-0.0044,0.1254,0.2275,29,0.225,"129,50,45,75,29"
V3,MAD_5000_ALL,20,Ward,6,0.0691,37.7,2.19,-0.0034,0.1432,0.2352,27,0.265,"50,102,45,75,29,27"
V3,MAD_5000_ALL,20,Ward,7,0.0778,34.5,1.9683,-0.0033,0.1403,0.2399,4,0.039,"102,75,45,46,29,27,4"
V3,MAD_5000_ALL,20,GMM,3,0.1061,45.7,2.4039,0.0002,0.1292,0.1792,74,0.468,"158,74,96"
V3,MAD_5000_ALL,20,GMM,4,0.0934,47.4,2.4374,-0.0033,0.1764,0.2296,43,0.406,"78,101,106,43"
V3,MAD_5000_ALL,20,GMM,5,0.0879,41.2,2.4058,-0.0017,0.2663,0.3012,40,0.455,"67,60,73,40,88"
V3,MAD_5000_ALL,20,GMM,6,0.0847,39.6,2.3274,-0.0036,0.1691,0.2478,35,0.438,"73,80,35,39,39,62"
V3,MAD_5000_ALL,20,Spectral,3,0.1342,67.6,2.092,-0.0034,0.1473,0.1865,98,0.817,"110,120,98"
V3,MAD_5000_ALL,20,Spectral,4,0.1147,52.9,2.0807,-0.0055,0.1855,0.2685,34,0.301,"112,113,69,34"
V3,MAD_5000_ALL,20,Spectral,5,0.108,46.7,2.2404,0.0004,0.2968,0.3513,56,0.718,"69,65,60,78,56"
V3,MAD_5000_ALL,20,Spectral,6,0.1006,41.9,2.2013,0.0033,0.2557,0.3223,28,0.384,"28,56,54,58,73,59"
V3,MAD_5000_ALL,20,Spectral,7,0.1046,38.4,2.1362,-0.0004,0.2316,0.3253,28,0.35,"42,28,80,55,48,37,38"
