00000000003.15
00000000005.6
00000000419.13
00000000457.14
00000000460.17
00000000938.13
00000000971.16
00000001036.14
00000001084.13
00000001167.14
00000001460.18
00000001461.17
00000001497.18
00000001561.7
00000001617.12
00000001629.10
00000001630.17
00000001631.16
00000002016.18
00000002330.14
00000002549.12
00000002586.20
00000002587.10
00000002745.13
00000002746.15
00000002822.15
00000002834.18
00000002919.15
00000002933.9
00000003056.8
00000003096.14
00000003137.8
00000003147.19
00000003249.15
00000003393.15
00000003400.15
00000003402.20
00000003436.16
00000003509.16
00000003756.17
00000003987.14
00000003989.18
00000004059.11
00000004139.14
00000004142.12
00000004399.13
00000004455.17
00000004468.13
00000004478.8
00000004487.17
00000004534.15
00000004660.15
00000004700.16
00000004766.17
00000004776.13
00000004777.18
00000004779.10
00000004799.8
00000004838.14
00000004848.8
00000004864.14
00000004866.22
00000004897.12
00000004961.15
00000004975.12
00000005007.13
00000005020.13
00000005022.6
00000005059.16
00000005073.6
00000005075.15
00000005100.13
00000005108.16
00000005156.12
00000005175.10
00000005189.20
00000005194.15
00000005206.17
00000005238.20
00000005243.10
00000005249.13
00000005302.19
00000005339.15
00000005379.17
00000005436.14
00000005448.17
00000005469.12
00000005471.19
00000005483.21
00000005486.17
00000005513.10
00000005700.15
00000005801.18
00000005810.18
00000005812.11
00000005844.19
00000005882.12
00000005884.18
00000005889.16
00000005893.16
00000005961.19
00000006007.12
00000006015.18
00000006016.11
00000006025.12
00000006042.12
00000006062.17
00000006071.15
00000006116.4
00000006118.15
00000006125.18
00000006128.12
00000006194.10
00000006210.7
00000006282.21
00000006283.18
00000006327.14
00000006377.11
00000006432.15
00000006451.8
00000006453.14
00000006459.11
00000006468.14
00000006530.18
00000006534.16
00000006576.16
00000006606.9
00000006607.14
00000006611.17
00000006625.18
00000006634.8
00000006638.13
00000006652.15
00000006695.12
00000006704.11
00000006712.15
00000006715.16
00000006740.17
00000006744.19
00000006747.15
00000006756.16
00000006757.12
00000006831.10
00000006837.12
00000007001.13
00000007047.15
00000007062.12
00000007080.11
00000007129.18
00000007168.14
00000007171.18
00000007174.18
00000007202.15
00000007237.19
00000007255.10
00000007264.15
00000007341.19
00000007350.17
00000007372.24
00000007376.8
00000007384.15
00000007392.17
00000007402.12
00000007516.14
00000007520.4
00000007541.17
00000007545.16
00000007866.22
00000007923.16
00000007933.13
00000007944.15
00000007952.18
00000007968.7
00000008018.9
00000008056.14
00000008083.14
00000008086.13
00000008118.10
00000008128.23
00000008130.15
00000008226.20
00000008256.16
00000008277.14
00000008282.9
00000008283.16
00000008294.21
00000008300.17
00000008311.15
00000008323.15
00000008324.12
00000008382.16
00000008394.13
00000008405.12
00000008438.5
00000008441.18
00000008513.16
00000008516.17
00000008517.18
00000008710.20
00000008735.14
00000008838.20
00000008853.17
00000008869.12
00000008952.17
00000008988.11
00000009307.16
00000009335.18
00000009413.16
00000009694.13
00000009724.17
00000009780.16
00000009790.15
00000009830.12
00000009844.16
00000009950.16
00000009954.11
00000010017.13
00000010030.14
00000010072.16
00000010165.20
00000010219.13
00000010244.19
00000010256.11
00000010270.14
00000010278.15
00000010282.15
00000010292.13
00000010295.20
00000010318.21
00000010319.7
00000010322.16
00000010327.10
00000010361.14
00000010379.16
00000010404.18
00000010438.17
00000010539.12
00000010610.10
00000010626.15
00000010671.16
00000010704.18
00000010803.16
00000010810.17
00000010818.10
00000011007.12
00000011009.11
00000011021.23
00000011028.14
00000011083.9
00000011105.14
00000011114.15
00000011132.12
00000011143.19
00000011198.10
00000011201.12
00000011243.18
00000011258.16
00000011260.14
00000011275.19
00000011295.16
00000011304.22
00000011332.19
00000011347.10
00000011376.12
00000011405.13
00000011422.12
00000011426.11
00000011451.21
00000011454.18
00000011465.18
00000011478.13
00000011485.15
00000011523.14
00000011566.15
00000011590.14
00000011600.12
00000011638.11
00000011677.13
00000012048.23
00000012061.16
00000012124.17
00000012171.20
00000012174.12
00000012211.13
00000012223.13
00000012232.9
00000012660.14
00000012779.11
00000012817.16
00000012822.16
00000012963.15
00000012983.11
00000013016.16
00000013275.8
00000013288.9
00000013293.6
00000013297.12
00000013306.16
00000013364.19
00000013374.16
00000013375.16
00000013392.8
00000013441.16
00000013503.10
00000013523.11
00000013561.18
00000013563.14
00000013573.17
00000013583.10
00000013588.9
00000013619.14
00000013725.14
00000013810.20
00000014123.10
00000014138.9
00000014164.7
00000014216.16
00000014257.16
00000014641.21
00000014824.14
00000014914.21
00000014919.13
00000015133.19
00000015153.15
00000015171.20
00000015285.11
00000015413.9
00000015475.19
00000015479.20
00000015532.10
00000015592.16
00000015676.18
00000016391.11
00000016402.13
00000016602.9
00000016864.18
00000017260.20
00000017483.15
00000017797.13
00000018189.13
00000018236.15
00000018280.17
00000018408.15
00000018510.17
00000018610.15
00000018625.15
00000018699.13
00000018869.17
00000019102.12
00000019144.19
00000019169.10
00000019485.13
00000019505.8
00000019549.13
00000019582.15
00000019991.18
00000019995.6
00000020129.16
00000020181.18
00000020256.20
00000020426.11
00000020577.14
00000020633.19
00000020922.13
00000021300.14
00000021355.13
00000021488.13
00000021574.13
00000021645.20
00000021762.20
00000021776.11
00000021826.17
00000022267.19
00000022277.13
00000022355.18
00000022567.10
00000022840.16
00000022976.15
00000023041.11
00000023171.18
00000023191.17
00000023228.14
00000023287.13
00000023318.8
00000023330.15
00000023445.16
00000023516.9
00000023572.10
00000023608.5
00000023697.13
00000023734.11
00000023892.11
00000023902.14
00000023909.10
00000024048.11
00000024422.12
00000024526.17
00000024862.18
00000025039.15
00000025156.13
00000025293.17
00000025423.11
00000025434.19
00000025708.14
00000025770.19
00000025772.8
00000025796.14
00000025800.14
00000026025.16
00000026036.22
00000026103.22
00000026297.16
00000026508.20
00000026559.14
00000026652.15
00000026751.17
00000026950.17
00000027001.10
00000027075.15
00000027644.5
00000027697.15
00000027847.14
00000027869.12
00000028116.18
00000028137.19
00000028203.18
00000028277.21
00000028310.18
00000028528.15
00000028839.10
00000029153.14
00000029363.17
00000029364.12
00000029534.21
00000029559.7
00000029639.11
00000029725.17
00000029993.15
00000030066.13
00000030110.13
00000030419.16
00000030582.18
00000031003.10
00000031081.11
00000031691.7
00000031698.13
00000031823.14
00000032219.19
00000032389.13
00000032444.17
00000032742.18
00000033011.13
00000033030.15
00000033050.9
00000033100.16
00000033122.21
00000033170.17
00000033178.13
00000033327.13
00000033627.17
00000033800.14
00000033867.16
00000034053.14
00000034152.19
00000034510.6
00000034533.12
00000034677.13
00000034693.15
00000034713.8
00000035115.22
00000035141.8
00000035403.18
00000035499.13
00000035664.11
00000035681.9
00000035687.10
00000035862.12
00000035928.16
00000036054.13
00000036257.13
00000036448.10
00000036530.9
00000036549.13
00000036565.15
00000036672.16
00000037042.9
00000037241.7
00000037280.16
00000037474.15
00000037637.11
00000037749.12
00000037757.14
00000037897.17
00000037965.6
00000038002.9
00000038210.14
00000038219.13
00000038274.17
00000038358.15
00000038382.20
00000038427.16
00000038532.16
00000038945.15
00000039068.19
00000039123.16
00000039139.9
00000039319.17
00000039523.20
00000039560.14
00000039650.12
00000040199.18
00000040275.17
00000040341.18
00000040487.13
00000040531.16
00000040608.14
00000040633.13
00000040731.10
00000040933.16
00000041353.10
00000041357.16
00000041515.16
00000041802.11
00000041880.14
00000041982.16
00000041988.15
00000042062.13
00000042088.14
00000042286.15
00000042317.17
00000042429.12
00000042445.14
00000042493.16
00000042753.12
00000042980.13
00000043093.15
00000043143.20
00000043355.12
00000043462.13
00000043514.17
00000043591.6
00000044090.10
00000044115.21
00000044446.12
00000044459.15
00000044524.11
00000044574.8
00000046604.13
00000046647.13
00000046651.15
00000046653.15
00000046889.19
00000047056.16
00000047188.16
00000047230.15
00000047249.18
00000047315.17
00000047346.12
00000047365.12
00000047410.14
00000047457.14
00000047578.13
00000047579.20
00000047597.7
00000047617.15
00000047621.12
00000047634.15
00000047644.19
00000047648.23
00000047662.5
00000047849.21
00000047932.14
00000048028.11
00000048052.22
00000048140.18
00000048162.21
00000048342.17
00000048392.12
00000048405.10
00000048471.14
00000048540.15
00000048544.6
00000048649.13
00000048707.15
00000048740.18
00000048828.17
00000048991.16
00000049089.15
00000049130.16
00000049167.15
00000049192.15
00000049239.13
00000049245.13
00000049246.14
00000049323.16
00000049449.10
00000049540.18
00000049541.11
00000049618.24
00000049656.14
00000049759.19
00000049768.16
00000049769.14
00000049860.14
00000049883.15
00000050030.16
00000050130.18
00000050165.18
00000050344.9
00000050393.11
00000050405.13
00000050426.16
00000050438.17
00000050555.19
00000050748.18
00000050767.17
00000050820.17
00000051009.11
00000051108.15
00000051128.19
00000051180.17
00000051341.14
00000051382.9
00000051523.11
00000051596.10
00000051620.11
00000051825.15
00000052126.14
00000052723.12
00000052749.14
00000052795.13
00000052802.13
00000052841.15
00000052850.8
00000053108.17
00000053254.16
00000053328.8
00000053371.12
00000053372.5
00000053438.11
00000053501.13
00000053524.12
00000053702.15
00000053747.17
00000053770.12
00000053900.11
00000053918.18
00000054116.12
00000054118.15
00000054148.18
00000054179.12
00000054219.11
00000054267.22
00000054277.14
00000054282.16
00000054356.14
00000054392.13
00000054523.18
00000054598.9
00000054611.14
00000054654.19
00000054690.14
00000054793.14
00000054803.4
00000054938.16
00000054965.11
00000054967.13
00000054983.17
00000055044.11
00000055070.17
00000055118.16
00000055130.17
00000055147.19
00000055163.20
00000055208.19
00000055211.14
00000055332.18
00000055483.19
00000055609.19
00000055813.6
00000055917.16
00000055950.16
00000056050.7
00000056097.16
00000056277.16
00000056487.16
00000056558.11
00000056586.16
00000056736.10
00000056972.20
00000056998.20
00000057019.16
00000057252.13
00000057294.15
00000057608.17
00000057657.17
00000057663.16
00000057704.13
00000057757.10
00000057935.14
00000058056.9
00000058063.16
00000058091.17
00000058262.10
00000058272.19
00000058335.16
00000058404.20
00000058453.17
00000058600.16
00000058668.15
00000058729.11
00000058799.15
00000058804.12
00000058866.15
00000059122.17
00000059145.19
00000059377.18
00000059378.13
00000059573.9
00000059588.10
00000059691.12
00000059728.11
00000059758.8
00000059769.20
00000059804.16
00000059915.17
00000060069.17
00000060138.13
00000060237.18
00000060303.5
00000060339.14
00000060491.16
00000060558.4
00000060642.11
00000060656.20
00000060688.13
00000060709.15
00000060718.22
00000060749.16
00000060762.19
00000060971.19
00000060982.15
00000061273.18
00000061337.15
00000061656.10
00000061676.15
00000061794.13
00000061918.14
00000061936.10
00000061938.20
00000061987.16
00000062038.14
00000062096.15
00000062194.16
00000062282.15
00000062370.17
00000062485.19
00000062524.16
00000062598.18
00000062650.19
00000062716.13
00000062725.10
00000062822.15
00000063015.20
00000063046.18
00000063127.16
00000063169.11
00000063176.16
00000063177.13
00000063180.9
00000063241.8
00000063244.13
00000063245.15
00000063322.15
00000063587.15
00000063601.17
00000063660.9
00000063761.16
00000063854.13
00000063978.16
00000064012.22
00000064042.18
00000064102.15
00000064115.11
00000064199.7
00000064201.16
00000064225.12
00000064300.9
00000064309.14
00000064313.12
00000064393.16
00000064419.13
00000064490.14
00000064545.15
00000064547.14
00000064601.20
00000064607.17
00000064651.14
00000064652.11
00000064655.19
00000064666.15
00000064687.13
00000064692.20
00000064703.12
00000064726.10
00000064763.11
00000064787.13
00000064886.14
00000064932.16
00000064933.18
00000064961.19
00000064989.13
00000064995.18
00000064999.15
00000065000.19
00000065029.15
00000065054.14
00000065057.9
00000065060.17
00000065135.12
00000065150.21
00000065154.12
00000065183.16
00000065243.20
00000065268.11
00000065308.5
00000065320.9
00000065328.17
00000065357.20
00000065361.16
00000065413.20
00000065427.15
00000065457.10
00000065485.20
00000065491.8
00000065518.8
00000065526.12
00000065534.19
00000065548.18
00000065559.15
00000065600.13
00000065609.14
00000065613.15
00000065615.14
00000065621.15
00000065665.21
00000065675.15
00000065717.15
00000065802.12
00000065809.13
00000065833.9
00000065882.16
00000065883.16
00000065911.13
00000065923.10
00000065970.9
00000065978.19
00000065989.16
00000066027.12
00000066032.18
00000066044.15
00000066056.14
00000066084.13
00000066117.15
00000066135.13
00000066136.20
00000066185.13
00000066230.12
00000066248.15
00000066279.18
00000066294.15
00000066322.15
00000066336.12
00000066379.15
00000066382.16
00000066405.13
00000066422.5
00000066427.24
00000066455.13
00000066468.23
00000066557.6
00000066583.12
00000066629.18
00000066651.20
00000066654.14
00000066697.15
00000066735.14
00000066739.12
00000066777.9
00000066827.16
00000066855.16
00000066923.17
00000066926.12
00000066933.16
00000067048.17
00000067057.18
00000067064.11
00000067066.17
00000067082.15
00000067113.17
00000067141.17
00000067167.8
00000067177.15
00000067182.8
00000067191.16
00000067208.14
00000067221.14
00000067225.18
00000067248.10
00000067334.14
00000067365.15
00000067369.14
00000067445.21
00000067533.6
00000067560.13
00000067596.12
00000067601.8
00000067606.17
00000067646.12
00000067704.10
00000067715.14
00000067798.16
00000067829.19
00000067836.13
00000067840.12
00000067842.17
00000067900.8
00000067955.15
00000067992.16
00000068001.14
00000068024.17
00000068028.17
00000068078.20
00000068079.8
00000068097.15
00000068120.15
00000068137.15
00000068305.17
00000068308.14
00000068323.17
00000068354.16
00000068366.20
00000068383.19
00000068394.11
00000068400.13
00000068438.15
00000068489.13
00000068615.19
00000068650.18
00000068654.16
00000068697.7
00000068724.17
00000068745.15
00000068784.13
00000068796.19
00000068831.19
00000068878.15
00000068885.15
00000068903.20
00000068912.14
00000068971.14
00000068976.14
00000069011.16
00000069020.18
00000069122.19
00000069188.17
00000069248.12
00000069275.13
00000069329.18
00000069345.12
00000069399.15
00000069424.15
00000069431.11
00000069482.7
00000069493.15
00000069509.6
00000069535.14
00000069667.16
00000069696.7
00000069702.11
00000069764.10
00000069849.11
00000069869.16
00000069943.10
00000069956.12
00000069966.19
00000069974.16
00000069998.12
00000070010.19
00000070018.9
00000070031.4
00000070047.13
00000070061.16
00000070081.17
00000070087.14
00000070159.14
00000070182.21
00000070190.13
00000070214.16
00000070269.14
00000070366.14
00000070367.16
00000070371.16
00000070404.10
00000070413.20
00000070423.18
00000070444.15
00000070476.15
00000070495.15
00000070501.12
00000070526.15
00000070540.13
00000070601.10
00000070610.14
00000070614.15
00000070669.17
00000070718.12
00000070731.11
00000070756.17
00000070759.17
00000070761.8
00000070770.10
00000070778.13
00000070785.17
00000070808.16
00000070814.22
00000070831.17
00000070882.13
00000070950.10
00000070961.16
00000071051.14
00000071054.16
00000071073.13
00000071082.11
00000071127.17
00000071189.21
00000071205.12
00000071242.12
00000071243.16
00000071246.11
00000071282.12
00000071462.12
00000071537.14
00000071539.14
00000071553.18
00000071564.17
00000071575.11
00000071626.17
00000071655.18
00000071794.16
00000071859.15
00000071889.17
00000071894.17
00000071967.12
00000071991.9
00000071994.11
00000072041.17
00000072042.13
00000072062.15
00000072071.16
00000072110.15
00000072121.17
00000072133.11
00000072134.15
00000072135.13
00000072163.20
00000072182.13
00000072195.15
00000072201.14
00000072210.19
00000072274.13
00000072310.17
00000072364.13
00000072401.15
00000072415.10
00000072422.17
00000072501.19
00000072506.13
00000072518.21
00000072571.20
00000072609.18
00000072682.19
00000072694.21
00000072736.19
00000072756.17
00000072778.20
00000072786.13
00000072803.17
00000072818.12
00000072832.15
00000072840.13
00000072849.11
00000072858.11
00000072864.16
00000072952.19
00000072954.7
00000072958.9
00000073008.15
00000073050.12
00000073060.16
00000073111.14
00000073150.14
00000073169.14
00000073331.18
00000073350.14
00000073417.15
00000073464.13
00000073536.18
00000073578.17
00000073584.20
00000073605.18
00000073614.13
00000073670.14
00000073711.11
00000073712.15
00000073737.17
00000073756.12
00000073792.16
00000073803.14
00000073849.16
00000073905.8
00000073910.22
00000073921.18
00000073969.18
00000074047.22
00000074054.20
00000074071.15
00000074181.9
00000074201.9
00000074211.14
00000074219.14
00000074266.22
00000074276.10
00000074317.11
00000074319.13
00000074356.17
00000074370.18
00000074410.14
00000074416.14
00000074527.13
00000074582.15
00000074590.13
00000074603.19
00000074621.14
00000074657.14
00000074660.16
00000074695.6
00000074696.13
00000074706.13
00000074755.15
00000074800.16
00000074842.8
00000074855.11
00000074935.14
00000074964.17
00000075035.10
00000075043.19
00000075073.15
00000075089.9
00000075131.10
00000075142.14
00000075151.21
00000075188.9
00000075213.11
00000075218.19
00000075223.14
00000075234.17
00000075239.14
00000075240.17
00000075275.18
00000075292.19
00000075303.13
00000075336.12
00000075340.23
00000075391.17
00000075399.14
00000075407.18
00000075413.19
00000075415.13
00000075420.13
00000075426.12
00000075429.9
00000075461.6
00000075539.15
00000075568.17
00000075618.18
00000075624.17
00000075643.6
00000075651.16
00000075702.18
00000075711.21
00000075785.14
00000075826.17
00000075856.12
00000075884.14
00000075886.11
00000075914.13
00000075945.13
00000075975.17
00000076003.5
00000076043.11
00000076053.12
00000076067.13
00000076108.12
00000076201.15
00000076242.16
00000076248.11
00000076258.10
00000076321.11
00000076344.16
00000076351.13
00000076356.7
00000076382.17
00000076513.17
00000076554.15
00000076555.15
00000076604.15
00000076641.4
00000076650.7
00000076685.19
00000076706.17
00000076716.9
00000076770.14
00000076826.10
00000076864.19
00000076924.12
00000076928.18
00000076944.16
00000076984.18
00000077044.11
00000077063.11
00000077080.10
00000077092.19
00000077097.15
00000077147.16
00000077150.20
00000077152.11
00000077157.22
00000077232.18
00000077235.18
00000077238.14
00000077254.14
00000077264.15
00000077279.19
00000077312.9
00000077348.9
00000077380.16
00000077420.16
00000077454.16
00000077458.13
00000077463.15
00000077514.9
00000077522.14
00000077549.19
00000077585.14
00000077616.11
00000077684.16
00000077713.19
00000077721.16
00000077782.21
00000077942.19
00000077943.8
00000077984.6
00000078018.20
00000078043.16
00000078053.17
00000078061.13
00000078070.13
00000078081.8
00000078098.14
00000078114.19
00000078124.12
00000078140.14
00000078142.13
00000078177.14
00000078237.7
00000078246.17
00000078269.15
00000078295.17
00000078304.19
00000078319.10
00000078328.22
00000078369.18
00000078399.19
00000078401.7
00000078403.17
00000078487.17
00000078549.15
00000078579.9
00000078596.11
00000078618.22
00000078668.14
00000078674.18
00000078687.17
00000078699.22
00000078725.13
00000078747.16
00000078804.13
00000078808.19
00000078814.17
00000078898.7
00000078900.15
00000078902.16
00000078967.13
00000079102.16
00000079134.12
00000079150.18
00000079156.17
00000079215.14
00000079246.16
00000079257.8
00000079263.19
00000079277.22
00000079308.19
00000079313.15
00000079332.15
00000079335.20
00000079337.16
00000079385.23
00000079387.14
00000079432.7
00000079435.10
00000079459.13
00000079462.8
00000079482.13
00000079616.13
00000079689.14
00000079691.18
00000079739.17
00000079785.16
00000079805.18
00000079819.19
00000079841.18
00000079931.15
00000079950.14
00000079974.18
00000079999.14
00000080031.10
00000080166.16
00000080189.15
00000080200.10
00000080298.15
00000080345.18
00000080371.6
00000080493.18
00000080503.24
00000080546.13
00000080561.14
00000080573.7
00000080603.17
00000080608.10
00000080709.16
00000080802.19
00000080815.19
00000080819.9
00000080822.17
00000080823.23
00000080824.19
00000080839.12
00000080845.18
00000080854.16
00000080947.15
00000080986.13
00000081014.11
00000081019.13
00000081026.19
00000081041.9
00000081052.13
00000081059.20
00000081087.15
00000081148.12
00000081154.12
00000081177.18
00000081181.8
00000081189.16
00000081237.20
00000081307.14
00000081320.11
00000081377.17
00000081386.12
00000081479.15
00000081665.14
00000081692.12
00000081721.12
00000081760.17
00000081791.9
00000081803.16
00000081818.4
00000081842.18
00000081853.15
00000081870.12
00000081913.14
00000081923.15
00000081985.13
00000082014.17
00000082068.9
00000082074.19
00000082146.13
00000082153.18
00000082196.21
00000082212.13
00000082213.18
00000082258.13
00000082269.17
00000082397.17
00000082438.17
00000082458.12
00000082482.14
00000082497.12
00000082512.15
00000082515.18
00000082516.9
00000082641.16
00000082684.16
00000082701.17
00000082781.12
00000082805.20
00000082898.18
00000082929.8
00000082996.20
00000083067.23
00000083093.10
00000083097.14
00000083099.11
00000083123.15
00000083168.11
00000083223.18
00000083290.20
00000083312.17
00000083444.17
00000083457.12
00000083520.15
00000083535.16
00000083544.16
00000083635.8
00000083642.19
00000083720.13
00000083750.13
00000083799.18
00000083807.10
00000083812.12
00000083814.13
00000083817.9
00000083828.16
00000083838.16
00000083844.10
00000083845.9
00000083857.14
00000083896.13
00000083937.10
00000084070.12
00000084072.17
00000084073.10
00000084090.13
00000084092.7
00000084093.19
00000084112.15
00000084207.18
00000084234.18
00000084444.14
00000084453.16
00000084463.8
00000084623.12
00000084628.10
00000084636.18
00000084652.16
00000084676.15
00000084693.16
00000084710.14
00000084731.15
00000084733.11
00000084734.9
00000084754.12
00000084764.12
00000084774.14
00000085063.17
00000085117.12
00000085185.15
00000085224.23
00000085231.14
00000085265.11
00000085274.16
00000085276.19
00000085365.18
00000085377.15
00000085382.12
00000085415.16
00000085433.16
00000085449.15
00000085465.13
00000085491.17
00000085511.20
00000085514.16
00000085552.17
00000085563.15
00000085644.14
00000085662.14
00000085719.13
00000085721.13
00000085733.16
00000085760.15
00000085788.14
00000085831.15
00000085832.17
00000085840.13
00000085871.9
00000085872.15
00000085978.22
00000085982.14
00000085998.14
00000085999.13
00000086015.22
00000086061.16
00000086062.13
00000086065.14
00000086102.19
00000086159.13
00000086189.10
00000086200.17
00000086205.18
00000086232.13
00000086289.12
00000086300.16
00000086475.15
00000086504.17
00000086506.3
00000086544.3
00000086589.12
00000086598.11
00000086619.14
00000086666.19
00000086712.13
00000086717.18
00000086730.17
00000086758.16
00000086827.9
00000086848.15
00000086991.13
00000087008.16
00000087053.20
00000087074.8
00000087076.9
00000087077.14
00000087085.16
00000087086.15
00000087087.20
00000087088.20
00000087095.13
00000087111.21
00000087116.16
00000087152.15
00000087157.19
00000087191.13
00000087206.17
00000087237.12
00000087245.13
00000087250.9
00000087253.13
00000087258.16
00000087263.17
00000087266.17
00000087269.16
00000087274.17
00000087299.12
00000087301.9
00000087302.9
00000087303.18
00000087338.5
00000087365.16
00000087448.11
00000087460.27
00000087470.18
00000087494.16
00000087495.17
00000087502.18
00000087586.18
00000087589.16
00000087842.11
00000087884.14
00000087903.13
00000087995.16
00000088035.18
00000088038.19
00000088179.9
00000088205.13
00000088247.17
00000088256.9
00000088280.19
00000088298.13
00000088305.18
00000088320.4
00000088325.16
00000088340.17
00000088356.6
00000088367.23
00000088387.19
00000088448.14
00000088451.11
00000088538.13
00000088543.15
00000088682.14
00000088727.13
00000088766.12
00000088808.18
00000088812.18
00000088826.18
00000088827.12
00000088832.18
00000088833.17
00000088836.14
00000088854.12
00000088876.13
00000088881.21
00000088882.8
00000088888.18
00000088899.15
00000088930.8
00000088970.16
00000088986.11
00000088992.18
00000089006.17
00000089009.15
00000089022.14
00000089041.17
00000089048.14
00000089050.16
00000089053.13
00000089057.15
00000089060.11
00000089063.15
00000089091.16
00000089094.19
00000089101.19
00000089123.16
00000089127.14
00000089154.11
00000089157.16
00000089159.16
00000089163.4
00000089169.15
00000089177.19
00000089195.15
00000089199.10
00000089220.5
00000089225.20
00000089234.16
00000089248.7
00000089250.19
00000089280.19
00000089289.16
00000089327.15
00000089335.21
00000089351.14
00000089472.16
00000089486.17
00000089505.18
00000089558.9
00000089597.18
00000089639.11
00000089682.16
00000089685.15
00000089692.9
00000089693.11
00000089723.10
00000089737.17
00000089775.12
00000089818.18
00000089820.16
00000089847.12
00000089876.12
00000089902.10
00000089916.18
00000090006.18
00000090013.11
00000090020.11
00000090054.15
00000090060.18
00000090061.17
00000090097.22
00000090104.12
00000090238.12
00000090263.16
00000090266.13
00000090273.14
00000090316.16
00000090339.9
00000090372.15
00000090376.11
00000090382.7
00000090432.7
00000090447.12
00000090470.15
00000090487.11
00000090520.11
00000090530.10
00000090534.20
00000090539.15
00000090565.17
00000090581.10
00000090612.22
00000090615.15
00000090621.15
00000090659.18
00000090661.12
00000090674.16
00000090686.16
00000090776.6
00000090857.14
00000090861.17
00000090863.12
00000090889.12
00000090905.19
00000090924.15
00000090932.11
00000090971.5
00000090975.13
00000090989.18
00000091009.8
00000091039.17
00000091073.19
00000091106.19
00000091127.14
00000091128.13
00000091129.21
00000091136.15
00000091137.14
00000091140.14
00000091157.14
00000091164.13
00000091262.16
00000091317.8
00000091409.15
00000091428.18
00000091436.17
00000091483.7
00000091490.11
00000091513.16
00000091527.16
00000091542.9
00000091592.16
00000091622.16
00000091640.8
00000091651.9
00000091656.19
00000091664.9
00000091732.17
00000091844.8
00000091879.14
00000091947.10
00000091972.18
00000091986.16
00000092009.10
00000092010.15
00000092020.10
00000092036.18
00000092051.17
00000092054.13
00000092068.20
00000092094.11
00000092096.18
00000092108.22
00000092140.16
00000092148.13
00000092199.18
00000092201.10
00000092203.15
00000092208.17
00000092295.12
00000092330.18
00000092421.17
00000092439.16
00000092445.12
00000092470.12
00000092529.25
00000092531.10
00000092607.15
00000092621.13
00000092758.18
00000092820.18
00000092841.19
00000092847.13
00000092850.12
00000092853.14
00000092871.17
00000092929.12
00000092931.11
00000092964.18
00000092969.12
00000092978.11
00000093000.19
00000093009.11
00000093010.15
00000093072.18
00000093144.19
00000093167.18
00000093183.14
00000093217.11
00000094631.21
00000094804.12
00000094841.14
00000094880.11
00000094914.14
00000094916.16
00000094963.14
00000094975.14
00000095002.15
00000095015.6
00000095059.16
00000095066.12
00000095139.14
00000095203.14
00000095209.12
00000095261.14
00000095303.17
00000095319.14
00000095321.17
00000095370.20
00000095380.11
00000095383.20
00000095397.16
00000095485.18
00000095539.15
00000095564.14
00000095574.12
00000095585.17
00000095637.22
00000095713.14
00000095739.11
00000095752.7
00000095787.23
00000095794.19
00000095906.17
00000095932.7
00000095951.17
00000095970.17
00000096060.15
00000096063.16
00000096070.19
00000096080.12
00000096092.6
00000096093.16
00000096384.20
00000096401.8
00000096433.11
00000096654.15
00000096696.14
00000096717.12
00000096746.17
00000096872.17
00000096968.14
00000096996.16
00000097007.19
00000097021.20
00000097033.14
00000097046.13
00000097096.9
00000099139.14
00000099194.6
00000099203.7
00000099204.20
00000099219.14
00000099246.17
00000099250.18
00000099251.14
00000099256.19
00000099260.11
00000099282.10
00000099284.15
00000099290.17
00000099308.10
00000099326.9
00000099330.9
00000099331.13
00000099337.5
00000099338.23
00000099341.11
00000099364.18
00000099365.11
00000099377.14
00000099381.18
00000099385.12
00000099617.4
00000099622.14
00000099624.8
00000099625.13
00000099725.14
00000099769.6
00000099783.12
00000099785.10
00000099795.7
00000099797.15
00000099800.8
00000099804.9
00000099810.21
00000099814.16
00000099817.12
00000099821.14
00000099822.3
00000099834.19
00000099840.14
00000099849.15
00000099860.9
00000099864.18
00000099866.15
00000099875.15
00000099889.14
00000099899.15
00000099901.17
00000099904.16
00000099910.17
00000099917.17
00000099937.11
00000099940.12
00000099942.13
00000099949.21
00000099953.10
00000099954.18
00000099956.20
00000099957.16
00000099968.18
00000099974.8
00000099984.11
00000099985.4
00000099991.18
00000099992.16
00000099994.11
00000099995.19
00000099998.18
00000099999.15
00000100003.18
00000100014.20
00000100023.19
00000100027.17
00000100028.12
00000100029.18
00000100030.15
00000100033.16
00000100034.14
00000100036.13
00000100055.21
00000100056.12
00000100058.12
00000100060.18
00000100065.15
00000100068.13
00000100075.10
00000100077.15
00000100079.7
00000100083.19
00000100084.14
00000100092.24
00000100095.19
00000100097.12
00000100099.21
00000100100.13
00000100104.13
00000100105.18
00000100106.22
00000100109.17
00000100116.17
00000100122.7
00000100124.15
00000100129.18
00000100138.15
00000100139.13
00000100142.16
00000100146.18
00000100147.14
00000100150.20
00000100151.16
00000100154.14
00000100156.10
00000100162.15
00000100167.20
00000100191.6
00000100196.11
00000100197.22
00000100201.23
00000100207.20
00000100209.11
00000100211.10
00000100216.6
00000100218.12
00000100219.16
00000100220.12
00000100221.10
00000100225.18
00000100226.16
00000100227.18
00000100228.12
00000100234.12
00000100239.16
00000100241.21
00000100242.15
00000100243.21
00000100246.13
00000100249.4
00000100258.18
00000100263.14
00000100266.19
00000100271.17
00000100276.10
00000100280.16
00000100281.14
00000100284.21
00000100285.10
00000100290.3
00000100292.18
00000100294.13
00000100296.14
00000100297.16
00000100298.16
00000100299.18
00000100300.18
00000100302.7
00000100304.13
00000100307.13
00000100311.17
00000100314.4
00000100316.16
00000100319.13
00000100320.23
00000100321.15
00000100324.14
00000100325.15
00000100330.16
00000100335.15
00000100336.17
00000100342.21
00000100344.11
00000100345.22
00000100346.18
00000100347.15
00000100348.10
00000100350.15
00000100353.18
00000100354.21
00000100360.15
00000100362.13
00000100364.19
00000100365.16
00000100368.14
00000100372.15
00000100373.10
00000100376.12
00000100379.17
00000100380.14
00000100385.14
00000100387.9
00000100393.14
00000100395.15
00000100399.16
00000100401.20
00000100403.12
00000100410.8
00000100412.17
00000100413.17
00000100416.15
00000100417.12
00000100418.8
00000100422.14
00000100425.18
00000100426.7
00000100427.16
00000100429.18
00000100433.16
00000100439.10
00000100441.10
00000100442.11
00000100445.17
00000100450.13
00000100453.13
00000100461.18
00000100462.16
00000100473.18
00000100478.15
00000100479.13
00000100483.14
00000100485.12
00000100490.9
00000100503.26
00000100504.17
00000100505.13
00000100519.12
00000100522.10
00000100523.16
00000100526.20
00000100528.12
00000100532.12
00000100554.12
00000100558.9
00000100564.9
00000100565.15
00000100567.13
00000100568.11
00000100575.14
00000100577.19
00000100578.18
00000100580.8
00000100583.4
00000100591.8
00000100592.16
00000100596.7
00000100599.16
00000100600.15
00000100601.10
00000100603.14
00000100604.13
00000100605.17
00000100612.14
00000100614.18
00000100625.9
00000100626.17
00000100629.17
00000100632.11
00000100644.17
00000100647.8
00000100650.16
00000100652.5
00000100664.11
00000100678.19
00000100697.15
00000100711.14
00000100714.17
00000100722.20
00000100726.15
00000100731.16
00000100744.15
00000100749.8
00000100764.14
00000100767.17
00000100784.12
00000100796.17
00000100802.15
00000100804.19
00000100811.14
00000100813.14
00000100814.18
00000100815.12
00000100823.12
00000100836.10
00000100842.13
00000100852.13
00000100865.15
00000100883.13
00000100884.9
00000100888.15
00000100889.12
00000100890.16
00000100897.18
00000100902.11
00000100906.11
00000100908.14
00000100911.16
00000100916.14
00000100918.13
00000100926.15
00000100934.15
00000100938.18
00000100941.9
00000100949.14
00000100968.14
00000100979.15
00000100982.12
00000100983.12
00000100985.7
00000100987.15
00000100991.12
00000100994.12
00000100997.20
00000101000.6
00000101003.10
00000101004.15
00000101017.14
00000101019.22
00000101040.19
00000101049.17
00000101052.13
00000101057.16
00000101079.21
00000101082.14
00000101084.18
00000101096.20
00000101098.13
00000101104.13
00000101109.12
00000101115.13
00000101126.18
00000101132.10
00000101134.12
00000101138.12
00000101144.13
00000101146.13
00000101150.18
00000101152.11
00000101158.15
00000101160.14
00000101161.8
00000101162.4
00000101166.16
00000101180.16
00000101181.17
00000101182.15
00000101187.16
00000101189.7
00000101190.13
00000101191.17
00000101193.8
00000101194.18
00000101197.13
00000101198.15
00000101199.13
00000101203.16
00000101204.18
00000101210.13
00000101213.7
00000101216.11
00000101220.18
00000101222.12
00000101224.17
00000101230.6
00000101236.17
00000101246.20
00000101247.18
00000101255.11
00000101265.16
00000101266.19
00000101276.18
00000101278.6
00000101282.9
00000101290.14
00000101294.18
00000101298.15
00000101306.11
00000101307.16
00000101310.17
00000101311.16
00000101327.9
00000101331.17
00000101333.17
00000101335.10
00000101336.17
00000101337.16
00000101343.15
00000101346.14
00000101347.10
00000101349.17
00000101350.8
00000101353.15
00000101361.17
00000101363.12
00000101365.21
00000101367.9
00000101384.12
00000101391.21
00000101400.6
00000101407.13
00000101412.13
00000101413.12
00000101417.12
00000101421.4
00000101438.4
00000101439.9
00000101440.9
00000101442.10
00000101443.18
00000101444.13
00000101445.10
00000101447.15
00000101452.15
00000101457.13
00000101460.13
00000101463.6
00000101464.11
00000101470.10
00000101473.17
00000101474.12
00000101489.20
00000101493.11
00000101542.10
00000101544.9
00000101546.13
00000101557.15
00000101558.14
00000101574.15
00000101577.10
00000101596.16
00000101605.13
00000101608.13
00000101624.11
00000101638.14
00000101639.18
00000101654.18
00000101665.9
00000101670.12
00000101680.15
00000101695.9
00000101745.17
00000101746.15
00000101751.10
00000101752.12
00000101773.19
00000101782.15
00000101811.14
00000101825.8
00000101843.19
00000101844.18
00000101846.8
00000101849.17
00000101850.13
00000101856.10
00000101868.13
00000101871.16
00000101882.10
00000101883.5
00000101888.12
00000101901.12
00000101911.13
00000101916.12
00000101928.13
00000101935.10
00000101938.15
00000101940.18
00000101945.17
00000101955.15
00000101958.14
00000101966.13
00000101972.19
00000101974.14
00000101977.21
00000101986.12
00000101997.13
00000102003.11
00000102007.11
00000102024.18
00000102030.16
00000102032.13
00000102034.17
00000102038.16
00000102043.16
00000102048.16
00000102053.12
00000102054.18
00000102057.10
00000102078.16
00000102081.15
00000102096.9
00000102098.19
00000102100.16
00000102103.17
00000102109.9
00000102119.11
00000102125.16
00000102144.15
00000102158.20
00000102172.16
00000102174.9
00000102178.13
00000102181.21
00000102189.17
00000102218.6
00000102221.14
00000102225.16
00000102226.10
00000102230.14
00000102241.12
00000102265.12
00000102271.14
00000102287.19
00000102290.22
00000102302.8
00000102309.15
00000102312.23
00000102316.17
00000102317.18
00000102349.18
00000102359.8
00000102362.15
00000102383.14
00000102384.13
00000102385.12
00000102390.11
00000102393.14
00000102401.20
00000102409.10
00000102445.20
00000102452.18
00000102466.16
00000102468.11
00000102471.14
00000102524.11
00000102531.16
00000102543.14
00000102547.19
00000102554.14
00000102572.15
00000102575.13
00000102580.15
00000102595.20
00000102606.18
00000102678.7
00000102683.8
00000102699.6
00000102710.20
00000102738.8
00000102743.15
00000102753.10
00000102755.12
00000102760.13
00000102763.18
00000102780.17
00000102781.14
00000102786.15
00000102796.11
00000102802.10
00000102804.15
00000102805.16
00000102837.7
00000102854.16
00000102858.13
00000102870.6
00000102871.16
00000102878.17
00000102879.16
00000102882.12
00000102886.15
00000102890.16
00000102893.16
00000102897.10
00000102898.12
00000102900.13
00000102901.13
00000102904.15
00000102908.22
00000102910.14
00000102921.8
00000102924.12
00000102931.8
00000102934.10
00000102935.12
00000102967.12
00000102970.11
00000102974.16
00000102977.17
00000102978.13
00000102981.10
00000102984.15
00000102996.5
00000103005.12
00000103018.17
00000103021.9
00000103024.7
00000103034.14
00000103035.11
00000103037.12
00000103042.9
00000103043.15
00000103044.11
00000103047.8
00000103051.20
00000103056.12
00000103061.13
00000103064.15
00000103066.13
00000103067.14
00000103089.9
00000103091.15
00000103111.15
00000103121.9
00000103126.15
00000103145.11
00000103148.17
00000103150.7
00000103152.12
00000103154.9
00000103160.12
00000103168.17
00000103174.13
00000103175.11
00000103184.12
00000103187.8
00000103194.16
00000103196.12
00000103197.18
00000103199.14
00000103202.13
00000103222.20
00000103226.19
00000103227.19
00000103241.7
00000103245.14
00000103248.19
00000103249.18
00000103253.19
00000103254.10
00000103257.9
00000103260.9
00000103264.18
00000103266.11
00000103269.14
00000103274.11
00000103275.21
00000103313.13
00000103316.12
00000103319.12
00000103326.12
00000103335.22
00000103342.13
00000103343.13
00000103351.13
00000103353.16
00000103356.18
00000103363.15
00000103365.15
00000103381.12
00000103404.14
00000103415.12
00000103423.14
00000103429.11
00000103449.12
00000103460.17
00000103479.16
00000103485.19
00000103489.12
00000103490.14
00000103494.15
00000103495.14
00000103496.15
00000103502.14
00000103507.14
00000103510.20
00000103512.15
00000103522.16
00000103528.17
00000103540.16
00000103544.15
00000103549.22
00000103550.14
00000103569.10
00000103591.13
00000103599.20
00000103642.12
00000103647.13
00000103653.16
00000103657.14
00000103671.10
00000103707.10
00000103710.11
00000103723.16
00000103740.10
00000103742.12
00000103769.10
00000103811.18
00000103852.13
00000103855.18
00000103876.13
00000103888.17
00000103932.12
00000103942.13
00000103966.11
00000103978.16
00000103994.18
00000103995.14
00000104043.15
00000104047.15
00000104055.16
00000104059.4
00000104064.18
00000104067.17
00000104081.14
00000104093.14
00000104112.9
00000104129.10
00000104131.13
00000104133.15
00000104142.11
00000104147.9
00000104154.7
00000104164.12
00000104177.18
00000104205.16
00000104213.13
00000104218.16
00000104219.13
00000104221.13
00000104228.13
00000104231.11
00000104267.10
00000104290.11
00000104299.15
00000104312.8
00000104313.20
00000104320.14
00000104324.16
00000104325.7
00000104327.7
00000104331.9
00000104332.12
00000104341.17
00000104343.21
00000104356.11
00000104361.10
00000104365.16
00000104368.19
00000104369.5
00000104375.17
00000104381.14
00000104388.15
00000104408.11
00000104412.8
00000104415.14
00000104419.17
00000104427.12
00000104432.14
00000104435.14
00000104442.10
00000104447.13
00000104450.13
00000104472.10
00000104490.18
00000104497.14
00000104517.13
00000104518.11
00000104522.16
00000104524.14
00000104529.17
00000104549.12
00000104611.12
00000104613.12
00000104626.15
00000104635.15
00000104643.10
00000104660.19
00000104671.8
00000104679.12
00000104687.14
00000104689.10
00000104691.16
00000104695.13
00000104714.14
00000104722.14
00000104723.21
00000104731.14
00000104738.18
00000104756.16
00000104763.20
00000104765.16
00000104774.13
00000104783.14
00000104805.16
00000104808.8
00000104812.15
00000104814.13
00000104823.9
00000104824.17
00000104825.17
00000104826.15
00000104833.12
00000104835.15
00000104852.15
00000104853.16
00000104856.14
00000104859.15
00000104863.12
00000104866.11
00000104870.13
00000104872.11
00000104879.5
00000104880.18
00000104881.16
00000104883.8
00000104884.16
00000104885.18
00000104886.12
00000104888.10
00000104894.12
00000104897.10
00000104899.8
00000104901.7
00000104903.5
00000104904.12
00000104907.12
00000104915.15
00000104918.8
00000104936.19
00000104946.13
00000104951.16
00000104953.20
00000104957.14
00000104960.15
00000104964.15
00000104967.8
00000104969.11
00000104972.15
00000104973.19
00000104974.12
00000104976.12
00000104979.9
00000104980.8
00000104983.8
00000104998.4
00000105011.9
00000105048.17
00000105053.11
00000105058.12
00000105063.19
00000105072.9
00000105085.11
00000105088.8
00000105122.13
00000105127.9
00000105131.8
00000105135.16
00000105136.21
00000105137.13
00000105146.13
00000105171.10
00000105173.14
00000105176.18
00000105185.12
00000105186.16
00000105193.9
00000105197.11
00000105202.9
00000105204.14
00000105219.10
00000105220.17
00000105221.18
00000105223.20
00000105227.16
00000105229.7
00000105245.9
00000105246.6
00000105248.16
00000105251.11
00000105254.12
00000105255.11
00000105258.9
00000105261.7
00000105270.15
00000105278.12
00000105281.12
00000105287.13
00000105290.13
00000105298.14
00000105321.14
00000105323.17
00000105325.15
00000105327.18
00000105329.11
00000105339.11
00000105341.19
00000105352.10
00000105355.9
00000105357.19
00000105364.14
00000105366.15
00000105369.10
00000105372.8
00000105373.19
00000105374.10
00000105376.5
00000105379.10
00000105383.15
00000105393.16
00000105397.14
00000105401.9
00000105402.8
00000105404.11
00000105409.19
00000105419.18
00000105426.17
00000105427.10
00000105429.13
00000105438.9
00000105443.15
00000105447.13
00000105464.3
00000105472.13
00000105483.18
00000105486.14
00000105497.8
00000105499.14
00000105514.8
00000105516.11
00000105518.14
00000105519.18
00000105520.10
00000105538.10
00000105552.15
00000105556.11
00000105559.12
00000105568.18
00000105576.15
00000105605.7
00000105607.13
00000105612.9
00000105613.10
00000105617.4
00000105618.14
00000105619.13
00000105639.20
00000105640.13
00000105642.15
00000105643.10
00000105649.10
00000105655.19
00000105656.13
00000105662.16
00000105669.14
00000105671.12
00000105672.14
00000105676.14
00000105677.12
00000105694.3
00000105695.15
00000105696.9
00000105697.9
00000105698.16
00000105699.16
00000105700.11
00000105701.16
00000105705.16
00000105707.14
00000105708.9
00000105711.13
00000105717.14
00000105722.10
00000105723.13
00000105726.17
00000105732.13
00000105737.9
00000105738.11
00000105750.15
00000105755.8
00000105767.3
00000105771.14
00000105778.19
00000105784.15
00000105792.19
00000105793.16
00000105808.18
00000105810.10
00000105819.14
00000105821.15
00000105825.14
00000105829.13
00000105835.12
00000105849.6
00000105851.11
00000105852.11
00000105854.13
00000105855.10
00000105856.14
00000105865.11
00000105866.15
00000105875.14
00000105877.18
00000105879.12
00000105880.7
00000105887.11
00000105889.16
00000105894.12
00000105926.16
00000105928.16
00000105939.13
00000105948.13
00000105953.15
00000105963.15
00000105967.16
00000105968.19
00000105971.15
00000105974.13
00000105976.16
00000105982.17
00000105983.22
00000105988.6
00000105991.10
00000105993.15
00000105996.7
00000105997.22
00000106003.13
00000106004.5
00000106006.6
00000106009.16
00000106012.18
00000106013.15
00000106018.14
00000106025.9
00000106028.11
00000106031.9
00000106034.18
00000106049.9
00000106052.13
00000106066.15
00000106070.20
00000106077.18
00000106078.19
00000106080.11
00000106086.20
00000106089.12
00000106100.11
00000106105.15
00000106123.12
00000106128.19
00000106133.18
00000106144.20
00000106153.13
00000106211.10
00000106236.4
00000106244.13
00000106245.11
00000106246.18
00000106258.15
00000106261.17
00000106263.18
00000106266.11
00000106268.15
00000106278.12
00000106290.15
00000106299.8
00000106305.10
00000106327.13
00000106330.12
00000106333.13
00000106341.11
00000106344.8
00000106346.11
00000106348.18
00000106351.13
00000106355.10
00000106366.9
00000106367.15
00000106392.11
00000106397.12
00000106399.11
00000106400.12
00000106404.14
00000106415.13
00000106443.17
00000106459.15
00000106460.19
00000106462.11
00000106477.20
00000106479.11
00000106483.12
00000106484.16
00000106511.6
00000106524.9
00000106537.8
00000106538.10
00000106546.14
00000106554.13
00000106560.11
00000106565.18
00000106571.15
00000106591.4
00000106603.19
00000106605.11
00000106608.17
00000106609.16
00000106610.15
00000106615.10
00000106617.15
00000106624.11
00000106628.11
00000106633.17
00000106635.8
00000106636.9
00000106638.17
00000106665.16
00000106682.15
00000106683.15
00000106686.16
00000106688.12
00000106689.11
00000106692.15
00000106701.13
00000106714.17
00000106723.17
00000106733.21
00000106771.13
00000106772.18
00000106780.9
00000106785.15
00000106789.13
00000106799.13
00000106803.10
00000106804.8
00000106809.11
00000106819.13
00000106823.12
00000106829.20
00000106852.15
00000106853.20
00000106868.17
00000106948.17
00000106952.7
00000106976.21
00000106991.14
00000106992.19
00000106993.12
00000107020.10
00000107021.16
00000107036.12
00000107077.19
00000107099.16
00000107104.20
00000107105.15
00000107130.10
00000107140.16
00000107147.14
00000107159.13
00000107164.16
00000107175.12
00000107185.10
00000107186.17
00000107201.10
00000107223.13
00000107242.20
00000107249.23
00000107262.26
00000107263.18
00000107281.10
00000107282.8
00000107290.14
00000107295.10
00000107317.13
00000107331.17
00000107338.10
00000107341.5
00000107362.14
00000107371.14
00000107372.13
00000107404.20
00000107438.9
00000107443.16
00000107518.18
00000107521.19
00000107537.14
00000107551.21
00000107554.17
00000107560.12
00000107562.16
00000107566.14
00000107581.13
00000107593.17
00000107611.16
00000107614.22
00000107625.13
00000107643.16
00000107651.13
00000107669.18
00000107672.15
00000107679.14
00000107719.9
00000107731.12
00000107736.21
00000107738.20
00000107742.13
00000107745.19
00000107758.16
00000107771.17
00000107779.14
00000107789.16
00000107796.13
00000107798.18
00000107807.13
00000107815.10
00000107816.17
00000107819.13
00000107821.15
00000107829.15
00000107833.10
00000107854.6
00000107862.6
00000107863.18
00000107864.15
00000107872.13
00000107874.11
00000107882.12
00000107890.17
00000107897.20
00000107902.14
00000107929.15
00000107937.19
00000107938.18
00000107949.17
00000107951.15
00000107954.10
00000107957.16
00000107959.17
00000107960.11
00000107968.10
00000107984.10
00000108001.15
00000108010.12
00000108018.15
00000108021.20
00000108039.18
00000108055.10
00000108061.12
00000108064.11
00000108091.11
00000108094.16
00000108100.18
00000108106.14
00000108107.15
00000108175.17
00000108176.15
00000108179.14
00000108187.16
00000108219.15
00000108231.14
00000108239.9
00000108255.8
00000108256.9
00000108262.16
00000108298.12
00000108306.13
00000108309.14
00000108312.15
00000108342.13
00000108344.15
00000108349.17
00000108352.13
00000108370.17
00000108379.10
00000108381.11
00000108384.15
00000108387.15
00000108389.9
00000108395.14
00000108406.10
00000108423.15
00000108424.11
00000108433.17
00000108439.11
00000108443.14
00000108448.21
00000108452.1
00000108465.15
00000108468.15
00000108469.15
00000108474.17
00000108479.12
00000108506.13
00000108509.21
00000108510.10
00000108515.18
00000108518.8
00000108523.16
00000108528.14
00000108551.5
00000108556.10
00000108557.19
00000108559.12
00000108561.8
00000108578.15
00000108582.12
00000108587.16
00000108588.14
00000108590.11
00000108591.10
00000108592.17
00000108599.15
00000108602.18
00000108604.16
00000108622.11
00000108639.8
00000108641.19
00000108651.10
00000108654.16
00000108666.10
00000108669.16
00000108671.11
00000108679.13
00000108688.11
00000108691.9
00000108700.5
00000108733.11
00000108771.13
00000108773.11
00000108774.15
00000108784.10
00000108785.7
00000108786.11
00000108788.12
00000108797.12
00000108798.9
00000108799.13
00000108819.11
00000108821.14
00000108823.16
00000108826.16
00000108828.16
00000108829.10
00000108830.10
00000108839.12
00000108840.15
00000108846.16
00000108848.16
00000108852.15
00000108854.16
00000108861.9
00000108878.5
00000108883.13
00000108924.14
00000108932.12
00000108946.15
00000108947.5
00000108950.12
00000108953.17
00000108958.4
00000108960.9
00000108961.14
00000108963.19
00000108984.15
00000109016.17
00000109046.15
00000109062.12
00000109063.15
00000109065.12
00000109066.14
00000109072.14
00000109079.10
00000109083.14
00000109084.14
00000109089.7
00000109099.16
00000109103.12
00000109107.14
00000109111.15
00000109113.20
00000109118.14
00000109133.13
00000109158.11
00000109163.7
00000109171.15
00000109180.15
00000109184.15
00000109189.13
00000109220.11
00000109255.11
00000109265.14
00000109270.13
00000109320.13
00000109321.11
00000109323.11
00000109332.20
00000109339.24
00000109381.20
00000109390.13
00000109436.8
00000109445.11
00000109452.12
00000109458.8
00000109466.14
00000109472.14
00000109475.16
00000109501.14
00000109519.13
00000109534.17
00000109536.12
00000109572.14
00000109576.14
00000109586.12
00000109606.13
00000109610.6
00000109618.12
00000109654.16
00000109667.12
00000109670.16
00000109674.4
00000109680.11
00000109685.19
00000109686.19
00000109689.18
00000109705.8
00000109736.15
00000109738.11
00000109743.11
00000109756.9
00000109758.9
00000109762.16
00000109771.15
00000109775.11
00000109787.13
00000109790.16
00000109794.13
00000109805.10
00000109814.12
00000109819.9
00000109832.14
00000109846.9
00000109854.14
00000109861.17
00000109881.17
00000109906.14
00000109911.19
00000109917.11
00000109919.10
00000109920.13
00000109927.11
00000109929.10
00000109944.11
00000109956.13
00000109971.14
00000110002.16
00000110011.13
00000110013.13
00000110025.13
00000110031.13
00000110042.8
00000110046.13
00000110047.18
00000110048.12
00000110057.8
00000110060.9
00000110063.10
00000110066.15
00000110074.11
00000110075.15
00000110076.19
00000110077.14
00000110079.18
00000110080.20
00000110090.13
00000110092.4
00000110104.13
00000110107.9
00000110108.10
00000110148.10
00000110169.11
00000110171.20
00000110172.12
00000110195.14
00000110200.8
00000110218.9
00000110237.5
00000110274.16
00000110315.7
00000110318.15
00000110321.19
00000110324.11
00000110328.6
00000110330.8
00000110344.10
00000110367.13
00000110375.3
00000110395.7
00000110400.11
00000110422.12
00000110427.17
00000110429.14
00000110435.12
00000110436.13
00000110442.12
00000110446.11
00000110448.11
00000110455.14
00000110492.15
00000110497.14
00000110514.19
00000110536.14
00000110583.13
00000110619.18
00000110628.16
00000110651.12
00000110660.15
00000110675.13
00000110693.18
00000110696.10
00000110697.13
00000110700.7
00000110711.10
00000110713.17
00000110717.13
00000110719.10
00000110721.12
00000110723.12
00000110756.18
00000110768.12
00000110786.18
00000110799.14
00000110801.14
00000110811.20
00000110841.14
00000110844.14
00000110848.8
00000110851.12
00000110852.4
00000110871.15
00000110876.10
00000110880.11
00000110881.12
00000110888.17
00000110900.16
00000110906.13
00000110911.16
00000110917.8
00000110921.14
00000110925.7
00000110931.19
00000110934.13
00000110944.9
00000110955.9
00000110958.16
00000110987.9
00000111011.18
00000111012.10
00000111052.7
00000111057.11
00000111058.8
00000111077.18
00000111087.10
00000111110.12
00000111142.14
00000111144.10
00000111145.8
00000111181.12
00000111186.13
00000111196.10
00000111199.12
00000111203.13
00000111206.13
00000111215.12
00000111218.12
00000111224.14
00000111229.16
00000111231.9
00000111237.19
00000111247.15
00000111249.14
00000111252.11
00000111254.8
00000111261.14
00000111262.6
00000111266.9
00000111269.3
00000111271.15
00000111275.13
00000111276.11
00000111300.10
00000111321.11
00000111325.16
00000111328.7
00000111331.13
00000111335.13
00000111341.10
00000111344.11
00000111348.9
00000111358.14
00000111361.13
00000111364.16
00000111371.16
00000111404.7
00000111405.9
00000111412.6
00000111424.12
00000111432.4
00000111445.14
00000111450.14
00000111452.13
00000111481.10
00000111530.13
00000111540.16
00000111554.14
00000111581.10
00000111596.14
00000111602.12
00000111605.18
00000111615.14
00000111639.8
00000111640.15
00000111642.16
00000111644.8
00000111647.13
00000111652.10
00000111653.20
00000111664.11
00000111665.12
00000111666.11
00000111667.14
00000111669.15
00000111670.16
00000111671.10
00000111674.9
00000111676.15
00000111678.11
00000111679.17
00000111684.11
00000111696.12
00000111707.12
00000111711.10
00000111716.14
00000111725.11
00000111726.13
00000111727.12
00000111728.10
00000111731.12
00000111737.12
00000111752.11
00000111775.3
00000111783.13
00000111785.21
00000111786.9
00000111788.10
00000111790.14
00000111796.4
00000111799.21
00000111801.16
00000111802.14
00000111817.19
00000111832.13
00000111834.13
00000111837.12
00000111843.14
00000111845.5
00000111846.19
00000111850.11
00000111859.17
00000111860.14
00000111875.8
00000111877.17
00000111879.20
00000111880.16
00000111885.7
00000111886.11
00000111897.7
00000111906.18
00000111907.21
00000111911.7
00000111912.20
00000111913.20
00000111961.18
00000111962.8
00000111981.5
00000112029.10
00000112031.16
00000112033.14
00000112039.5
00000112062.11
00000112078.14
00000112079.9
00000112081.17
00000112096.19
00000112110.10
00000112118.20
00000112130.17
00000112137.18
00000112139.16
00000112144.16
00000112146.17
00000112149.10
00000112159.12
00000112167.10
00000112182.15
00000112183.15
00000112186.12
00000112200.17
00000112208.11
00000112210.12
00000112212.12
00000112214.10
00000112218.9
00000112232.10
00000112234.9
00000112237.13
00000112242.15
00000112249.14
00000112276.14
00000112280.17
00000112282.18
00000112290.13
00000112293.15
00000112294.14
00000112297.18
00000112299.8
00000112303.14
00000112304.11
00000112305.15
00000112306.8
00000112308.13
00000112309.11
00000112312.10
00000112319.19
00000112320.12
00000112333.12
00000112335.15
00000112339.15
00000112343.11
00000112357.14
00000112365.5
00000112367.12
00000112378.12
00000112379.9
00000112394.17
00000112406.5
00000112414.15
00000112419.14
00000112425.16
00000112473.18
00000112511.18
00000112514.18
00000112530.11
00000112531.17
00000112539.15
00000112541.17
00000112559.15
00000112561.19
00000112562.19
00000112576.13
00000112578.10
00000112584.14
00000112592.14
00000112599.9
00000112619.8
00000112624.12
00000112640.16
00000112651.12
00000112655.16
00000112658.8
00000112659.14
00000112667.13
00000112679.14
00000112685.14
00000112695.11
00000112697.17
00000112699.11
00000112701.18
00000112715.25
00000112739.17
00000112742.10
00000112759.19
00000112763.17
00000112769.20
00000112773.16
00000112787.13
00000112796.10
00000112799.9
00000112837.17
00000112851.15
00000112852.7
00000112855.17
00000112874.10
00000112877.8
00000112893.9
00000112902.12
00000112936.19
00000112941.14
00000112964.14
00000112972.15
00000112977.16
00000112981.5
00000112983.18
00000112984.12
00000112992.18
00000112996.11
00000113013.16
00000113048.17
00000113068.10
00000113070.8
00000113083.15
00000113108.19
00000113119.13
00000113140.11
00000113141.18
00000113161.16
00000113163.18
00000113194.13
00000113205.5
00000113209.9
00000113211.5
00000113212.7
00000113231.14
00000113240.13
00000113248.6
00000113262.16
00000113263.13
00000113269.14
00000113272.14
00000113273.17
00000113282.14
00000113296.14
00000113300.13
00000113312.11
00000113318.11
00000113319.13
00000113327.17
00000113328.19
00000113356.13
00000113360.16
00000113361.13
00000113368.12
00000113369.9
00000113384.14
00000113387.12
00000113389.16
00000113391.19
00000113396.13
00000113407.14
00000113441.16
00000113448.19
00000113456.19
00000113460.13
00000113504.21
00000113522.14
00000113532.13
00000113552.16
00000113555.6
00000113558.19
00000113569.16
00000113575.10
00000113578.18
00000113580.15
00000113583.8
00000113593.12
00000113594.10
00000113595.15
00000113597.18
00000113615.13
00000113621.15
00000113638.14
00000113643.9
00000113645.15
00000113648.16
00000113649.11
00000113657.13
00000113658.18
00000113712.19
00000113716.13
00000113719.16
00000113721.14
00000113732.9
00000113734.18
00000113739.10
00000113742.14
00000113749.7
00000113758.13
00000113761.12
00000113763.12
00000113790.11
00000113805.8
00000113810.16
00000113811.11
00000113812.14
00000113838.13
00000113845.10
00000113851.14
00000113916.18
00000113924.12
00000113966.10
00000113971.20
00000114013.16
00000114019.15
00000114021.12
00000114023.15
00000114026.21
00000114030.13
00000114054.14
00000114062.22
00000114098.18
00000114107.9
00000114113.6
00000114115.10
00000114120.14
00000114125.14
00000114126.18
00000114127.11
00000114166.8
00000114200.10
00000114204.15
00000114209.15
00000114251.15
00000114268.12
00000114270.17
00000114279.13
00000114302.16
00000114315.4
00000114316.13
00000114331.15
00000114346.14
00000114353.17
00000114354.15
00000114374.13
00000114378.17
00000114383.10
00000114388.14
00000114391.13
00000114395.11
00000114405.11
00000114416.18
00000114423.23
00000114439.19
00000114446.5
00000114450.11
00000114473.14
00000114480.13
00000114491.14
00000114503.11
00000114520.11
00000114541.15
00000114544.17
00000114547.10
00000114554.11
00000114573.10
00000114626.18
00000114631.11
00000114646.10
00000114648.12
00000114650.20
00000114654.7
00000114656.12
00000114670.14
00000114686.9
00000114698.15
00000114735.10
00000114737.16
00000114738.11
00000114739.14
00000114742.14
00000114744.9
00000114745.13
00000114757.19
00000114767.7
00000114770.17
00000114779.19
00000114784.4
00000114790.13
00000114796.16
00000114805.18
00000114812.13
00000114841.17
00000114850.7
00000114853.14
00000114857.18
00000114859.16
00000114861.23
00000114867.22
00000114902.14
00000114904.13
00000114923.17
00000114933.16
00000114942.14
00000114948.13
00000114956.20
00000114978.18
00000114982.19
00000114988.12
00000114993.17
00000114999.8
00000115008.6
00000115009.13
00000115020.17
00000115041.13
00000115042.10
00000115053.17
00000115073.8
00000115084.15
00000115085.14
00000115091.12
00000115107.20
00000115109.14
00000115112.8
00000115128.7
00000115129.14
00000115137.12
00000115138.11
00000115145.10
00000115159.16
00000115163.15
00000115165.10
00000115170.15
00000115183.15
00000115194.11
00000115204.15
00000115207.13
00000115211.16
00000115216.14
00000115226.10
00000115232.14
00000115233.12
00000115234.11
00000115239.24
00000115241.11
00000115252.18
00000115255.12
00000115257.15
00000115266.12
00000115267.8
00000115268.10
00000115271.11
00000115274.15
00000115275.14
00000115282.21
00000115286.20
00000115289.14
00000115290.10
00000115295.20
00000115306.16
00000115307.17
00000115310.18
00000115317.12
00000115318.12
00000115325.13
00000115339.14
00000115350.12
00000115353.11
00000115355.17
00000115361.8
00000115363.14
00000115364.14
00000115365.12
00000115368.10
00000115380.20
00000115392.12
00000115414.21
00000115415.20
00000115419.13
00000115421.13
00000115423.19
00000115425.14
00000115446.12
00000115457.10
00000115459.18
00000115461.5
00000115464.15
00000115468.12
00000115474.7
00000115484.15
00000115486.12
00000115504.15
00000115507.10
00000115514.12
00000115520.8
00000115523.17
00000115524.17
00000115525.18
00000115526.11
00000115539.14
00000115540.15
00000115541.11
00000115548.17
00000115556.14
00000115561.16
00000115568.16
00000115590.14
00000115594.12
00000115596.4
00000115602.17
00000115604.11
00000115641.19
00000115649.16
00000115652.15
00000115657.14
00000115661.14
00000115677.17
00000115685.15
00000115687.14
00000115694.15
00000115718.18
00000115738.10
00000115750.17
00000115756.13
00000115758.13
00000115760.14
00000115761.16
00000115762.16
00000115806.13
00000115808.12
00000115816.15
00000115825.11
00000115827.14
00000115828.17
00000115839.18
00000115840.14
00000115841.21
00000115844.11
00000115866.11
00000115875.19
00000115884.11
00000115896.16
00000115902.11
00000115904.14
00000115919.15
00000115935.18
00000115942.9
00000115944.15
00000115946.8
00000115947.14
00000115956.10
00000115963.13
00000115966.17
00000115970.18
00000115977.20
00000115993.13
00000115998.8
00000116001.17
00000116005.12
00000116014.10
00000116016.14
00000116017.11
00000116030.17
00000116031.9
00000116035.4
00000116044.16
00000116062.17
00000116095.11
00000116096.6
00000116106.12
00000116117.18
00000116120.11
00000116127.19
00000116128.11
00000116132.12
00000116133.13
00000116138.13
00000116141.17
00000116147.17
00000116151.14
00000116157.6
00000116161.18
00000116171.19
00000116183.11
00000116191.17
00000116194.13
00000116198.14
00000116199.12
00000116205.14
00000116209.12
00000116212.15
00000116213.16
00000116221.15
00000116237.16
00000116251.11
00000116254.18
00000116260.17
00000116266.11
00000116273.6
00000116285.13
00000116288.13
00000116299.17
00000116329.11
00000116337.19
00000116350.17
00000116353.16
00000116396.15
00000116406.19
00000116455.14
00000116459.11
00000116473.14
00000116478.12
00000116489.13
00000116497.18
00000116514.17
00000116521.11
00000116525.14
00000116539.14
00000116544.12
00000116560.11
00000116574.6
00000116580.18
00000116584.20
00000116586.12
00000116604.18
00000116641.18
00000116649.10
00000116652.6
00000116661.11
00000116663.11
00000116667.15
00000116668.13
00000116670.15
00000116675.16
00000116678.20
00000116679.16
00000116685.16
00000116688.18
00000116691.11
00000116698.21
00000116701.15
00000116703.14
00000116704.8
00000116711.10
00000116717.13
00000116729.14
00000116731.22
00000116741.8
00000116745.7
00000116747.13
00000116750.14
00000116752.6
00000116754.13
00000116761.12
00000116771.6
00000116774.12
00000116786.13
00000116791.14
00000116793.16
00000116809.12
00000116815.16
00000116819.8
00000116824.5
00000116830.12
00000116833.14
00000116852.15
00000116857.17
00000116863.11
00000116871.15
00000116874.12
00000116885.18
00000116898.12
00000116903.7
00000116906.13
00000116918.15
00000116922.14
00000116954.8
00000116962.15
00000116977.19
00000116981.3
00000116983.13
00000116984.14
00000116985.12
00000116990.11
00000116991.11
00000117000.9
00000117009.12
00000117010.17
00000117013.17
00000117016.10
00000117020.18
00000117036.12
00000117054.14
00000117069.15
00000117091.10
00000117114.20
00000117115.13
00000117118.10
00000117122.14
00000117133.11
00000117139.18
00000117143.13
00000117151.13
00000117152.14
00000117153.16
00000117154.12
00000117155.17
00000117174.11
00000117222.14
00000117226.12
00000117228.10
00000117242.7
00000117245.13
00000117262.19
00000117266.16
00000117280.13
00000117281.16
00000117298.16
00000117305.15
00000117308.15
00000117318.9
00000117335.20
00000117360.13
00000117362.13
00000117385.16
00000117394.24
00000117395.13
00000117399.14
00000117407.17
00000117408.11
00000117410.14
00000117411.17
00000117419.16
00000117425.14
00000117448.14
00000117450.15
00000117461.15
00000117472.10
00000117475.14
00000117477.12
00000117479.15
00000117480.16
00000117481.10
00000117500.13
00000117505.13
00000117519.16
00000117523.16
00000117525.14
00000117528.14
00000117533.15
00000117543.21
00000117569.19
00000117586.11
00000117592.9
00000117593.12
00000117594.10
00000117595.12
00000117597.18
00000117598.13
00000117600.12
00000117602.13
00000117614.10
00000117616.18
00000117620.15
00000117625.14
00000117632.23
00000117640.18
00000117643.14
00000117650.13
00000117676.14
00000117682.17
00000117691.10
00000117697.15
00000117707.16
00000117713.20
00000117724.13
00000117748.10
00000117751.18
00000117758.14
00000117791.16
00000117834.13
00000117859.19
00000117862.13
00000117868.17
00000117877.11
00000117899.11
00000117906.14
00000117984.15
00000118004.18
00000118007.13
00000118046.16
00000118058.23
00000118094.12
00000118096.10
00000118160.14
00000118162.14
00000118181.11
00000118193.12
00000118197.14
00000118200.14
00000118217.6
00000118231.5
00000118242.16
00000118246.14
00000118257.17
00000118260.15
00000118263.15
00000118276.11
00000118292.9
00000118298.12
00000118307.20
00000118308.15
00000118322.14
00000118363.12
00000118369.13
00000118402.6
00000118407.15
00000118412.13
00000118418.14
00000118420.17
00000118432.12
00000118454.13
00000118473.22
00000118482.12
00000118495.20
00000118496.5
00000118503.15
00000118507.17
00000118508.5
00000118513.19
00000118514.14
00000118515.11
00000118518.16
00000118520.15
00000118523.6
00000118557.16
00000118564.15
00000118579.13
00000118596.12
00000118600.12
00000118620.13
00000118640.11
00000118655.7
00000118680.14
00000118689.15
00000118690.13
00000118705.17
00000118707.11
00000118729.12
00000118733.17
00000118762.8
00000118777.12
00000118785.14
00000118804.8
00000118816.11
00000118849.10
00000118855.21
00000118873.16
00000118894.15
00000118898.16
00000118900.15
00000118922.17
00000118939.18
00000118946.12
00000118960.13
00000118961.15
00000118965.16
00000118971.9
00000118976.5
00000118985.16
00000118997.14
00000119004.16
00000119013.9
00000119041.11
00000119042.17
00000119048.8
00000119125.17
00000119138.4
00000119147.10
00000119185.13
00000119203.14
00000119227.8
00000119231.11
00000119242.9
00000119280.17
00000119283.15
00000119285.11
00000119314.16
00000119318.13
00000119321.9
00000119326.15
00000119328.12
00000119333.11
00000119335.17
00000119383.20
00000119392.15
00000119396.11
00000119397.17
00000119401.11
00000119402.17
00000119403.15
00000119408.17
00000119411.11
00000119414.12
00000119421.7
00000119431.9
00000119446.14
00000119471.15
00000119487.17
00000119508.18
00000119509.13
00000119514.7
00000119522.16
00000119523.10
00000119535.18
00000119537.18
00000119541.10
00000119547.6
00000119559.17
00000119574.13
00000119596.18
00000119599.17
00000119608.14
00000119616.11
00000119630.14
00000119632.4
00000119636.16
00000119638.14
00000119640.9
00000119650.13
00000119655.11
00000119661.15
00000119669.5
00000119673.14
00000119681.12
00000119682.17
00000119684.16
00000119685.20
00000119686.10
00000119688.21
00000119689.15
00000119698.12
00000119699.8
00000119703.15
00000119705.10
00000119707.14
00000119711.13
00000119714.11
00000119718.11
00000119720.18
00000119723.17
00000119725.20
00000119729.12
00000119737.6
00000119760.16
00000119771.15
00000119772.17
00000119777.20
00000119778.15
00000119782.14
00000119787.14
00000119801.13
00000119812.19
00000119820.11
00000119844.15
00000119862.13
00000119865.9
00000119866.22
00000119878.6
00000119899.13
00000119900.9
00000119906.13
00000119912.18
00000119917.14
00000119922.10
00000119927.14
00000119929.13
00000119938.9
00000119943.13
00000119946.11
00000119950.21
00000119953.14
00000119965.13
00000119969.15
00000119977.21
00000119979.18
00000119986.7
00000120008.16
00000120029.13
00000120049.20
00000120053.12
00000120057.5
00000120063.10
00000120071.15
00000120093.11
00000120129.6
00000120137.7
00000120149.9
00000120156.22
00000120158.12
00000120159.13
00000120162.10
00000120215.10
00000120217.14
00000120251.21
00000120253.14
00000120254.16
00000120262.10
00000120265.18
00000120278.16
00000120279.6
00000120280.6
00000120306.11
00000120314.18
00000120318.16
00000120322.4
00000120324.9
00000120327.6
00000120328.6
00000120329.7
00000120332.16
00000120333.4
00000120334.15
00000120337.8
00000120370.13
00000120437.9
00000120438.12
00000120451.11
00000120457.12
00000120458.13
00000120471.15
00000120500.18
00000120509.11
00000120519.15
00000120526.12
00000120533.13
00000120539.15
00000120549.18
00000120555.13
00000120594.17
00000120616.16
00000120645.12
00000120647.10
00000120656.12
00000120658.13
00000120662.16
00000120669.16
00000120675.6
00000120685.20
00000120686.12
00000120688.9
00000120690.16
00000120693.14
00000120694.20
00000120696.9
00000120697.9
00000120699.13
00000120705.13
00000120708.17
00000120709.11
00000120725.13
00000120727.13
00000120733.14
00000120738.8
00000120742.11
00000120756.13
00000120784.16
00000120798.17
00000120800.5
00000120802.14
00000120805.14
00000120820.12
00000120832.10
00000120833.14
00000120837.8
00000120860.11
00000120868.14
00000120875.9
00000120885.22
00000120889.13
00000120896.13
00000120899.18
00000120907.18
00000120910.15
00000120913.23
00000120915.14
00000120925.16
00000120937.9
00000120942.14
00000120948.18
00000120949.15
00000120963.12
00000120992.18
00000121005.9
00000121022.14
00000121039.10
00000121053.6
00000121057.13
00000121058.5
00000121060.18
00000121064.13
00000121067.19
00000121068.14
00000121073.15
00000121089.4
00000121104.8
00000121152.10
00000121207.12
00000121210.16
00000121236.21
00000121274.14
00000121281.13
00000121289.18
00000121297.8
00000121310.17
00000121316.11
00000121318.2
00000121350.16
00000121361.5
00000121380.12
00000121390.19
00000121406.9
00000121413.13
00000121417.14
00000121440.15
00000121454.6
00000121481.11
00000121486.12
00000121542.12
00000121552.4
00000121577.14
00000121578.13
00000121579.13
00000121594.12
00000121621.7
00000121644.19
00000121653.11
00000121671.12
00000121680.16
00000121690.11
00000121691.7
00000121716.20
00000121741.16
00000121742.19
00000121743.4
00000121749.15
00000121753.12
00000121766.16
00000121769.8
00000121774.18
00000121775.18
00000121797.10
00000121807.6
00000121851.13
00000121858.11
00000121864.10
00000121871.4
00000121879.6
00000121892.15
00000121895.8
00000121897.15
00000121898.13
00000121900.19
00000121903.14
00000121904.17
00000121905.10
00000121931.16
00000121933.19
00000121940.16
00000121957.15
00000121964.14
00000121966.7
00000121988.18
00000121989.15
00000122008.15
00000122026.10
00000122033.14
00000122034.17
00000122035.7
00000122042.10
00000122068.13
00000122085.17
00000122121.11
00000122122.10
00000122126.17
00000122140.11
00000122176.12
00000122203.15
00000122218.16
00000122223.13
00000122254.7
00000122257.20
00000122299.12
00000122335.17
00000122359.18
00000122367.20
00000122376.12
00000122378.14
00000122386.11
00000122390.19
00000122406.14
00000122417.15
00000122432.18
00000122435.10
00000122477.13
00000122481.17
00000122482.21
00000122483.17
00000122484.9
00000122490.19
00000122507.21
00000122512.16
00000122515.15
00000122543.11
00000122545.20
00000122547.11
00000122550.18
00000122557.11
00000122565.19
00000122566.22
00000122574.11
00000122584.13
00000122585.8
00000122591.12
00000122592.8
00000122641.11
00000122642.11
00000122643.22
00000122644.13
00000122674.12
00000122678.17
00000122679.8
00000122691.13
00000122692.9
00000122694.16
00000122696.14
00000122705.17
00000122707.12
00000122729.19
00000122733.12
00000122735.16
00000122741.16
00000122756.15
00000122778.10
00000122779.18
00000122783.17
00000122786.20
00000122824.11
00000122861.16
00000122862.5
00000122863.6
00000122870.12
00000122873.12
00000122877.16
00000122882.11
00000122884.12
00000122912.15
00000122952.17
00000122958.15
00000122965.11
00000122966.17
00000122970.16
00000122971.9
00000122986.14
00000123009.4
00000123064.13
00000123066.9
00000123080.12
00000123091.5
00000123094.15
00000123095.6
00000123096.12
00000123104.12
00000123106.10
00000123119.12
00000123124.14
00000123130.17
00000123131.13
00000123136.15
00000123143.13
00000123144.11
00000123146.20
00000123154.12
00000123159.16
00000123178.15
00000123179.14
00000123191.16
00000123200.17
00000123213.23
00000123219.13
00000123240.17
00000123243.15
00000123268.9
00000123297.20
00000123329.20
00000123338.13
00000123342.16
00000123349.15
00000123352.18
00000123353.10
00000123358.20
00000123360.12
00000123364.5
00000123374.11
00000123384.14
00000123388.4
00000123395.14
00000123405.14
00000123411.15
00000123415.15
00000123416.15
00000123427.17
00000123444.14
00000123453.18
00000123472.12
00000123473.16
00000123485.12
00000123496.8
00000123500.10
00000123505.19
00000123545.6
00000123552.18
00000123560.14
00000123562.18
00000123570.4
00000123575.9
00000123595.8
00000123600.20
00000123607.15
00000123609.11
00000123610.5
00000123636.18
00000123643.13
00000123684.13
00000123685.9
00000123689.6
00000123700.5
00000123728.10
00000123737.13
00000123739.11
00000123810.9
00000123815.13
00000123836.15
00000123870.10
00000123892.12
00000123908.12
00000123933.17
00000123965.13
00000123975.5
00000123983.14
00000123989.14
00000123992.20
00000123999.5
00000124006.15
00000124019.10
00000124067.17
00000124074.12
00000124091.9
00000124097.7
00000124098.10
00000124102.5
00000124104.19
00000124107.5
00000124116.19
00000124120.11
00000124126.14
00000124134.9
00000124140.14
00000124145.6
00000124151.19
00000124155.18
00000124159.15
00000124160.12
00000124164.16
00000124171.9
00000124172.10
00000124177.15
00000124181.14
00000124191.18
00000124193.16
00000124194.17
00000124198.9
00000124201.15
00000124205.18
00000124207.17
00000124209.4
00000124212.6
00000124214.20
00000124215.17
00000124216.4
00000124217.5
00000124222.22
00000124224.17
00000124225.16
00000124226.11
00000124228.14
00000124243.17
00000124251.11
00000124257.6
00000124275.15
00000124279.12
00000124299.15
00000124302.13
00000124313.18
00000124333.16
00000124356.16
00000124357.13
00000124370.11
00000124374.9
00000124380.11
00000124383.9
00000124399.4
00000124406.16
00000124422.12
00000124440.16
00000124444.16
00000124459.12
00000124479.11
00000124486.13
00000124491.16
00000124496.12
00000124507.11
00000124508.17
00000124523.16
00000124532.15
00000124535.16
00000124541.7
00000124549.14
00000124562.10
00000124570.21
00000124571.18
00000124574.15
00000124575.7
00000124587.14
00000124588.21
00000124596.17
00000124602.10
00000124608.5
00000124610.5
00000124613.8
00000124614.16
00000124615.20
00000124635.9
00000124641.16
00000124659.7
00000124688.14
00000124701.5
00000124702.18
00000124713.6
00000124731.13
00000124733.5
00000124749.17
00000124762.14
00000124766.7
00000124767.7
00000124772.12
00000124782.20
00000124783.14
00000124784.9
00000124785.9
00000124786.12
00000124787.14
00000124788.19
00000124789.12
00000124795.17
00000124802.12
00000124813.23
00000124831.19
00000124875.10
00000124920.14
00000124935.4
00000124942.14
00000125037.12
00000125089.17
00000125107.18
00000125122.15
00000125124.13
00000125144.14
00000125148.7
00000125149.12
00000125166.13
00000125170.11
00000125245.13
00000125246.15
00000125247.16
00000125249.7
00000125257.16
00000125266.8
00000125285.6
00000125304.10
00000125319.15
00000125347.14
00000125351.12
00000125352.6
00000125354.24
00000125355.16
00000125356.7
00000125375.16
00000125378.16
00000125386.16
00000125388.20
00000125398.8
00000125409.13
00000125430.9
00000125434.11
00000125445.11
00000125447.18
00000125449.7
00000125450.11
00000125454.12
00000125457.15
00000125458.7
00000125459.17
00000125462.19
00000125482.13
00000125484.12
00000125485.17
00000125503.13
00000125505.17
00000125510.18
00000125520.14
00000125531.7
00000125534.10
00000125538.12
00000125611.15
00000125618.17
00000125629.15
00000125630.16
00000125633.11
00000125637.16
00000125648.15
00000125650.4
00000125651.14
00000125652.8
00000125656.11
00000125657.5
00000125675.18
00000125676.20
00000125686.12
00000125691.14
00000125703.15
00000125726.11
00000125730.17
00000125733.18
00000125734.15
00000125735.11
00000125740.14
00000125741.5
00000125743.10
00000125744.12
00000125746.18
00000125753.14
00000125755.19
00000125772.14
00000125775.15
00000125779.22
00000125787.11
00000125804.14
00000125810.10
00000125812.16
00000125814.17
00000125817.8
00000125818.18
00000125820.6
00000125821.13
00000125826.21
00000125827.9
00000125834.13
00000125835.19
00000125841.13
00000125843.11
00000125844.16
00000125845.7
00000125846.15
00000125848.10
00000125851.10
00000125863.20
00000125864.14
00000125868.16
00000125869.10
00000125870.11
00000125871.14
00000125872.8
00000125875.14
00000125877.13
00000125885.13
00000125895.5
00000125898.13
00000125901.6
00000125910.6
00000125912.11
00000125931.11
00000125944.21
00000125945.15
00000125952.20
00000125962.14
00000125965.9
00000125966.10
00000125967.17
00000125968.9
00000125970.12
00000125971.17
00000125977.7
00000125991.20
00000125995.16
00000125997.5
00000126001.16
00000126003.7
00000126005.17
00000126010.6
00000126012.12
00000126016.16
00000126062.4
00000126067.12
00000126070.20
00000126088.14
00000126091.21
00000126106.14
00000126107.15
00000126214.21
00000126215.14
00000126216.15
00000126217.21
00000126218.12
00000126226.22
00000126243.9
00000126246.10
00000126247.11
00000126249.8
00000126254.12
00000126259.20
00000126261.13
00000126264.10
00000126267.11
00000126351.13
00000126353.3
00000126368.6
00000126391.14
00000126432.14
00000126453.9
00000126456.16
00000126457.22
00000126458.4
00000126460.11
00000126461.15
00000126464.14
00000126500.3
00000126522.17
00000126524.10
00000126561.17
00000126562.17
00000126581.13
00000126583.11
00000126602.11
00000126603.9
00000126653.18
00000126698.11
00000126705.15
00000126709.15
00000126746.17
00000126749.16
00000126756.12
00000126767.18
00000126768.12
00000126773.13
00000126775.9
00000126777.18
00000126778.12
00000126785.13
00000126787.13
00000126790.12
00000126803.9
00000126804.13
00000126814.7
00000126821.8
00000126822.17
00000126838.10
00000126858.18
00000126860.12
00000126861.5
00000126870.16
00000126878.13
00000126882.13
00000126883.17
00000126903.16
00000126934.14
00000126945.9
00000126947.13
00000126950.8
00000126953.8
00000126970.16
00000127022.15
00000127054.21
00000127080.10
00000127081.14
00000127083.7
00000127084.19
00000127124.16
00000127125.9
00000127152.18
00000127184.13
00000127191.18
00000127220.6
00000127241.18
00000127249.15
00000127252.7
00000127311.10
00000127314.18
00000127325.19
00000127328.22
00000127329.16
00000127334.11
00000127337.7
00000127362.2
00000127364.4
00000127366.5
00000127399.15
00000127415.13
00000127418.15
00000127419.17
00000127423.11
00000127445.14
00000127452.9
00000127463.15
00000127472.11
00000127481.15
00000127483.19
00000127507.18
00000127511.10
00000127526.15
00000127527.14
00000127528.6
00000127533.4
00000127540.12
00000127554.13
00000127561.15
00000127564.17
00000127578.7
00000127580.17
00000127585.12
00000127586.17
00000127588.5
00000127589.4
00000127603.30
00000127616.19
00000127663.15
00000127666.10
00000127720.8
00000127774.7
00000127804.13
00000127824.14
00000127837.10
00000127838.14
00000127863.16
00000127870.17
00000127884.5
00000127903.14
00000127914.18
00000127920.6
00000127922.9
00000127946.17
00000127947.16
00000127948.16
00000127951.8
00000127952.17
00000127954.13
00000127955.17
00000127957.18
00000127980.16
00000127989.14
00000127990.19
00000127993.16
00000127995.17
00000128000.17
00000128011.5
00000128016.7
00000128039.12
00000128050.9
00000128052.10
00000128059.8
00000128159.12
00000128165.9
00000128185.10
00000128191.16
00000128203.7
00000128218.8
00000128228.5
00000128242.13
00000128245.15
00000128262.8
00000128266.9
00000128268.12
00000128272.15
00000128274.17
00000128283.7
00000128284.19
00000128285.4
00000128294.16
00000128298.17
00000128309.16
00000128311.14
00000128335.14
00000128340.15
00000128342.5
00000128346.11
00000128394.17
00000128408.9
00000128422.17
00000128463.13
00000128482.16
00000128487.17
00000128510.12
00000128512.23
00000128513.16
00000128524.5
00000128534.8
00000128536.16
00000128563.13
00000128564.7
00000128567.17
00000128573.26
00000128578.10
00000128581.17
00000128585.18
00000128590.5
00000128591.16
00000128594.8
00000128595.17
00000128596.17
00000128602.11
00000128604.20
00000128606.13
00000128607.14
00000128609.16
00000128610.12
00000128617.2
00000128626.12
00000128641.19
00000128652.11
00000128654.14
00000128656.15
00000128683.14
00000128692.8
00000128694.12
00000128699.14
00000128708.13
00000128709.13
00000128710.6
00000128713.14
00000128714.6
00000128731.18
00000128739.23
00000128789.21
00000128791.12
00000128805.15
00000128815.19
00000128829.12
00000128833.13
00000128849.11
00000128872.10
00000128881.17
00000128891.16
00000128908.17
00000128915.12
00000128917.8
00000128918.15
00000128923.11
00000128928.10
00000128944.13
00000128951.14
00000128965.13
00000128973.13
00000128989.11
00000129003.19
00000129009.13
00000129028.9
00000129038.16
00000129048.7
00000129055.13
00000129071.10
00000129083.13
00000129084.18
00000129103.19
00000129116.19
00000129128.13
00000129151.9
00000129158.11
00000129159.9
00000129167.9
00000129173.13
00000129187.14
00000129194.8
00000129195.16
00000129197.14
00000129214.15
00000129219.14
00000129235.11
00000129244.9
00000129245.12
00000129250.12
00000129255.16
00000129292.21
00000129295.9
00000129315.11
00000129317.15
00000129347.21
00000129351.17
00000129353.15
00000129355.7
00000129422.14
00000129437.11
00000129450.8
00000129460.16
00000129465.16
00000129467.14
00000129472.15
00000129473.11
00000129474.16
00000129480.13
00000129484.14
00000129493.15
00000129515.20
00000129518.9
00000129521.15
00000129534.14
00000129535.13
00000129538.14
00000129559.13
00000129562.11
00000129566.13
00000129595.14
00000129596.5
00000129625.13
00000129636.13
00000129646.14
00000129654.8
00000129657.16
00000129667.13
00000129673.10
00000129675.16
00000129680.16
00000129682.16
00000129691.16
00000129696.13
00000129749.3
00000129757.14
00000129810.15
00000129824.16
00000129910.8
00000129911.9
00000129925.11
00000129932.10
00000129933.21
00000129946.10
00000129951.19
00000129968.17
00000129988.6
00000129990.15
00000129993.15
00000130005.13
00000130021.15
00000130023.16
00000130024.15
00000130032.17
00000130035.9
00000130037.5
00000130052.13
00000130054.5
00000130055.14
00000130066.16
00000130119.17
00000130147.16
00000130150.12
00000130158.14
00000130159.14
00000130164.14
00000130165.10
00000130173.13
00000130175.10
00000130176.8
00000130177.16
00000130193.8
00000130202.10
00000130203.10
00000130204.13
00000130208.9
00000130222.11
00000130224.15
00000130226.17
00000130227.17
00000130244.12
00000130254.12
00000130255.13
00000130270.16
00000130287.14
00000130294.17
00000130299.17
00000130300.9
00000130303.13
00000130304.17
00000130305.17
00000130307.12
00000130309.11
00000130311.11
00000130312.7
00000130313.7
00000130332.15
00000130338.13
00000130340.16
00000130347.13
00000130348.11
00000130349.10
00000130363.12
00000130377.13
00000130382.9
00000130396.20
00000130402.13
00000130413.15
00000130414.13
00000130429.15
00000130433.7
00000130449.6
00000130475.14
00000130477.15
00000130479.11
00000130508.11
00000130511.16
00000130513.6
00000130517.14
00000130518.17
00000130520.11
00000130522.6
00000130528.12
00000130529.16
00000130540.14
00000130544.12
00000130558.20
00000130559.19
00000130560.9
00000130584.12
00000130589.16
00000130590.14
00000130592.17
00000130598.16
00000130600.19
00000130635.16
00000130638.17
00000130640.13
00000130643.9
00000130653.16
00000130669.17
00000130675.15
00000130684.14
00000130695.16
00000130699.18
00000130702.15
00000130703.17
00000130706.13
00000130707.18
00000130713.16
00000130714.18
00000130717.13
00000130720.13
00000130723.21
00000130724.9
00000130725.8
00000130726.12
00000130731.16
00000130733.11
00000130734.10
00000130741.11
00000130748.7
00000130749.10
00000130751.10
00000130755.13
00000130758.8
00000130762.15
00000130764.10
00000130766.5
00000130770.18
00000130772.14
00000130775.16
00000130779.21
00000130783.14
00000130787.14
00000130803.15
00000130810.20
00000130811.12
00000130812.10
00000130813.18
00000130816.17
00000130818.12
00000130821.17
00000130822.16
00000130826.18
00000130827.6
00000130829.18
00000130830.15
00000130844.19
00000130856.17
00000130876.11
00000130881.14
00000130921.8
00000130935.10
00000130939.20
00000130940.15
00000130956.14
00000130958.13
00000130962.18
00000130985.17
00000130988.13
00000131002.12
00000131013.4
00000131015.5
00000131016.17
00000131018.24
00000131019.11
00000131023.13
00000131042.15
00000131043.12
00000131044.17
00000131051.24
00000131055.5
00000131061.14
00000131067.17
00000131069.20
00000131080.15
00000131089.17
00000131094.4
00000131095.13
00000131097.7
00000131100.13
00000131115.16
00000131116.12
00000131127.14
00000131142.13
00000131143.10
00000131148.9
00000131149.19
00000131153.9
00000131165.16
00000131171.13
00000131174.7
00000131187.10
00000131188.12
00000131196.18
00000131203.13
00000131236.18
00000131238.18
00000131242.18
00000131263.13
00000131269.19
00000131323.16
00000131351.15
00000131368.8
00000131370.16
00000131373.15
00000131374.14
00000131375.10
00000131378.14
00000131379.10
00000131381.12
00000131386.19
00000131389.17
00000131398.15
00000131401.11
00000131408.15
00000131409.13
00000131435.13
00000131437.16
00000131446.17
00000131459.13
00000131462.8
00000131467.11
00000131469.15
00000131470.15
00000131471.7
00000131473.17
00000131475.7
00000131477.11
00000131480.9
00000131484.4
00000131495.9
00000131503.21
00000131504.17
00000131507.11
00000131508.16
00000131558.15
00000131584.19
00000131591.18
00000131620.17
00000131626.19
00000131634.14
00000131650.14
00000131652.14
00000131653.13
00000131668.14
00000131669.10
00000131697.18
00000131711.15
00000131724.11
00000131725.14
00000131730.16
00000131732.12
00000131747.15
00000131748.16
00000131759.18
00000131771.14
00000131773.14
00000131778.19
00000131779.11
00000131781.13
00000131788.16
00000131791.8
00000131797.12
00000131828.14
00000131831.18
00000131844.16
00000131845.15
00000131848.9
00000131849.12
00000131871.15
00000131873.7
00000131876.17
00000131899.11
00000131931.8
00000131941.8
00000131943.18
00000131944.10
00000131966.14
00000131969.15
00000131979.20
00000131981.16
00000131982.5
00000132000.13
00000132002.9
00000132003.9
00000132004.13
00000132005.9
00000132016.11
00000132017.10
00000132024.17
00000132031.13
00000132109.10
00000132122.12
00000132128.16
00000132141.14
00000132153.15
00000132155.13
00000132164.10
00000132170.23
00000132182.12
00000132185.18
00000132196.15
00000132199.20
00000132205.11
00000132254.13
00000132256.19
00000132274.16
00000132275.11
00000132286.12
00000132294.15
00000132300.19
00000132305.21
00000132313.15
00000132321.17
00000132323.9
00000132326.12
00000132329.11
00000132330.18
00000132334.17
00000132341.12
00000132356.11
00000132357.14
00000132359.15
00000132361.18
00000132376.20
00000132382.15
00000132383.12
00000132386.11
00000132388.12
00000132394.11
00000132405.19
00000132406.12
00000132423.12
00000132424.16
00000132429.10
00000132432.14
00000132434.9
00000132436.11
00000132463.14
00000132465.12
00000132466.19
00000132467.4
00000132470.14
00000132471.12
00000132475.10
00000132478.10
00000132481.7
00000132485.14
00000132507.18
00000132510.10
00000132514.14
00000132522.16
00000132530.17
00000132535.21
00000132541.11
00000132549.18
00000132554.20
00000132561.14
00000132563.16
00000132570.15
00000132581.10
00000132589.16
00000132591.12
00000132600.17
00000132603.15
00000132604.11
00000132612.16
00000132613.15
00000132622.11
00000132623.16
00000132635.17
00000132639.13
00000132640.15
00000132646.11
00000132661.4
00000132664.12
00000132669.13
00000132670.20
00000132676.16
00000132677.13
00000132680.11
00000132688.11
00000132692.19
00000132694.19
00000132702.13
00000132716.19
00000132718.9
00000132740.10
00000132744.8
00000132763.15
00000132768.14
00000132773.12
00000132780.17
00000132792.19
00000132793.12
00000132801.7
00000132819.17
00000132821.12
00000132823.11
00000132824.14
00000132825.7
00000132837.15
00000132840.10
00000132842.14
00000132846.6
00000132849.21
00000132855.5
00000132872.12
00000132879.14
00000132881.12
00000132906.18
00000132912.13
00000132932.17
00000132950.19
00000132952.12
00000132953.16
00000132963.8
00000132964.12
00000132965.10
00000132967.9
00000132970.14
00000132975.8
00000133019.12
00000133026.13
00000133027.18
00000133028.12
00000133030.22
00000133048.13
00000133055.9
00000133056.13
00000133059.17
00000133063.16
00000133065.11
00000133067.17
00000133069.17
00000133083.15
00000133101.10
00000133103.17
00000133104.14
00000133106.15
00000133107.15
00000133110.15
00000133111.4
00000133112.17
00000133114.18
00000133119.13
00000133121.21
00000133131.15
00000133134.12
00000133135.14
00000133136.4
00000133138.20
00000133142.18
00000133169.6
00000133193.12
00000133195.11
00000133216.17
00000133226.17
00000133243.10
00000133246.12
00000133247.14
00000133250.14
00000133256.13
00000133265.11
00000133275.16
00000133302.13
00000133313.15
00000133315.12
00000133316.15
00000133318.14
00000133321.11
00000133392.18
00000133393.13
00000133398.4
00000133401.16
00000133422.14
00000133424.22
00000133433.11
00000133460.19
00000133466.14
00000133519.12
00000133561.15
00000133574.10
00000133597.11
00000133606.11
00000133612.19
00000133619.17
00000133624.13
00000133627.18
00000133639.6
00000133641.18
00000133657.16
00000133678.14
00000133687.16
00000133703.13
00000133704.10
00000133706.19
00000133731.10
00000133739.16
00000133740.11
00000133742.14
00000133773.12
00000133789.15
00000133794.20
00000133800.9
00000133805.15
00000133812.16
00000133816.17
00000133818.14
00000133835.17
00000133858.17
00000133872.14
00000133874.2
00000133878.9
00000133884.10
00000133895.17
00000133935.7
00000133937.5
00000133943.21
00000133958.13
00000133961.20
00000133983.16
00000133985.3
00000133997.12
00000134001.15
00000134007.5
00000134013.16
00000134014.17
00000134020.8
00000134028.14
00000134030.14
00000134042.14
00000134046.12
00000134049.6
00000134056.12
00000134057.15
00000134058.12
00000134061.5
00000134070.5
00000134072.11
00000134077.16
00000134086.8
00000134107.5
00000134108.14
00000134109.11
00000134121.10
00000134138.20
00000134146.12
00000134152.11
00000134153.10
00000134183.12
00000134184.13
00000134186.12
00000134198.10
00000134201.12
00000134202.11
00000134207.17
00000134215.16
00000134222.16
00000134242.16
00000134243.12
00000134245.18
00000134247.10
00000134248.14
00000134250.20
00000134253.10
00000134255.14
00000134256.12
00000134259.5
00000134262.13
00000134265.13
00000134278.15
00000134283.18
00000134285.11
00000134287.10
00000134291.12
00000134294.14
00000134297.6
00000134308.14
00000134313.16
00000134317.18
00000134318.14
00000134321.12
00000134323.12
00000134324.12
00000134326.11
00000134330.19
00000134333.14
00000134339.9
00000134343.14
00000134352.20
00000134363.12
00000134369.15
00000134371.14
00000134375.11
00000134376.16
00000134419.15
00000134440.12
00000134444.15
00000134452.20
00000134453.16
00000134460.18
00000134461.16
00000134463.15
00000134470.21
00000134480.16
00000134490.14
00000134504.14
00000134508.12
00000134516.18
00000134531.10
00000134532.19
00000134533.6
00000134548.11
00000134551.13
00000134569.10
00000134574.12
00000134575.13
00000134590.14
00000134594.5
00000134595.9
00000134597.16
00000134602.16
00000134627.12
00000134644.16
00000134668.12
00000134684.11
00000134686.18
00000134690.11
00000134697.13
00000134698.11
00000134716.11
00000134717.18
00000134744.14
00000134748.13
00000134755.17
00000134758.14
00000134759.14
00000134769.21
00000134775.15
00000134779.15
00000134780.10
00000134802.18
00000134809.9
00000134815.19
00000134817.11
00000134824.14
00000134825.16
00000134830.6
00000134851.13
00000134852.15
00000134853.12
00000134864.10
00000134871.19
00000134873.10
00000134874.18
00000134882.16
00000134884.15
00000134897.14
00000134899.23
00000134900.12
00000134901.13
00000134905.17
00000134909.18
00000134910.14
00000134917.10
00000134940.14
00000134954.14
00000134955.12
00000134970.14
00000134982.17
00000134986.14
00000134987.11
00000134996.12
00000135002.12
00000135018.14
00000135040.16
00000135045.7
00000135046.14
00000135047.16
00000135048.14
00000135049.16
00000135052.16
00000135063.19
00000135069.14
00000135070.15
00000135074.16
00000135077.9
00000135083.16
00000135090.14
00000135093.13
00000135094.11
00000135097.7
00000135108.15
00000135111.16
00000135114.12
00000135116.9
00000135119.15
00000135124.15
00000135127.11
00000135144.7
00000135148.12
00000135164.19
00000135185.12
00000135205.15
00000135211.6
00000135218.19
00000135241.17
00000135245.10
00000135248.15
00000135249.8
00000135250.17
00000135253.15
00000135269.18
00000135272.12
00000135297.16
00000135298.14
00000135299.17
00000135314.12
00000135315.12
00000135316.19
00000135317.13
00000135318.12
00000135324.6
00000135333.14
00000135334.9
00000135336.15
00000135338.14
00000135341.18
00000135362.14
00000135363.12
00000135365.16
00000135372.9
00000135378.4
00000135387.21
00000135390.21
00000135392.18
00000135404.12
00000135406.14
00000135407.10
00000135414.10
00000135424.18
00000135426.16
00000135436.8
00000135437.10
00000135439.11
00000135441.7
00000135446.17
00000135447.17
00000135451.13
00000135452.10
00000135454.14
00000135457.10
00000135469.14
00000135472.9
00000135473.15
00000135476.12
00000135482.7
00000135486.19
00000135503.13
00000135506.16
00000135519.8
00000135521.9
00000135525.18
00000135535.17
00000135537.17
00000135540.11
00000135541.21
00000135547.9
00000135549.15
00000135587.9
00000135596.18
00000135597.19
00000135604.10
00000135605.13
00000135617.4
00000135622.13
00000135624.16
00000135631.17
00000135632.12
00000135636.14
00000135637.14
00000135638.14
00000135643.5
00000135655.16
00000135677.11
00000135678.12
00000135679.25
00000135686.13
00000135697.10
00000135698.10
00000135709.12
00000135720.13
00000135722.9
00000135723.14
00000135736.6
00000135740.17
00000135744.8
00000135749.19
00000135750.15
00000135763.10
00000135766.9
00000135773.13
00000135775.14
00000135776.5
00000135778.12
00000135801.10
00000135821.19
00000135823.14
00000135824.12
00000135828.11
00000135829.17
00000135835.12
00000135837.16
00000135838.13
00000135842.17
00000135845.10
00000135862.6
00000135870.12
00000135899.19
00000135900.4
00000135903.20
00000135905.20
00000135912.11
00000135913.11
00000135914.6
00000135916.16
00000135917.16
00000135919.14
00000135924.16
00000135925.9
00000135926.15
00000135929.9
00000135930.14
00000135931.18
00000135932.11
00000135940.7
00000135945.10
00000135951.16
00000135953.11
00000135956.9
00000135966.13
00000135968.21
00000135972.9
00000135973.3
00000135974.10
00000135976.20
00000135999.12
00000136002.20
00000136003.16
00000136010.14
00000136021.19
00000136026.14
00000136040.9
00000136044.12
00000136045.12
00000136048.14
00000136051.15
00000136052.9
00000136059.14
00000136068.15
00000136098.17
00000136099.13
00000136100.14
00000136104.21
00000136108.15
00000136110.13
00000136111.14
00000136114.17
00000136122.18
00000136141.15
00000136143.16
00000136144.12
00000136146.15
00000136147.18
00000136149.6
00000136152.15
00000136153.20
00000136156.15
00000136158.12
00000136159.4
00000136160.17
00000136161.13
00000136167.15
00000136169.16
00000136193.17
00000136205.17
00000136206.4
00000136213.10
00000136231.14
00000136235.17
00000136237.19
00000136238.18
00000136240.10
00000136243.17
00000136244.12
00000136247.15
00000136250.12
00000136261.15
00000136267.14
00000136270.14
00000136271.10
00000136273.13
00000136274.9
00000136279.21
00000136280.17
00000136286.16
00000136295.15
00000136297.15
00000136315.4
00000136319.12
00000136367.14
00000136371.11
00000136378.15
00000136379.12
00000136381.13
00000136383.7
00000136404.16
00000136425.14
00000136436.15
00000136444.10
00000136448.13
00000136449.15
00000136450.13
00000136451.9
00000136457.10
00000136463.8
00000136478.8
00000136485.15
00000136490.9
00000136492.9
00000136504.13
00000136514.3
00000136518.17
00000136521.13
00000136522.14
00000136527.18
00000136531.18
00000136536.15
00000136541.15
00000136542.9
00000136546.16
00000136560.14
00000136603.14
00000136628.18
00000136630.13
00000136631.15
00000136634.7
00000136636.13
00000136643.12
00000136682.15
00000136689.19
00000136699.19
00000136709.12
00000136710.10
00000136715.19
00000136717.15
00000136718.10
00000136720.7
00000136731.13
00000136732.16
00000136738.15
00000136750.13
00000136754.18
00000136758.19
00000136770.11
00000136783.10
00000136802.12
00000136807.14
00000136810.13
00000136811.16
00000136813.14
00000136816.16
00000136819.15
00000136824.19
00000136826.15
00000136827.12
00000136828.19
00000136830.12
00000136840.19
00000136842.14
00000136848.17
00000136854.24
00000136856.18
00000136859.10
00000136861.18
00000136866.14
00000136867.11
00000136868.11
00000136869.16
00000136870.10
00000136874.11
00000136875.13
00000136877.15
00000136878.14
00000136888.8
00000136891.14
00000136895.19
00000136897.8
00000136908.18
00000136918.8
00000136925.15
00000136928.7
00000136930.13
00000136932.14
00000136933.17
00000136935.14
00000136936.11
00000136937.13
00000136938.9
00000136940.14
00000136942.15
00000136943.11
00000136950.13
00000136960.13
00000136982.6
00000136986.10
00000136997.21
00000136999.5
00000137033.11
00000137038.8
00000137040.10
00000137054.16
00000137055.15
00000137070.18
00000137073.23
00000137074.20
00000137075.18
00000137076.21
00000137078.9
00000137094.15
00000137098.14
00000137100.16
00000137101.13
00000137103.20
00000137106.18
00000137124.8
00000137135.18
00000137142.5
00000137145.20
00000137154.13
00000137161.17
00000137166.16
00000137168.8
00000137171.15
00000137177.20
00000137185.13
00000137193.14
00000137198.10
00000137200.13
00000137203.15
00000137207.12
00000137210.14
00000137216.19
00000137218.10
00000137221.14
00000137261.14
00000137266.15
00000137267.6
00000137269.15
00000137273.6
00000137274.13
00000137275.15
00000137285.10
00000137288.10
00000137309.20
00000137310.12
00000137312.15
00000137331.12
00000137337.15
00000137338.5
00000137343.18
00000137364.5
00000137393.10
00000137404.14
00000137409.19
00000137413.16
00000137414.6
00000137434.11
00000137441.8
00000137449.17
00000137460.9
00000137462.9
00000137463.5
00000137474.22
00000137478.15
00000137486.17
00000137491.15
00000137492.8
00000137494.14
00000137496.18
00000137497.18
00000137500.9
00000137501.17
00000137502.10
00000137504.14
00000137507.11
00000137509.11
00000137513.10
00000137522.18
00000137547.9
00000137558.9
00000137561.5
00000137563.13
00000137571.11
00000137573.14
00000137574.11
00000137575.12
00000137601.17
00000137628.17
00000137642.13
00000137656.12
00000137672.13
00000137673.9
00000137691.13
00000137692.12
00000137693.14
00000137700.18
00000137710.17
00000137713.16
00000137714.3
00000137720.8
00000137726.17
00000137727.12
00000137752.24
00000137757.11
00000137760.15
00000137764.20
00000137766.17
00000137767.14
00000137770.14
00000137776.17
00000137801.11
00000137802.14
00000137806.10
00000137807.16
00000137809.17
00000137812.20
00000137814.12
00000137815.14
00000137817.17
00000137818.12
00000137819.14
00000137821.12
00000137822.13
00000137824.16
00000137825.11
00000137831.15
00000137834.15
00000137841.12
00000137842.7
00000137843.12
00000137845.15
00000137857.17
00000137868.19
00000137869.15
00000137871.20
00000137872.17
00000137876.11
00000137877.10
00000137936.18
00000137941.17
00000137942.17
00000137944.18
00000137947.12
00000137955.16
00000137959.16
00000137962.13
00000137965.11
00000137968.16
00000137970.7
00000137976.7
00000137992.14
00000137996.13
00000138002.16
00000138018.18
00000138028.16
00000138029.14
00000138030.13
00000138031.14
00000138032.21
00000138035.15
00000138036.18
00000138050.15
00000138061.12
00000138069.18
00000138071.14
00000138073.14
00000138074.15
00000138078.16
00000138080.14
00000138081.21
00000138085.17
00000138092.11
00000138095.19
00000138101.19
00000138107.13
00000138111.14
00000138115.14
00000138119.17
00000138131.4
00000138134.12
00000138135.7
00000138138.13
00000138160.7
00000138162.19
00000138166.6
00000138172.11
00000138175.9
00000138180.16
00000138182.15
00000138185.20
00000138190.17
00000138193.16
00000138207.14
00000138231.13
00000138246.17
00000138279.16
00000138286.15
00000138303.18
00000138311.18
00000138316.11
00000138326.21
00000138336.9
00000138346.15
00000138356.14
00000138363.15
00000138375.13
00000138376.11
00000138378.19
00000138379.5
00000138380.18
00000138381.10
00000138382.15
00000138385.16
00000138386.17
00000138398.17
00000138399.18
00000138400.13
00000138411.13
00000138413.14
00000138430.16
00000138433.16
00000138434.17
00000138435.16
00000138439.12
00000138442.10
00000138443.17
00000138448.12
00000138449.11
00000138459.9
00000138463.9
00000138468.16
00000138495.7
00000138496.16
00000138587.6
00000138592.14
00000138593.9
00000138594.14
00000138600.10
00000138604.10
00000138606.19
00000138613.14
00000138614.15
00000138615.6
00000138617.16
00000138621.12
00000138623.10
00000138629.16
00000138639.18
00000138640.15
00000138642.15
00000138646.9
00000138650.9
00000138658.16
00000138660.12
00000138663.9
00000138668.19
00000138670.18
00000138674.17
00000138678.11
00000138685.17
00000138686.10
00000138688.15
00000138696.11
00000138698.15
00000138709.19
00000138722.10
00000138735.16
00000138738.11
00000138741.11
00000138744.16
00000138750.15
00000138755.6
00000138756.18
00000138757.15
00000138758.12
00000138759.19
00000138760.10
00000138764.15
00000138767.13
00000138768.15
00000138769.11
00000138771.16
00000138772.13
00000138777.20
00000138778.13
00000138780.15
00000138785.15
00000138792.10
00000138794.10
00000138795.10
00000138796.17
00000138798.13
00000138801.9
00000138802.11
00000138814.17
00000138821.13
00000138823.13
00000138829.12
00000138834.14
00000138835.22
00000138867.17
00000138942.16
00000138944.8
00000138964.17
00000139044.12
00000139055.7
00000139083.11
00000139112.11
00000139116.19
00000139117.14
00000139131.13
00000139132.14
00000139133.7
00000139146.14
00000139154.16
00000139155.9
00000139160.13
00000139163.16
00000139168.9
00000139173.10
00000139174.12
00000139178.11
00000139180.11
00000139182.15
00000139187.10
00000139190.17
00000139192.12
00000139193.4
00000139194.8
00000139197.11
00000139200.14
00000139211.7
00000139218.18
00000139219.19
00000139220.17
00000139233.7
00000139239.7
00000139263.12
00000139266.6
00000139278.10
00000139289.13
00000139291.14
00000139292.13
00000139318.8
00000139323.14
00000139324.12
00000139329.5
00000139343.10
00000139344.8
00000139350.12
00000139351.15
00000139352.4
00000139354.11
00000139364.10
00000139370.12
00000139372.15
00000139405.16
00000139410.15
00000139428.12
00000139433.11
00000139436.21
00000139437.18
00000139438.6
00000139445.18
00000139496.16
00000139505.11
00000139508.15
00000139514.13
00000139517.9
00000139531.13
00000139537.11
00000139546.11
00000139547.7
00000139567.13
00000139572.4
00000139579.13
00000139597.18
00000139613.12
00000139618.16
00000139620.13
00000139624.14
00000139625.13
00000139626.16
00000139629.16
00000139631.19
00000139636.15
00000139641.13
00000139644.13
00000139645.10
00000139651.11
00000139668.9
00000139675.12
00000139679.15
00000139684.15
00000139687.16
00000139697.14
00000139714.12
00000139718.11
00000139719.11
00000139722.7
00000139726.11
00000139734.19
00000139737.22
00000139746.16
00000139767.10
00000139793.18
00000139800.8
00000139826.6
00000139832.5
00000139835.14
00000139842.15
00000139874.6
00000139880.19
00000139890.10
00000139899.11
00000139908.15
00000139910.20
00000139915.21
00000139921.13
00000139926.16
00000139946.10
00000139970.17
00000139971.15
00000139973.16
00000139974.16
00000139977.14
00000139985.7
00000139988.10
00000139990.18
00000139998.16
00000140006.11
00000140009.18
00000140022.13
00000140025.16
00000140030.6
00000140043.11
00000140044.13
00000140067.6
00000140090.18
00000140092.14
00000140104.14
00000140105.18
00000140153.18
00000140157.15
00000140199.13
00000140259.7
00000140262.18
00000140263.15
00000140264.21
00000140265.12
00000140280.14
00000140299.13
00000140307.11
00000140319.11
00000140320.12
00000140323.6
00000140326.13
00000140332.17
00000140350.15
00000140365.16
00000140367.12
00000140368.13
00000140374.16
00000140379.9
00000140382.15
00000140386.13
00000140391.15
00000140395.9
00000140396.13
00000140398.14
00000140400.17
00000140403.12
00000140406.4
00000140416.23
00000140443.15
00000140450.9
00000140451.13
00000140455.17
00000140459.18
00000140463.14
00000140464.20
00000140470.15
00000140471.17
00000140474.14
00000140479.18
00000140497.16
00000140511.12
00000140519.14
00000140521.17
00000140522.12
00000140525.19
00000140526.18
00000140527.15
00000140534.14
00000140538.16
00000140545.15
00000140548.10
00000140553.18
00000140557.12
00000140564.12
00000140575.13
00000140577.16
00000140598.15
00000140600.17
00000140612.14
00000140632.17
00000140650.12
00000140678.17
00000140682.19
00000140688.17
00000140691.18
00000140694.17
00000140718.21
00000140740.11
00000140743.8
00000140749.9
00000140750.17
00000140807.7
00000140829.12
00000140830.9
00000140832.10
00000140836.17
00000140839.11
00000140848.17
00000140853.16
00000140854.13
00000140859.16
00000140873.16
00000140876.11
00000140905.11
00000140931.20
00000140932.10
00000140937.14
00000140939.14
00000140941.14
00000140943.17
00000140945.17
00000140948.13
00000140950.16
00000140961.14
00000140968.11
00000140983.14
00000140987.20
00000140988.16
00000140990.15
00000140992.19
00000140993.11
00000140995.17
00000141002.20
00000141012.13
00000141013.17
00000141026.6
00000141027.21
00000141028.6
00000141030.13
00000141034.10
00000141040.15
00000141068.14
00000141076.18
00000141084.11
00000141098.13
00000141101.13
00000141127.15
00000141179.14
00000141198.16
00000141219.15
00000141232.5
00000141252.20
00000141258.13
00000141279.17
00000141294.10
00000141295.14
00000141298.19
00000141314.13
00000141337.12
00000141338.14
00000141349.8
00000141367.12
00000141376.23
00000141378.15
00000141380.14
00000141384.13
00000141385.10
00000141391.14
00000141401.12
00000141404.17
00000141424.13
00000141425.18
00000141428.17
00000141429.13
00000141431.12
00000141433.13
00000141441.16
00000141446.11
00000141447.18
00000141449.15
00000141452.10
00000141456.16
00000141458.13
00000141469.18
00000141480.18
00000141485.17
00000141497.14
00000141499.17
00000141503.17
00000141504.12
00000141505.12
00000141506.14
00000141510.18
00000141519.15
00000141522.12
00000141524.17
00000141526.17
00000141540.11
00000141542.11
00000141543.12
00000141551.14
00000141552.18
00000141556.21
00000141560.15
00000141562.18
00000141564.15
00000141568.21
00000141569.12
00000141570.11
00000141574.8
00000141576.16
00000141577.14
00000141579.7
00000141580.16
00000141582.15
00000141622.14
00000141627.14
00000141639.12
00000141642.9
00000141644.17
00000141646.14
00000141655.17
00000141664.10
00000141665.13
00000141668.10
00000141682.12
00000141696.13
00000141698.17
00000141699.11
00000141736.14
00000141741.12
00000141744.4
00000141750.7
00000141753.7
00000141756.19
00000141759.15
00000141837.21
00000141854.9
00000141858.12
00000141867.18
00000141873.11
00000141905.19
00000141933.9
00000141934.10
00000141956.14
00000141959.17
00000141965.5
00000141968.8
00000141971.13
00000141985.9
00000141994.16
00000142002.17
00000142039.4
00000142046.15
00000142065.14
00000142082.15
00000142089.16
00000142102.16
00000142149.9
00000142156.15
00000142166.13
00000142168.15
00000142173.16
00000142178.9
00000142185.16
00000142186.17
00000142188.17
00000142192.21
00000142197.12
00000142207.7
00000142208.17
00000142227.11
00000142230.13
00000142233.14
00000142235.12
00000142252.11
00000142279.13
00000142303.14
00000142327.13
00000142330.20
00000142347.19
00000142396.10
00000142408.6
00000142409.6
00000142444.7
00000142449.13
00000142453.12
00000142459.8
00000142494.13
00000142507.10
00000142512.15
00000142513.6
00000142528.16
00000142530.11
00000142534.7
00000142541.18
00000142544.7
00000142546.14
00000142549.9
00000142552.8
00000142556.19
00000142583.18
00000142599.19
00000142606.16
00000142611.17
00000142621.19
00000142627.13
00000142632.17
00000142634.13
00000142655.13
00000142657.21
00000142669.15
00000142675.18
00000142676.14
00000142686.8
00000142687.18
00000142698.15
00000142700.12
00000142731.11
00000142733.17
00000142748.13
00000142751.15
00000142765.18
00000142784.16
00000142794.19
00000142798.20
00000142856.17
00000142864.15
00000142867.14
00000142871.18
00000142875.19
00000142892.15
00000142910.16
00000142920.17
00000142937.12
00000142945.13
00000142949.17
00000142959.5
00000142961.15
00000143013.13
00000143028.9
00000143033.18
00000143036.17
00000143061.18
00000143067.5
00000143079.15
00000143093.15
00000143106.13
00000143107.10
00000143110.12
00000143119.14
00000143125.6
00000143126.8
00000143127.13
00000143147.14
00000143149.12
00000143153.13
00000143155.13
00000143156.14
00000143157.12
00000143158.11
00000143162.9
00000143164.15
00000143171.13
00000143178.13
00000143179.16
00000143183.18
00000143185.4
00000143190.23
00000143194.13
00000143195.13
00000143198.13
00000143207.21
00000143222.12
00000143224.18
00000143226.15
00000143228.13
00000143248.13
00000143252.16
00000143256.5
00000143257.12
00000143258.16
00000143294.15
00000143303.12
00000143314.12
00000143315.8
00000143318.13
00000143319.17
00000143320.9
00000143321.19
00000143322.21
00000143324.14
00000143333.7
00000143337.19
00000143341.12
00000143344.16
00000143353.12
00000143355.16
00000143363.17
00000143367.16
00000143368.10
00000143369.15
00000143373.18
00000143374.17
00000143375.15
00000143376.14
00000143379.12
00000143382.15
00000143384.14
00000143387.14
00000143390.18
00000143393.16
00000143398.20
00000143401.15
00000143409.15
00000143412.10
00000143416.21
00000143418.20
00000143420.19
00000143429.10
00000143434.16
00000143436.11
00000143437.21
00000143442.22
00000143443.10
00000143457.11
00000143458.12
00000143469.20
00000143473.13
00000143476.18
00000143479.17
00000143486.16
00000143493.13
00000143494.15
00000143498.18
00000143499.14
00000143502.15
00000143507.18
00000143514.17
00000143515.19
00000143537.14
00000143543.15
00000143545.10
00000143546.10
00000143549.21
00000143552.9
00000143553.11
00000143554.14
00000143569.19
00000143570.19
00000143575.15
00000143578.16
00000143590.14
00000143603.19
00000143612.21
00000143614.10
00000143621.17
00000143622.11
00000143624.14
00000143630.10
00000143632.14
00000143633.13
00000143641.10
00000143643.13
00000143653.10
00000143669.14
00000143702.16
00000143727.16
00000143740.14
00000143742.14
00000143748.18
00000143751.10
00000143753.13
00000143756.12
00000143761.16
00000143768.13
00000143771.12
00000143772.9
00000143774.17
00000143776.18
00000143786.8
00000143793.13
00000143797.12
00000143799.14
00000143811.19
00000143815.15
00000143816.8
00000143819.12
00000143842.15
00000143845.15
00000143847.15
00000143850.16
00000143851.15
00000143858.12
00000143862.8
00000143867.7
00000143869.7
00000143870.13
00000143878.10
00000143882.12
00000143889.16
00000143891.17
00000143919.15
00000143924.19
00000143933.19
00000143942.5
00000143947.14
00000143951.16
00000143952.20
00000143970.17
00000143971.9
00000143977.14
00000143994.14
00000143995.20
00000144021.3
00000144026.12
00000144028.15
00000144029.12
00000144031.12
00000144034.16
00000144036.16
00000144040.13
00000144043.12
00000144048.10
00000144057.15
00000144061.14
00000144115.17
00000144118.14
00000144119.4
00000144120.13
00000144134.18
00000144136.11
00000144152.13
00000144158.4
00000144161.13
00000144182.17
00000144191.12
00000144199.12
00000144214.10
00000144218.19
00000144224.17
00000144227.5
00000144228.9
00000144230.16
00000144231.11
00000144233.10
00000144278.15
00000144283.22
00000144285.22
00000144290.17
00000144306.15
00000144320.14
00000144331.20
00000144339.12
00000144354.14
00000144355.15
00000144357.18
00000144362.12
00000144366.16
00000144369.13
00000144381.18
00000144395.18
00000144401.14
00000144406.19
00000144410.5
00000144426.18
00000144445.17
00000144451.19
00000144452.15
00000144455.14
00000144468.17
00000144476.6
00000144481.17
00000144485.11
00000144488.15
00000144504.15
00000144524.18
00000144535.20
00000144550.13
00000144554.12
00000144559.10
00000144560.15
00000144566.11
00000144567.11
00000144579.8
00000144580.14
00000144583.5
00000144589.22
00000144591.19
00000144596.13
00000144597.14
00000144619.15
00000144635.9
00000144642.22
00000144645.14
00000144647.6
00000144649.9
00000144655.15
00000144659.13
00000144668.12
00000144674.16
00000144677.15
00000144681.10
00000144711.16
00000144712.12
00000144713.13
00000144724.20
00000144730.19
00000144736.14
00000144741.18
00000144744.17
00000144746.7
00000144747.17
00000144749.14
00000144791.10
00000144792.9
00000144802.11
00000144810.16
00000144815.16
00000144821.10
00000144824.21
00000144827.9
00000144834.14
00000144837.9
00000144840.10
00000144843.11
00000144847.13
00000144848.11
00000144857.14
00000144867.13
00000144868.14
00000144891.18
00000144893.12
00000144895.12
00000144908.14
00000144909.8
00000144935.15
00000144959.11
00000145002.12
00000145012.13
00000145014.18
00000145016.16
00000145022.4
00000145040.4
00000145041.15
00000145050.19
00000145087.13
00000145088.9
00000145147.20
00000145191.15
00000145198.14
00000145214.14
00000145216.16
00000145217.14
00000145220.14
00000145241.11
00000145242.13
00000145246.14
00000145247.12
00000145248.7
00000145283.8
00000145284.12
00000145287.11
00000145293.16
00000145331.14
00000145332.14
00000145335.17
00000145348.17
00000145349.17
00000145354.12
00000145358.6
00000145362.20
00000145365.11
00000145375.9
00000145386.11
00000145388.15
00000145390.11
00000145391.13
00000145414.9
00000145416.13
00000145423.5
00000145425.10
00000145428.15
00000145431.11
00000145439.12
00000145476.16
00000145491.12
00000145494.12
00000145495.16
00000145506.14
00000145526.12
00000145536.15
00000145545.12
00000145555.15
00000145569.6
00000145592.14
00000145604.17
00000145623.13
00000145632.15
00000145642.12
00000145649.8
00000145675.15
00000145681.11
00000145685.14
00000145687.16
00000145703.16
00000145708.11
00000145715.15
00000145721.12
00000145723.17
00000145725.20
00000145730.20
00000145734.19
00000145736.14
00000145740.19
00000145741.16
00000145743.17
00000145757.16
00000145779.8
00000145780.8
00000145781.9
00000145782.13
00000145794.17
00000145817.17
00000145819.18
00000145824.13
00000145832.14
00000145833.16
00000145850.9
00000145860.12
00000145861.9
00000145864.14
00000145868.17
00000145879.11
00000145882.11
00000145901.16
00000145907.16
00000145908.12
00000145911.6
00000145912.9
00000145916.19
00000145919.11
00000145920.15
00000145934.16
00000145936.9
00000145945.7
00000145949.11
00000145979.18
00000145982.13
00000145990.11
00000145996.11
00000146001.5
00000146005.4
00000146006.8
00000146007.11
00000146021.15
00000146038.12
00000146063.20
00000146066.3
00000146067.16
00000146070.17
00000146072.6
00000146083.12
00000146085.8
00000146090.16
00000146094.15
00000146109.5
00000146112.12
00000146122.17
00000146143.19
00000146147.15
00000146151.14
00000146192.15
00000146197.9
00000146205.14
00000146215.14
00000146216.13
00000146223.16
00000146232.17
00000146233.8
00000146242.9
00000146243.14
00000146247.14
00000146250.7
00000146263.11
00000146267.12
00000146278.11
00000146281.6
00000146282.18
00000146350.14
00000146352.13
00000146373.16
00000146376.11
00000146386.8
00000146409.12
00000146410.12
00000146411.6
00000146414.16
00000146416.19
00000146425.11
00000146426.18
00000146433.9
00000146457.16
00000146463.12
00000146476.11
00000146477.6
00000146535.14
00000146540.15
00000146555.19
00000146556.14
00000146574.16
00000146576.13
00000146587.18
00000146592.17
00000146648.19
00000146670.10
00000146674.15
00000146676.10
00000146677.7
00000146678.10
00000146700.9
00000146701.12
00000146707.14
00000146729.10
00000146731.11
00000146733.14
00000146757.14
00000146776.14
00000146802.13
00000146826.17
00000146828.18
00000146830.11
00000146833.16
00000146834.14
00000146842.17
00000146856.14
00000146858.8
00000146859.6
00000146872.18
00000146904.9
00000146909.8
00000146918.20
00000146938.16
00000146950.13
00000146963.18
00000146966.13
00000147003.7
00000147010.18
00000147027.4
00000147036.12
00000147041.12
00000147044.22
00000147050.16
00000147065.17
00000147099.21
00000147100.11
00000147113.17
00000147117.8
00000147118.12
00000147119.4
00000147121.16
00000147123.11
00000147124.12
00000147127.8
00000147130.14
00000147133.16
00000147140.17
00000147144.13
00000147145.12
00000147155.11
00000147162.14
00000147164.12
00000147166.11
00000147168.13
00000147174.11
00000147180.17
00000147202.18
00000147224.13
00000147231.14
00000147234.10
00000147251.15
00000147255.19
00000147256.12
00000147257.15
00000147274.14
00000147316.13
00000147324.11
00000147364.17
00000147383.11
00000147394.18
00000147400.10
00000147403.18
00000147408.14
00000147416.11
00000147419.19
00000147421.18
00000147434.9
00000147437.10
00000147439.13
00000147443.13
00000147454.14
00000147457.14
00000147459.18
00000147471.12
00000147475.17
00000147481.17
00000147485.13
00000147488.11
00000147509.14
00000147526.20
00000147533.17
00000147535.17
00000147536.12
00000147548.17
00000147576.17
00000147586.10
00000147588.7
00000147592.9
00000147601.15
00000147604.14
00000147606.9
00000147642.17
00000147649.10
00000147650.11
00000147654.15
00000147655.12
00000147669.11
00000147676.14
00000147677.11
00000147679.12
00000147684.10
00000147687.19
00000147724.12
00000147789.15
00000147799.11
00000147804.10
00000147813.16
00000147852.16
00000147853.17
00000147854.17
00000147862.17
00000147872.10
00000147874.11
00000147883.12
00000147889.18
00000147894.17
00000147896.3
00000147905.18
00000147912.13
00000147955.17
00000147996.16
00000148019.14
00000148053.17
00000148057.16
00000148082.10
00000148090.12
00000148110.16
00000148120.17
00000148123.15
00000148143.13
00000148153.14
00000148154.10
00000148158.17
00000148175.13
00000148180.21
00000148187.18
00000148200.17
00000148204.12
00000148218.16
00000148219.17
00000148225.16
00000148229.13
00000148248.14
00000148288.13
00000148290.10
00000148291.10
00000148296.7
00000148297.16
00000148300.12
00000148303.17
00000148308.18
00000148331.12
00000148334.16
00000148335.15
00000148337.21
00000148339.12
00000148341.18
00000148343.18
00000148344.11
00000148356.14
00000148357.16
00000148358.20
00000148362.11
00000148384.14
00000148396.18
00000148399.13
00000148400.12
00000148408.13
00000148411.8
00000148426.13
00000148429.14
00000148444.16
00000148450.13
00000148459.16
00000148468.17
00000148481.14
00000148482.12
00000148484.18
00000148488.17
00000148498.16
00000148516.22
00000148541.13
00000148572.16
00000148600.15
00000148604.15
00000148606.13
00000148634.16
00000148655.15
00000148660.20
00000148672.9
00000148680.16
00000148688.14
00000148690.12
00000148700.15
00000148719.15
00000148730.7
00000148735.15
00000148737.17
00000148773.14
00000148798.11
00000148803.12
00000148814.18
00000148824.19
00000148826.9
00000148834.13
00000148835.11
00000148840.11
00000148841.17
00000148842.18
00000148843.15
00000148848.14
00000148908.15
00000148925.11
00000148926.10
00000148935.11
00000148943.12
00000148948.8
00000148950.11
00000148985.20
00000149016.16
00000149050.10
00000149084.13
00000149089.13
00000149090.12
00000149091.15
00000149100.13
00000149115.14
00000149131.17
00000149136.9
00000149150.9
00000149177.13
00000149179.14
00000149182.15
00000149187.18
00000149196.16
00000149201.10
00000149212.12
00000149218.5
00000149231.15
00000149243.16
00000149256.16
00000149257.16
00000149260.18
00000149262.17
00000149269.10
00000149273.15
00000149289.11
00000149292.17
00000149294.17
00000149295.14
00000149308.17
00000149311.19
00000149313.11
00000149328.15
00000149346.15
00000149357.10
00000149380.12
00000149403.13
00000149418.11
00000149428.19
00000149451.18
00000149474.14
00000149476.16
00000149480.7
00000149483.12
00000149485.19
00000149489.9
00000149499.12
00000149503.13
00000149527.18
00000149531.15
00000149532.16
00000149541.10
00000149547.15
00000149548.15
00000149554.13
00000149557.14
00000149564.12
00000149571.12
00000149573.9
00000149575.9
00000149577.16
00000149582.16
00000149591.17
00000149596.7
00000149599.15
00000149600.12
00000149609.6
00000149633.12
00000149634.4
00000149636.16
00000149639.15
00000149654.11
00000149657.20
00000149658.18
00000149679.11
00000149716.13
00000149735.7
00000149743.14
00000149761.9
00000149781.13
00000149782.13
00000149792.9
00000149806.11
00000149809.16
00000149823.9
00000149922.11
00000149923.14
00000149925.22
00000149926.13
00000149927.18
00000149929.16
00000149930.18
00000149932.17
00000149948.14
00000149970.16
00000149972.11
00000150048.10
00000150051.14
00000150093.20
00000150275.19
00000150281.7
00000150316.12
00000150337.13
00000150347.16
00000150394.14
00000150401.15
00000150403.18
00000150433.9
00000150455.13
00000150456.11
00000150457.9
00000150459.12
00000150471.16
00000150477.15
00000150510.17
00000150527.17
00000150540.14
00000150551.11
00000150593.18
00000150594.7
00000150625.16
00000150627.16
00000150628.7
00000150630.4
00000150636.17
00000150637.9
00000150656.15
00000150667.8
00000150672.17
00000150681.10
00000150687.12
00000150712.11
00000150722.10
00000150753.12
00000150756.14
00000150760.13
00000150764.14
00000150768.16
00000150773.11
00000150776.18
00000150779.12
00000150782.12
00000150787.8
00000150867.14
00000150873.12
00000150893.11
00000150907.10
00000150938.10
00000150961.15
00000150967.18
00000150977.10
00000150990.8
00000150991.15
00000150995.20
00000151006.7
00000151012.13
00000151014.6
00000151023.17
00000151025.11
00000151062.15
00000151065.14
00000151067.22
00000151079.7
00000151090.20
00000151092.18
00000151093.8
00000151116.17
00000151117.9
00000151131.11
00000151135.10
00000151136.15
00000151148.14
00000151150.22
00000151151.6
00000151164.19
00000151176.8
00000151208.17
00000151229.13
00000151233.11
00000151239.14
00000151240.17
00000151247.12
00000151276.23
00000151287.17
00000151292.17
00000151304.6
00000151320.11
00000151322.19
00000151327.13
00000151332.19
00000151348.15
00000151353.15
00000151364.17
00000151365.2
00000151366.13
00000151376.17
00000151388.11
00000151413.17
00000151414.15
00000151422.13
00000151445.16
00000151458.12
00000151461.20
00000151465.14
00000151466.12
00000151468.11
00000151470.13
00000151474.23
00000151490.15
00000151491.14
00000151498.12
00000151500.15
00000151502.11
00000151503.13
00000151532.14
00000151552.12
00000151553.15
00000151572.18
00000151575.14
00000151576.10
00000151611.16
00000151612.18
00000151617.17
00000151623.15
00000151640.13
00000151650.8
00000151651.16
00000151655.19
00000151657.12
00000151665.13
00000151687.14
00000151689.13
00000151690.15
00000151692.15
00000151693.11
00000151694.14
00000151702.17
00000151715.8
00000151718.16
00000151725.12
00000151726.15
00000151729.11
00000151743.11
00000151746.15
00000151748.15
00000151773.13
00000151778.11
00000151779.13
00000151789.12
00000151790.9
00000151806.14
00000151834.16
00000151835.16
00000151846.8
00000151849.15
00000151876.13
00000151881.15
00000151883.19
00000151892.15
00000151893.15
00000151914.20
00000151917.18
00000151923.17
00000151929.10
00000151948.12
00000151963.4
00000151967.18
00000152049.6
00000152056.17
00000152061.23
00000152076.19
00000152078.10
00000152082.15
00000152092.16
00000152102.18
00000152104.12
00000152117.17
00000152127.9
00000152128.13
00000152133.16
00000152137.8
00000152147.11
00000152154.11
00000152192.8
00000152193.8
00000152207.7
00000152208.13
00000152213.4
00000152214.14
00000152217.20
00000152219.5
00000152223.15
00000152229.18
00000152234.16
00000152240.13
00000152242.11
00000152253.9
00000152256.14
00000152270.9
00000152284.5
00000152291.14
00000152292.17
00000152315.5
00000152332.16
00000152348.16
00000152359.15
00000152377.14
00000152380.10
00000152382.6
00000152402.11
00000152404.15
00000152409.9
00000152413.15
00000152422.16
00000152433.15
00000152439.13
00000152443.13
00000152454.4
00000152455.16
00000152457.18
00000152464.15
00000152465.18
00000152467.10
00000152475.7
00000152484.14
00000152492.15
00000152495.11
00000152503.10
00000152518.8
00000152520.14
00000152527.14
00000152556.17
00000152558.15
00000152578.13
00000152582.14
00000152583.12
00000152595.16
00000152601.17
00000152620.13
00000152642.11
00000152661.9
00000152669.9
00000152672.8
00000152683.14
00000152684.11
00000152689.18
00000152700.14
00000152705.8
00000152749.8
00000152760.10
00000152763.17
00000152766.6
00000152767.17
00000152778.9
00000152782.16
00000152784.16
00000152795.17
00000152804.11
00000152818.18
00000152822.14
00000152894.15
00000152904.11
00000152910.19
00000152926.15
00000152932.8
00000152936.10
00000152939.17
00000152942.19
00000152944.9
00000152952.12
00000152953.13
00000152954.12
00000152977.10
00000152990.14
00000153006.16
00000153012.12
00000153015.16
00000153029.14
00000153037.15
00000153044.10
00000153046.18
00000153048.11
00000153064.12
00000153066.13
00000153071.15
00000153086.14
00000153094.24
00000153107.13
00000153113.24
00000153130.17
00000153132.13
00000153140.9
00000153147.6
00000153157.13
00000153162.9
00000153179.13
00000153187.20
00000153201.16
00000153207.16
00000153208.17
00000153214.11
00000153233.13
00000153234.15
00000153237.18
00000153246.13
00000153250.20
00000153253.19
00000153266.13
00000153291.16
00000153310.19
00000153317.15
00000153339.15
00000153347.10
00000153363.13
00000153391.16
00000153395.10
00000153404.14
00000153406.14
00000153443.13
00000153446.16
00000153485.6
00000153487.13
00000153495.11
00000153531.13
00000153551.14
00000153558.16
00000153560.12
00000153561.13
00000153563.16
00000153574.9
00000153707.17
00000153714.6
00000153721.19
00000153767.10
00000153774.9
00000153786.13
00000153790.12
00000153814.13
00000153815.16
00000153820.13
00000153822.14
00000153823.19
00000153827.14
00000153832.12
00000153879.9
00000153885.14
00000153896.19
00000153898.13
00000153902.14
00000153904.21
00000153914.16
00000153922.11
00000153930.12
00000153933.10
00000153936.17
00000153944.12
00000153956.16
00000153975.10
00000153976.3
00000153982.11
00000153989.8
00000153993.13
00000154001.14
00000154016.14
00000154027.19
00000154040.21
00000154059.11
00000154065.17
00000154079.6
00000154080.14
00000154096.14
00000154099.18
00000154102.11
00000154114.12
00000154118.13
00000154122.14
00000154124.5
00000154127.10
00000154133.15
00000154134.15
00000154144.13
00000154146.13
00000154153.13
00000154174.8
00000154175.18
00000154188.10
00000154217.15
00000154222.15
00000154229.12
00000154237.13
00000154240.17
00000154252.12
00000154258.17
00000154262.13
00000154265.16
00000154274.15
00000154277.13
00000154305.18
00000154309.9
00000154310.17
00000154316.16
00000154319.16
00000154328.16
00000154330.13
00000154358.22
00000154359.13
00000154370.16
00000154380.17
00000154429.11
00000154447.15
00000154451.14
00000154473.18
00000154479.13
00000154493.19
00000154511.12
00000154518.10
00000154529.15
00000154545.16
00000154548.9
00000154553.16
00000154556.18
00000154582.17
00000154589.7
00000154608.14
00000154620.6
00000154639.19
00000154640.15
00000154642.11
00000154645.14
00000154654.15
00000154655.16
00000154678.18
00000154710.18
00000154719.14
00000154721.15
00000154723.12
00000154727.11
00000154734.16
00000154736.6
00000154743.18
00000154760.14
00000154764.6
00000154767.15
00000154781.16
00000154783.12
00000154803.13
00000154813.10
00000154814.14
00000154822.18
00000154832.15
00000154839.10
00000154845.16
00000154856.13
00000154864.13
00000154874.15
00000154889.17
00000154898.15
00000154914.17
00000154917.11
00000154920.15
00000154928.18
00000154930.15
00000154945.7
00000154957.14
00000154975.14
00000154978.13
00000155008.14
00000155016.18
00000155034.19
00000155052.14
00000155066.16
00000155085.15
00000155090.15
00000155093.19
00000155096.14
00000155097.12
00000155099.8
00000155100.11
00000155111.15
00000155115.7
00000155158.20
00000155189.12
00000155229.21
00000155252.13
00000155254.13
00000155256.17
00000155265.11
00000155275.19
00000155287.11
00000155304.6
00000155307.19
00000155313.15
00000155324.10
00000155329.12
00000155330.10
00000155363.18
00000155366.17
00000155367.15
00000155368.16
00000155380.12
00000155393.13
00000155428.12
00000155438.12
00000155463.14
00000155465.20
00000155506.18
00000155508.14
00000155511.18
00000155530.3
00000155542.12
00000155545.20
00000155561.15
00000155592.16
00000155621.15
00000155629.15
00000155636.15
00000155657.28
00000155659.15
00000155660.11
00000155666.12
00000155714.14
00000155729.13
00000155744.9
00000155749.13
00000155755.19
00000155760.2
00000155792.10
00000155816.20
00000155827.12
00000155846.17
00000155849.15
00000155850.8
00000155858.6
00000155868.8
00000155876.6
00000155886.11
00000155893.13
00000155897.10
00000155903.13
00000155906.19
00000155926.14
00000155957.18
00000155959.12
00000155961.5
00000155962.13
00000155966.14
00000155970.12
00000155974.12
00000155975.10
00000155980.13
00000156006.5
00000156011.17
00000156017.13
00000156026.14
00000156030.13
00000156042.18
00000156049.7
00000156050.10
00000156052.11
00000156076.10
00000156103.16
00000156110.15
00000156113.24
00000156127.8
00000156136.10
00000156140.10
00000156162.16
00000156170.13
00000156171.15
00000156172.6
00000156206.14
00000156218.13
00000156219.17
00000156222.12
00000156232.7
00000156234.7
00000156239.12
00000156253.7
00000156256.15
00000156261.13
00000156265.16
00000156273.16
00000156298.13
00000156299.13
00000156304.15
00000156313.15
00000156345.18
00000156374.16
00000156381.9
00000156384.14
00000156395.13
00000156398.13
00000156411.10
00000156414.19
00000156453.14
00000156467.10
00000156469.9
00000156471.13
00000156475.18
00000156482.11
00000156486.8
00000156500.15
00000156502.14
00000156504.16
00000156508.19
00000156509.14
00000156510.13
00000156515.24
00000156521.14
00000156531.17
00000156535.15
00000156564.9
00000156574.10
00000156587.16
00000156599.11
00000156603.19
00000156639.12
00000156642.17
00000156650.14
00000156671.15
00000156675.16
00000156687.11
00000156689.7
00000156697.13
00000156709.15
00000156711.17
00000156735.11
00000156787.17
00000156795.8
00000156802.13
00000156804.7
00000156831.8
00000156853.13
00000156858.12
00000156860.16
00000156869.14
00000156873.16
00000156875.14
00000156876.10
00000156925.12
00000156928.5
00000156931.16
00000156958.15
00000156959.9
00000156966.7
00000156968.9
00000156970.13
00000156973.14
00000156976.17
00000156983.16
00000156990.14
00000157005.4
00000157014.11
00000157017.16
00000157020.18
00000157021.9
00000157036.13
00000157045.9
00000157064.11
00000157077.15
00000157087.20
00000157103.12
00000157106.17
00000157107.14
00000157110.16
00000157150.5
00000157152.17
00000157168.20
00000157181.16
00000157184.7
00000157191.20
00000157193.18
00000157212.19
00000157214.14
00000157216.15
00000157224.16
00000157227.13
00000157240.4
00000157259.8
00000157303.11
00000157306.14
00000157315.5
00000157322.17
00000157326.19
00000157330.10
00000157343.9
00000157349.17
00000157350.13
00000157353.17
00000157368.11
00000157379.14
00000157388.19
00000157399.16
00000157404.16
00000157423.18
00000157426.14
00000157429.16
00000157445.15
00000157450.16
00000157456.8
00000157470.12
00000157483.9
00000157500.12
00000157502.13
00000157510.14
00000157514.16
00000157538.14
00000157540.22
00000157542.11
00000157554.19
00000157557.13
00000157570.12
00000157578.13
00000157593.19
00000157600.12
00000157601.14
00000157613.11
00000157617.17
00000157625.15
00000157637.13
00000157653.12
00000157654.19
00000157657.14
00000157680.15
00000157693.15
00000157734.14
00000157741.15
00000157764.14
00000157765.13
00000157766.19
00000157778.9
00000157782.9
00000157796.18
00000157800.18
00000157823.17
00000157827.20
00000157833.13
00000157837.16
00000157851.17
00000157856.12
00000157869.16
00000157870.17
00000157873.17
00000157881.16
00000157890.17
00000157895.11
00000157911.11
00000157916.20
00000157927.17
00000157933.10
00000157954.15
00000157978.12
00000157985.19
00000157992.12
00000157999.6
00000158006.14
00000158008.10
00000158019.21
00000158023.10
00000158042.9
00000158050.5
00000158055.16
00000158062.20
00000158079.16
00000158089.15
00000158092.7
00000158104.11
00000158106.14
00000158109.15
00000158113.13
00000158122.12
00000158156.9
00000158158.12
00000158161.16
00000158163.15
00000158164.7
00000158169.13
00000158186.13
00000158195.11
00000158201.10
00000158220.14
00000158234.12
00000158246.8
00000158258.16
00000158270.12
00000158286.13
00000158290.18
00000158292.7
00000158296.14
00000158301.18
00000158315.11
00000158321.18
00000158352.16
00000158373.8
00000158402.20
00000158406.5
00000158411.11
00000158417.11
00000158423.17
00000158435.8
00000158445.10
00000158457.6
00000158458.21
00000158467.16
00000158470.5
00000158473.8
00000158480.11
00000158483.17
00000158516.12
00000158517.15
00000158526.8
00000158528.12
00000158545.16
00000158552.13
00000158555.15
00000158560.14
00000158571.11
00000158578.21
00000158604.15
00000158615.9
00000158623.14
00000158636.16
00000158669.11
00000158683.9
00000158691.14
00000158710.15
00000158711.14
00000158714.11
00000158715.6
00000158716.9
00000158717.11
00000158747.15
00000158769.18
00000158773.14
00000158792.16
00000158793.14
00000158796.17
00000158805.12
00000158806.14
00000158813.18
00000158815.11
00000158825.6
00000158828.8
00000158850.15
00000158856.18
00000158859.10
00000158863.22
00000158864.13
00000158865.12
00000158869.11
00000158882.15
00000158887.19
00000158941.16
00000158966.16
00000158985.14
00000158987.22
00000159023.22
00000159055.4
00000159063.13
00000159069.14
00000159079.19
00000159082.18
00000159086.15
00000159110.20
00000159111.13
00000159128.15
00000159131.17
00000159140.21
00000159147.18
00000159164.10
00000159167.12
00000159176.14
00000159184.8
00000159189.12
00000159199.14
00000159200.18
00000159202.18
00000159208.16
00000159210.10
00000159212.13
00000159214.13
00000159216.19
00000159228.13
00000159231.6
00000159251.8
00000159256.13
00000159259.8
00000159263.16
00000159267.15
00000159314.11
00000159322.17
00000159335.18
00000159346.13
00000159348.13
00000159352.16
00000159363.19
00000159374.17
00000159377.11
00000159388.6
00000159399.10
00000159403.18
00000159409.15
00000159423.17
00000159433.12
00000159445.13
00000159459.12
00000159461.15
00000159479.17
00000159496.14
00000159556.10
00000159579.14
00000159588.15
00000159592.11
00000159593.15
00000159596.7
00000159618.16
00000159625.15
00000159640.17
00000159658.14
00000159674.12
00000159685.11
00000159692.16
00000159708.18
00000159712.10
00000159713.11
00000159714.12
00000159720.12
00000159723.5
00000159733.14
00000159753.14
00000159761.15
00000159784.18
00000159788.19
00000159792.10
00000159840.16
00000159842.15
00000159871.15
00000159873.10
00000159882.13
00000159884.12
00000159885.14
00000159899.15
00000159905.15
00000159915.12
00000159917.17
00000159921.19
00000159958.7
00000160007.19
00000160013.9
00000160014.17
00000160049.12
00000160050.15
00000160051.12
00000160055.20
00000160058.19
00000160062.15
00000160072.20
00000160075.12
00000160087.21
00000160094.15
00000160097.20
00000160113.5
00000160117.16
00000160124.9
00000160131.13
00000160145.15
00000160172.10
00000160179.19
00000160188.10
00000160190.14
00000160191.18
00000160193.12
00000160194.18
00000160199.15
00000160200.18
00000160207.9
00000160208.13
00000160209.19
00000160211.19
00000160213.9
00000160214.13
00000160216.21
00000160218.13
00000160219.12
00000160221.18
00000160223.17
00000160224.17
00000160226.16
00000160229.13
00000160255.18
00000160256.13
00000160271.16
00000160282.14
00000160284.15
00000160285.15
00000160293.17
00000160294.11
00000160298.18
00000160299.17
00000160305.18
00000160307.10
00000160310.18
00000160318.6
00000160323.19
00000160325.15
00000160326.14
00000160336.16
00000160345.13
00000160352.16
00000160360.13
00000160392.13
00000160401.15
00000160404.18
00000160410.15
00000160439.16
00000160445.11
00000160446.19
00000160447.7
00000160460.16
00000160469.17
00000160539.6
00000160551.12
00000160563.14
00000160570.14
00000160584.16
00000160588.10
00000160593.19
00000160602.14
00000160606.11
00000160613.14
00000160633.13
00000160678.12
00000160679.13
00000160685.13
00000160688.19
00000160691.19
00000160695.15
00000160703.16
00000160710.17
00000160712.13
00000160714.10
00000160716.6
00000160741.17
00000160746.13
00000160752.15
00000160753.16
00000160766.14
00000160767.21
00000160781.17
00000160783.19
00000160785.13
00000160789.22
00000160791.13
00000160796.18
00000160799.11
00000160801.14
00000160803.8
00000160808.11
00000160813.7
00000160818.17
00000160838.14
00000160862.13
00000160867.15
00000160877.6
00000160883.11
00000160888.7
00000160908.15
00000160917.15
00000160932.11
00000160948.14
00000160949.17
00000160953.16
00000160957.14
00000160959.8
00000160961.12
00000160963.14
00000160972.9
00000160991.16
00000160993.4
00000160999.10
00000161010.15
00000161011.20
00000161013.17
00000161016.18
00000161021.13
00000161036.13
00000161040.16
00000161048.11
00000161057.13
00000161082.13
00000161091.13
00000161132.6
00000161179.14
00000161202.20
00000161203.13
00000161204.11
00000161217.12
00000161243.9
00000161265.15
00000161267.12
00000161277.11
00000161281.11
00000161298.18
00000161328.11
00000161381.14
00000161395.14
00000161509.14
00000161513.12
00000161526.15
00000161533.12
00000161542.17
00000161544.10
00000161547.17
00000161551.14
00000161558.11
00000161618.10
00000161638.11
00000161640.15
00000161642.18
00000161643.13
00000161647.19
00000161653.11
00000161654.10
00000161664.7
00000161671.17
00000161677.12
00000161681.16
00000161682.15
00000161692.18
00000161714.12
00000161791.14
00000161798.7
00000161800.13
00000161813.22
00000161835.11
00000161847.14
00000161860.8
00000161888.11
00000161896.12
00000161904.12
00000161911.11
00000161912.18
00000161914.10
00000161920.11
00000161921.17
00000161929.15
00000161940.11
00000161944.16
00000161955.16
00000161956.13
00000161960.16
00000161970.15
00000161980.6
00000161981.11
00000161996.19
00000161999.13
00000162004.18
00000162062.15
00000162063.13
00000162065.14
00000162066.16
00000162068.2
00000162073.14
00000162076.13
00000162086.16
00000162104.10
00000162105.19
00000162129.14
00000162139.10
00000162144.10
00000162148.11
00000162174.12
00000162188.6
00000162191.14
00000162194.12
00000162222.14
00000162227.8
00000162231.14
00000162236.13
00000162241.12
00000162244.12
00000162298.19
00000162300.13
00000162302.13
00000162337.12
00000162341.18
00000162366.8
00000162367.11
00000162368.13
00000162373.13
00000162374.18
00000162377.6
00000162378.13
00000162383.13
00000162384.14
00000162385.11
00000162390.18
00000162391.12
00000162396.6
00000162402.14
00000162407.9
00000162408.11
00000162409.11
00000162413.16
00000162415.7
00000162419.13
00000162426.16
00000162430.17
00000162433.15
00000162434.13
00000162437.14
00000162441.12
00000162444.12
00000162458.13
00000162461.8
00000162482.5
00000162490.7
00000162493.16
00000162496.9
00000162511.8
00000162512.16
00000162517.13
00000162520.15
00000162521.19
00000162522.11
00000162526.7
00000162542.13
00000162543.6
00000162545.6
00000162551.14
00000162552.15
00000162572.21
00000162576.17
00000162585.17
00000162591.16
00000162595.7
00000162599.17
00000162600.12
00000162601.11
00000162604.12
00000162607.13
00000162613.17
00000162614.19
00000162616.9
00000162618.15
00000162623.16
00000162627.17
00000162630.6
00000162631.19
00000162636.16
00000162639.16
00000162641.20
00000162642.14
00000162643.13
00000162645.13
00000162650.16
00000162654.9
00000162664.17
00000162669.16
00000162670.11
00000162687.19
00000162688.17
00000162692.12
00000162694.14
00000162695.12
00000162702.8
00000162704.16
00000162706.13
00000162711.18
00000162714.12
00000162723.10
00000162728.5
00000162729.14
00000162733.19
00000162734.13
00000162735.19
00000162736.17
00000162738.6
00000162739.14
00000162745.10
00000162746.14
00000162747.12
00000162755.14
00000162757.4
00000162769.13
00000162772.17
00000162775.16
00000162777.17
00000162783.11
00000162804.14
00000162813.18
00000162814.11
00000162817.7
00000162819.12
00000162825.16
00000162836.12
00000162840.4
00000162849.16
00000162851.8
00000162852.14
00000162869.16
00000162873.15
00000162877.13
00000162878.13
00000162881.6
00000162882.15
00000162885.14
00000162889.11
00000162894.12
00000162909.18
00000162910.19
00000162923.17
00000162924.15
00000162927.14
00000162928.9
00000162929.14
00000162931.12
00000162944.11
00000162946.23
00000162951.11
00000162959.13
00000162961.14
00000162971.11
00000162972.10
00000162975.5
00000162976.13
00000162980.17
00000162981.14
00000162989.5
00000162992.4
00000162994.16
00000162997.15
00000162998.5
00000162999.13
00000163001.12
00000163002.13
00000163006.12
00000163013.12
00000163016.10
00000163017.14
00000163026.12
00000163029.16
00000163032.12
00000163040.15
00000163041.13
00000163053.11
00000163064.7
00000163069.13
00000163071.11
00000163072.16
00000163075.13
00000163082.10
00000163083.6
00000163093.12
00000163104.18
00000163106.11
00000163110.15
00000163121.10
00000163125.15
00000163126.15
00000163131.11
00000163132.8
00000163138.19
00000163141.20
00000163145.13
00000163154.6
00000163155.12
00000163156.12
00000163157.15
00000163159.14
00000163161.14
00000163162.9
00000163166.15
00000163170.12
00000163171.8
00000163191.6
00000163214.21
00000163219.12
00000163220.11
00000163221.9
00000163235.16
00000163249.13
00000163251.4
00000163257.11
00000163263.7
00000163273.4
00000163281.12
00000163285.8
00000163288.14
00000163291.14
00000163297.17
00000163312.11
00000163319.11
00000163320.12
00000163322.14
00000163328.14
00000163331.12
00000163344.6
00000163346.17
00000163347.6
00000163348.4
00000163349.22
00000163352.5
00000163354.15
00000163359.16
00000163362.11
00000163364.10
00000163374.19
00000163376.11
00000163378.14
00000163382.12
00000163389.12
00000163393.13
00000163395.17
00000163399.16
00000163406.11
00000163412.13
00000163421.9
00000163428.4
00000163430.12
00000163431.13
00000163444.12
00000163449.11
00000163453.11
00000163462.18
00000163463.13
00000163464.8
00000163466.16
00000163467.12
00000163468.15
00000163472.19
00000163479.14
00000163481.8
00000163482.12
00000163485.17
00000163491.16
00000163507.14
00000163510.14
00000163512.14
00000163513.19
00000163516.14
00000163517.15
00000163520.14
00000163521.16
00000163527.10
00000163528.13
00000163531.15
00000163535.18
00000163536.13
00000163539.17
00000163541.12
00000163545.11
00000163558.13
00000163563.8
00000163565.19
00000163568.15
00000163576.18
00000163577.8
00000163584.18
00000163590.14
00000163596.16
00000163597.15
00000163599.17
00000163602.11
00000163605.15
00000163607.17
00000163608.15
00000163611.11
00000163617.11
00000163618.18
00000163623.9
00000163624.6
00000163625.16
00000163626.17
00000163629.13
00000163630.11
00000163632.14
00000163634.12
00000163635.20
00000163636.11
00000163637.13
00000163638.13
00000163644.15
00000163655.16
00000163659.13
00000163660.12
00000163661.4
00000163666.10
00000163681.16
00000163682.17
00000163683.12
00000163684.12
00000163686.15
00000163694.15
00000163697.17
00000163701.19
00000163702.20
00000163703.19
00000163704.12
00000163710.9
00000163714.18
00000163719.20
00000163728.11
00000163734.4
00000163735.7
00000163736.4
00000163737.4
00000163738.18
00000163739.5
00000163743.13
00000163754.18
00000163755.9
00000163762.7
00000163781.14
00000163785.13
00000163788.14
00000163792.6
00000163794.6
00000163795.14
00000163798.13
00000163803.13
00000163806.16
00000163807.6
00000163808.17
00000163811.12
00000163812.15
00000163814.8
00000163815.6
00000163818.17
00000163820.15
00000163823.4
00000163827.13
00000163832.16
00000163840.10
00000163848.20
00000163864.17
00000163866.9
00000163867.17
00000163870.16
00000163872.16
00000163873.10
00000163874.11
00000163875.16
00000163877.11
00000163879.11
00000163882.9
00000163884.4
00000163885.12
00000163888.4
00000163898.10
00000163900.11
00000163902.12
00000163904.13
00000163909.8
00000163913.12
00000163918.11
00000163923.10
00000163930.10
00000163931.16
00000163932.15
00000163933.10
00000163935.14
00000163938.17
00000163939.18
00000163945.19
00000163946.13
00000163947.12
00000163950.13
00000163956.13
00000163959.10
00000163960.12
00000163961.4
00000163964.17
00000163975.12
00000163993.7
00000163995.21
00000164002.11
00000164008.16
00000164010.15
00000164011.18
00000164022.17
00000164023.14
00000164024.12
00000164031.17
00000164032.12
00000164035.10
00000164037.17
00000164038.16
00000164039.15
00000164040.18
00000164045.12
00000164047.6
00000164048.14
00000164049.14
00000164050.13
00000164051.14
00000164053.21
00000164054.15
00000164056.11
00000164061.5
00000164062.13
00000164066.13
00000164068.16
00000164070.12
00000164073.11
00000164074.15
00000164076.17
00000164077.14
00000164080.13
00000164081.13
00000164082.15
00000164086.10
00000164087.8
00000164088.18
00000164089.9
00000164091.12
00000164096.13
00000164099.3
00000164104.12
00000164105.4
00000164106.8
00000164107.9
00000164109.14
00000164111.15
00000164112.13
00000164114.19
00000164116.17
00000164117.14
00000164118.13
00000164122.9
00000164124.11
00000164125.16
00000164128.7
00000164134.13
00000164136.17
00000164144.16
00000164151.12
00000164161.10
00000164162.14
00000164163.11
00000164164.17
00000164167.12
00000164168.8
00000164169.13
00000164171.11
00000164172.20
00000164176.13
00000164180.14
00000164181.14
00000164182.12
00000164185.6
00000164187.7
00000164188.9
00000164190.19
00000164197.12
00000164199.18
00000164209.17
00000164211.13
00000164219.10
00000164220.7
00000164221.13
00000164236.12
00000164237.9
00000164241.13
00000164244.21
00000164251.5
00000164252.13
00000164253.14
00000164258.12
00000164266.11
00000164283.13
00000164284.15
00000164291.17
00000164292.13
00000164294.14
00000164296.7
00000164300.17
00000164303.11
00000164305.19
00000164306.11
00000164307.13
00000164308.17
00000164309.15
00000164318.18
00000164323.14
00000164327.13
00000164329.13
00000164330.17
00000164331.10
00000164332.8
00000164338.10
00000164342.13
00000164344.16
00000164346.10
00000164347.18
00000164366.4
00000164379.7
00000164398.15
00000164402.14
00000164403.15
00000164404.8
00000164405.11
00000164406.8
00000164414.18
00000164418.21
00000164430.16
00000164434.12
00000164440.15
00000164442.10
00000164463.12
00000164465.19
00000164466.13
00000164484.12
00000164488.12
00000164494.12
00000164506.14
00000164530.15
00000164535.15
00000164542.13
00000164543.7
00000164548.11
00000164574.16
00000164576.12
00000164587.13
00000164591.14
00000164597.15
00000164603.12
00000164604.13
00000164609.10
00000164610.9
00000164611.13
00000164615.6
00000164619.10
00000164620.9
00000164626.9
00000164627.18
00000164631.19
00000164638.10
00000164647.9
00000164649.20
00000164651.17
00000164654.16
00000164659.15
00000164663.14
00000164669.13
00000164674.16
00000164675.11
00000164683.18
00000164684.13
00000164687.11
00000164690.8
00000164691.18
00000164692.18
00000164694.17
00000164707.15
00000164713.10
00000164715.6
00000164733.22
00000164736.6
00000164741.15
00000164742.16
00000164743.5
00000164746.14
00000164749.13
00000164751.15
00000164754.15
00000164758.7
00000164761.9
00000164764.11
00000164776.10
00000164778.4
00000164796.18
00000164808.17
00000164815.11
00000164818.16
00000164823.11
00000164828.18
00000164830.18
00000164841.5
00000164845.16
00000164849.10
00000164850.15
00000164867.11
00000164877.19
00000164879.7
00000164880.16
00000164885.13
00000164889.15
00000164896.20
00000164897.14
00000164898.13
00000164902.14
00000164904.18
00000164916.11
00000164919.11
00000164920.9
00000164924.18
00000164929.17
00000164930.12
00000164932.13
00000164934.14
00000164938.14
00000164941.14
00000164944.12
00000164946.20
00000164949.8
00000164951.16
00000164953.16
00000164961.16
00000164967.10
00000164970.15
00000164972.13
00000164975.15
00000164976.9
00000164978.18
00000164983.7
00000164985.15
00000164989.17
00000165006.14
00000165023.7
00000165025.15
00000165028.12
00000165029.17
00000165030.4
00000165046.13
00000165055.16
00000165060.15
00000165061.15
00000165071.15
00000165072.10
00000165076.14
00000165084.16
00000165092.13
00000165097.16
00000165102.15
00000165105.10
00000165113.13
00000165115.15
00000165118.15
00000165119.21
00000165121.11
00000165124.18
00000165138.18
00000165140.11
00000165152.9
00000165156.15
00000165168.8
00000165169.11
00000165171.11
00000165175.16
00000165178.9
00000165181.16
00000165185.15
00000165186.12
00000165194.15
00000165195.16
00000165209.19
00000165219.22
00000165233.18
00000165238.16
00000165240.20
00000165244.7
00000165246.14
00000165259.14
00000165264.11
00000165271.17
00000165272.16
00000165275.10
00000165280.17
00000165282.14
00000165283.16
00000165288.11
00000165300.7
00000165304.8
00000165309.14
00000165312.6
00000165322.18
00000165323.15
00000165338.17
00000165349.12
00000165355.7
00000165359.16
00000165379.13
00000165383.11
00000165389.7
00000165392.11
00000165406.16
00000165409.18
00000165410.15
00000165416.15
00000165417.12
00000165424.7
00000165434.8
00000165443.12
00000165449.11
00000165457.14
00000165458.14
00000165474.8
00000165475.15
00000165476.14
00000165478.7
00000165480.16
00000165487.14
00000165490.13
00000165494.11
00000165495.16
00000165501.17
00000165502.7
00000165506.15
00000165507.9
00000165511.6
00000165512.5
00000165516.11
00000165521.15
00000165525.18
00000165526.9
00000165527.7
00000165533.19
00000165548.11
00000165553.4
00000165555.9
00000165566.12
00000165568.18
00000165572.8
00000165591.6
00000165609.13
00000165617.15
00000165626.17
00000165629.20
00000165630.14
00000165632.8
00000165633.13
00000165637.13
00000165644.11
00000165650.12
00000165655.17
00000165660.8
00000165661.17
00000165669.14
00000165671.21
00000165672.7
00000165675.16
00000165678.21
00000165684.4
00000165685.8
00000165688.12
00000165689.17
00000165695.10
00000165698.16
00000165699.15
00000165704.15
00000165714.11
00000165716.11
00000165724.6
00000165730.16
00000165731.20
00000165732.13
00000165733.8
00000165752.17
00000165757.9
00000165775.18
00000165782.11
00000165792.18
00000165795.23
00000165801.10
00000165802.23
00000165804.16
00000165806.21
00000165807.8
00000165810.17
00000165813.20
00000165816.13
00000165819.12
00000165821.12
00000165832.6
00000165861.14
00000165868.16
00000165879.9
00000165886.5
00000165891.16
00000165895.19
00000165898.14
00000165912.16
00000165914.15
00000165915.14
00000165916.8
00000165923.16
00000165929.13
00000165934.13
00000165943.5
00000165948.11
00000165949.12
00000165959.12
00000165966.16
00000165973.19
00000165983.14
00000165985.10
00000165995.22
00000165996.14
00000165997.5
00000166002.7
00000166004.15
00000166006.14
00000166012.17
00000166016.6
00000166024.14
00000166025.18
00000166033.13
00000166035.11
00000166037.11
00000166046.11
00000166068.13
00000166073.11
00000166086.13
00000166091.21
00000166105.16
00000166106.3
00000166111.10
00000166123.14
00000166128.13
00000166130.15
00000166133.18
00000166135.14
00000166136.16
00000166140.17
00000166145.14
00000166147.14
00000166148.4
00000166153.16
00000166159.11
00000166164.16
00000166165.13
00000166166.13
00000166167.18
00000166169.17
00000166170.10
00000166171.13
00000166173.11
00000166181.13
00000166188.2
00000166189.8
00000166192.15
00000166197.17
00000166199.13
00000166200.15
00000166206.15
00000166224.17
00000166225.9
00000166226.13
00000166228.9
00000166233.15
00000166246.14
00000166250.12
00000166257.9
00000166260.13
00000166261.11
00000166262.16
00000166263.13
00000166265.13
00000166266.14
00000166268.11
00000166272.18
00000166275.16
00000166278.15
00000166289.6
00000166292.12
00000166295.9
00000166311.10
00000166313.19
00000166321.14
00000166323.13
00000166326.7
00000166333.14
00000166337.10
00000166340.17
00000166341.8
00000166342.19
00000166343.10
00000166347.19
00000166348.18
00000166352.17
00000166359.11
00000166377.20
00000166387.13
00000166394.15
00000166398.14
00000166401.15
00000166402.9
00000166405.15
00000166407.14
00000166411.14
00000166426.8
00000166428.14
00000166432.15
00000166435.15
00000166436.16
00000166439.6
00000166441.13
00000166444.19
00000166446.15
00000166448.15
00000166450.13
00000166451.13
00000166452.12
00000166454.10
00000166471.11
00000166477.13
00000166478.10
00000166479.10
00000166482.12
00000166483.11
00000166484.20
00000166492.9
00000166501.14
00000166503.9
00000166508.18
00000166523.8
00000166526.18
00000166529.15
00000166530.8
00000166532.16
00000166535.20
00000166546.14
00000166548.17
00000166557.14
00000166562.9
00000166573.6
00000166575.17
00000166578.10
00000166579.16
00000166582.10
00000166592.12
00000166595.12
00000166596.15
00000166598.15
00000166619.15
00000166669.13
00000166676.17
00000166681.14
00000166682.13
00000166685.12
00000166689.16
00000166704.11
00000166707.12
00000166710.21
00000166716.10
00000166734.20
00000166741.8
00000166747.13
00000166750.10
00000166762.19
00000166770.11
00000166780.11
00000166783.22
00000166788.10
00000166793.13
00000166794.5
00000166797.11
00000166801.16
00000166803.14
00000166813.16
00000166816.15
00000166819.12
00000166821.9
00000166822.13
00000166823.5
00000166825.15
00000166828.3
00000166831.9
00000166833.22
00000166839.17
00000166845.15
00000166847.10
00000166848.7
00000166851.15
00000166855.9
00000166860.3
00000166863.13
00000166881.10
00000166886.13
00000166887.16
00000166888.12
00000166889.14
00000166896.9
00000166897.16
00000166900.17
00000166902.5
00000166908.18
00000166912.17
00000166913.13
00000166920.13
00000166922.8
00000166923.12
00000166924.9
00000166925.9
00000166927.13
00000166928.11
00000166938.13
00000166946.14
00000166949.16
00000166963.13
00000166965.12
00000166971.17
00000166974.13
00000166979.13
00000166986.15
00000166987.15
00000166997.8
00000167004.13
00000167005.14
00000167011.9
00000167034.10
00000167037.19
00000167065.14
00000167074.15
00000167081.18
00000167083.7
00000167085.13
00000167088.11
00000167100.15
00000167103.12
00000167106.12
00000167107.13
00000167110.18
00000167112.10
00000167113.11
00000167114.13
00000167118.11
00000167123.19
00000167130.18
00000167136.7
00000167157.11
00000167173.19
00000167178.16
00000167182.15
00000167186.11
00000167191.12
00000167193.8
00000167196.14
00000167202.11
00000167207.14
00000167208.15
00000167216.17
00000167220.12
00000167232.14
00000167257.11
00000167258.15
00000167261.14
00000167264.18
00000167272.11
00000167280.17
00000167281.19
00000167283.8
00000167286.10
00000167291.16
00000167302.11
00000167306.20
00000167315.18
00000167323.11
00000167325.15
00000167333.13
00000167363.14
00000167371.21
00000167377.18
00000167378.8
00000167380.16
00000167384.10
00000167393.18
00000167394.13
00000167395.10
00000167397.15
00000167414.4
00000167434.10
00000167447.12
00000167460.17
00000167461.12
00000167468.18
00000167470.12
00000167487.12
00000167491.17
00000167508.12
00000167513.9
00000167515.10
00000167522.16
00000167523.14
00000167524.16
00000167525.14
00000167526.14
00000167528.13
00000167535.8
00000167536.14
00000167543.16
00000167548.16
00000167549.18
00000167550.11
00000167552.14
00000167553.16
00000167554.15
00000167555.14
00000167562.13
00000167565.13
00000167566.17
00000167578.18
00000167588.13
00000167595.15
00000167600.14
00000167601.12
00000167604.15
00000167608.12
00000167613.16
00000167614.14
00000167615.17
00000167617.3
00000167619.13
00000167625.11
00000167632.18
00000167635.12
00000167637.18
00000167641.11
00000167642.13
00000167645.17
00000167646.14
00000167654.18
00000167657.14
00000167658.16
00000167664.8
00000167670.16
00000167671.12
00000167674.15
00000167676.4
00000167680.17
00000167685.15
00000167693.17
00000167695.15
00000167699.13
00000167700.9
00000167701.14
00000167702.13
00000167703.15
00000167705.12
00000167711.14
00000167716.19
00000167720.13
00000167721.11
00000167723.15
00000167733.14
00000167740.10
00000167747.15
00000167755.15
00000167766.18
00000167770.11
00000167771.6
00000167772.12
00000167775.11
00000167778.9
00000167779.9
00000167785.9
00000167792.13
00000167797.8
00000167799.10
00000167815.12
00000167840.13
00000167842.16
00000167850.4
00000167851.15
00000167858.13
00000167861.16
00000167862.10
00000167863.12
00000167874.7
00000167881.15
00000167889.13
00000167895.15
00000167900.12
00000167904.15
00000167912.6
00000167914.12
00000167920.10
00000167925.16
00000167930.17
00000167962.14
00000167964.13
00000167965.18
00000167967.16
00000167968.13
00000167969.13
00000167971.16
00000167972.14
00000167977.9
00000167978.17
00000167981.7
00000167984.18
00000167985.7
00000167986.14
00000167987.11
00000167992.13
00000167994.13
00000167995.17
00000167996.16
00000168000.14
00000168002.12
00000168003.17
00000168004.10
00000168005.9
00000168010.11
00000168014.17
00000168016.15
00000168026.18
00000168028.14
00000168032.10
00000168036.18
00000168038.11
00000168040.5
00000168056.17
00000168060.16
00000168061.17
00000168062.10
00000168066.20
00000168067.12
00000168071.22
00000168077.14
00000168078.10
00000168081.9
00000168090.10
00000168092.14
00000168096.15
00000168101.14
00000168116.14
00000168118.12
00000168135.4
00000168137.18
00000168140.5
00000168152.13
00000168159.14
00000168172.9
00000168175.15
00000168209.5
00000168214.20
00000168216.13
00000168228.15
00000168234.13
00000168237.18
00000168243.11
00000168246.6
00000168255.20
00000168256.18
00000168259.17
00000168263.9
00000168264.10
00000168268.11
00000168273.8
00000168275.16
00000168280.18
00000168283.14
00000168286.3
00000168288.13
00000168291.13
00000168297.16
00000168298.7
00000168300.14
00000168301.13
00000168303.9
00000168306.13
00000168309.18
00000168310.11
00000168314.17
00000168329.14
00000168333.14
00000168350.8
00000168374.11
00000168385.18
00000168386.18
00000168389.18
00000168393.13
00000168394.11
00000168395.16
00000168397.17
00000168398.7
00000168404.13
00000168405.17
00000168411.14
00000168421.13
00000168434.13
00000168438.15
00000168439.17
00000168447.11
00000168453.15
00000168461.13
00000168476.12
00000168477.19
00000168481.9
00000168487.20
00000168488.18
00000168490.14
00000168495.13
00000168496.4
00000168497.5
00000168502.17
00000168505.7
00000168517.10
00000168522.13
00000168528.12
00000168538.16
00000168539.4
00000168542.16
00000168546.11
00000168556.7
00000168564.6
00000168566.13
00000168569.8
00000168575.10
00000168589.15
00000168591.16
00000168610.16
00000168612.4
00000168615.13
00000168646.13
00000168653.11
00000168658.19
00000168661.15
00000168672.4
00000168675.19
00000168679.18
00000168685.15
00000168701.19
00000168702.18
00000168710.18
00000168724.17
00000168734.14
00000168743.13
00000168754.15
00000168758.11
00000168763.16
00000168765.17
00000168769.14
00000168772.11
00000168778.12
00000168779.20
00000168781.22
00000168785.8
00000168792.5
00000168795.5
00000168803.16
00000168806.8
00000168807.16
00000168811.7
00000168813.17
00000168818.10
00000168824.14
00000168826.16
00000168827.15
00000168843.14
00000168852.13
00000168872.17
00000168874.13
00000168876.9
00000168883.20
00000168884.15
00000168887.11
00000168890.14
00000168894.10
00000168899.5
00000168904.15
00000168906.13
00000168913.7
00000168916.15
00000168917.9
00000168918.14
00000168924.15
00000168936.11
00000168938.6
00000168939.12
00000168944.17
00000168952.15
00000168958.20
00000168959.14
00000168961.17
00000168970.22
00000168992.4
00000168993.15
00000168994.14
00000168995.13
00000169006.7
00000169016.17
00000169018.6
00000169019.11
00000169020.10
00000169021.6
00000169026.13
00000169031.20
00000169032.10
00000169045.17
00000169047.5
00000169057.24
00000169062.15
00000169064.13
00000169071.15
00000169075.7
00000169083.18
00000169084.15
00000169085.13
00000169087.11
00000169093.16
00000169100.14
00000169105.8
00000169116.11
00000169118.18
00000169122.11
00000169129.15
00000169131.13
00000169136.12
00000169139.12
00000169155.10
00000169169.15
00000169180.12
00000169181.13
00000169184.6
00000169188.5
00000169189.17
00000169193.12
00000169203.16
00000169213.7
00000169217.9
00000169220.18
00000169221.14
00000169223.15
00000169228.14
00000169230.10
00000169231.13
00000169239.13
00000169241.19
00000169242.12
00000169245.6
00000169246.16
00000169247.14
00000169248.13
00000169249.13
00000169251.13
00000169252.6
00000169253.3
00000169255.15
00000169258.7
00000169271.3
00000169282.18
00000169288.18
00000169291.10
00000169297.8
00000169299.14
00000169302.16
00000169306.10
00000169313.10
00000169314.15
00000169330.9
00000169359.16
00000169371.14
00000169372.13
00000169375.16
00000169379.16
00000169385.3
00000169397.3
00000169398.19
00000169403.12
00000169410.10
00000169413.3
00000169418.10
00000169427.8
00000169429.11
00000169432.18
00000169436.17
00000169439.12
00000169442.9
00000169446.5
00000169490.17
00000169495.5
00000169499.15
00000169504.15
00000169507.9
00000169508.7
00000169515.8
00000169519.21
00000169554.22
00000169562.13
00000169564.7
00000169567.13
00000169570.10
00000169583.13
00000169592.15
00000169598.17
00000169599.13
00000169604.20
00000169607.13
00000169609.14
00000169612.4
00000169621.10
00000169627.9
00000169629.12
00000169635.10
00000169641.13
00000169660.17
00000169679.15
00000169683.8
00000169689.15
00000169692.13
00000169696.16
00000169710.9
00000169714.17
00000169715.15
00000169718.18
00000169727.12
00000169733.12
00000169738.8
00000169740.14
00000169744.13
00000169750.9
00000169756.16
00000169758.13
00000169760.17
00000169762.17
00000169764.16
00000169783.13
00000169813.16
00000169814.16
00000169826.8
00000169840.5
00000169851.15
00000169855.20
00000169856.9
00000169857.9
00000169860.7
00000169862.19
00000169871.13
00000169884.14
00000169891.18
00000169895.6
00000169896.18
00000169902.15
00000169905.13
00000169908.12
00000169914.6
00000169918.10
00000169919.17
00000169925.17
00000169926.11
00000169933.16
00000169946.14
00000169951.10
00000169955.7
00000169957.10
00000169962.5
00000169964.8
00000169967.16
00000169972.12
00000169976.7
00000169981.11
00000169989.3
00000169991.11
00000169992.10
00000169994.18
00000170004.17
00000170006.12
00000170011.14
00000170017.12
00000170027.7
00000170035.16
00000170037.14
00000170043.12
00000170049.9
00000170075.9
00000170085.18
00000170088.14
00000170089.15
00000170091.11
00000170092.14
00000170100.14
00000170113.16
00000170122.5
00000170142.12
00000170144.21
00000170145.5
00000170153.11
00000170161.7
00000170162.14
00000170166.6
00000170175.11
00000170178.7
00000170185.10
00000170190.16
00000170191.5
00000170209.5
00000170214.5
00000170222.12
00000170231.16
00000170234.13
00000170236.16
00000170242.19
00000170248.15
00000170260.9
00000170262.13
00000170264.13
00000170265.12
00000170266.16
00000170270.5
00000170271.11
00000170275.15
00000170290.4
00000170291.15
00000170293.9
00000170296.10
00000170310.15
00000170312.16
00000170315.14
00000170322.14
00000170323.9
00000170325.15
00000170340.11
00000170345.10
00000170348.9
00000170364.12
00000170365.10
00000170370.12
00000170379.20
00000170381.14
00000170382.12
00000170385.10
00000170390.16
00000170396.9
00000170409.7
00000170412.18
00000170417.16
00000170419.11
00000170425.3
00000170430.10
00000170439.7
00000170445.16
00000170448.12
00000170454.6
00000170456.16
00000170458.14
00000170464.10
00000170468.8
00000170469.11
00000170471.15
00000170473.17
00000170482.17
00000170485.17
00000170500.13
00000170502.13
00000170515.14
00000170522.10
00000170525.21
00000170537.13
00000170540.15
00000170542.6
00000170545.17
00000170549.4
00000170558.10
00000170561.13
00000170571.12
00000170577.8
00000170579.17
00000170581.14
00000170584.11
00000170604.5
00000170606.15
00000170619.10
00000170624.13
00000170629.14
00000170631.15
00000170632.14
00000170633.16
00000170634.13
00000170638.10
00000170653.19
00000170667.15
00000170677.6
00000170681.7
00000170684.9
00000170703.15
00000170734.12
00000170743.17
00000170745.12
00000170759.11
00000170775.3
00000170776.22
00000170779.11
00000170791.18
00000170801.10
00000170802.16
00000170832.13
00000170835.16
00000170836.12
00000170837.3
00000170846.17
00000170852.11
00000170854.18
00000170855.4
00000170860.4
00000170871.12
00000170873.19
00000170876.8
00000170881.5
00000170889.14
00000170891.11
00000170892.12
00000170893.4
00000170899.11
00000170903.11
00000170906.16
00000170909.13
00000170915.9
00000170917.14
00000170919.16
00000170921.15
00000170946.15
00000170949.17
00000170954.11
00000170955.10
00000170961.7
00000170962.13
00000170989.10
00000171004.18
00000171016.13
00000171033.13
00000171044.11
00000171045.16
00000171049.9
00000171051.9
00000171055.15
00000171056.8
00000171067.11
00000171084.15
00000171094.18
00000171100.15
00000171103.11
00000171105.14
00000171109.19
00000171115.4
00000171121.16
00000171130.18
00000171132.14
00000171135.15
00000171148.13
00000171150.9
00000171155.8
00000171159.5
00000171160.18
00000171161.13
00000171163.16
00000171169.9
00000171174.15
00000171189.17
00000171202.7
00000171204.13
00000171206.15
00000171208.10
00000171217.5
00000171222.10
00000171223.6
00000171224.9
00000171227.7
00000171236.10
00000171241.9
00000171243.8
00000171246.6
00000171262.11
00000171291.8
00000171295.13
00000171298.13
00000171302.17
00000171303.7
00000171307.19
00000171310.11
00000171311.13
00000171314.9
00000171316.12
00000171320.15
00000171357.6
00000171365.17
00000171368.12
00000171385.10
00000171388.12
00000171408.14
00000171421.13
00000171425.10
00000171428.15
00000171435.14
00000171443.7
00000171444.18
00000171448.9
00000171450.6
00000171451.14
00000171453.20
00000171456.20
00000171462.15
00000171466.10
00000171467.16
00000171469.11
00000171475.14
00000171476.22
00000171488.15
00000171490.13
00000171492.14
00000171497.5
00000171503.12
00000171522.6
00000171530.15
00000171532.5
00000171533.11
00000171540.8
00000171551.12
00000171552.14
00000171566.12
00000171574.18
00000171587.15
00000171603.18
00000171604.12
00000171606.18
00000171608.16
00000171611.10
00000171612.7
00000171617.14
00000171621.14
00000171631.15
00000171634.18
00000171643.14
00000171649.12
00000171657.6
00000171659.15
00000171680.23
00000171681.12
00000171695.10
00000171700.14
00000171703.17
00000171714.12
00000171720.10
00000171722.13
00000171723.16
00000171724.3
00000171729.14
00000171735.19
00000171757.17
00000171763.20
00000171766.17
00000171777.16
00000171786.6
00000171790.15
00000171791.14
00000171792.11
00000171793.16
00000171798.18
00000171806.12
00000171811.14
00000171812.13
00000171813.14
00000171815.6
00000171817.17
00000171819.5
00000171823.7
00000171824.14
00000171827.11
00000171840.12
00000171843.17
00000171847.11
00000171848.16
00000171853.16
00000171858.18
00000171860.5
00000171861.11
00000171862.11
00000171863.15
00000171865.10
00000171867.17
00000171873.8
00000171877.21
00000171885.18
00000171903.16
00000171914.16
00000171928.14
00000171940.13
00000171943.12
00000171951.5
00000171953.16
00000171960.12
00000171962.18
00000171984.15
00000171988.19
00000171992.13
00000172005.11
00000172006.12
00000172007.7
00000172009.15
00000172020.13
00000172031.7
00000172037.14
00000172046.19
00000172053.18
00000172057.10
00000172059.11
00000172061.9
00000172062.17
00000172071.14
00000172081.14
00000172086.9
00000172113.9
00000172115.9
00000172123.13
00000172137.19
00000172159.16
00000172164.15
00000172167.8
00000172171.11
00000172172.8
00000172175.15
00000172183.15
00000172197.11
00000172201.12
00000172209.6
00000172215.6
00000172216.6
00000172239.14
00000172243.18
00000172244.9
00000172247.4
00000172260.15
00000172262.11
00000172264.17
00000172269.19
00000172270.21
00000172273.13
00000172292.15
00000172296.13
00000172301.11
00000172315.6
00000172318.5
00000172322.14
00000172331.12
00000172336.5
00000172339.10
00000172340.15
00000172346.15
00000172348.15
00000172349.17
00000172350.10
00000172354.10
00000172361.6
00000172366.20
00000172375.14
00000172379.21
00000172380.6
00000172382.10
00000172399.6
00000172403.11
00000172409.6
00000172425.12
00000172426.16
00000172428.11
00000172432.19
00000172456.18
00000172458.4
00000172461.11
00000172465.14
00000172466.16
00000172469.16
00000172476.4
00000172493.22
00000172500.13
00000172508.10
00000172530.20
00000172531.16
00000172534.14
00000172543.8
00000172548.14
00000172572.7
00000172575.12
00000172578.12
00000172586.8
00000172590.18
00000172594.13
00000172602.11
00000172613.8
00000172638.13
00000172661.19
00000172663.9
00000172667.11
00000172671.20
00000172687.13
00000172716.16
00000172724.12
00000172725.14
00000172728.16
00000172731.14
00000172732.12
00000172733.11
00000172738.12
00000172746.6
00000172748.14
00000172757.13
00000172765.17
00000172766.19
00000172771.12
00000172775.17
00000172785.18
00000172794.20
00000172795.17
00000172803.18
00000172809.13
00000172817.4
00000172819.17
00000172824.16
00000172828.13
00000172830.13
00000172831.14
00000172840.7
00000172845.17
00000172869.14
00000172878.14
00000172888.12
00000172889.16
00000172890.13
00000172893.16
00000172912.4
00000172915.18
00000172922.11
00000172932.16
00000172935.9
00000172936.16
00000172939.9
00000172943.20
00000172954.14
00000172965.17
00000172971.7
00000172974.11
00000172977.13
00000172985.11
00000172986.13
00000172987.13
00000172992.12
00000172995.16
00000173011.12
00000173013.6
00000173020.11
00000173039.19
00000173040.13
00000173041.12
00000173064.13
00000173065.13
00000173068.18
00000173080.6
00000173083.15
00000173085.15
00000173110.8
00000173113.7
00000173114.13
00000173120.15
00000173137.12
00000173141.5
00000173145.11
00000173153.17
00000173156.7
00000173163.10
00000173166.18
00000173171.14
00000173175.15
00000173193.15
00000173198.6
00000173200.13
00000173207.13
00000173208.4
00000173209.23
00000173210.20
00000173214.7
00000173218.15
00000173221.14
00000173226.17
00000173227.14
00000173230.15
00000173253.15
00000173258.13
00000173261.9
00000173264.15
00000173267.14
00000173269.14
00000173272.16
00000173273.16
00000173275.13
00000173276.14
00000173281.5
00000173295.7
00000173320.12
00000173327.8
00000173334.4
00000173338.13
00000173369.17
00000173372.17
00000173376.14
00000173391.9
00000173401.10
00000173402.12
00000173404.5
00000173406.16
00000173409.14
00000173418.12
00000173432.12
00000173436.15
00000173442.13
00000173451.7
00000173452.14
00000173456.5
00000173457.11
00000173465.8
00000173473.11
00000173480.11
00000173482.17
00000173511.10
00000173517.10
00000173530.6
00000173531.15
00000173535.15
00000173540.14
00000173542.9
00000173545.5
00000173546.7
00000173548.9
00000173557.15
00000173559.14
00000173575.22
00000173581.8
00000173588.15
00000173597.9
00000173598.14
00000173599.15
00000173611.18
00000173614.14
00000173621.9
00000173627.8
00000173638.19
00000173641.18
00000173653.8
00000173660.12
00000173662.21
00000173674.11
00000173681.16
00000173692.14
00000173705.9
00000173706.14
00000173714.8
00000173715.18
00000173726.11
00000173727.12
00000173744.18
00000173757.10
00000173762.8
00000173786.17
00000173801.17
00000173805.16
00000173811.11
00000173812.11
00000173818.17
00000173821.19
00000173825.7
00000173838.12
00000173846.13
00000173848.19
00000173852.15
00000173862.3
00000173868.12
00000173875.14
00000173889.16
00000173890.17
00000173894.11
00000173898.14
00000173905.9
00000173914.12
00000173915.16
00000173917.10
00000173918.15
00000173926.6
00000173928.4
00000173933.21
00000173947.14
00000173950.16
00000173960.14
00000173991.6
00000173992.9
00000174004.6
00000174007.9
00000174010.9
00000174013.8
00000174021.11
00000174028.6
00000174032.17
00000174038.13
00000174059.17
00000174080.12
00000174099.12
00000174106.3
00000174109.5
00000174123.11
00000174125.8
00000174130.12
00000174132.9
00000174136.13
00000174151.15
00000174165.8
00000174173.7
00000174177.13
00000174197.16
00000174206.13
00000174225.15
00000174226.9
00000174227.16
00000174231.17
00000174233.11
00000174238.15
00000174243.10
00000174276.7
00000174282.12
00000174292.12
00000174306.21
00000174307.7
00000174326.14
00000174327.7
00000174332.5
00000174343.6
00000174348.14
00000174353.17
00000174365.20
00000174370.11
00000174371.17
00000174373.16
00000174405.14
00000174428.18
00000174437.17
00000174442.12
00000174444.15
00000174446.13
00000174453.10
00000174456.15
00000174460.4
00000174469.23
00000174483.20
00000174485.16
00000174498.14
00000174501.14
00000174514.13
00000174516.15
00000174521.7
00000174529.7
00000174547.13
00000174564.13
00000174567.8
00000174574.16
00000174579.4
00000174586.11
00000174599.5
00000174600.14
00000174606.14
00000174607.11
00000174611.12
00000174628.16
00000174640.15
00000174652.19
00000174669.12
00000174672.16
00000174680.10
00000174684.7
00000174695.10
00000174705.13
00000174715.7
00000174718.12
00000174720.16
00000174721.10
00000174738.13
00000174740.8
00000174744.14
00000174748.22
00000174749.6
00000174775.17
00000174776.11
00000174780.17
00000174788.10
00000174791.11
00000174796.12
00000174799.11
00000174804.4
00000174807.4
00000174808.12
00000174827.14
00000174837.15
00000174839.13
00000174840.9
00000174842.17
00000174851.16
00000174871.11
00000174886.14
00000174891.13
00000174903.16
00000174912.7
00000174915.12
00000174917.9
00000174928.16
00000174938.14
00000174939.11
00000174943.11
00000174944.9
00000174945.13
00000174946.7
00000174951.11
00000174953.14
00000174963.18
00000174977.8
00000174989.13
00000174996.12
00000175003.15
00000175029.17
00000175040.6
00000175048.17
00000175054.16
00000175061.18
00000175063.17
00000175066.16
00000175073.8
00000175084.12
00000175087.10
00000175093.5
00000175104.15
00000175105.8
00000175106.17
00000175110.12
00000175115.13
00000175130.7
00000175137.11
00000175155.11
00000175161.14
00000175166.17
00000175170.16
00000175175.6
00000175182.15
00000175183.10
00000175193.14
00000175197.12
00000175198.17
00000175203.17
00000175206.10
00000175213.3
00000175215.11
00000175216.15
00000175220.12
00000175221.15
00000175224.16
00000175229.7
00000175264.8
00000175265.17
00000175267.15
00000175274.19
00000175279.22
00000175283.8
00000175287.19
00000175294.6
00000175305.17
00000175309.15
00000175315.3
00000175318.12
00000175322.12
00000175324.10
00000175334.8
00000175348.11
00000175352.11
00000175354.20
00000175356.14
00000175376.9
00000175387.16
00000175390.15
00000175395.16
00000175414.7
00000175416.16
00000175426.11
00000175445.17
00000175449.14
00000175455.16
00000175463.12
00000175467.15
00000175470.20
00000175471.19
00000175482.9
00000175489.10
00000175497.17
00000175505.11
00000175518.8
00000175536.7
00000175538.11
00000175544.14
00000175548.9
00000175550.8
00000175556.17
00000175564.13
00000175567.11
00000175573.7
00000175575.13
00000175581.14
00000175582.20
00000175592.9
00000175595.15
00000175600.16
00000175602.4
00000175606.11
00000175611.12
00000175634.15
00000175643.10
00000175662.18
00000175664.10
00000175691.9
00000175697.11
00000175701.10
00000175711.8
00000175727.14
00000175730.8
00000175741.5
00000175745.14
00000175749.11
00000175756.13
00000175764.14
00000175768.13
00000175782.11
00000175785.13
00000175787.17
00000175792.12
00000175793.12
00000175806.15
00000175826.12
00000175832.13
00000175854.14
00000175857.8
00000175866.15
00000175874.10
00000175879.9
00000175886.10
00000175893.12
00000175895.4
00000175899.15
00000175906.5
00000175920.18
00000175928.6
00000175931.13
00000175938.7
00000175970.11
00000175984.15
00000176014.13
00000176018.13
00000176022.7
00000176024.18
00000176046.9
00000176049.16
00000176054.6
00000176055.10
00000176058.13
00000176076.7
00000176087.15
00000176095.12
00000176101.12
00000176102.13
00000176105.14
00000176108.9
00000176124.15
00000176125.7
00000176142.13
00000176148.16
00000176153.12
00000176155.19
00000176165.12
00000176170.14
00000176171.11
00000176182.6
00000176183.8
00000176204.13
00000176208.9
00000176209.12
00000176222.9
00000176225.15
00000176244.7
00000176248.9
00000176261.15
00000176268.5
00000176273.15
00000176289.4
00000176293.20
00000176340.4
00000176343.5
00000176358.15
00000176371.14
00000176381.6
00000176383.9
00000176386.9
00000176387.7
00000176390.12
00000176393.11
00000176396.11
00000176399.4
00000176401.6
00000176402.6
00000176406.23
00000176407.18
00000176410.8
00000176422.14
00000176428.6
00000176435.7
00000176438.12
00000176444.19
00000176454.14
00000176463.14
00000176472.10
00000176473.13
00000176476.9
00000176485.12
00000176490.5
00000176531.10
00000176532.4
00000176533.13
00000176542.10
00000176563.10
00000176593.8
00000176595.4
00000176597.12
00000176601.13
00000176619.13
00000176623.12
00000176624.12
00000176641.11
00000176658.17
00000176659.9
00000176678.6
00000176692.8
00000176697.20
00000176700.20
00000176714.10
00000176715.17
00000176720.6
00000176723.10
00000176728.10
00000176731.12
00000176732.7
00000176749.9
00000176761.7
00000176771.17
00000176783.15
00000176788.9
00000176809.10
00000176826.15
00000176834.14
00000176840.12
00000176842.15
00000176845.13
00000176853.16
00000176857.5
00000176871.9
00000176884.16
00000176887.7
00000176890.16
00000176894.10
00000176896.8
00000176903.5
00000176907.5
00000176909.12
00000176912.5
00000176915.15
00000176919.13
00000176920.13
00000176928.7
00000176933.5
00000176945.17
00000176946.12
00000176953.12
00000176956.13
00000176971.4
00000176973.8
00000176974.20
00000176978.14
00000176986.16
00000176994.11
00000177000.13
00000177025.3
00000177030.17
00000177034.17
00000177042.14
00000177045.10
00000177051.6
00000177054.14
00000177058.12
00000177076.6
00000177082.13
00000177084.18
00000177096.9
00000177098.9
00000177103.15
00000177105.10
00000177106.16
00000177108.5
00000177112.8
00000177119.16
00000177125.5
00000177133.11
00000177150.13
00000177156.11
00000177169.10
00000177173.5
00000177181.15
00000177182.11
00000177189.14
00000177191.2
00000177192.14
00000177197.7
00000177200.17
00000177225.17
00000177234.7
00000177239.15
00000177272.9
00000177283.7
00000177294.7
00000177301.16
00000177302.15
00000177303.10
00000177311.11
00000177335.11
00000177337.8
00000177350.6
00000177352.10
00000177359.20
00000177363.5
00000177370.5
00000177374.13
00000177380.14
00000177383.5
00000177406.5
00000177409.12
00000177410.13
00000177425.11
00000177426.22
00000177427.13
00000177432.8
00000177452.7
00000177453.7
00000177463.15
00000177464.5
00000177465.4
00000177469.13
00000177479.20
00000177485.7
00000177508.12
00000177511.6
00000177519.4
00000177542.11
00000177548.13
00000177556.12
00000177565.18
00000177570.15
00000177575.13
00000177576.12
00000177595.18
00000177599.13
00000177600.9
00000177602.5
00000177606.8
00000177613.9
00000177614.11
00000177628.16
00000177640.16
00000177646.19
00000177663.14
00000177666.17
00000177674.16
00000177675.9
00000177679.16
00000177683.14
00000177685.17
00000177688.7
00000177692.12
00000177694.16
00000177697.19
00000177700.6
00000177706.9
00000177707.11
00000177721.4
00000177728.17
00000177731.16
00000177732.8
00000177733.7
00000177736.4
00000177738.4
00000177752.14
00000177757.2
00000177788.6
00000177791.12
00000177803.7
00000177807.10
00000177822.8
00000177830.18
00000177839.7
00000177842.12
00000177853.14
00000177854.8
00000177855.8
00000177868.12
00000177873.14
00000177875.5
00000177879.17
00000177885.15
00000177888.8
00000177889.10
00000177917.11
00000177932.7
00000177943.14
00000177946.6
00000177951.17
00000177954.14
00000177963.14
00000177971.8
00000177981.11
00000177989.13
00000177990.12
00000177993.3
00000177994.16
00000178021.11
00000178026.13
00000178028.14
00000178031.17
00000178033.6
00000178035.13
00000178038.17
00000178053.20
00000178057.15
00000178074.6
00000178075.20
00000178078.12
00000178082.6
00000178093.14
00000178096.9
00000178104.19
00000178105.11
00000178125.14
00000178127.13
00000178149.17
00000178150.10
00000178162.8
00000178163.8
00000178171.11
00000178175.12
00000178177.16
00000178184.16
00000178187.8
00000178188.14
00000178199.14
00000178201.4
00000178202.13
00000178209.16
00000178226.11
00000178229.8
00000178233.18
00000178234.13
00000178235.8
00000178252.18
00000178295.15
00000178297.14
00000178301.4
00000178307.10
00000178338.11
00000178342.4
00000178343.5
00000178381.12
00000178385.15
00000178386.13
00000178397.13
00000178401.16
00000178404.10
00000178409.14
00000178425.14
00000178429.9
00000178445.10
00000178449.9
00000178458.5
00000178460.18
00000178464.6
00000178467.18
00000178498.16
00000178502.6
00000178531.6
00000178537.10
00000178538.10
00000178562.18
00000178567.8
00000178568.15
00000178573.7
00000178585.15
00000178602.8
00000178605.13
00000178607.16
00000178623.12
00000178631.7
00000178660.6
00000178662.16
00000178665.16
00000178685.14
00000178691.11
00000178694.10
00000178695.6
00000178700.9
00000178715.8
00000178718.7
00000178719.17
00000178723.7
00000178726.7
00000178741.12
00000178750.3
00000178752.16
00000178761.15
00000178764.8
00000178773.15
00000178789.9
00000178796.13
00000178802.18
00000178814.17
00000178852.16
00000178860.8
00000178878.13
00000178882.15
00000178896.9
00000178904.19
00000178913.8
00000178917.16
00000178921.14
00000178927.18
00000178935.5
00000178947.9
00000178950.17
00000178951.9
00000178952.11
00000178965.14
00000178966.17
00000178971.16
00000178974.10
00000178977.3
00000178980.15
00000178982.10
00000178988.11
00000178996.14
00000178999.13
00000179010.14
00000179021.10
00000179029.15
00000179038.8
00000179041.4
00000179044.16
00000179051.14
00000179057.14
00000179058.7
00000179071.5
00000179073.6
00000179082.3
00000179083.6
00000179085.8
00000179091.5
00000179094.16
00000179101.5
00000179104.9
00000179111.9
00000179115.11
00000179119.15
00000179131.7
00000179134.15
00000179144.5
00000179151.13
00000179152.20
00000179157.4
00000179163.12
00000179168.15
00000179178.11
00000179195.16
00000179218.14
00000179222.18
00000179240.13
00000179241.13
00000179242.16
00000179262.10
00000179271.3
00000179277.9
00000179284.5
00000179292.5
00000179295.18
00000179299.17
00000179314.14
00000179331.3
00000179335.18
00000179342.4
00000179344.16
00000179348.12
00000179361.18
00000179364.14
00000179387.10
00000179388.9
00000179397.18
00000179399.15
00000179403.12
00000179406.8
00000179409.11
00000179431.7
00000179447.2
00000179454.14
00000179455.10
00000179456.10
00000179476.8
00000179520.11
00000179523.5
00000179526.17
00000179528.16
00000179532.13
00000179542.16
00000179546.4
00000179562.3
00000179564.4
00000179583.19
00000179588.9
00000179593.16
00000179598.6
00000179603.18
00000179604.10
00000179611.3
00000179627.10
00000179630.11
00000179632.10
00000179639.10
00000179673.5
00000179698.14
00000179715.13
00000179743.4
00000179750.16
00000179761.12
00000179772.8
00000179776.19
00000179796.12
00000179818.14
00000179820.16
00000179832.17
00000179833.4
00000179841.8
00000179846.10
00000179855.9
00000179859.9
00000179862.7
00000179869.15
00000179886.6
00000179889.19
00000179899.8
00000179902.13
00000179909.15
00000179912.20
00000179915.24
00000179918.19
00000179921.15
00000179922.6
00000179933.6
00000179935.10
00000179941.9
00000179943.8
00000179950.14
00000179954.16
00000179958.10
00000179965.12
00000179967.11
00000179978.11
00000179981.11
00000179988.15
00000180008.9
00000180011.7
00000180015.12
00000180035.13
00000180044.5
00000180061.10
00000180089.6
00000180096.12
00000180098.9
00000180104.16
00000180139.11
00000180155.20
00000180172.7
00000180182.11
00000180185.11
00000180189.10
00000180190.12
00000180198.16
00000180211.5
00000180221.6
00000180228.14
00000180229.12
00000180233.11
00000180257.14
00000180263.14
00000180287.17
00000180304.14
00000180329.14
00000180332.6
00000180340.7
00000180346.4
00000180353.11
00000180354.16
00000180357.9
00000180370.10
00000180376.17
00000180385.8
00000180389.7
00000180398.13
00000180423.4
00000180425.11
00000180440.4
00000180447.7
00000180448.10
00000180479.14
00000180481.11
00000180488.15
00000180525.13
00000180530.11
00000180535.4
00000180537.13
00000180539.8
00000180543.5
00000180573.9
00000180574.3
00000180581.7
00000180592.17
00000180596.7
00000180610.10
00000180611.7
00000180613.11
00000180616.9
00000180626.10
00000180628.15
00000180638.19
00000180644.8
00000180660.8
00000180662.8
00000180667.10
00000180694.14
00000180720.7
00000180730.5
00000180739.14
00000180747.15
00000180758.12
00000180764.13
00000180769.10
00000180773.15
00000180776.16
00000180785.10
00000180787.6
00000180801.14
00000180806.5
00000180817.12
00000180818.5
00000180822.12
00000180834.8
00000180846.8
00000180855.16
00000180867.11
00000180871.8
00000180875.5
00000180878.3
00000180879.14
00000180881.19
00000180884.10
00000180891.13
00000180900.20
00000180901.11
00000180902.18
00000180914.10
00000180917.18
00000180921.7
00000180929.6
00000180938.6
00000180953.11
00000180957.18
00000180964.17
00000180979.10
00000180992.7
00000180998.12
00000181004.10
00000181007.9
00000181019.13
00000181026.15
00000181027.11
00000181029.9
00000181031.16
00000181035.14
00000181038.14
00000181045.15
00000181061.14
00000181085.15
00000181090.21
00000181097.5
00000181104.7
00000181135.16
00000181163.14
00000181191.12
00000181192.12
00000181195.11
00000181201.3
00000181218.5
00000181220.17
00000181222.19
00000181227.3
00000181234.9
00000181240.14
00000181264.9
00000181274.7
00000181284.3
00000181291.8
00000181315.11
00000181322.15
00000181350.12
00000181359.5
00000181381.14
00000181392.17
00000181396.13
00000181404.17
00000181409.14
00000181418.8
00000181444.13
00000181449.4
00000181450.18
00000181458.10
00000181467.5
00000181472.5
00000181481.14
00000181513.15
00000181523.13
00000181524.6
00000181544.15
00000181555.21
00000181585.7
00000181588.16
00000181610.13
00000181619.11
00000181631.7
00000181638.20
00000181649.8
00000181652.19
00000181656.7
00000181666.18
00000181690.8
00000181704.12
00000181722.17
00000181741.7
00000181744.9
00000181751.10
00000181754.7
00000181773.7
00000181788.4
00000181789.14
00000181790.11
00000181798.3
00000181800.6
00000181804.15
00000181817.6
00000181826.10
00000181827.15
00000181830.9
00000181852.18
00000181856.15
00000181873.13
00000181885.18
00000181894.15
00000181896.12
00000181904.9
00000181908.5
00000181915.5
00000181924.7
00000181929.13
00000181938.14
00000181982.19
00000181991.16
00000182004.13
00000182010.11
00000182013.18
00000182022.18
00000182035.12
00000182054.10
00000182057.5
00000182087.14
00000182093.16
00000182095.14
00000182103.5
00000182108.11
00000182117.6
00000182118.8
00000182132.14
00000182134.16
00000182141.10
00000182149.21
00000182150.18
00000182154.8
00000182158.15
00000182162.11
00000182165.18
00000182168.15
00000182173.13
00000182175.14
00000182179.13
00000182180.14
00000182183.15
00000182185.18
00000182195.9
00000182197.12
00000182199.11
00000182208.14
00000182218.9
00000182220.15
00000182223.7
00000182240.16
00000182247.10
00000182253.15
00000182257.8
00000182263.14
00000182272.12
00000182287.15
00000182307.14
00000182310.15
00000182318.6
00000182324.7
00000182325.11
00000182326.15
00000182327.8
00000182347.10
00000182359.15
00000182362.14
00000182372.10
00000182376.2
00000182378.14
00000182379.10
00000182383.8
00000182389.20
00000182400.15
00000182405.6
00000182446.14
00000182463.16
00000182473.22
00000182481.10
00000182484.15
00000182487.12
00000182492.16
00000182504.11
00000182508.14
00000182511.12
00000182512.5
00000182518.13
00000182533.7
00000182534.13
00000182541.18
00000182544.9
00000182551.14
00000182552.15
00000182557.8
00000182568.17
00000182575.8
00000182578.14
00000182580.3
00000182600.9
00000182601.7
00000182606.17
00000182612.10
00000182621.18
00000182625.3
00000182628.13
00000182636.8
00000182648.13
00000182667.14
00000182670.13
00000182676.5
00000182685.7
00000182700.5
00000182704.8
00000182718.18
00000182722.5
00000182732.18
00000182742.6
00000182749.6
00000182752.10
00000182768.9
00000182771.19
00000182774.13
00000182782.8
00000182791.5
00000182796.14
00000182809.11
00000182810.7
00000182827.9
00000182831.12
00000182836.10
00000182841.12
00000182853.12
00000182858.14
00000182866.17
00000182870.13
00000182871.16
00000182872.16
00000182873.5
00000182885.17
00000182888.5
00000182890.5
00000182899.17
00000182901.17
00000182902.14
00000182903.16
00000182916.8
00000182919.15
00000182923.19
00000182934.12
00000182944.18
00000182950.3
00000182952.5
00000182957.16
00000182963.11
00000182968.5
00000182973.19
00000182979.18
00000182983.15
00000182985.18
00000182986.14
00000182993.5
00000183010.17
00000183011.13
00000183018.9
00000183020.14
00000183022.5
00000183023.18
00000183036.11
00000183044.12
00000183048.12
00000183049.13
00000183060.15
00000183067.5
00000183072.10
00000183077.15
00000183087.15
00000183091.19
00000183092.16
00000183098.11
00000183111.12
00000183114.8
00000183117.19
00000183134.5
00000183137.15
00000183150.8
00000183153.7
00000183154.1
00000183155.5
00000183160.9
00000183161.6
00000183166.11
00000183172.9
00000183186.8
00000183196.10
00000183199.6
00000183207.14
00000183208.12
00000183230.17
00000183239.5
00000183248.12
00000183250.12
00000183255.12
00000183258.12
00000183283.16
00000183291.17
00000183298.5
00000183307.4
00000183309.12
00000183317.17
00000183323.13
00000183324.11
00000183337.17
00000183340.7
00000183346.9
00000183354.12
00000183386.10
00000183397.5
00000183401.12
00000183426.17
00000183431.12
00000183439.9
00000183444.10
00000183454.18
00000183458.14
00000183474.16
00000183475.13
00000183476.12
00000183484.12
00000183486.13
00000183495.14
00000183496.6
00000183506.17
00000183508.5
00000183513.9
00000183520.12
00000183527.12
00000183530.14
00000183542.5
00000183549.10
00000183562.3
00000183569.18
00000183570.16
00000183576.13
00000183578.8
00000183579.16
00000183580.10
00000183586.8
00000183597.16
00000183598.4
00000183604.14
00000183605.17
00000183615.6
00000183617.5
00000183621.15
00000183624.14
00000183631.5
00000183647.10
00000183648.11
00000183655.13
00000183662.11
00000183665.5
00000183666.17
00000183671.12
00000183682.8
00000183684.8
00000183688.4
00000183690.13
00000183691.6
00000183696.14
00000183715.13
00000183718.5
00000183722.9
00000183723.13
00000183726.11
00000183734.4
00000183735.11
00000183741.12
00000183742.13
00000183751.15
00000183762.13
00000183763.9
00000183765.23
00000183770.7
00000183773.15
00000183775.11
00000183778.17
00000183779.7
00000183780.13
00000183783.7
00000183793.14
00000183798.5
00000183801.8
00000183807.8
00000183808.11
00000183814.15
00000183826.18
00000183828.15
00000183831.7
00000183833.16
00000183837.9
00000183840.7
00000183850.14
00000183853.18
00000183856.11
00000183864.5
00000183876.9
00000183878.15
00000183888.4
00000183891.6
00000183908.7
00000183929.7
00000183935.5
00000183943.6
00000183955.13
00000183960.9
00000183963.19
00000183971.10
00000183977.14
00000183978.8
00000184005.11
00000184007.22
00000184009.12
00000184014.8
00000184047.20
00000184056.15
00000184058.14
00000184060.11
00000184068.2
00000184076.13
00000184083.12
00000184100.6
00000184106.8
00000184110.15
00000184113.9
00000184117.12
00000184144.12
00000184154.15
00000184156.17
00000184160.8
00000184162.15
00000184163.3
00000184164.15
00000184178.16
00000184182.19
00000184188.6
00000184194.6
00000184203.8
00000184205.14
00000184207.9
00000184208.12
00000184209.15
00000184216.14
00000184220.12
00000184221.13
00000184226.15
00000184227.8
00000184232.9
00000184254.17
00000184260.6
00000184270.6
00000184271.17
00000184277.13
00000184281.15
00000184292.7
00000184293.7
00000184302.7
00000184304.16
00000184307.16
00000184319.16
00000184343.11
00000184347.15
00000184349.13
00000184357.5
00000184368.16
00000184371.14
00000184378.3
00000184381.20
00000184384.14
00000184389.9
00000184402.15
00000184408.10
00000184414.2
00000184428.13
00000184432.11
00000184436.12
00000184441.4
00000184445.12
00000184451.5
00000184454.7
00000184465.16
00000184470.21
00000184481.17
00000184486.10
00000184489.12
00000184497.13
00000184500.16
00000184502.4
00000184508.12
00000184515.11
00000184517.12
00000184523.4
00000184524.6
00000184545.11
00000184557.4
00000184566.3
00000184574.10
00000184575.12
00000184584.13
00000184588.18
00000184599.13
00000184602.6
00000184608.9
00000184611.12
00000184612.8
00000184613.11
00000184616.9
00000184617.10
00000184619.8
00000184634.16
00000184635.16
00000184640.19
00000184661.14
00000184669.9
00000184672.12
00000184675.11
00000184677.18
00000184678.10
00000184708.18
00000184719.12
00000184730.11
00000184731.6
00000184743.13
00000184752.13
00000184785.6
00000184786.6
00000184787.19
00000184792.16
00000184809.13
00000184828.10
00000184831.14
00000184838.15
00000184840.12
00000184844.6
00000184857.8
00000184863.11
00000184867.14
00000184887.13
00000184895.8
00000184897.6
00000184898.7
00000184900.16
00000184903.10
00000184905.9
00000184916.9
00000184922.14
00000184924.5
00000184925.12
00000184939.16
00000184949.16
00000184967.7
00000184979.10
00000184983.11
00000184985.16
00000184986.11
00000184988.8
00000184990.13
00000184992.13
00000185000.12
00000185008.17
00000185009.13
00000185010.15
00000185015.8
00000185019.17
00000185022.12
00000185024.17
00000185031.6
00000185033.14
00000185043.12
00000185046.18
00000185049.16
00000185052.12
00000185055.11
00000185065.6
00000185070.11
00000185085.2
00000185088.14
00000185090.14
00000185100.11
00000185104.20
00000185112.6
00000185115.6
00000185122.11
00000185127.6
00000185129.8
00000185130.5
00000185133.14
00000185149.6
00000185158.12
00000185163.10
00000185164.14
00000185187.13
00000185189.18
00000185201.16
00000185215.11
00000185219.17
00000185220.12
00000185222.10
00000185236.12
00000185238.13
00000185245.8
00000185246.18
00000185250.16
00000185252.19
00000185261.14
00000185262.9
00000185267.10
00000185272.14
00000185274.12
00000185275.6
00000185278.15
00000185290.4
00000185291.12
00000185298.13
00000185305.11
00000185324.22
00000185338.6
00000185339.9
00000185340.15
00000185344.15
00000185345.23
00000185347.18
00000185352.8
00000185359.14
00000185361.9
00000185379.20
00000185386.15
00000185404.17
00000185414.20
00000185418.16
00000185420.19
00000185432.12
00000185436.12
00000185437.13
00000185442.13
00000185453.13
00000185475.11
00000185477.5
00000185480.12
00000185482.8
00000185483.12
00000185485.14
00000185495.10
00000185499.16
00000185504.17
00000185507.21
00000185513.17
00000185515.15
00000185518.12
00000185519.9
00000185522.9
00000185523.6
00000185527.12
00000185532.20
00000185551.15
00000185559.16
00000185561.10
00000185565.12
00000185567.7
00000185585.20
00000185591.10
00000185596.16
00000185607.5
00000185608.8
00000185610.6
00000185614.7
00000185615.16
00000185619.18
00000185621.11
00000185624.15
00000185627.18
00000185630.19
00000185633.10
00000185634.12
00000185641.6
00000185650.10
00000185651.15
00000185658.14
00000185664.14
00000185666.15
00000185668.8
00000185669.6
00000185670.9
00000185674.9
00000185681.13
00000185684.15
00000185697.16
00000185716.12
00000185721.13
00000185722.18
00000185728.17
00000185730.8
00000185736.16
00000185737.13
00000185742.7
00000185745.10
00000185753.13
00000185760.17
00000185774.16
00000185787.15
00000185798.8
00000185800.12
00000185803.12
00000185808.14
00000185811.19
00000185813.11
00000185818.8
00000185825.17
00000185829.18
00000185834.10
00000185837.3
00000185838.14
00000185839.3
00000185862.7
00000185864.16
00000185869.15
00000185875.13
00000185880.13
00000185885.16
00000185896.11
00000185900.11
00000185904.12
00000185905.4
00000185909.15
00000185917.14
00000185920.16
00000185924.7
00000185942.13
00000185946.16
00000185947.15
00000185950.9
00000185955.5
00000185963.14
00000185972.6
00000185973.12
00000185985.11
00000185986.12
00000185989.11
00000186001.14
00000186007.10
00000186010.19
00000186017.14
00000186019.11
00000186020.13
00000186026.7
00000186047.10
00000186056.10
00000186063.13
00000186073.14
00000186074.19
00000186076.5
00000186082.9
00000186088.16
00000186094.17
00000186104.11
00000186106.11
00000186111.10
00000186130.5
00000186132.15
00000186141.9
00000186150.5
00000186153.17
00000186162.10
00000186166.9
00000186174.12
00000186184.19
00000186185.14
00000186187.12
00000186188.11
00000186193.9
00000186198.4
00000186204.15
00000186205.13
00000186222.5
00000186230.7
00000186231.17
00000186235.11
00000186260.17
00000186272.13
00000186280.7
00000186281.12
00000186283.14
00000186297.12
00000186298.12
00000186300.12
00000186301.8
00000186310.10
00000186312.10
00000186314.11
00000186318.16
00000186340.16
00000186350.12
00000186352.9
00000186364.12
00000186369.10
00000186376.15
00000186377.8
00000186395.8
00000186407.7
00000186409.18
00000186416.17
00000186417.14
00000186431.19
00000186432.10
00000186446.12
00000186448.15
00000186451.2
00000186462.9
00000186466.5
00000186468.13
00000186469.8
00000186470.14
00000186471.13
00000186472.20
00000186479.5
00000186480.13
00000186487.20
00000186493.13
00000186496.12
00000186501.14
00000186517.14
00000186522.15
00000186523.14
00000186529.16
00000186532.12
00000186566.13
00000186567.13
00000186575.19
00000186577.14
00000186591.13
00000186594.14
00000186603.6
00000186615.11
00000186625.14
00000186635.14
00000186638.16
00000186642.16
00000186648.15
00000186654.21
00000186660.15
00000186665.10
00000186666.6
00000186675.7
00000186676.3
00000186684.14
00000186687.16
00000186710.11
00000186715.11
00000186716.21
00000186732.14
00000186743.2
00000186765.12
00000186767.7
00000186787.9
00000186792.17
00000186806.5
00000186810.8
00000186812.13
00000186814.14
00000186815.13
00000186818.12
00000186827.11
00000186834.4
00000186838.13
00000186862.20
00000186866.17
00000186868.16
00000186871.7
00000186889.10
00000186891.14
00000186897.5
00000186907.8
00000186908.14
00000186918.14
00000186919.13
00000186940.6
00000186951.16
00000186952.15
00000186960.12
00000186973.11
00000186976.15
00000186994.11
00000186998.16
00000187010.21
00000187013.4
00000187037.8
00000187049.10
00000187051.9
00000187068.3
00000187079.20
00000187091.14
00000187094.12
00000187097.13
00000187098.17
00000187105.9
00000187109.15
00000187116.14
00000187118.14
00000187122.17
00000187123.15
00000187134.14
00000187135.7
00000187140.6
00000187147.18
00000187164.20
00000187187.14
00000187189.11
00000187193.9
00000187210.14
00000187229.3
00000187231.14
00000187239.17
00000187240.16
00000187243.16
00000187244.12
00000187257.16
00000187260.16
00000187266.14
00000187323.12
00000187325.5
00000187372.11
00000187391.22
00000187398.12
00000187416.12
00000187446.12
00000187472.4
00000187474.5
00000187475.6
00000187479.8
00000187486.5
00000187498.16
00000187513.9
00000187514.17
00000187522.16
00000187527.11
00000187531.14
00000187534.6
00000187535.14
00000187536.4
00000187546.14
00000187554.14
00000187555.16
00000187556.7
00000187566.6
00000187595.16
00000187601.5
00000187605.15
00000187607.16
00000187608.10
00000187609.16
00000187624.9
00000187626.9
00000187630.17
00000187634.12
00000187650.4
00000187653.11
00000187672.14
00000187676.8
00000187678.10
00000187682.2
00000187688.15
00000187699.10
00000187713.7
00000187714.7
00000187715.13
00000187720.14
00000187730.9
00000187735.14
00000187736.13
00000187741.15
00000187742.15
00000187762.5
00000187764.11
00000187773.8
00000187775.17
00000187778.14
00000187790.11
00000187792.5
00000187796.15
00000187800.13
00000187801.15
00000187808.5
00000187815.10
00000187824.9
00000187837.4
00000187840.5
00000187860.10
00000187866.10
00000187867.10
00000187902.11
00000187904.3
00000187912.12
00000187944.5
00000187951.11
00000187952.9
00000187953.10
00000187954.13
00000187955.12
00000187957.8
00000187959.9
00000187961.14
00000187980.7
00000187984.13
00000187987.9
00000187994.14
00000188001.10
00000188002.10
00000188010.15
00000188011.5
00000188013.6
00000188015.10
00000188021.9
00000188026.13
00000188032.10
00000188033.10
00000188039.16
00000188042.8
00000188051.7
00000188060.7
00000188064.10
00000188070.9
00000188092.15
00000188130.14
00000188152.13
00000188153.14
00000188157.15
00000188158.16
00000188163.8
00000188167.9
00000188171.16
00000188177.14
00000188185.13
00000188186.10
00000188191.15
00000188211.9
00000188215.10
00000188227.13
00000188229.6
00000188234.13
00000188243.13
00000188257.12
00000188266.14
00000188277.10
00000188283.11
00000188290.11
00000188295.15
00000188305.6
00000188312.14
00000188313.13
00000188315.8
00000188316.15
00000188321.13
00000188322.8
00000188338.15
00000188342.12
00000188343.13
00000188352.12
00000188365.3
00000188368.10
00000188372.15
00000188375.5
00000188383.8
00000188385.12
00000188389.11
00000188394.8
00000188396.4
00000188404.10
00000188419.14
00000188428.20
00000188451.8
00000188452.14
00000188459.4
00000188460.4
00000188483.8
00000188486.3
00000188488.14
00000188493.15
00000188501.11
00000188511.12
00000188512.6
00000188517.16
00000188522.15
00000188523.9
00000188529.15
00000188536.13
00000188542.10
00000188549.12
00000188554.15
00000188559.15
00000188566.14
00000188573.8
00000188580.15
00000188596.11
00000188599.17
00000188610.12
00000188612.12
00000188613.7
00000188624.3
00000188626.6
00000188636.4
00000188641.14
00000188643.11
00000188647.13
00000188649.15
00000188659.9
00000188662.6
00000188672.19
00000188674.11
00000188677.15
00000188681.11
00000188690.15
00000188706.13
00000188707.6
00000188710.3
00000188725.8
00000188730.5
00000188732.11
00000188735.13
00000188738.15
00000188739.15
00000188747.8
00000188760.11
00000188763.5
00000188765.7
00000188766.12
00000188779.12
00000188783.6
00000188785.12
00000188786.10
00000188803.15
00000188807.13
00000188811.14
00000188818.12
00000188820.13
00000188825.14
00000188827.11
00000188846.14
00000188856.6
00000188859.7
00000188868.14
00000188873.4
00000188878.19
00000188895.12
00000188906.16
00000188910.8
00000188916.9
00000188917.15
00000188921.14
00000188931.4
00000188938.17
00000188976.11
00000188981.11
00000188985.6
00000188986.9
00000188993.3
00000188994.13
00000188997.8
00000189007.16
00000189042.13
00000189043.10
00000189045.15
00000189046.11
00000189050.16
00000189056.14
00000189057.11
00000189058.9
00000189060.5
00000189067.13
00000189068.11
00000189077.11
00000189079.17
00000189089.5
00000189091.13
00000189099.11
00000189114.8
00000189120.5
00000189129.14
00000189134.4
00000189136.9
00000189143.9
00000189144.14
00000189157.14
00000189159.16
00000189164.15
00000189171.14
00000189180.16
00000189184.12
00000189190.10
00000189195.15
00000189212.12
00000189221.10
00000189223.15
00000189227.6
00000189241.8
00000189266.13
00000189269.12
00000189280.3
00000189283.10
00000189292.16
00000189298.14
00000189306.11
00000189308.11
00000189319.14
00000189320.9
00000189337.17
00000189339.12
00000189343.7
00000189350.13
00000189362.12
00000189366.9
00000189369.9
00000189376.12
00000189403.15
00000189410.12
00000189420.8
00000189423.13
00000189431.8
00000194717.4
00000195401.2
00000196072.12
00000196074.13
00000196081.10
00000196083.10
00000196090.12
00000196091.15
00000196104.11
00000196110.8
00000196114.3
00000196116.8
00000196118.12
00000196123.13
00000196126.11
00000196132.14
00000196136.18
00000196139.14
00000196141.14
00000196150.14
00000196151.11
00000196152.10
00000196154.12
00000196155.13
00000196159.14
00000196167.10
00000196169.15
00000196172.9
00000196177.13
00000196182.11
00000196183.5
00000196187.12
00000196189.13
00000196196.3
00000196199.14
00000196204.12
00000196205.8
00000196208.14
00000196209.13
00000196214.11
00000196218.13
00000196220.16
00000196227.11
00000196230.13
00000196233.14
00000196235.14
00000196236.13
00000196247.11
00000196262.15
00000196263.8
00000196267.12
00000196268.12
00000196274.5
00000196275.14
00000196277.16
00000196284.17
00000196290.16
00000196295.12
00000196296.14
00000196301.3
00000196305.18
00000196312.15
00000196313.11
00000196323.14
00000196338.13
00000196345.13
00000196352.16
00000196353.11
00000196357.12
00000196358.11
00000196361.10
00000196363.9
00000196365.12
00000196367.14
00000196368.5
00000196369.11
00000196371.3
00000196372.13
00000196376.11
00000196378.13
00000196381.11
00000196387.9
00000196388.8
00000196391.11
00000196396.10
00000196405.13
00000196407.12
00000196411.10
00000196415.10
00000196417.13
00000196418.12
00000196419.13
00000196421.8
00000196422.11
00000196428.12
00000196436.8
00000196437.12
00000196440.11
00000196449.4
00000196453.8
00000196455.8
00000196456.13
00000196458.11
00000196459.14
00000196465.10
00000196466.10
00000196470.12
00000196476.12
00000196482.18
00000196498.13
00000196502.12
00000196503.5
00000196504.19
00000196505.11
00000196507.11
00000196510.12
00000196511.14
00000196517.13
00000196526.10
00000196531.14
00000196535.17
00000196542.8
00000196544.8
00000196547.15
00000196549.12
00000196550.10
00000196553.15
00000196557.13
00000196562.14
00000196569.13
00000196576.15
00000196581.11
00000196584.3
00000196586.16
00000196588.20
00000196591.12
00000196597.13
00000196605.7
00000196611.5
00000196628.20
00000196632.10
00000196636.8
00000196639.7
00000196642.19
00000196646.12
00000196652.12
00000196653.12
00000196655.12
00000196656.7
00000196659.10
00000196660.11
00000196663.16
00000196664.5
00000196666.6
00000196668.4
00000196670.14
00000196678.14
00000196683.11
00000196689.12
00000196693.15
00000196696.13
00000196700.9
00000196704.13
00000196705.8
00000196712.18
00000196715.7
00000196724.13
00000196730.13
00000196735.13
00000196739.15
00000196741.5
00000196743.9
00000196747.4
00000196754.13
00000196756.13
00000196757.8
00000196767.9
00000196776.17
00000196781.16
00000196782.12
00000196787.3
00000196792.12
00000196793.14
00000196810.5
00000196812.5
00000196814.15
00000196821.10
00000196839.13
00000196843.17
00000196850.6
00000196860.8
00000196865.4
00000196867.8
00000196872.12
00000196876.18
00000196878.15
00000196890.4
00000196911.11
00000196912.12
00000196914.9
00000196917.6
00000196922.10
00000196923.14
00000196924.19
00000196932.12
00000196933.5
00000196935.9
00000196937.11
00000196943.14
00000196950.14
00000196954.14
00000196961.13
00000196967.11
00000196968.11
00000196972.9
00000196975.16
00000196976.7
00000196981.4
00000196990.9
00000196998.19
00000197006.14
00000197008.10
00000197013.10
00000197016.12
00000197019.5
00000197020.11
00000197021.9
00000197024.9
00000197037.11
00000197043.14
00000197044.11
00000197045.13
00000197050.11
00000197054.12
00000197056.11
00000197057.10
00000197061.5
00000197062.11
00000197063.11
00000197070.14
00000197077.13
00000197081.16
00000197083.11
00000197093.11
00000197102.12
00000197106.7
00000197111.16
00000197114.12
00000197119.13
00000197121.15
00000197122.12
00000197124.12
00000197128.12
00000197134.13
00000197136.4
00000197140.15
00000197142.10
00000197147.15
00000197149.5
00000197150.13
00000197153.5
00000197157.11
00000197162.10
00000197168.13
00000197170.10
00000197177.15
00000197180.2
00000197181.12
00000197182.14
00000197183.14
00000197191.6
00000197208.6
00000197217.13
00000197223.12
00000197226.13
00000197238.5
00000197245.6
00000197249.14
00000197256.11
00000197258.5
00000197261.11
00000197265.9
00000197275.14
00000197279.4
00000197283.17
00000197291.9
00000197296.6
00000197299.12
00000197302.10
00000197312.12
00000197321.15
00000197323.12
00000197324.9
00000197329.12
00000197343.11
00000197345.13
00000197355.11
00000197358.9
00000197361.8
00000197362.15
00000197363.9
00000197372.10
00000197375.13
00000197380.11
00000197381.16
00000197386.12
00000197405.8
00000197410.14
00000197415.12
00000197417.9
00000197429.11
00000197430.11
00000197442.10
00000197444.10
00000197448.14
00000197451.12
00000197457.10
00000197461.13
00000197467.16
00000197471.12
00000197479.7
00000197483.10
00000197496.6
00000197497.11
00000197498.13
00000197520.10
00000197530.12
00000197535.15
00000197536.11
00000197540.8
00000197548.12
00000197555.9
00000197557.7
00000197558.13
00000197561.7
00000197562.10
00000197563.11
00000197565.16
00000197566.10
00000197568.14
00000197575.6
00000197576.14
00000197579.8
00000197580.13
00000197582.5
00000197584.12
00000197586.13
00000197594.13
00000197599.12
00000197601.13
00000197603.15
00000197608.11
00000197614.11
00000197619.14
00000197620.11
00000197622.13
00000197629.6
00000197635.11
00000197644.2
00000197646.8
00000197647.11
00000197653.16
00000197670.6
00000197694.18
00000197696.10
00000197702.14
00000197712.12
00000197713.15
00000197714.9
00000197724.11
00000197728.11
00000197744.5
00000197746.14
00000197747.9
00000197748.13
00000197756.10
00000197757.8
00000197763.19
00000197766.8
00000197769.6
00000197771.13
00000197774.13
00000197776.8
00000197779.15
00000197780.10
00000197782.14
00000197785.14
00000197798.9
00000197808.12
00000197813.6
00000197815.4
00000197818.12
00000197822.11
00000197837.3
00000197841.15
00000197852.12
00000197857.14
00000197858.11
00000197859.11
00000197860.10
00000197863.9
00000197872.11
00000197879.17
00000197885.11
00000197889.10
00000197892.13
00000197894.11
00000197903.8
00000197905.10
00000197912.16
00000197921.6
00000197927.13
00000197928.10
00000197930.13
00000197933.13
00000197934.8
00000197935.7
00000197937.13
00000197943.10
00000197948.11
00000197951.10
00000197956.10
00000197958.13
00000197959.14
00000197961.12
00000197965.12
00000197969.14
00000197971.16
00000197976.12
00000197977.4
00000197978.9
00000197982.14
00000197989.14
00000197992.7
00000197993.9
00000198000.12
00000198001.14
00000198003.12
00000198015.14
00000198018.7
00000198019.13
00000198026.8
00000198028.4
00000198034.11
00000198039.11
00000198040.11
00000198042.11
00000198046.12
00000198053.12
00000198055.11
00000198056.15
00000198060.10
00000198075.10
00000198081.11
00000198087.7
00000198089.16
00000198093.11
00000198105.15
00000198108.4
00000198113.3
00000198121.13
00000198125.13
00000198130.16
00000198131.14
00000198133.8
00000198134.3
00000198142.5
00000198146.4
00000198155.5
00000198156.10
00000198157.11
00000198160.15
00000198162.12
00000198168.9
00000198169.9
00000198171.13
00000198176.13
00000198182.13
00000198185.11
00000198189.11
00000198198.17
00000198205.6
00000198208.12
00000198216.12
00000198218.11
00000198221.10
00000198223.17
00000198225.5
00000198231.13
00000198237.8
00000198242.14
00000198246.9
00000198252.12
00000198258.11
00000198265.12
00000198270.13
00000198276.16
00000198286.10
00000198298.13
00000198300.14
00000198301.12
00000198315.11
00000198324.13
00000198331.11
00000198342.10
00000198346.11
00000198353.8
00000198355.5
00000198356.12
00000198363.18
00000198369.10
00000198373.13
00000198380.13
00000198382.9
00000198393.8
00000198399.15
00000198400.12
00000198406.7
00000198408.14
00000198416.9
00000198417.7
00000198420.10
00000198429.10
00000198431.16
00000198435.4
00000198440.9
00000198453.13
00000198455.4
00000198464.14
00000198466.12
00000198467.16
00000198468.9
00000198478.8
00000198482.14
00000198483.13
00000198492.16
00000198496.12
00000198498.10
00000198502.6
00000198513.13
00000198517.10
00000198520.12
00000198521.12
00000198522.14
00000198523.6
00000198538.11
00000198542.14
00000198546.15
00000198551.10
00000198553.9
00000198554.12
00000198556.14
00000198561.15
00000198563.14
00000198569.10
00000198576.4
00000198580.7
00000198585.12
00000198586.14
00000198589.14
00000198590.12
00000198597.9
00000198598.6
00000198604.11
00000198612.11
00000198618.5
00000198624.13
00000198625.13
00000198626.17
00000198633.10
00000198642.7
00000198646.14
00000198648.11
00000198658.4
00000198663.17
00000198668.13
00000198673.10
00000198677.12
00000198680.4
00000198682.13
00000198689.13
00000198690.10
00000198692.10
00000198695.2
00000198700.10
00000198707.17
00000198711.5
00000198712.1
00000198715.13
00000198718.13
00000198719.9
00000198720.13
00000198721.13
00000198722.14
00000198727.2
00000198728.11
00000198729.5
00000198730.9
00000198732.11
00000198734.12
00000198736.12
00000198739.11
00000198740.9
00000198742.10
00000198743.7
00000198744.5
00000198746.13
00000198752.11
00000198753.12
00000198755.11
00000198756.12
00000198759.12
00000198763.3
00000198768.11
00000198771.11
00000198774.5
00000198780.12
00000198783.6
00000198785.7
00000198786.2
00000198791.12
00000198792.13
00000198793.13
00000198794.12
00000198795.11
00000198796.7
00000198797.7
00000198799.12
00000198804.2
00000198805.12
00000198814.13
00000198815.9
00000198816.7
00000198818.10
00000198821.11
00000198822.10
00000198824.7
00000198825.15
00000198826.11
00000198829.6
00000198830.11
00000198832.10
00000198833.7
00000198835.4
00000198836.11
00000198837.10
00000198838.14
00000198839.10
00000198840.2
00000198841.4
00000198842.10
00000198843.13
00000198844.12
00000198846.6
00000198848.13
00000198851.10
00000198853.12
00000198855.7
00000198856.13
00000198857.3
00000198858.10
00000198860.13
00000198862.14
00000198863.7
00000198865.10
00000198868.3
00000198870.8
00000198873.12
00000198874.13
00000198876.13
00000198879.12
00000198885.10
00000198886.2
00000198887.9
00000198888.2
00000198890.9
00000198892.7
00000198894.8
00000198898.14
00000198899.2
00000198900.6
00000198909.8
00000198910.14
00000198911.12
00000198912.11
00000198914.5
00000198915.12
00000198918.8
00000198919.13
00000198920.11
00000198924.8
00000198925.12
00000198929.13
00000198930.13
00000198931.11
00000198932.13
00000198933.9
00000198934.5
00000198937.9
00000198938.2
00000198939.8
00000198944.6
00000198945.8
00000198947.16
00000198948.12
00000198951.12
00000198952.8
00000198954.9
00000198959.12
00000198960.11
00000198961.10
00000198963.11
00000198964.14
00000198974.3
00000198975.2
00000198982.4
00000198984.1
00000199005.4
00000199015.4
00000199020.3
00000199023.3
00000199024.1
00000199025.4
00000199030.2
00000199032.1
00000199035.2
00000199036.1
00000199038.1
00000199047.3
00000199051.3
00000199053.3
00000199069.3
00000199075.1
00000199082.1
00000199088.5
00000199090.1
00000199092.4
00000199102.1
00000199104.2
00000199107.3
00000199109.4
00000199121.4
00000199122.3
00000199130.3
00000199135.1
00000199145.1
00000199150.3
00000199151.3
00000199161.1
00000199168.3
00000199172.3
00000199179.3
00000199200.2
00000199204.1
00000199217.1
00000199218.1
00000199226.1
00000199237.1
00000199248.1
00000199260.1
00000199290.1
00000199301.1
00000199306.1
00000199313.1
00000199319.1
00000199325.1
00000199331.1
00000199335.1
00000199348.1
00000199366.1
00000199377.1
00000199381.1
00000199390.1
00000199400.1
00000199405.1
00000199407.1
00000199411.1
00000199415.1
00000199436.1
00000199444.1
00000199453.1
00000199459.1
00000199466.1
00000199470.1
00000199471.1
00000199472.1
00000199476.1
00000199477.1
00000199489.1
00000199497.1
00000199509.1
00000199512.1
00000199525.1
00000199530.1
00000199535.1
00000199536.1
00000199545.1
00000199550.1
00000199551.1
00000199562.1
00000199567.1
00000199568.1
00000199591.1
00000199592.1
00000199594.1
00000199598.1
00000199605.1
00000199627.1
00000199630.1
00000199638.1
00000199643.1
00000199646.1
00000199664.1
00000199666.2
00000199667.1
00000199672.1
00000199674.1
00000199676.1
00000199677.1
00000199683.1
00000199691.1
00000199695.1
00000199697.1
00000199704.1
00000199709.1
00000199719.1
00000199730.1
00000199731.1
00000199732.1
00000199740.1
00000199751.1
00000199753.1
00000199755.1
00000199781.1
00000199787.1
00000199788.1
00000199792.1
00000199796.1
00000199797.1
00000199798.1
00000199804.1
00000199805.1
00000199806.1
00000199824.1
00000199831.1
00000199836.1
00000199846.1
00000199855.1
00000199865.1
00000199866.1
00000199872.1
00000199875.1
00000199879.1
00000199880.1
00000199881.1
00000199883.1
00000199886.1
00000199890.1
00000199899.2
00000199906.1
00000199914.1
00000199933.1
00000199938.1
00000199942.1
00000199944.1
00000199960.1
00000199961.1
00000199962.1
00000199975.1
00000199977.1
00000199979.1
00000199990.1
00000200008.1
00000200013.1
00000200041.1
00000200047.1
00000200059.1
00000200063.1
00000200065.1
00000200070.1
00000200072.1
00000200075.1
00000200086.1
00000200087.1
00000200089.1
00000200090.1
00000200091.1
00000200095.1
00000200105.1
00000200113.1
00000200114.1
00000200118.1
00000200120.1
00000200135.1
00000200138.1
00000200142.1
00000200152.1
00000200156.1
00000200163.1
00000200164.1
00000200169.1
00000200170.1
00000200176.1
00000200183.1
00000200201.1
00000200227.1
00000200237.1
00000200241.1
00000200243.1
00000200247.1
00000200250.1
00000200253.1
00000200254.1
00000200256.1
00000200257.1
00000200261.1
00000200291.1
00000200294.1
00000200298.1
00000200304.1
00000200309.1
00000200312.1
00000200314.1
00000200332.1
00000200344.1
00000200350.1
00000200351.1
00000200355.1
00000200356.1
00000200372.1
00000200376.1
00000200378.1
00000200388.1
00000200389.1
00000200391.1
00000200394.1
00000200397.1
00000200403.1
00000200407.1
00000200419.1
00000200428.1
00000200446.1
00000200455.1
00000200472.1
00000200473.1
00000200475.1
00000200478.1
00000200488.1
00000200494.1
00000200502.1
00000200503.1
00000200506.1
00000200508.1
00000200521.1
00000200522.1
00000200525.1
00000200534.1
00000200537.1
00000200544.1
00000200550.1
00000200554.1
00000200556.1
00000200560.1
00000200563.1
00000200564.1
00000200571.1
00000200579.1
00000200591.1
00000200594.1
00000200597.1
00000200608.1
00000200620.1
00000200630.1
00000200632.1
00000200636.1
00000200637.1
00000200638.1
00000200651.1
00000200652.1
00000200661.1
00000200665.1
00000200673.1
00000200674.1
00000200677.1
00000200680.1
00000200683.1
00000200685.1
00000200687.1
00000200688.1
00000200701.1
00000200706.1
00000200708.1
00000200711.1
00000200714.1
00000200719.1
00000200726.1
00000200731.1
00000200732.1
00000200737.1
00000200742.1
00000200745.1
00000200753.1
00000200754.1
00000200756.1
00000200759.1
00000200769.1
00000200783.1
00000200788.1
00000200792.1
00000200794.1
00000200795.1
00000200812.1
00000200814.1
00000200815.1
00000200816.1
00000200823.1
00000200830.1
00000200834.1
00000200840.1
00000200847.1
00000200855.1
00000200867.1
00000200873.1
00000200874.1
00000200879.1
00000200882.1
00000200883.1
00000200884.1
00000200888.1
00000200889.1
00000200906.1
00000200913.1
00000200917.1
00000200924.1
00000200926.1
00000200942.1
00000200949.1
00000200953.1
00000200959.1
00000200966.1
00000200972.1
00000200976.1
00000200985.1
00000200999.1
00000201010.1
00000201012.1
00000201013.1
00000201025.1
00000201028.1
00000201034.1
00000201036.1
00000201044.1
00000201047.1
00000201071.1
00000201077.1
00000201078.1
00000201086.1
00000201098.1
00000201102.1
00000201104.1
00000201109.1
00000201113.1
00000201114.1
00000201121.1
00000201134.1
00000201136.1
00000201140.1
00000201143.1
00000201148.1
00000201151.1
00000201155.1
00000201157.1
00000201164.1
00000201176.1
00000201179.1
00000201183.1
00000201184.1
00000201185.1
00000201198.1
00000201201.1
00000201207.1
00000201208.1
00000201209.1
00000201216.1
00000201217.1
00000201221.1
00000201223.1
00000201228.1
00000201229.1
00000201239.1
00000201240.1
00000201263.1
00000201264.1
00000201294.1
00000201298.1
00000201300.1
00000201302.1
00000201309.1
00000201315.1
00000201326.1
00000201330.1
00000201339.1
00000201340.1
00000201343.1
00000201346.2
00000201348.1
00000201354.1
00000201358.1
00000201364.1
00000201365.1
00000201367.1
00000201371.1
00000201372.1
00000201376.1
00000201388.1
00000201390.1
00000201428.1
00000201432.1
00000201433.1
00000201435.1
00000201440.1
00000201441.1
00000201444.1
00000201448.1
00000201451.1
00000201469.1
00000201470.1
00000201482.1
00000201492.1
00000201496.1
00000201498.1
00000201499.1
00000201500.1
00000201501.1
00000201510.1
00000201516.1
00000201519.1
00000201524.1
00000201532.1
00000201533.1
00000201542.1
00000201544.1
00000201547.1
00000201549.1
00000201550.1
00000201554.1
00000201555.1
00000201557.1
00000201563.1
00000201564.1
00000201566.1
00000201573.1
00000201574.1
00000201579.1
00000201581.1
00000201586.1
00000201592.1
00000201600.1
00000201607.1
00000201616.1
00000201619.1
00000201643.1
00000201649.1
00000201654.1
00000201659.1
00000201662.1
00000201665.1
00000201666.1
00000201684.1
00000201690.1
00000201699.1
00000201700.3
00000201710.1
00000201715.1
00000201724.1
00000201736.1
00000201741.1
00000201746.1
00000201747.1
00000201749.1
00000201758.1
00000201772.1
00000201785.1
00000201786.1
00000201793.1
00000201794.1
00000201800.1
00000201801.1
00000201806.1
00000201807.1
00000201813.1
00000201818.1
00000201820.1
00000201821.1
00000201830.1
00000201831.1
00000201839.1
00000201850.1
00000201863.1
00000201875.1
00000201882.1
00000201884.1
00000201892.1
00000201899.1
00000201900.1
00000201901.1
00000201907.1
00000201912.1
00000201916.1
00000201920.1
00000201944.1
00000201950.1
00000201955.1
00000201957.1
00000201988.2
00000201992.1
00000201998.1
00000202000.1
00000202019.1
00000202023.1
00000202029.1
00000202034.1
00000202041.1
00000202047.1
00000202048.1
00000202058.1
00000202059.1
00000202071.1
00000202078.1
00000202079.1
00000202081.1
00000202089.1
00000202100.1
00000202111.1
00000202119.1
00000202124.1
00000202125.1
00000202137.1
00000202141.1
00000202142.1
00000202150.1
00000202172.1
00000202184.1
00000202191.1
00000202205.1
00000202217.1
00000202222.1
00000202227.1
00000202239.1
00000202241.1
00000202255.1
00000202259.1
00000202260.1
00000202261.1
00000202273.1
00000202279.1
00000202290.1
00000202297.1
00000202310.1
00000202314.1
00000202318.1
00000202337.1
00000202343.1
00000202347.1
00000202354.1
00000202357.1
00000202358.1
00000202361.1
00000202379.1
00000202382.1
00000202392.1
00000202399.1
00000202400.1
00000202411.1
00000202412.1
00000202414.1
00000202415.1
00000202417.1
00000202429.1
00000202430.1
00000202434.1
00000202441.2
00000202459.1
00000202461.1
00000202469.1
00000202470.1
00000202474.1
00000202479.1
00000202490.1
00000202502.1
00000202512.1
00000202513.1
00000202514.1
00000202515.1
00000202517.1
00000202522.1
00000202533.1
00000202538.1
00000202542.1
00000202560.4
00000202569.4
00000202601.4
00000203258.3
00000203279.4
00000203280.4
00000203286.5
00000203288.4
00000203307.2
00000203321.2
00000203325.3
00000203326.12
00000203327.2
00000203335.5
00000203362.2
00000203392.3
00000203397.2
00000203416.3
00000203435.2
00000203437.3
00000203485.14
00000203497.2
00000203588.3
00000203644.3
00000203647.2
00000203650.9
00000203666.12
00000203667.10
00000203668.3
00000203684.5
00000203685.10
00000203705.11
00000203706.8
00000203709.12
00000203710.12
00000203722.8
00000203724.11
00000203727.4
00000203734.12
00000203737.5
00000203739.4
00000203747.12
00000203760.9
00000203761.5
00000203772.7
00000203778.8
00000203780.12
00000203791.15
00000203797.12
00000203804.5
00000203805.11
00000203811.1
00000203812.2
00000203814.6
00000203852.3
00000203865.11
00000203867.8
00000203872.7
00000203875.13
00000203879.12
00000203880.12
00000203883.7
00000203896.10
00000203914.4
00000203930.12
00000203943.9
00000203950.6
00000203952.9
00000203965.13
00000203993.6
00000204049.1
00000204052.4
00000204054.14
00000204060.7
00000204065.3
00000204070.10
00000204071.10
00000204072.3
00000204084.13
00000204092.2
00000204099.12
00000204103.4
00000204104.12
00000204113.6
00000204116.11
00000204120.16
00000204128.6
00000204130.14
00000204131.9
00000204136.11
00000204138.13
00000204147.11
00000204152.14
00000204160.12
00000204161.14
00000204172.12
00000204173.11
00000204177.10
00000204178.11
00000204186.10
00000204209.13
00000204217.15
00000204219.11
00000204220.12
00000204227.5
00000204228.4
00000204231.11
00000204237.5
00000204241.8
00000204248.11
00000204252.14
00000204253.4
00000204256.14
00000204257.15
00000204261.9
00000204262.14
00000204264.12
00000204267.16
00000204271.13
00000204272.13
00000204277.1
00000204278.12
00000204287.14
00000204290.10
00000204291.11
00000204301.6
00000204304.12
00000204305.14
00000204308.8
00000204310.13
00000204311.15
00000204314.12
00000204315.4
00000204316.13
00000204323.5
00000204334.7
00000204335.4
00000204338.8
00000204344.14
00000204347.4
00000204348.10
00000204351.12
00000204352.4
00000204356.14
00000204366.4
00000204370.13
00000204371.11
00000204381.12
00000204386.12
00000204387.14
00000204388.7
00000204389.10
00000204390.10
00000204392.11
00000204394.13
00000204396.11
00000204397.8
00000204406.14
00000204410.16
00000204420.10
00000204427.12
00000204428.12
00000204435.15
00000204438.11
00000204439.4
00000204442.4
00000204444.11
00000204446.4
00000204463.13
00000204464.7
00000204469.13
00000204472.13
00000204482.11
00000204498.11
00000204511.3
00000204514.10
00000204516.10
00000204519.11
00000204520.14
00000204524.7
00000204525.17
00000204528.3
00000204531.20
00000204536.14
00000204540.11
00000204542.3
00000204556.4
00000204560.10
00000204564.12
00000204568.12
00000204569.10
00000204574.14
00000204576.12
00000204577.11
00000204580.13
00000204584.1
00000204590.12
00000204592.9
00000204599.14
00000204604.12
00000204611.7
00000204618.8
00000204619.8
00000204620.3
00000204622.11
00000204623.9
00000204624.8
00000204625.10
00000204628.12
00000204632.11
00000204634.13
00000204637.4
00000204642.14
00000204644.10
00000204650.14
00000204652.6
00000204653.10
00000204655.12
00000204657.4
00000204659.5
00000204666.3
00000204673.11
00000204681.11
00000204682.8
00000204685.7
00000204706.14
00000204711.9
00000204713.11
00000204745.4
00000204758.8
00000204767.4
00000204778.4
00000204789.4
00000204791.10
00000204792.2
00000204805.9
00000204815.10
00000204839.9
00000204842.18
00000204843.12
00000204851.7
00000204852.16
00000204856.12
00000204859.13
00000204869.8
00000204872.4
00000204876.4
00000204894.4
00000204899.6
00000204904.7
00000204909.8
00000204920.11
00000204922.5
00000204923.4
00000204934.10
00000204946.10
00000204947.9
00000204950.4
00000204954.10
00000204956.5
00000204963.6
00000204967.12
00000204969.7
00000204977.10
00000204990.3
00000204991.11
00000205041.1
00000205060.11
00000205078.6
00000205084.11
00000205085.12
00000205089.8
00000205090.9
00000205105.6
00000205106.4
00000205111.8
00000205116.3
00000205129.8
00000205133.12
00000205138.4
00000205143.3
00000205155.8
00000205181.7
00000205186.4
00000205189.12
00000205208.5
00000205209.7
00000205213.14
00000205220.12
00000205238.9
00000205250.9
00000205268.11
00000205269.6
00000205302.7
00000205309.14
00000205323.9
00000205336.14
00000205339.10
00000205352.11
00000205356.10
00000205358.4
00000205361.8
00000205362.11
00000205363.6
00000205364.4
00000205403.13
00000205413.8
00000205414.1
00000205423.11
00000205464.12
00000205476.9
00000205482.9
00000205485.13
00000205500.8
00000205502.4
00000205517.13
00000205531.13
00000205534.6
00000205542.11
00000205544.4
00000205559.5
00000205571.14
00000205572.10
00000205578.6
00000205579.3
00000205581.11
00000205583.13
00000205593.12
00000205609.13
00000205611.5
00000205629.12
00000205643.11
00000205644.5
00000205659.11
00000205682.2
00000205683.11
00000205702.11
00000205704.7
00000205707.11
00000205726.15
00000205730.6
00000205740.2
00000205744.10
00000205746.9
00000205758.12
00000205763.13
00000205765.9
00000205771.6
00000205784.4
00000205791.3
00000205795.4
00000205808.7
00000205809.9
00000205810.9
00000205832.7
00000205838.14
00000205869.2
00000205871.5
00000205879.5
00000205885.7
00000205903.7
00000205913.7
00000205927.5
00000205929.11
00000205930.10
00000205937.12
00000205940.8
00000205959.4
00000205978.6
00000205981.8
00000206034.1
00000206052.11
00000206053.13
00000206077.13
00000206113.11
00000206120.11
00000206145.8
00000206147.5
00000206149.10
00000206168.1
00000206172.8
00000206181.6
00000206190.12
00000206195.11
00000206228.4
00000206337.12
00000206341.7
00000206344.7
00000206417.8
00000206418.4
00000206432.4
00000206448.3
00000206503.13
00000206527.10
00000206530.11
00000206535.8
00000206557.6
00000206560.11
00000206561.13
00000206562.12
00000206567.10
00000206573.9
00000206579.9
00000206582.1
00000206585.1
00000206588.1
00000206592.1
00000206595.1
00000206596.1
00000206600.1
00000206601.1
00000206603.1
00000206604.1
00000206605.1
00000206609.1
00000206612.1
00000206617.1
00000206623.1
00000206625.1
00000206627.1
00000206629.1
00000206633.1
00000206634.1
00000206635.1
00000206638.1
00000206645.1
00000206646.1
00000206647.1
00000206650.1
00000206651.1
00000206652.1
00000206654.1
00000206656.1
00000206659.1
00000206669.1
00000206674.1
00000206675.1
00000206676.1
00000206679.1
00000206682.1
00000206685.1
00000206687.1
00000206698.1
00000206700.1
00000206702.1
00000206703.1
00000206712.1
00000206715.1
00000206717.1
00000206723.1
00000206728.1
00000206731.1
00000206732.1
00000206734.1
00000206737.1
00000206738.1
00000206739.1
00000206743.1
00000206746.1
00000206751.1
00000206754.1
00000206755.1
00000206756.1
00000206759.1
00000206762.1
00000206763.1
00000206766.1
00000206768.1
00000206769.1
00000206775.1
00000206778.1
00000206779.1
00000206784.1
00000206785.1
00000206786.1
00000206791.1
00000206795.1
00000206797.1
00000206808.1
00000206815.1
00000206816.1
00000206817.1
00000206819.1
00000206820.1
00000206822.1
00000206824.1
00000206828.1
00000206832.1
00000206838.1
00000206846.1
00000206847.1
00000206848.1
00000206855.1
00000206859.1
00000206865.1
00000206869.1
00000206875.1
00000206878.1
00000206880.1
00000206881.1
00000206887.1
00000206888.1
00000206889.1
00000206892.1
00000206895.1
00000206897.1
00000206899.1
00000206903.1
00000206908.1
00000206913.1
00000206914.1
00000206923.1
00000206924.1
00000206925.1
00000206926.1
00000206932.1
00000206935.1
00000206936.1
00000206937.1
00000206938.1
00000206944.1
00000206949.1
00000206954.1
00000206964.1
00000206965.1
00000206975.1
00000206976.1
00000206977.1
00000206985.1
00000206991.1
00000206992.1
00000206995.1
00000207003.1
00000207004.1
00000207005.1
00000207007.1
00000207008.1
00000207012.2
00000207016.1
00000207021.1
00000207022.1
00000207023.1
00000207024.1
00000207029.1
00000207031.1
00000207032.1
00000207034.1
00000207036.1
00000207041.1
00000207042.1
00000207044.1
00000207052.1
00000207053.1
00000207062.1
00000207069.1
00000207072.1
00000207073.1
00000207082.1
00000207083.1
00000207086.1
00000207087.1
00000207088.1
00000207091.1
00000207092.1
00000207094.1
00000207109.1
00000207113.1
00000207117.1
00000207119.2
00000207128.1
00000207134.1
00000207136.1
00000207142.1
00000207146.1
00000207147.1
00000207151.1
00000207162.1
00000207171.1
00000207172.1
00000207175.1
00000207181.1
00000207185.1
00000207186.1
00000207187.1
00000207189.1
00000207191.1
00000207194.1
00000207195.1
00000207198.1
00000207199.1
00000207200.1
00000207205.1
00000207208.1
00000207217.1
00000207221.1
00000207223.1
00000207231.1
00000207233.1
00000207234.1
00000207235.1
00000207242.1
00000207248.1
00000207249.1
00000207258.1
00000207260.1
00000207264.1
00000207270.1
00000207274.1
00000207276.1
00000207277.1
00000207281.1
00000207286.1
00000207291.1
00000207292.1
00000207295.1
00000207308.1
00000207310.1
00000207312.1
00000207313.1
00000207317.1
00000207322.1
00000207325.1
00000207327.1
00000207334.1
00000207336.1
00000207340.1
00000207342.1
00000207344.1
00000207347.1
00000207352.1
00000207355.1
00000207357.1
00000207359.1
00000207362.1
00000207368.1
00000207369.1
00000207370.1
00000207378.1
00000207379.1
00000207386.1
00000207389.1
00000207392.1
00000207399.1
00000207401.1
00000207407.1
00000207412.1
00000207417.1
00000207425.1
00000207426.1
00000207440.1
00000207444.1
00000207445.1
00000207449.1
00000207450.1
00000207451.1
00000207452.1
00000207455.1
00000207457.1
00000207468.1
00000207475.1
00000207484.1
00000207493.1
00000207494.1
00000207497.1
00000207507.1
00000207508.1
00000207512.1
00000207513.1
00000207523.1
00000207524.1
00000207525.1
00000207547.1
00000207554.1
00000207559.1
00000207561.1
00000207563.1
00000207574.1
00000207578.1
00000207581.1
00000207583.1
00000207585.1
00000207587.1
00000207588.1
00000207590.1
00000207595.1
00000207600.3
00000207605.3
00000207606.1
00000207609.3
00000207611.1
00000207612.1
00000207613.1
00000207614.1
00000207622.1
00000207624.1
00000207625.1
00000207626.1
00000207627.1
00000207631.1
00000207633.3
00000207638.1
00000207642.1
00000207646.1
00000207650.1
00000207651.1
00000207653.1
00000207654.4
00000207693.1
00000207696.1
00000207697.1
00000207698.1
00000207701.1
00000207712.1
00000207719.1
00000207721.1
00000207725.3
00000207729.3
00000207736.1
00000207737.1
00000207741.1
00000207742.3
00000207744.1
00000207746.1
00000207749.4
00000207750.1
00000207751.3
00000207752.1
00000207754.3
00000207757.1
00000207759.1
00000207761.3
00000207762.1
00000207763.1
00000207780.1
00000207781.1
00000207789.1
00000207802.1
00000207804.1
00000207807.1
00000207813.1
00000207815.1
00000207816.1
00000207820.1
00000207821.1
00000207827.1
00000207839.1
00000207864.3
00000207870.1
00000207927.1
00000207930.1
00000207932.1
00000207933.3
00000207934.1
00000207943.1
00000207944.1
00000207947.3
00000207951.1
00000207952.1
00000207954.1
00000207955.5
00000207956.1
00000207959.1
00000207960.1
00000207961.3
00000207962.1
00000207963.1
00000207965.1
00000207971.1
00000207973.1
00000207975.1
00000207978.1
00000207983.1
00000207988.1
00000207989.3
00000207991.1
00000207993.3
00000207994.1
00000207995.1
00000207996.1
00000207997.1
00000208002.1
00000208003.1
00000208004.2
00000208005.1
00000208009.1
00000208012.1
00000208017.3
00000208018.1
00000208022.1
00000208023.3
00000208025.1
00000208028.1
00000208032.1
00000208036.1
00000208037.1
00000208308.1
00000208772.1
00000208883.1
00000208892.1
00000209042.1
00000209082.1
00000209482.1
00000209645.1
00000209702.1
00000210049.1
00000210077.1
00000210082.2
00000210112.1
00000210140.1
00000210144.1
00000210196.2
00000210678.1
00000210709.1
00000210841.1
00000211137.1
00000211445.12
00000211448.13
00000211450.10
00000211451.12
00000211452.11
00000211454.15
00000211455.8
00000211456.13
00000211459.2
00000211460.12
00000211491.2
00000211513.5
00000211514.1
00000211575.3
00000211580.1
00000211581.1
00000211582.1
00000211584.14
00000211592.8
00000211597.2
00000211598.2
00000211638.2
00000211640.4
00000211643.2
00000211648.2
00000211649.3
00000211651.3
00000211652.2
00000211653.2
00000211659.2
00000211660.3
00000211662.2
00000211663.2
00000211666.2
00000211668.2
00000211673.2
00000211677.2
00000211679.2
00000211688.1
00000211699.2
00000211747.3
00000211751.9
00000211767.1
00000211772.11
00000211815.3
00000211820.1
00000211825.1
00000211826.1
00000211827.1
00000211828.1
00000211829.9
00000211851.1
00000211865.1
00000211866.1
00000211875.1
00000211877.1
00000211882.1
00000211890.4
00000211892.4
00000211893.4
00000211895.5
00000211896.7
00000211897.9
00000211899.10
00000211934.3
00000211935.3
00000211937.3
00000211938.2
00000211941.3
00000211943.2
00000211945.2
00000211947.2
00000211949.3
00000211955.2
00000211956.2
00000211959.2
00000211964.3
00000211966.2
00000211997.1
00000212017.2
00000212024.2
00000212051.1
00000212102.1
00000212123.4
00000212124.2
00000212125.2
00000212126.3
00000212127.6
00000212128.2
00000212135.1
00000212158.1
00000212163.6
00000212170.1
00000212175.1
00000212181.1
00000212190.1
00000212195.2
00000212205.1
00000212206.1
00000212207.1
00000212214.1
00000212226.1
00000212232.1
00000212237.1
00000212240.1
00000212242.1
00000212248.1
00000212257.1
00000212264.1
00000212283.1
00000212296.1
00000212302.1
00000212303.1
00000212306.1
00000212327.1
00000212331.1
00000212332.1
00000212336.1
00000212338.1
00000212342.1
00000212370.1
00000212371.1
00000212379.1
00000212384.1
00000212389.1
00000212391.1
00000212402.1
00000212413.1
00000212418.1
00000212420.1
00000212428.1
00000212429.1
00000212440.1
00000212443.1
00000212445.1
00000212452.1
00000212457.1
00000212460.1
00000212461.1
00000212464.1
00000212482.1
00000212493.1
00000212497.1
00000212517.1
00000212525.1
00000212526.1
00000212529.1
00000212533.1
00000212534.1
00000212535.1
00000212536.1
00000212539.2
00000212541.1
00000212567.1
00000212593.1
00000212601.1
00000212607.1
00000212615.1
00000212624.1
00000212625.1
00000212663.2
00000212664.5
00000212694.8
00000212695.5
00000212719.13
00000212743.2
00000212747.5
00000212769.5
00000212789.4
00000212802.4
00000212829.8
00000212864.3
00000212907.2
00000212916.4
00000212961.4
00000212978.6
00000212994.5
00000213003.3
00000213005.3
00000213013.4
00000213015.9
00000213018.2
00000213020.10
00000213023.11
00000213024.12
00000213025.2
00000213026.4
00000213036.3
00000213041.4
00000213046.4
00000213047.13
00000213050.5
00000213051.3
00000213055.3
00000213057.5
00000213058.3
00000213061.2
00000213062.5
00000213064.10
00000213066.13
00000213079.10
00000213080.3
00000213082.3
00000213085.10
00000213087.3
00000213088.12
00000213089.4
00000213090.2
00000213096.11
00000213104.3
00000213123.11
00000213128.3
00000213131.3
00000213133.4
00000213137.3
00000213139.8
00000213144.2
00000213149.3
00000213152.5
00000213160.10
00000213169.3
00000213170.3
00000213174.3
00000213176.4
00000213177.3
00000213178.3
00000213180.4
00000213183.3
00000213185.7
00000213186.8
00000213188.3
00000213189.5
00000213190.4
00000213197.3
00000213199.8
00000213203.3
00000213212.3
00000213213.14
00000213216.2
00000213221.5
00000213222.3
00000213235.3
00000213236.3
00000213237.4
00000213244.3
00000213250.5
00000213253.5
00000213260.3
00000213261.3
00000213275.2
00000213277.3
00000213280.2
00000213281.5
00000213287.3
00000213290.4
00000213293.4
00000213300.5
00000213303.3
00000213304.3
00000213305.3
00000213309.3
00000213315.5
00000213316.10
00000213326.4
00000213328.3
00000213337.9
00000213339.9
00000213341.11
00000213347.10
00000213352.3
00000213355.3
00000213361.2
00000213362.3
00000213363.4
00000213366.13
00000213370.3
00000213371.4
00000213376.4
00000213380.16
00000213384.2
00000213385.3
00000213390.11
00000213394.3
00000213397.10
00000213398.8
00000213399.3
00000213401.10
00000213406.3
00000213409.4
00000213411.2
00000213413.2
00000213420.8
00000213430.6
00000213432.2
00000213433.5
00000213434.2
00000213440.2
00000213442.5
00000213445.10
00000213453.3
00000213462.5
00000213463.5
00000213465.8
00000213467.4
00000213468.7
00000213478.2
00000213493.3
00000213509.4
00000213513.3
00000213516.10
00000213519.2
00000213522.4
00000213523.10
00000213526.3
00000213529.3
00000213539.4
00000213540.3
00000213542.3
00000213551.7
00000213553.4
00000213560.4
00000213563.7
00000213569.4
00000213574.2
00000213579.3
00000213585.11
00000213587.3
00000213588.6
00000213592.4
00000213593.10
00000213598.4
00000213600.3
00000213608.5
00000213609.3
00000213612.3
00000213613.2
00000213614.10
00000213619.11
00000213621.3
00000213625.9
00000213626.13
00000213638.6
00000213639.10
00000213640.3
00000213650.3
00000213654.10
00000213659.4
00000213672.8
00000213673.3
00000213676.13
00000213683.4
00000213684.4
00000213690.3
00000213693.4
00000213694.6
00000213695.3
00000213699.9
00000213700.3
00000213703.2
00000213707.2
00000213711.3
00000213713.3
00000213719.8
00000213721.3
00000213722.10
00000213731.2
00000213740.2
00000213741.11
00000213742.7
00000213744.3
00000213753.11
00000213755.3
00000213757.3
00000213760.11
00000213761.4
00000213762.12
00000213763.4
00000213772.3
00000213774.3
00000213779.4
00000213782.7
00000213785.3
00000213790.2
00000213791.4
00000213793.5
00000213799.13
00000213801.4
00000213820.3
00000213830.3
00000213839.4
00000213842.2
00000213849.3
00000213851.3
00000213853.10
00000213856.3
00000213857.3
00000213859.7
00000213860.4
00000213862.4
00000213864.3
00000213866.3
00000213867.4
00000213871.3
00000213872.3
00000213876.4
00000213881.3
00000213885.4
00000213888.3
00000213889.10
00000213891.3
00000213903.9
00000213904.9
00000213906.10
00000213918.10
00000213923.13
00000213928.9
00000213930.12
00000213935.3
00000213938.3
00000213939.4
00000213942.3
00000213949.10
00000213950.2
00000213956.4
00000213963.6
00000213964.3
00000213965.3
00000213967.11
00000213970.4
00000213976.4
00000213983.12
00000213985.4
00000213988.11
00000213994.3
00000213995.11
00000213996.13
00000213997.3
00000214013.9
00000214016.3
00000214018.3
00000214019.2
00000214021.16
00000214022.11
00000214026.11
00000214027.3
00000214029.5
00000214041.4
00000214046.9
00000214047.4
00000214050.8
00000214062.5
00000214063.11
00000214067.2
00000214078.13
00000214087.8
00000214089.3
00000214093.3
00000214100.8
00000214106.9
00000214108.4
00000214111.3
00000214113.11
00000214114.9
00000214121.4
00000214124.3
00000214135.8
00000214140.11
00000214144.3
00000214160.10
00000214174.8
00000214176.9
00000214182.5
00000214184.3
00000214188.9
00000214190.2
00000214192.3
00000214193.11
00000214194.9
00000214195.4
00000214199.3
00000214203.4
00000214212.9
00000214222.2
00000214223.4
00000214226.9
00000214243.3
00000214253.9
00000214263.2
00000214269.3
00000214274.10
00000214279.13
00000214283.4
00000214289.2
00000214290.8
00000214293.9
00000214297.3
00000214309.5
00000214322.3
00000214331.8
00000214353.8
00000214357.9
00000214359.3
00000214362.2
00000214366.4
00000214367.9
00000214369.2
00000214376.6
00000214381.6
00000214389.2
00000214391.3
00000214401.4
00000214402.7
00000214413.9
00000214425.8
00000214433.4
00000214439.4
00000214456.8
00000214460.3
00000214485.6
00000214491.8
00000214511.3
00000214517.10
00000214530.9
00000214535.3
00000214541.3
00000214548.18
00000214549.2
00000214552.4
00000214562.15
00000214563.2
00000214575.9
00000214578.5
00000214593.3
00000214595.12
00000214612.3
00000214629.3
00000214646.8
00000214650.3
00000214652.6
00000214654.8
00000214655.11
00000214659.4
00000214688.6
00000214694.12
00000214706.10
00000214717.12
00000214725.9
00000214748.2
00000214753.4
00000214756.8
00000214760.3
00000214761.3
00000214765.8
00000214772.2
00000214773.1
00000214783.9
00000214784.4
00000214787.10
00000214796.8
00000214810.4
00000214820.3
00000214826.5
00000214827.11
00000214846.4
00000214855.9
00000214857.4
00000214867.3
00000214870.9
00000214872.8
00000214881.4
00000214903.4
00000214914.3
00000214917.3
00000214922.9
00000214941.8
00000214944.9
00000214954.8
00000214960.11
00000214973.3
00000214975.4
00000214976.2
00000214988.4
00000214998.2
00000215003.4
00000215006.4
00000215012.9
00000215014.5
00000215016.2
00000215018.10
00000215021.10
00000215022.7
00000215030.5
00000215039.7
00000215041.10
00000215045.8
00000215049.3
00000215067.10
00000215068.8
00000215086.2
00000215088.3
00000215093.3
00000215105.4
00000215114.10
00000215126.10
00000215146.5
00000215154.6
00000215156.5
00000215158.9
00000215184.2
00000215187.12
00000215190.9
00000215193.13
00000215199.3
00000215210.3
00000215217.7
00000215218.4
00000215223.3
00000215227.4
00000215237.6
00000215241.4
00000215244.3
00000215251.4
00000215252.11
00000215256.4
00000215270.3
00000215271.9
00000215283.3
00000215284.2
00000215297.3
00000215301.11
00000215302.8
00000215305.10
00000215326.3
00000215349.2
00000215374.6
00000215375.6
00000215380.2
00000215381.3
00000215386.13
00000215388.3
00000215397.4
00000215414.4
00000215417.13
00000215421.9
00000215424.10
00000215440.12
00000215444.2
00000215450.2
00000215458.8
00000215464.4
00000215467.2
00000215482.3
00000215492.6
00000215493.3
00000215548.2
00000215571.5
00000215595.2
00000215612.8
00000215630.6
00000215704.10
00000215712.11
00000215717.7
00000215720.4
00000215769.8
00000215784.6
00000215788.11
00000215790.8
00000215795.2
00000215835.2
00000215840.3
00000215845.11
00000215859.9
00000215861.6
00000215867.4
00000215883.10
00000215893.3
00000215895.4
00000215899.3
00000215900.4
00000215908.10
00000215912.12
00000215914.4
00000215915.10
00000215930.1
00000215952.1
00000215957.1
00000215973.1
00000216009.3
00000216031.1
00000216035.1
00000216077.3
00000216099.3
00000216179.1
00000216191.1
00000216192.1
00000216195.3
00000216285.5
00000216316.1
00000216360.1
00000216480.2
00000216490.4
00000216624.3
00000216636.1
00000216639.1
00000216657.1
00000216676.2
00000216775.3
00000216802.1
00000216809.1
00000216813.1
00000216819.1
00000216854.2
00000216866.5
00000216867.2
00000216895.9
00000216901.1
00000216921.9
00000216937.13
00000216977.1
00000217026.3
00000217027.1
00000217041.1
00000217094.2
00000217128.12
00000217130.1
00000217159.2
00000217165.1
00000217195.1
00000217236.2
00000217239.3
00000217241.1
00000217275.2
00000217325.2
00000217330.1
00000217416.4
00000217442.4
00000217488.2
00000217512.1
00000217527.1
00000217555.13
00000217624.2
00000217643.1
00000217644.5
00000217648.1
00000217653.1
00000217702.3
00000217716.3
00000217767.2
00000217769.4
00000217783.2
00000217801.10
00000217835.3
00000217862.2
00000217896.2
00000217897.2
00000217930.8
00000218018.3
00000218027.2
00000218069.2
00000218175.2
00000218208.1
00000218226.1
00000218265.1
00000218281.1
00000218283.2
00000218313.1
00000218336.9
00000218350.1
00000218416.4
00000218418.2
00000218426.5
00000218428.1
00000218459.1
00000218472.2
00000218475.2
00000218502.3
00000218510.8
00000218521.1
00000218537.1
00000218582.2
00000218596.2
00000218631.1
00000218672.1
00000218676.1
00000218682.1
00000218730.1
00000218739.10
00000218748.1
00000218749.1
00000218757.1
00000218809.1
00000218891.5
00000218980.2
00000218996.1
00000219023.1
00000219085.1
00000219133.2
00000219149.4
00000219150.2
00000219200.12
00000219201.4
00000219222.1
00000219274.1
00000219355.2
00000219361.1
00000219384.1
00000219391.1
00000219392.1
00000219395.2
00000219433.2
00000219438.9
00000219451.3
00000219470.1
00000219481.10
00000219487.2
00000219507.4
00000219545.11
00000219547.1
00000219607.4
00000219608.3
00000219626.9
00000219642.2
00000219665.8
00000219693.3
00000219712.1
00000219747.1
00000219773.1
00000219790.3
00000219797.2
00000219881.1
00000219891.2
00000219902.1
00000219928.2
00000219932.6
00000219951.4
00000219986.2
00000219992.2
00000220008.3
00000220105.2
00000220130.1
00000220157.4
00000220201.7
00000220205.9
00000220237.1
00000220267.1
00000220305.1
00000220323.4
00000220392.1
00000220472.1
00000220506.2
00000220614.1
00000220685.3
00000220694.2
00000220695.1
00000220739.2
00000220744.1
00000220749.4
00000220771.2
00000220785.7
00000220793.5
00000220804.8
00000220842.6
00000220848.5
00000220867.1
00000220875.1
00000220884.2
00000220920.1
00000220937.3
00000221025.1
00000221036.5
00000221038.1
00000221042.1
00000221044.2
00000221063.3
00000221066.1
00000221083.1
00000221102.1
00000221164.1
00000221184.1
00000221203.1
00000221214.1
00000221216.1
00000221230.1
00000221241.1
00000221245.1
00000221261.1
00000221265.1
00000221269.1
00000221303.1
00000221325.1
00000221331.1
00000221333.1
00000221340.1
00000221355.1
00000221375.1
00000221406.1
00000221439.1
00000221445.3
00000221464.1
00000221476.2
00000221479.3
00000221491.2
00000221493.1
00000221500.1
00000221510.1
00000221514.1
00000221518.1
00000221520.1
00000221525.1
00000221537.1
00000221539.1
00000221540.1
00000221545.1
00000221552.1
00000221562.1
00000221598.3
00000221614.1
00000221634.1
00000221639.1
00000221643.1
00000221650.1
00000221662.1
00000221669.1
00000221676.1
00000221680.1
00000221716.1
00000221740.1
00000221745.3
00000221760.1
00000221771.1
00000221783.1
00000221806.1
00000221808.1
00000221817.10
00000221818.9
00000221819.6
00000221821.4
00000221823.11
00000221829.10
00000221838.10
00000221843.4
00000221866.9
00000221869.5
00000221879.3
00000221883.4
00000221886.4
00000221887.6
00000221890.6
00000221909.3
00000221914.11
00000221916.4
00000221923.9
00000221926.13
00000221944.9
00000221946.8
00000221949.6
00000221953.5
00000221955.11
00000221962.5
00000221963.6
00000221968.9
00000221978.12
00000221983.8
00000221986.7
00000221988.13
00000221990.4
00000221994.12
00000221995.5
00000222000.7
00000222007.6
00000222009.8
00000222011.9
00000222012.1
00000222019.7
00000222020.3
00000222024.2
00000222041.11
00000222043.2
00000222044.1
00000222046.2
00000222051.1
00000222057.1
00000222068.1
00000222078.1
00000222108.1
00000222112.1
00000222123.1
00000222145.1
00000222162.1
00000222164.1
00000222177.1
00000222182.1
00000222202.1
00000222210.1
00000222220.1
00000222222.1
00000222224.1
00000222249.1
00000222251.1
00000222255.1
00000222266.1
00000222267.1
00000222276.1
00000222282.1
00000222287.1
00000222293.1
00000222297.1
00000222317.1
00000222320.1
00000222343.1
00000222344.1
00000222345.1
00000222346.1
00000222351.1
00000222363.1
00000222365.1
00000222378.1
00000222383.1
00000222385.1
00000222386.1
00000222389.1
00000222395.2
00000222405.1
00000222413.1
00000222414.1
00000222421.1
00000222430.1
00000222431.1
00000222432.1
00000222445.1
00000222448.1
00000222455.1
00000222460.1
00000222465.1
00000222467.1
00000222489.1
00000222503.1
00000222506.1
00000222511.2
00000222515.1
00000222522.1
00000222533.1
00000222561.1
00000222578.1
00000222585.1
00000222588.1
00000222594.1
00000222601.1
00000222604.2
00000222607.1
00000222610.1
00000222626.1
00000222627.1
00000222640.1
00000222649.1
00000222650.1
00000222663.1
00000222679.1
00000222685.1
00000222714.1
00000222724.1
00000222726.1
00000222736.1
00000222743.1
00000222744.1
00000222747.1
00000222760.1
00000222767.1
00000222778.1
00000222784.1
00000222788.1
00000222790.1
00000222808.1
00000222810.1
00000222831.1
00000222844.1
00000222858.1
00000222862.2
00000222872.1
00000222881.1
00000222898.1
00000222915.1
00000222922.1
00000222952.1
00000222958.1
00000222960.1
00000222969.1
00000222973.1
00000222974.1
00000222986.1
00000222990.1
00000223001.1
00000223023.1
00000223027.1
00000223039.1
00000223044.1
00000223060.1
00000223086.1
00000223113.1
00000223117.1
00000223118.1
00000223131.1
00000223145.1
00000223152.1
00000223169.1
00000223175.1
00000223177.1
00000223181.1
00000223188.1
00000223189.1
00000223198.1
00000223203.1
00000223224.1
00000223225.1
00000223254.1
00000223259.1
00000223263.1
00000223271.1
00000223274.6
00000223280.1
00000223298.1
00000223305.1
00000223309.1
00000223313.1
00000223318.1
00000223324.1
00000223336.1
00000223343.1
00000223345.3
00000223356.1
00000223361.5
00000223374.1
00000223382.5
00000223391.2
00000223393.2
00000223396.4
00000223403.6
00000223409.1
00000223416.3
00000223427.1
00000223430.1
00000223436.1
00000223442.1
00000223443.2
00000223450.1
00000223458.2
00000223459.6
00000223460.1
00000223461.1
00000223462.2
00000223475.1
00000223476.1
00000223478.1
00000223482.8
00000223496.3
00000223500.1
00000223501.9
00000223503.1
00000223505.2
00000223508.5
00000223509.8
00000223513.1
00000223519.8
00000223522.2
00000223525.1
00000223529.1
00000223534.1
00000223540.1
00000223546.7
00000223547.10
00000223548.1
00000223551.1
00000223552.1
00000223561.7
00000223571.6
00000223572.10
00000223573.7
00000223576.2
00000223583.1
00000223584.1
00000223599.1
00000223612.3
00000223624.1
00000223628.2
00000223642.7
00000223650.1
00000223653.6
00000223658.8
00000223665.1
00000223668.1
00000223675.1
00000223685.6
00000223692.1
00000223694.1
00000223695.1
00000223697.3
00000223703.1
00000223705.9
00000223714.1
00000223718.3
00000223720.2
00000223722.3
00000223730.1
00000223734.2
00000223739.1
00000223745.8
00000223749.11
00000223754.1
00000223756.7
00000223764.2
00000223768.2
00000223773.7
00000223774.5
00000223787.2
00000223791.1
00000223797.6
00000223799.1
00000223802.8
00000223803.1
00000223804.5
00000223813.3
00000223820.5
00000223822.2
00000223825.5
00000223828.1
00000223831.1
00000223834.5
00000223842.1
00000223849.1
00000223855.2
00000223861.1
00000223864.1
00000223865.11
00000223878.1
00000223882.1
00000223884.7
00000223886.3
00000223890.1
00000223891.6
00000223896.2
00000223899.1
00000223901.2
00000223908.5
00000223911.1
00000223916.1
00000223922.1
00000223923.2
00000223945.2
00000223946.1
00000223951.1
00000223956.3
00000223959.8
00000223960.7
00000223969.6
00000223974.1
00000223984.1
00000224003.1
00000224004.2
00000224007.1
00000224011.1
00000224014.1
00000224016.2
00000224019.1
00000224020.1
00000224031.1
00000224032.7
00000224040.1
00000224043.8
00000224046.2
00000224051.7
00000224055.1
00000224057.1
00000224063.6
00000224067.2
00000224072.1
00000224078.15
00000224079.1
00000224080.1
00000224081.9
00000224093.5
00000224094.1
00000224097.5
00000224100.1
00000224101.1
00000224106.1
00000224114.1
00000224117.1
00000224121.1
00000224126.2
00000224138.1
00000224152.1
00000224157.1
00000224163.4
00000224164.2
00000224165.6
00000224183.1
00000224185.1
00000224189.8
00000224192.2
00000224195.1
00000224204.1
00000224205.2
00000224208.1
00000224220.1
00000224232.1
00000224237.1
00000224238.2
00000224243.2
00000224261.2
00000224269.1
00000224272.2
00000224281.5
00000224282.3
00000224292.1
00000224295.3
00000224307.2
00000224310.1
00000224312.1
00000224315.2
00000224316.1
00000224318.6
00000224321.1
00000224323.2
00000224324.1
00000224331.2
00000224340.1
00000224348.2
00000224358.1
00000224361.1
00000224367.6
00000224373.3
00000224376.1
00000224383.8
00000224387.1
00000224389.9
00000224394.1
00000224397.7
00000224401.2
00000224411.3
00000224412.1
00000224414.1
00000224415.1
00000224418.1
00000224420.3
00000224421.1
00000224424.8
00000224427.1
00000224429.8
00000224430.2
00000224438.3
00000224448.1
00000224451.2
00000224452.1
00000224463.1
00000224464.2
00000224468.3
00000224470.8
00000224490.5
00000224500.1
00000224505.2
00000224514.3
00000224525.2
00000224531.6
00000224536.2
00000224541.1
00000224543.4
00000224545.1
00000224546.2
00000224550.1
00000224553.1
00000224557.7
00000224563.1
00000224566.2
00000224573.1
00000224574.1
00000224577.3
00000224578.5
00000224579.1
00000224592.5
00000224593.1
00000224594.2
00000224596.8
00000224597.10
00000224598.1
00000224602.1
00000224616.3
00000224618.1
00000224628.2
00000224629.1
00000224631.4
00000224635.2
00000224650.2
00000224660.2
00000224666.3
00000224671.2
00000224675.1
00000224677.1
00000224680.4
00000224683.1
00000224687.2
00000224689.9
00000224690.2
00000224699.9
00000224700.2
00000224706.1
00000224707.1
00000224713.4
00000224727.1
00000224728.1
00000224731.1
00000224733.1
00000224738.1
00000224739.2
00000224745.1
00000224746.2
00000224751.2
00000224769.1
00000224773.2
00000224775.2
00000224781.1
00000224786.2
00000224790.3
00000224795.3
00000224796.1
00000224797.1
00000224800.1
00000224802.2
00000224805.2
00000224808.1
00000224810.1
00000224820.2
00000224821.5
00000224822.1
00000224825.2
00000224831.3
00000224834.1
00000224837.1
00000224839.1
00000224843.8
00000224848.2
00000224855.5
00000224856.2
00000224858.5
00000224861.1
00000224870.7
00000224875.2
00000224877.4
00000224883.1
00000224885.1
00000224888.4
00000224892.6
00000224895.1
00000224905.7
00000224906.3
00000224908.1
00000224914.4
00000224924.7
00000224928.2
00000224934.5
00000224940.9
00000224945.1
00000224946.1
00000224949.2
00000224950.2
00000224953.1
00000224967.1
00000224969.1
00000224971.1
00000224972.1
00000224973.6
00000224975.1
00000224982.4
00000224985.1
00000224986.2
00000224988.1
00000224992.2
00000224993.3
00000225007.1
00000225014.1
00000225017.1
00000225022.1
00000225026.1
00000225031.1
00000225032.5
00000225037.1
00000225039.1
00000225043.1
00000225051.5
00000225056.1
00000225067.4
00000225071.1
00000225075.1
00000225076.1
00000225080.1
00000225082.2
00000225084.1
00000225092.2
00000225093.1
00000225094.3
00000225099.1
00000225101.6
00000225107.1
00000225111.1
00000225112.1
00000225118.1
00000225124.1
00000225125.2
00000225126.1
00000225127.3
00000225131.2
00000225137.1
00000225138.8
00000225140.1
00000225144.2
00000225146.1
00000225151.10
00000225159.1
00000225163.4
00000225169.1
00000225171.2
00000225173.1
00000225174.2
00000225177.6
00000225178.5
00000225183.1
00000225187.1
00000225190.11
00000225192.1
00000225193.5
00000225194.3
00000225195.2
00000225200.2
00000225205.5
00000225213.2
00000225215.1
00000225216.6
00000225217.1
00000225218.1
00000225222.2
00000225224.1
00000225234.1
00000225240.1
00000225246.1
00000225259.4
00000225263.1
00000225264.3
00000225265.2
00000225267.1
00000225272.2
00000225279.2
00000225282.1
00000225285.1
00000225286.1
00000225292.2
00000225297.1
00000225299.1
00000225303.2
00000225311.1
00000225313.5
00000225330.1
00000225331.1
00000225334.3
00000225335.3
00000225338.1
00000225342.2
00000225349.2
00000225355.1
00000225364.1
00000225365.1
00000225370.1
00000225377.6
00000225383.8
00000225398.3
00000225400.1
00000225401.2
00000225405.3
00000225408.1
00000225416.1
00000225417.1
00000225419.1
00000225422.4
00000225423.1
00000225434.3
00000225439.3
00000225442.2
00000225447.1
00000225450.1
00000225465.9
00000225470.8
00000225472.2
00000225473.1
00000225475.1
00000225479.1
00000225484.7
00000225486.1
00000225492.6
00000225496.1
00000225497.5
00000225505.1
00000225507.1
00000225511.7
00000225513.1
00000225518.3
00000225526.5
00000225527.1
00000225544.1
00000225545.1
00000225551.1
00000225558.1
00000225559.1
00000225568.1
00000225572.1
00000225573.4
00000225578.1
00000225580.2
00000225591.2
00000225602.5
00000225614.4
00000225616.2
00000225630.1
00000225643.1
00000225648.5
00000225649.6
00000225650.2
00000225652.2
00000225655.5
00000225660.1
00000225663.8
00000225670.4
00000225671.2
00000225673.3
00000225674.1
00000225681.2
00000225683.6
00000225689.2
00000225693.1
00000225695.1
00000225697.13
00000225701.1
00000225703.1
00000225706.2
00000225711.1
00000225712.1
00000225715.1
00000225721.5
00000225726.1
00000225727.3
00000225731.1
00000225733.6
00000225746.13
00000225750.1
00000225751.2
00000225756.1
00000225761.1
00000225762.1
00000225764.2
00000225765.2
00000225767.1
00000225770.1
00000225774.2
00000225779.1
00000225783.8
00000225787.1
00000225791.7
00000225792.2
00000225793.3
00000225798.1
00000225805.4
00000225806.8
00000225807.2
00000225808.1
00000225811.1
00000225822.4
00000225828.1
00000225830.15
00000225839.2
00000225840.2
00000225849.2
00000225851.1
00000225855.7
00000225857.5
00000225867.1
00000225871.2
00000225872.4
00000225880.5
00000225886.3
00000225889.9
00000225891.2
00000225900.1
00000225905.1
00000225907.1
00000225912.1
00000225914.3
00000225916.1
00000225920.2
00000225921.7
00000225928.2
00000225933.1
00000225937.3
00000225938.1
00000225940.7
00000225945.1
00000225951.1
00000225952.1
00000225953.3
00000225964.6
00000225968.7
00000225969.2
00000225972.1
00000225973.4
00000225974.1
00000225975.7
00000225976.5
00000225981.1
00000226002.1
00000226009.2
00000226015.2
00000226017.2
00000226029.1
00000226038.5
00000226040.3
00000226045.1
00000226049.3
00000226053.1
00000226054.2
00000226055.2
00000226067.7
00000226084.5
00000226085.3
00000226086.5
00000226088.1
00000226098.4
00000226101.2
00000226102.3
00000226107.1
00000226117.1
00000226124.8
00000226128.1
00000226131.1
00000226137.5
00000226138.4
00000226144.2
00000226148.1
00000226149.6
00000226163.1
00000226167.1
00000226174.7
00000226179.6
00000226180.3
00000226186.1
00000226205.1
00000226207.1
00000226210.3
00000226216.1
00000226221.1
00000226237.2
00000226243.1
00000226245.1
00000226247.1
00000226251.6
00000226254.1
00000226259.10
00000226261.1
00000226266.6
00000226268.3
00000226272.5
00000226276.1
00000226278.1
00000226279.2
00000226284.1
00000226291.1
00000226308.1
00000226310.1
00000226312.7
00000226314.8
00000226318.1
00000226323.1
00000226327.3
00000226328.7
00000226329.2
00000226330.1
00000226332.2
00000226334.1
00000226338.1
00000226345.1
00000226352.2
00000226359.1
00000226360.5
00000226363.3
00000226367.6
00000226380.9
00000226386.1
00000226387.2
00000226390.1
00000226393.1
00000226394.2
00000226396.1
00000226403.2
00000226405.1
00000226410.1
00000226415.1
00000226419.8
00000226426.1
00000226427.1
00000226430.7
00000226432.3
00000226436.1
00000226438.1
00000226439.3
00000226441.2
00000226445.2
00000226450.2
00000226453.2
00000226457.1
00000226465.3
00000226469.1
00000226471.6
00000226472.8
00000226476.6
00000226478.3
00000226479.4
00000226491.1
00000226493.1
00000226496.3
00000226497.1
00000226498.2
00000226499.1
00000226501.2
00000226508.1
00000226509.1
00000226520.1
00000226523.1
00000226525.5
00000226530.2
00000226532.1
00000226533.1
00000226540.2
00000226544.4
00000226545.1
00000226549.3
00000226555.1
00000226564.1
00000226567.2
00000226578.1
00000226580.1
00000226599.1
00000226604.2
00000226608.3
00000226609.2
00000226624.1
00000226632.1
00000226642.1
00000226644.5
00000226648.2
00000226649.1
00000226658.1
00000226666.1
00000226669.2
00000226677.3
00000226686.8
00000226696.6
00000226699.1
00000226701.1
00000226705.1
00000226709.1
00000226711.7
00000226723.2
00000226726.1
00000226742.4
00000226744.1
00000226746.2
00000226747.6
00000226752.9
00000226753.1
00000226754.2
00000226756.1
00000226758.1
00000226761.3
00000226763.5
00000226765.1
00000226766.1
00000226767.1
00000226769.1
00000226771.1
00000226774.1
00000226781.1
00000226784.3
00000226791.7
00000226797.2
00000226801.2
00000226803.9
00000226816.3
00000226823.1
00000226824.7
00000226828.2
00000226833.6
00000226842.1
00000226851.1
00000226853.3
00000226854.1
00000226855.1
00000226859.1
00000226862.1
00000226864.2
00000226869.6
00000226874.1
00000226876.3
00000226878.2
00000226881.5
00000226886.1
00000226887.8
00000226889.3
00000226890.1
00000226891.9
00000226899.1
00000226908.1
00000226913.2
00000226928.1
00000226944.1
00000226945.1
00000226948.2
00000226950.8
00000226952.1
00000226953.8
00000226957.1
00000226961.3
00000226963.1
00000226964.1
00000226970.2
00000226972.2
00000226976.3
00000226977.1
00000226981.2
00000226984.1
00000226986.4
00000226989.1
00000226999.1
00000227001.3
00000227006.2
00000227008.2
00000227014.6
00000227017.1
00000227028.6
00000227032.1
00000227034.1
00000227036.8
00000227039.6
00000227051.7
00000227053.1
00000227054.1
00000227057.10
00000227063.5
00000227066.2
00000227068.1
00000227071.1
00000227073.1
00000227076.1
00000227077.3
00000227078.1
00000227081.5
00000227082.3
00000227094.1
00000227097.5
00000227110.7
00000227113.2
00000227117.6
00000227123.1
00000227124.11
00000227141.2
00000227155.7
00000227157.2
00000227158.1
00000227161.1
00000227165.9
00000227170.1
00000227172.2
00000227173.1
00000227176.1
00000227183.3
00000227188.1
00000227191.8
00000227197.1
00000227199.1
00000227200.1
00000227201.2
00000227203.3
00000227211.2
00000227212.3
00000227213.1
00000227214.2
00000227215.1
00000227218.7
00000227227.1
00000227232.5
00000227245.1
00000227248.1
00000227256.1
00000227262.3
00000227268.5
00000227279.1
00000227290.2
00000227309.1
00000227311.3
00000227329.2
00000227331.1
00000227337.1
00000227345.8
00000227347.1
00000227354.7
00000227359.1
00000227361.1
00000227370.1
00000227372.12
00000227376.1
00000227379.2
00000227382.1
00000227383.1
00000227388.3
00000227398.4
00000227409.1
00000227413.1
00000227417.3
00000227432.1
00000227433.1
00000227436.1
00000227440.1
00000227455.3
00000227456.9
00000227462.1
00000227466.1
00000227470.1
00000227473.1
00000227481.1
00000227487.4
00000227495.1
00000227500.10
00000227502.3
00000227507.3
00000227512.1
00000227516.1
00000227523.1
00000227525.4
00000227527.2
00000227532.1
00000227533.6
00000227535.2
00000227536.1
00000227540.1
00000227541.1
00000227543.5
00000227544.10
00000227554.1
00000227560.1
00000227573.2
00000227582.2
00000227583.1
00000227586.5
00000227591.5
00000227598.1
00000227609.2
00000227615.1
00000227627.3
00000227632.2
00000227638.2
00000227640.3
00000227660.1
00000227666.1
00000227671.4
00000227682.2
00000227692.1
00000227698.1
00000227705.1
00000227719.1
00000227725.3
00000227740.2
00000227741.1
00000227755.1
00000227757.3
00000227765.4
00000227773.1
00000227775.3
00000227782.2
00000227791.3
00000227799.1
00000227825.4
00000227827.3
00000227835.8
00000227836.1
00000227848.1
00000227850.1
00000227852.1
00000227854.1
00000227855.3
00000227879.2
00000227887.1
00000227888.4
00000227896.2
00000227908.3
00000227911.3
00000227913.1
00000227914.3
00000227929.4
00000227934.1
00000227939.1
00000227945.1
00000227946.1
00000227948.4
00000227950.1
00000227953.7
00000227962.1
00000227973.1
00000227987.1
00000227992.1
00000228000.1
00000228007.1
00000228010.6
00000228013.1
00000228019.1
00000228027.1
00000228028.2
00000228031.4
00000228034.1
00000228037.1
00000228039.3
00000228040.1
00000228043.5
00000228049.7
00000228053.1
00000228056.3
00000228057.1
00000228058.2
00000228060.3
00000228061.7
00000228063.2
00000228065.11
00000228069.1
00000228071.4
00000228076.2
00000228078.1
00000228089.1
00000228092.1
00000228107.1
00000228108.1
00000228109.1
00000228110.4
00000228115.1
00000228118.3
00000228124.1
00000228126.1
00000228137.1
00000228139.1
00000228149.1
00000228150.1
00000228153.1
00000228158.2
00000228162.1
00000228169.3
00000228171.1
00000228172.5
00000228174.7
00000228175.3
00000228187.1
00000228192.8
00000228201.1
00000228204.2
00000228205.1
00000228208.7
00000228212.1
00000228213.5
00000228217.1
00000228218.1
00000228221.6
00000228222.1
00000228223.3
00000228224.3
00000228232.1
00000228242.6
00000228247.1
00000228251.1
00000228253.1
00000228261.1
00000228264.1
00000228274.4
00000228278.5
00000228280.1
00000228285.2
00000228288.7
00000228292.1
00000228293.1
00000228300.14
00000228302.2
00000228305.2
00000228315.12
00000228318.3
00000228323.2
00000228327.3
00000228328.2
00000228331.2
00000228335.1
00000228337.1
00000228341.1
00000228347.1
00000228348.1
00000228350.1
00000228351.3
00000228352.2
00000228360.1
00000228363.2
00000228366.1
00000228368.1
00000228369.2
00000228380.1
00000228382.1
00000228386.2
00000228393.4
00000228395.2
00000228398.3
00000228399.1
00000228403.1
00000228407.2
00000228408.6
00000228409.6
00000228411.1
00000228412.9
00000228415.3
00000228421.2
00000228423.2
00000228427.3
00000228431.1
00000228434.1
00000228436.3
00000228444.2
00000228446.2
00000228451.4
00000228459.4
00000228462.1
00000228470.1
00000228474.6
00000228477.1
00000228481.1
00000228484.3
00000228485.1
00000228486.10
00000228487.2
00000228492.2
00000228499.1
00000228501.2
00000228502.1
00000228506.2
00000228507.1
00000228510.2
00000228519.3
00000228522.2
00000228526.7
00000228528.2
00000228532.4
00000228539.1
00000228540.1
00000228544.1
00000228548.1
00000228549.4
00000228551.1
00000228554.1
00000228568.1
00000228577.1
00000228589.3
00000228594.4
00000228599.1
00000228600.1
00000228604.3
00000228606.3
00000228623.6
00000228625.1
00000228629.2
00000228630.5
00000228634.1
00000228649.9
00000228653.2
00000228657.1
00000228661.1
00000228663.1
00000228665.2
00000228667.1
00000228672.4
00000228677.1
00000228683.1
00000228686.2
00000228692.2
00000228696.10
00000228701.2
00000228702.1
00000228716.7
00000228721.1
00000228723.6
00000228727.9
00000228728.1
00000228729.1
00000228741.2
00000228748.2
00000228763.1
00000228766.3
00000228768.3
00000228770.1
00000228775.8
00000228779.1
00000228782.7
00000228787.1
00000228789.8
00000228794.10
00000228797.2
00000228801.6
00000228804.5
00000228807.1
00000228808.1
00000228812.7
00000228816.1
00000228817.4
00000228818.1
00000228827.1
00000228828.1
00000228834.1
00000228839.5
00000228842.3
00000228847.1
00000228852.6
00000228857.2
00000228861.5
00000228878.8
00000228879.1
00000228886.1
00000228887.3
00000228889.7
00000228903.7
00000228906.1
00000228915.3
00000228925.1
00000228929.1
00000228938.3
00000228939.1
00000228944.1
00000228950.1
00000228955.2
00000228970.6
00000228974.5
00000228976.1
00000228979.4
00000228981.3
00000228985.1
00000228988.1
00000228998.4
00000229007.1
00000229010.1
00000229014.3
00000229020.4
00000229022.1
00000229023.1
00000229029.2
00000229036.7
00000229043.3
00000229046.1
00000229048.5
00000229054.1
00000229057.1
00000229065.1
00000229067.1
00000229087.1
00000229097.1
00000229105.1
00000229108.2
00000229115.1
00000229117.9
00000229118.1
00000229119.3
00000229120.2
00000229122.1
00000229124.7
00000229127.2
00000229132.2
00000229133.1
00000229145.1
00000229152.2
00000229173.1
00000229178.1
00000229180.7
00000229184.2
00000229190.1
00000229191.1
00000229196.4
00000229204.3
00000229206.3
00000229222.1
00000229230.3
00000229235.1
00000229236.3
00000229237.2
00000229241.1
00000229251.3
00000229267.3
00000229276.1
00000229291.1
00000229294.1
00000229298.1
00000229308.1
00000229312.2
00000229320.3
00000229321.2
00000229325.1
00000229327.1
00000229330.2
00000229331.1
00000229334.1
00000229337.2
00000229339.1
00000229344.1
00000229348.1
00000229358.3
00000229367.1
00000229368.1
00000229385.2
00000229388.1
00000229390.1
00000229391.7
00000229393.1
00000229399.1
00000229400.1
00000229403.1
00000229409.1
00000229413.2
00000229419.1
00000229422.2
00000229431.1
00000229440.1
00000229444.1
00000229447.2
00000229452.1
00000229453.2
00000229455.2
00000229456.1
00000229463.2
00000229468.1
00000229473.2
00000229474.7
00000229484.1
00000229487.1
00000229492.1
00000229497.1
00000229502.5
00000229503.1
00000229509.1
00000229519.2
00000229520.1
00000229521.2
00000229531.6
00000229539.1
00000229558.2
00000229567.1
00000229585.4
00000229587.2
00000229588.2
00000229589.1
00000229591.1
00000229598.1
00000229601.1
00000229604.2
00000229605.5
00000229619.4
00000229623.1
00000229635.1
00000229638.1
00000229644.6
00000229654.1
00000229657.2
00000229659.1
00000229666.1
00000229668.1
00000229671.3
00000229673.1
00000229677.1
00000229689.3
00000229692.3
00000229728.1
00000229739.4
00000229740.3
00000229742.1
00000229743.4
00000229750.1
00000229751.1
00000229756.1
00000229758.2
00000229759.1
00000229780.1
00000229782.1
00000229786.1
00000229800.1
00000229806.1
00000229807.12
00000229808.1
00000229809.8
00000229814.1
00000229816.1
00000229820.2
00000229822.2
00000229832.1
00000229833.10
00000229839.6
00000229847.9
00000229848.1
00000229852.4
00000229853.1
00000229863.1
00000229867.2
00000229873.1
00000229875.1
00000229886.1
00000229891.2
00000229894.4
00000229897.2
00000229901.1
00000229915.1
00000229917.2
00000229918.1
00000229930.1
00000229931.1
00000229932.3
00000229939.1
00000229944.3
00000229948.2
00000229950.1
00000229953.1
00000229955.1
00000229965.1
00000229980.5
00000229989.4
00000229990.3
00000229991.1
00000229992.1
00000229994.1
00000229996.1
00000229999.6
00000230001.1
00000230002.3
00000230010.2
00000230022.1
00000230035.2
00000230037.1
00000230042.1
00000230065.1
00000230067.3
00000230068.2
00000230071.2
00000230074.3
00000230076.1
00000230081.2
00000230082.1
00000230084.6
00000230091.6
00000230092.7
00000230105.1
00000230107.1
00000230124.8
00000230148.8
00000230149.2
00000230154.1
00000230155.6
00000230160.1
00000230175.1
00000230176.3
00000230184.1
00000230185.5
00000230188.1
00000230189.7
00000230191.1
00000230199.1
00000230201.5
00000230202.1
00000230204.1
00000230207.1
00000230212.6
00000230216.1
00000230224.1
00000230228.2
00000230237.1
00000230251.1
00000230262.8
00000230266.1
00000230269.7
00000230280.2
00000230286.1
00000230287.3
00000230289.1
00000230290.1
00000230291.5
00000230295.1
00000230299.1
00000230300.1
00000230305.2
00000230306.1
00000230310.1
00000230311.2
00000230312.2
00000230314.7
00000230316.7
00000230319.1
00000230320.1
00000230321.1
00000230322.1
00000230327.1
00000230330.1
00000230337.1
00000230355.1
00000230358.4
00000230359.5
00000230362.1
00000230364.1
00000230366.9
00000230370.1
00000230383.1
00000230397.1
00000230409.3
00000230415.1
00000230417.12
00000230424.1
00000230428.1
00000230433.1
00000230435.1
00000230438.7
00000230445.4
00000230451.2
00000230454.1
00000230457.3
00000230459.3
00000230461.9
00000230470.1
00000230478.1
00000230479.1
00000230482.1
00000230487.8
00000230489.1
00000230491.1
00000230495.1
00000230499.1
00000230508.1
00000230510.7
00000230513.2
00000230521.1
00000230530.2
00000230536.1
00000230539.1
00000230551.4
00000230555.2
00000230562.3
00000230565.1
00000230568.1
00000230569.1
00000230575.1
00000230580.1
00000230581.2
00000230583.7
00000230585.2
00000230587.2
00000230590.11
00000230592.2
00000230593.3
00000230604.2
00000230612.3
00000230613.1
00000230614.3
00000230615.7
00000230626.4
00000230627.1
00000230629.2
00000230630.5
00000230635.2
00000230638.4
00000230641.1
00000230648.1
00000230658.2
00000230661.1
00000230667.6
00000230679.1
00000230683.1
00000230684.1
00000230695.1
00000230696.1
00000230699.2
00000230701.2
00000230702.1
00000230707.1
00000230712.3
00000230715.3
00000230718.1
00000230721.1
00000230730.1
00000230732.4
00000230734.1
00000230736.2
00000230737.1
00000230747.1
00000230751.1
00000230769.1
00000230777.1
00000230782.1
00000230783.1
00000230787.1
00000230789.1
00000230793.1
00000230795.3
00000230797.3
00000230798.5
00000230799.1
00000230801.1
00000230807.1
00000230815.1
00000230823.3
00000230825.2
00000230826.1
00000230830.1
00000230833.1
00000230837.1
00000230838.1
00000230844.3
00000230847.4
00000230870.2
00000230872.2
00000230881.1
00000230894.2
00000230896.1
00000230897.1
00000230898.1
00000230910.4
00000230911.1
00000230912.1
00000230916.2
00000230922.1
00000230929.5
00000230946.3
00000230953.2
00000230958.1
00000230979.3
00000230982.1
00000230986.1
00000230988.3
00000230989.7
00000230992.3
00000230993.1
00000230997.5
00000231006.1
00000231007.5
00000231010.1
00000231011.1
00000231024.1
00000231035.1
00000231043.3
00000231047.1
00000231050.1
00000231063.1
00000231064.7
00000231066.3
00000231073.1
00000231074.9
00000231079.7
00000231084.2
00000231096.1
00000231098.1
00000231102.1
00000231104.8
00000231105.2
00000231106.2
00000231113.2
00000231114.1
00000231119.2
00000231120.3
00000231125.2
00000231130.1
00000231131.8
00000231132.1
00000231134.1
00000231153.1
00000231154.1
00000231160.10
00000231163.6
00000231165.3
00000231167.3
00000231169.4
00000231177.4
00000231181.1
00000231185.7
00000231201.1
00000231205.11
00000231233.1
00000231241.1
00000231245.2
00000231246.2
00000231249.1
00000231252.3
00000231290.6
00000231295.1
00000231305.4
00000231307.1
00000231310.3
00000231312.7
00000231313.2
00000231322.5
00000231324.1
00000231327.1
00000231333.2
00000231334.2
00000231336.1
00000231340.1
00000231344.1
00000231346.5
00000231351.2
00000231355.1
00000231357.1
00000231359.3
00000231361.1
00000231362.1
00000231365.6
00000231369.1
00000231378.1
00000231381.2
00000231383.2
00000231384.1
00000231389.7
00000231393.1
00000231394.1
00000231395.1
00000231401.2
00000231409.3
00000231414.1
00000231416.1
00000231419.6
00000231428.2
00000231437.3
00000231441.2
00000231443.2
00000231449.1
00000231466.2
00000231468.2
00000231490.1
00000231500.7
00000231503.4
00000231507.2
00000231519.1
00000231521.1
00000231530.1
00000231531.5
00000231534.1
00000231535.7
00000231544.3
00000231549.1
00000231550.1
00000231551.8
00000231562.1
00000231563.2
00000231564.1
00000231566.2
00000231579.3
00000231584.8
00000231587.1
00000231606.2
00000231607.12
00000231609.7
00000231612.1
00000231615.2
00000231622.1
00000231628.1
00000231636.1
00000231651.1
00000231652.2
00000231654.1
00000231655.1
00000231660.1
00000231663.1
00000231665.1
00000231672.8
00000231680.1
00000231684.3
00000231686.1
00000231688.1
00000231697.3
00000231699.1
00000231702.2
00000231707.4
00000231711.2
00000231713.2
00000231721.7
00000231726.2
00000231728.5
00000231729.1
00000231731.7
00000231739.2
00000231742.6
00000231744.1
00000231747.1
00000231756.1
00000231758.3
00000231763.1
00000231764.10
00000231765.1
00000231767.4
00000231768.2
00000231770.6
00000231787.4
00000231789.2
00000231794.5
00000231795.1
00000231799.2
00000231804.1
00000231808.2
00000231812.1
00000231817.9
00000231822.1
00000231826.6
00000231827.3
00000231830.1
00000231841.1
00000231845.3
00000231848.1
00000231849.1
00000231851.6
00000231852.9
00000231855.1
00000231856.2
00000231859.1
00000231871.5
00000231875.1
00000231878.1
00000231884.1
00000231887.7
00000231888.1
00000231889.7
00000231905.2
00000231906.1
00000231908.1
00000231916.1
00000231918.1
00000231920.1
00000231925.12
00000231927.1
00000231940.1
00000231948.2
00000231952.3
00000231964.1
00000231965.4
00000231966.1
00000231967.1
00000231977.1
00000231978.2
00000231982.1
00000231991.4
00000231993.1
00000231995.2
00000231999.7
00000232000.3
00000232004.1
00000232015.2
00000232021.7
00000232024.2
00000232027.2
00000232031.1
00000232032.1
00000232034.1
00000232036.2
00000232037.3
00000232040.4
00000232043.1
00000232044.7
00000232059.3
00000232060.3
00000232065.1
00000232082.1
00000232083.3
00000232093.1
00000232097.1
00000232098.3
00000232101.1
00000232104.3
00000232112.3
00000232118.2
00000232119.8
00000232131.1
00000232134.1
00000232136.2
00000232150.3
00000232158.1
00000232160.7
00000232162.1
00000232163.2
00000232176.1
00000232177.1
00000232184.1
00000232186.1
00000232187.1
00000232192.1
00000232196.4
00000232217.1
00000232218.1
00000232228.1
00000232229.6
00000232237.3
00000232238.1
00000232259.1
00000232260.2
00000232273.1
00000232277.1
00000232284.7
00000232287.2
00000232290.1
00000232295.7
00000232305.1
00000232310.8
00000232320.6
00000232332.1
00000232333.1
00000232334.1
00000232341.2
00000232344.2
00000232346.1
00000232352.1
00000232360.1
00000232362.1
00000232368.1
00000232369.1
00000232374.5
00000232375.1
00000232383.1
00000232385.2
00000232387.2
00000232388.5
00000232389.1
00000232392.1
00000232398.1
00000232407.3
00000232411.1
00000232412.1
00000232415.1
00000232429.3
00000232433.2
00000232434.2
00000232437.1
00000232439.1
00000232442.1
00000232450.1
00000232453.7
00000232454.2
00000232455.2
00000232466.1
00000232470.1
00000232472.1
00000232474.1
00000232479.2
00000232480.1
00000232482.2
00000232485.3
00000232487.1
00000232489.1
00000232493.2
00000232499.2
00000232504.5
00000232519.2
00000232520.2
00000232527.8
00000232528.3
00000232531.3
00000232533.1
00000232536.1
00000232539.1
00000232542.1
00000232545.1
00000232546.1
00000232558.1
00000232560.7
00000232564.3
00000232568.2
00000232573.1
00000232579.1
00000232587.1
00000232591.2
00000232593.7
00000232599.1
00000232600.3
00000232608.1
00000232611.1
00000232613.6
00000232615.4
00000232623.1
00000232626.3
00000232627.1
00000232628.6
00000232629.9
00000232630.1
00000232640.1
00000232642.2
00000232645.5
00000232646.1
00000232648.4
00000232653.8
00000232656.8
00000232671.6
00000232677.9
00000232684.1
00000232692.1
00000232693.2
00000232699.3
00000232702.3
00000232712.6
00000232713.2
00000232721.2
00000232725.1
00000232727.2
00000232729.8
00000232739.1
00000232742.3
00000232750.2
00000232751.1
00000232754.1
00000232757.1
00000232759.1
00000232762.1
00000232768.1
00000232778.1
00000232788.1
00000232792.2
00000232794.1
00000232801.1
00000232803.1
00000232807.2
00000232810.4
00000232811.1
00000232814.2
00000232815.1
00000232818.2
00000232824.1
00000232830.5
00000232838.4
00000232842.2
00000232858.1
00000232859.10
00000232860.8
00000232871.8
00000232874.1
00000232875.1
00000232876.1
00000232878.3
00000232879.2
00000232880.1
00000232882.1
00000232883.1
00000232884.9
00000232887.1
00000232888.4
00000232891.1
00000232893.1
00000232901.1
00000232907.8
00000232909.1
00000232912.6
00000232916.1
00000232917.5
00000232926.1
00000232928.2
00000232930.2
00000232931.6
00000232940.6
00000232946.1
00000232949.2
00000232952.1
00000232956.9
00000232963.1
00000232969.1
00000232970.1
00000232977.7
00000232978.2
00000232994.1
00000232995.7
00000233006.8
00000233010.1
00000233012.2
00000233016.7
00000233021.2
00000233025.1
00000233030.2
00000233033.1
00000233038.6
00000233040.2
00000233044.1
00000233045.1
00000233055.1
00000233056.3
00000233057.1
00000233058.2
00000233061.1
00000233063.2
00000233072.1
00000233081.1
00000233084.2
00000233090.1
00000233108.1
00000233111.1
00000233114.2
00000233121.1
00000233131.1
00000233133.1
00000233144.1
00000233155.1
00000233163.1
00000233170.4
00000233178.7
00000233184.7
00000233189.1
00000233198.4
00000233205.1
00000233216.1
00000233219.1
00000233221.7
00000233223.3
00000233225.3
00000233230.1
00000233231.1
00000233237.8
00000233246.1
00000233247.3
00000233250.1
00000233254.1
00000233264.2
00000233266.1
00000233270.1
00000233276.7
00000233278.1
00000233287.1
00000233293.1
00000233295.3
00000233297.4
00000233303.1
00000233325.3
00000233328.3
00000233330.1
00000233334.3
00000233337.1
00000233339.1
00000233340.1
00000233343.1
00000233347.1
00000233363.1
00000233367.1
00000233369.7
00000233380.1
00000233381.3
00000233382.7
00000233383.1
00000233384.3
00000233393.1
00000233396.8
00000233406.5
00000233416.1
00000233421.4
00000233426.3
00000233428.1
00000233429.9
00000233436.7
00000233461.6
00000233469.1
00000233476.3
00000233478.1
00000233492.2
00000233493.4
00000233509.2
00000233511.1
00000233514.1
00000233517.1
00000233519.1
00000233523.1
00000233524.1
00000233527.9
00000233535.1
00000233538.1
00000233540.1
00000233559.2
00000233560.2
00000233578.1
00000233579.1
00000233585.2
00000233588.1
00000233593.10
00000233594.2
00000233597.3
00000233602.1
00000233603.1
00000233608.4
00000233609.3
00000233611.3
00000233613.5
00000233621.2
00000233622.3
00000233623.2
00000233626.2
00000233635.2
00000233639.7
00000233647.2
00000233648.1
00000233654.2
00000233662.1
00000233668.1
00000233670.7
00000233672.9
00000233674.2
00000233677.1
00000233690.1
00000233693.1
00000233695.2
00000233707.3
00000233716.1
00000233717.1
00000233729.1
00000233730.1
00000233735.5
00000233747.1
00000233756.5
00000233757.6
00000233762.3
00000233778.3
00000233783.8
00000233785.1
00000233799.1
00000233806.7
00000233818.1
00000233822.4
00000233825.1
00000233828.5
00000233829.1
00000233830.2
00000233834.6
00000233836.7
00000233837.1
00000233839.1
00000233840.1
00000233845.1
00000233846.2
00000233847.1
00000233848.1
00000233850.1
00000233851.1
00000233852.1
00000233859.2
00000233868.1
00000233871.2
00000233873.1
00000233876.2
00000233877.2
00000233885.7
00000233892.1
00000233893.2
00000233901.6
00000233912.1
00000233913.7
00000233916.1
00000233924.1
00000233927.5
00000233929.1
00000233937.7
00000233954.6
00000233956.1
00000233966.1
00000233967.7
00000233971.1
00000233974.3
00000233975.1
00000233977.1
00000233979.1
00000233990.1
00000233993.1
00000233994.2
00000233998.1
00000234003.1
00000234004.4
00000234006.1
00000234009.1
00000234017.1
00000234020.1
00000234026.1
00000234028.3
00000234031.1
00000234036.4
00000234040.3
00000234041.1
00000234043.3
00000234055.1
00000234060.1
00000234062.8
00000234072.1
00000234076.1
00000234080.3
00000234084.1
00000234091.1
00000234093.3
00000234104.1
00000234106.3
00000234112.2
00000234118.1
00000234127.9
00000234134.1
00000234136.1
00000234141.1
00000234144.1
00000234145.1
00000234147.1
00000234149.1
00000234152.1
00000234159.1
00000234160.1
00000234161.1
00000234167.1
00000234171.3
00000234175.1
00000234176.1
00000234177.5
00000234183.1
00000234185.2
00000234193.1
00000234197.1
00000234202.2
00000234206.5
00000234208.1
00000234215.3
00000234219.1
00000234224.3
00000234233.1
00000234241.1
00000234263.2
00000234268.1
00000234271.1
00000234272.1
00000234274.1
00000234281.5
00000234283.1
00000234284.7
00000234286.1
00000234287.1
00000234289.6
00000234290.2
00000234293.1
00000234297.2
00000234318.1
00000234322.1
00000234324.1
00000234325.1
00000234327.8
00000234329.1
00000234332.1
00000234335.1
00000234337.4
00000234338.1
00000234345.2
00000234350.5
00000234353.2
00000234354.3
00000234358.1
00000234361.1
00000234367.1
00000234369.1
00000234377.7
00000234380.2
00000234383.1
00000234390.4
00000234393.1
00000234397.3
00000234405.2
00000234409.7
00000234418.2
00000234420.7
00000234428.2
00000234432.4
00000234444.10
00000234445.1
00000234446.3
00000234450.1
00000234456.8
00000234457.1
00000234459.1
00000234465.11
00000234473.1
00000234478.1
00000234488.1
00000234494.7
00000234498.3
00000234500.1
00000234506.5
00000234509.1
00000234513.1
00000234515.1
00000234518.2
00000234523.1
00000234534.1
00000234545.8
00000234546.4
00000234557.2
00000234562.1
00000234565.1
00000234584.1
00000234585.6
00000234589.4
00000234604.2
00000234607.2
00000234608.8
00000234614.1
00000234616.9
00000234617.2
00000234618.1
00000234619.1
00000234624.2
00000234630.1
00000234632.1
00000234636.2
00000234645.3
00000234648.1
00000234650.6
00000234653.1
00000234661.2
00000234664.1
00000234676.1
00000234678.2
00000234684.7
00000234690.7
00000234694.1
00000234699.1
00000234705.2
00000234707.3
00000234709.2
00000234718.7
00000234719.9
00000234724.1
00000234740.1
00000234741.8
00000234742.1
00000234743.1
00000234745.12
00000234750.1
00000234751.1
00000234753.5
00000234769.7
00000234771.3
00000234772.2
00000234773.7
00000234776.5
00000234779.1
00000234782.3
00000234784.2
00000234785.1
00000234788.1
00000234789.1
00000234797.5
00000234801.3
00000234806.1
00000234807.7
00000234816.2
00000234817.2
00000234818.1
00000234819.1
00000234825.3
00000234835.1
00000234841.4
00000234848.1
00000234851.4
00000234854.1
00000234869.1
00000234881.1
00000234883.6
00000234899.11
00000234906.11
00000234911.2
00000234912.12
00000234917.2
00000234921.1
00000234925.2
00000234933.1
00000234936.1
00000234937.1
00000234943.2
00000234946.1
00000234964.4
00000234965.2
00000234969.1
00000234975.6
00000234981.1
00000234982.1
00000234985.2
00000234995.1
00000234996.4
00000234997.2
00000234998.1
00000234999.1
00000235001.3
00000235013.1
00000235016.1
00000235018.1
00000235020.5
00000235023.1
00000235027.1
00000235029.1
00000235032.1
00000235033.7
00000235034.7
00000235035.1
00000235036.4
00000235038.1
00000235043.3
00000235044.1
00000235045.2
00000235051.3
00000235052.1
00000235060.1
00000235065.1
00000235066.7
00000235072.2
00000235078.1
00000235079.1
00000235082.2
00000235084.3
00000235088.1
00000235090.1
00000235092.6
00000235096.2
00000235098.8
00000235105.1
00000235106.10
00000235109.7
00000235112.1
00000235115.3
00000235119.1
00000235121.1
00000235138.1
00000235141.1
00000235145.2
00000235151.1
00000235159.1
00000235162.9
00000235169.11
00000235173.7
00000235174.1
00000235175.1
00000235180.1
00000235183.3
00000235192.1
00000235194.9
00000235196.3
00000235204.1
00000235211.4
00000235214.1
00000235217.6
00000235224.1
00000235225.1
00000235236.1
00000235238.1
00000235244.4
00000235245.1
00000235246.1
00000235251.2
00000235253.1
00000235257.9
00000235258.1
00000235262.1
00000235267.1
00000235272.2
00000235279.1
00000235280.2
00000235284.1
00000235286.1
00000235290.1
00000235294.1
00000235297.3
00000235298.1
00000235299.2
00000235301.1
00000235308.1
00000235313.1
00000235314.1
00000235316.1
00000235319.1
00000235328.1
00000235330.2
00000235347.1
00000235349.1
00000235351.1
00000235354.1
00000235361.1
00000235363.1
00000235369.1
00000235374.2
00000235381.1
00000235385.2
00000235387.5
00000235397.1
00000235408.6
00000235413.3
00000235419.5
00000235426.2
00000235427.1
00000235429.1
00000235436.10
00000235437.8
00000235438.7
00000235440.1
00000235445.1
00000235447.2
00000235449.2
00000235450.1
00000235453.10
00000235459.5
00000235472.1
00000235478.5
00000235481.3
00000235488.1
00000235499.1
00000235501.6
00000235508.3
00000235513.2
00000235522.6
00000235529.1
00000235530.7
00000235531.11
00000235545.1
00000235547.3
00000235552.4
00000235554.1
00000235559.1
00000235560.4
00000235568.7
00000235575.1
00000235576.1
00000235579.1
00000235582.2
00000235586.1
00000235587.2
00000235597.2
00000235602.5
00000235605.1
00000235609.7
00000235618.8
00000235619.1
00000235629.1
00000235635.1
00000235636.1
00000235651.1
00000235652.9
00000235655.3
00000235665.6
00000235669.1
00000235672.1
00000235674.2
00000235677.1
00000235681.1
00000235686.1
00000235688.2
00000235689.1
00000235695.1
00000235700.1
00000235701.1
00000235703.6
00000235706.8
00000235731.3
00000235734.4
00000235742.1
00000235748.1
00000235750.10
00000235760.4
00000235763.1
00000235772.1
00000235776.2
00000235777.1
00000235784.2
00000235786.1
00000235787.1
00000235790.7
00000235795.1
00000235802.1
00000235808.1
00000235816.3
00000235821.1
00000235823.3
00000235828.5
00000235829.1
00000235830.2
00000235831.7
00000235837.1
00000235847.2
00000235852.1
00000235859.5
00000235863.4
00000235865.2
00000235869.1
00000235880.1
00000235902.1
00000235903.9
00000235908.1
00000235910.2
00000235912.1
00000235916.1
00000235919.4
00000235920.1
00000235934.2
00000235937.1
00000235940.1
00000235944.8
00000235945.1
00000235946.1
00000235947.1
00000235954.7
00000235957.1
00000235958.5
00000235961.6
00000235962.5
00000235963.1
00000235967.1
00000235974.1
00000235978.6
00000235993.1
00000235996.1
00000236003.1
00000236015.1
00000236017.8
00000236018.2
00000236021.2
00000236028.1
00000236031.1
00000236035.2
00000236044.1
00000236047.1
00000236058.3
00000236060.2
00000236065.2
00000236073.2
00000236086.4
00000236088.10
00000236090.2
00000236095.1
00000236104.3
00000236106.2
00000236111.5
00000236115.1
00000236120.7
00000236132.1
00000236144.8
00000236148.5
00000236152.1
00000236153.1
00000236154.1
00000236165.1
00000236166.1
00000236182.1
00000236184.1
00000236194.3
00000236197.4
00000236200.6
00000236204.6
00000236226.1
00000236234.1
00000236255.2
00000236259.1
00000236264.5
00000236274.1
00000236276.2
00000236278.2
00000236279.7
00000236281.1
00000236287.8
00000236297.1
00000236305.1
00000236307.2
00000236308.1
00000236312.3
00000236317.1
00000236324.1
00000236325.1
00000236327.2
00000236330.1
00000236337.1
00000236349.1
00000236352.1
00000236364.4
00000236375.3
00000236383.8
00000236388.1
00000236390.1
00000236397.3
00000236404.10
00000236408.1
00000236409.2
00000236411.1
00000236430.1
00000236431.1
00000236434.2
00000236439.4
00000236440.1
00000236447.2
00000236456.1
00000236457.1
00000236460.1
00000236463.1
00000236472.1
00000236474.1
00000236478.2
00000236480.1
00000236483.1
00000236489.1
00000236493.2
00000236494.2
00000236496.2
00000236498.1
00000236508.1
00000236514.1
00000236519.1
00000236526.1
00000236533.1
00000236534.1
00000236535.1
00000236536.1
00000236540.7
00000236544.1
00000236549.1
00000236552.2
00000236556.1
00000236559.1
00000236562.4
00000236564.1
00000236565.3
00000236576.1
00000236577.1
00000236581.9
00000236583.1
00000236591.1
00000236592.5
00000236603.2
00000236609.4
00000236617.2
00000236618.2
00000236636.2
00000236654.2
00000236663.1
00000236668.2
00000236670.1
00000236675.1
00000236682.2
00000236698.1
00000236709.1
00000236710.1
00000236711.2
00000236724.1
00000236732.1
00000236735.3
00000236739.3
00000236745.2
00000236753.7
00000236754.5
00000236756.4
00000236760.1
00000236762.1
00000236764.4
00000236768.1
00000236772.1
00000236773.1
00000236776.1
00000236779.1
00000236790.6
00000236792.1
00000236796.1
00000236801.1
00000236804.1
00000236809.2
00000236810.6
00000236811.1
00000236813.1
00000236814.1
00000236819.2
00000236824.2
00000236829.9
00000236838.2
00000236844.1
00000236848.2
00000236859.7
00000236860.1
00000236861.6
00000236862.1
00000236863.2
00000236867.1
00000236869.1
00000236871.7
00000236872.1
00000236876.3
00000236882.8
00000236887.1
00000236890.2
00000236896.1
00000236900.1
00000236901.6
00000236905.2
00000236914.4
00000236924.1
00000236928.3
00000236936.1
00000236939.2
00000236942.1
00000236953.1
00000236963.7
00000236969.2
00000236972.2
00000236976.1
00000236977.1
00000236986.6
00000236991.6
00000236992.2
00000236993.2
00000237003.1
00000237004.4
00000237009.2
00000237015.1
00000237017.1
00000237025.1
00000237032.1
00000237036.5
00000237037.9
00000237039.1
00000237065.2
00000237070.1
00000237073.1
00000237082.1
00000237088.1
00000237089.2
00000237101.1
00000237118.3
00000237126.8
00000237130.1
00000237133.1
00000237137.1
00000237139.1
00000237149.5
00000237154.2
00000237158.1
00000237159.6
00000237162.1
00000237170.3
00000237172.4
00000237178.2
00000237181.1
00000237187.9
00000237190.4
00000237194.1
00000237200.1
00000237214.3
00000237217.1
00000237232.9
00000237234.7
00000237238.3
00000237243.1
00000237248.5
00000237249.1
00000237260.1
00000237263.1
00000237264.4
00000237273.1
00000237276.8
00000237280.1
00000237289.10
00000237296.9
00000237307.2
00000237310.2
00000237328.1
00000237329.2
00000237331.1
00000237336.1
00000237347.2
00000237349.1
00000237350.1
00000237351.1
00000237359.2
00000237365.1
00000237371.1
00000237373.1
00000237380.7
00000237382.2
00000237387.1
00000237390.1
00000237398.1
00000237402.1
00000237406.1
00000237410.1
00000237418.1
00000237424.1
00000237429.1
00000237433.1
00000237436.1
00000237438.7
00000237440.9
00000237441.10
00000237446.1
00000237451.3
00000237456.3
00000237457.6
00000237476.1
00000237478.2
00000237481.1
00000237483.1
00000237489.5
00000237491.10
00000237493.3
00000237499.7
00000237506.3
00000237512.6
00000237513.2
00000237515.9
00000237522.1
00000237529.2
00000237541.4
00000237548.1
00000237550.5
00000237556.1
00000237560.7
00000237575.4
00000237584.1
00000237585.1
00000237586.3
00000237594.2
00000237604.1
00000237605.2
00000237606.2
00000237622.1
00000237631.2
00000237632.3
00000237637.1
00000237638.2
00000237641.1
00000237645.1
00000237646.1
00000237649.8
00000237651.6
00000237654.6
00000237668.1
00000237672.1
00000237676.1
00000237686.7
00000237704.1
00000237705.1
00000237709.1
00000237719.1
00000237728.2
00000237729.2
00000237730.1
00000237731.1
00000237734.1
00000237738.1
00000237745.1
00000237748.1
00000237749.4
00000237750.2
00000237751.2
00000237753.2
00000237756.1
00000237757.2
00000237758.1
00000237765.8
00000237768.2
00000237774.3
00000237781.3
00000237784.1
00000237786.1
00000237788.1
00000237793.3
00000237797.1
00000237798.1
00000237806.1
00000237807.4
00000237818.1
00000237819.5
00000237821.1
00000237827.1
00000237838.1
00000237840.6
00000237842.2
00000237846.1
00000237848.1
00000237853.6
00000237854.3
00000237861.1
00000237872.4
00000237875.1
00000237877.7
00000237882.1
00000237883.2
00000237886.1
00000237887.1
00000237888.1
00000237892.1
00000237899.1
00000237903.1
00000237911.2
00000237916.1
00000237927.1
00000237928.6
00000237931.1
00000237934.1
00000237938.5
00000237940.3
00000237943.7
00000237949.2
00000237950.3
00000237972.1
00000237973.1
00000237976.1
00000237977.1
00000237978.6
00000237979.1
00000237980.2
00000237984.3
00000237986.4
00000237987.1
00000237988.5
00000237989.1
00000237991.3
00000237994.1
00000238000.1
00000238003.1
00000238008.1
00000238015.2
00000238018.2
00000238019.1
00000238021.6
00000238024.1
00000238041.3
00000238055.1
00000238057.10
00000238058.2
00000238062.6
00000238065.1
00000238072.1
00000238078.1
00000238079.1
00000238082.1
00000238083.8
00000238084.4
00000238085.1
00000238086.5
00000238090.1
00000238098.9
00000238103.4
00000238105.7
00000238109.1
00000238111.1
00000238113.7
00000238117.1
00000238137.2
00000238141.2
00000238142.2
00000238150.1
00000238151.1
00000238160.1
00000238165.1
00000238168.5
00000238172.2
00000238173.1
00000238184.1
00000238186.1
00000238189.2
00000238194.2
00000238197.6
00000238198.2
00000238199.1
00000238224.1
00000238227.8
00000238228.1
00000238230.2
00000238231.2
00000238246.1
00000238249.2
00000238250.1
00000238251.2
00000238259.1
00000238260.1
00000238262.1
00000238278.3
00000238279.1
00000238285.1
00000238286.1
00000238287.1
00000238295.1
00000238297.2
00000238304.1
00000238311.1
00000238317.2
00000238324.1
00000238344.1
00000238363.1
00000238364.1
00000238365.3
00000238366.1
00000238367.1
00000238372.1
00000238374.1
00000238386.1
00000238390.1
00000238391.1
00000238405.1
00000238406.1
00000238417.1
00000238420.1
00000238444.1
00000238446.1
00000238447.1
00000238457.1
00000238482.1
00000238490.1
00000238500.1
00000238516.1
00000238517.1
00000238531.1
00000238554.1
00000238575.1
00000238585.1
00000238606.1
00000238658.1
00000238685.1
00000238711.1
00000238713.1
00000238719.1
00000238721.1
00000238723.1
00000238728.1
00000238735.1
00000238741.1
00000238754.1
00000238777.1
00000238778.1
00000238782.1
00000238793.1
00000238812.1
00000238813.1
00000238825.1
00000238829.1
00000238832.1
00000238835.1
00000238880.1
00000238886.1
00000238906.1
00000238934.1
00000238959.1
00000238961.1
00000238963.2
00000238964.1
00000238966.1
00000239005.1
00000239035.1
00000239039.1
00000239040.1
00000239079.1
00000239082.1
00000239096.1
00000239099.1
00000239102.1
00000239105.1
00000239112.1
00000239118.1
00000239119.1
00000239122.1
00000239128.1
00000239129.1
00000239149.1
00000239151.1
00000239152.1
00000239169.1
00000239182.1
00000239198.1
00000239202.3
00000239207.2
00000239211.3
00000239213.6
00000239215.1
00000239218.2
00000239221.3
00000239223.3
00000239224.3
00000239246.3
00000239247.3
00000239268.3
00000239269.1
00000239272.1
00000239280.1
00000239282.8
00000239291.1
00000239300.6
00000239305.7
00000239306.5
00000239316.3
00000239317.1
00000239335.4
00000239344.1
00000239351.1
00000239367.2
00000239374.1
00000239377.1
00000239381.7
00000239382.10
00000239388.9
00000239389.8
00000239390.3
00000239396.3
00000239398.3
00000239407.5
00000239415.1
00000239419.3
00000239437.3
00000239445.6
00000239465.1
00000239466.3
00000239467.6
00000239468.3
00000239470.3
00000239473.1
00000239474.7
00000239480.1
00000239483.1
00000239486.1
00000239494.2
00000239503.1
00000239504.3
00000239519.1
00000239521.9
00000239523.6
00000239524.2
00000239528.1
00000239532.1
00000239542.3
00000239544.1
00000239545.3
00000239552.2
00000239553.3
00000239556.4
00000239557.1
00000239559.2
00000239560.3
00000239569.3
00000239570.1
00000239576.1
00000239577.3
00000239593.1
00000239602.1
00000239608.1
00000239614.1
00000239622.1
00000239627.3
00000239636.1
00000239653.1
00000239665.8
00000239671.1
00000239672.8
00000239686.1
00000239697.11
00000239701.1
00000239702.3
00000239705.2
00000239710.3
00000239713.9
00000239719.1
00000239722.1
00000239726.3
00000239731.3
00000239739.1
00000239742.3
00000239748.3
00000239763.2
00000239774.1
00000239779.7
00000239789.6
00000239793.1
00000239794.3
00000239797.1
00000239801.1
00000239804.1
00000239805.1
00000239809.1
00000239820.3
00000239821.3
00000239822.3
00000239823.2
00000239827.8
00000239830.1
00000239831.1
00000239835.1
00000239839.7
00000239856.3
00000239868.3
00000239877.3
00000239881.1
00000239883.8
00000239884.3
00000239887.6
00000239888.3
00000239899.3
00000239900.13
00000239908.3
00000239910.3
00000239911.2
00000239912.1
00000239917.3
00000239919.1
00000239922.2
00000239926.1
00000239932.3
00000239942.2
00000239946.1
00000239948.2
00000239951.1
00000239961.3
00000239964.3
00000239983.1
00000239998.6
00000240002.1
00000240003.2
00000240005.6
00000240012.1
00000240024.5
00000240031.1
00000240032.1
00000240036.4
00000240038.6
00000240041.1
00000240053.8
00000240065.8
00000240074.1
00000240083.2
00000240087.3
00000240093.1
00000240096.1
00000240098.3
00000240106.2
00000240116.3
00000240122.1
00000240125.1
00000240132.1
00000240137.6
00000240143.1
00000240160.3
00000240163.1
00000240173.3
00000240175.1
00000240183.3
00000240184.7
00000240189.3
00000240198.5
00000240204.3
00000240205.3
00000240207.7
00000240211.1
00000240219.1
00000240225.10
00000240230.6
00000240231.1
00000240233.3
00000240288.8
00000240291.1
00000240299.3
00000240303.8
00000240317.3
00000240322.3
00000240328.1
00000240338.6
00000240342.3
00000240344.9
00000240356.6
00000240366.1
00000240370.6
00000240371.1
00000240373.1
00000240374.3
00000240376.1
00000240382.3
00000240388.2
00000240392.1
00000240393.1
00000240395.1
00000240399.1
00000240401.9
00000240409.1
00000240418.1
00000240429.1
00000240435.2
00000240436.1
00000240441.1
00000240445.6
00000240449.1
00000240454.1
00000240457.3
00000240463.1
00000240470.3
00000240474.3
00000240481.3
00000240489.1
00000240490.3
00000240497.3
00000240498.9
00000240509.1
00000240518.2
00000240520.6
00000240522.1
00000240531.1
00000240540.2
00000240545.3
00000240549.2
00000240553.1
00000240571.1
00000240579.1
00000240583.13
00000240589.3
00000240591.2
00000240606.3
00000240616.1
00000240622.1
00000240625.3
00000240634.1
00000240639.3
00000240652.1
00000240665.1
00000240674.1
00000240677.1
00000240682.10
00000240694.9
00000240695.1
00000240710.1
00000240718.3
00000240723.3
00000240729.1
00000240731.1
00000240733.3
00000240750.3
00000240751.1
00000240759.1
00000240764.4
00000240767.3
00000240771.8
00000240775.1
00000240776.1
00000240785.2
00000240793.1
00000240803.3
00000240808.1
00000240809.1
00000240823.3
00000240828.1
00000240849.11
00000240853.3
00000240854.1
00000240857.2
00000240859.3
00000240861.1
00000240863.3
00000240864.3
00000240869.3
00000240873.1
00000240875.6
00000240877.3
00000240888.1
00000240891.8
00000240898.1
00000240905.3
00000240914.1
00000240919.1
00000240922.1
00000240925.1
00000240936.3
00000240940.3
00000240950.1
00000240964.3
00000240966.3
00000240970.1
00000240974.1
00000240983.1
00000240991.3
00000240993.3
00000240996.1
00000240997.3
00000241002.1
00000241007.1
00000241015.2
00000241026.1
00000241030.1
00000241032.3
00000241052.1
00000241057.2
00000241058.4
00000241061.3
00000241074.3
00000241081.1
00000241101.1
00000241106.8
00000241112.1
00000241120.1
00000241127.8
00000241155.1
00000241156.3
00000241157.1
00000241158.7
00000241159.3
00000241162.3
00000241169.1
00000241170.3
00000241175.3
00000241179.1
00000241198.3
00000241211.1
00000241213.2
00000241217.3
00000241218.1
00000241226.3
00000241228.1
00000241230.3
00000241231.2
00000241243.3
00000241246.3
00000241255.1
00000241258.7
00000241261.1
00000241269.1
00000241278.1
00000241282.1
00000241288.8
00000241291.3
00000241294.1
00000241295.1
00000241316.8
00000241333.3
00000241343.10
00000241346.1
00000241347.3
00000241351.3
00000241352.3
00000241362.2
00000241370.6
00000241391.3
00000241395.3
00000241397.1
00000241399.7
00000241400.1
00000241404.7
00000241413.3
00000241420.3
00000241429.1
00000241431.1
00000241438.1
00000241449.6
00000241458.1
00000241461.3
00000241462.1
00000241464.3
00000241468.8
00000241472.7
00000241478.1
00000241493.1
00000241494.1
00000241506.1
00000241511.1
00000241524.3
00000241527.1
00000241529.3
00000241532.1
00000241535.1
00000241546.1
00000241547.1
00000241549.8
00000241553.12
00000241556.1
00000241560.7
00000241563.4
00000241568.3
00000241587.3
00000241596.1
00000241597.2
00000241612.1
00000241622.1
00000241625.3
00000241627.3
00000241631.3
00000241634.1
00000241641.1
00000241644.2
00000241648.1
00000241651.4
00000241652.3
00000241665.3
00000241679.2
00000241680.1
00000241684.6
00000241685.10
00000241693.2
00000241709.3
00000241717.1
00000241723.1
00000241738.1
00000241739.1
00000241741.1
00000241745.3
00000241746.1
00000241755.1
00000241756.3
00000241757.3
00000241764.4
00000241782.1
00000241785.3
00000241789.3
00000241818.1
00000241829.1
00000241834.3
00000241837.7
00000241839.10
00000241852.10
00000241859.7
00000241868.3
00000241878.11
00000241886.1
00000241889.1
00000241890.1
00000241907.1
00000241913.1
00000241923.2
00000241926.1
00000241935.9
00000241939.3
00000241943.2
00000241945.8
00000241954.1
00000241959.3
00000241962.9
00000241963.3
00000241973.11
00000241975.1
00000241981.2
00000241983.3
00000241984.2
00000241985.1
00000241990.5
00000241991.1
00000242020.3
00000242042.1
00000242060.1
00000242066.3
00000242067.1
00000242071.3
00000242078.1
00000242083.2
00000242085.1
00000242086.8
00000242087.2
00000242088.1
00000242100.2
00000242101.3
00000242110.8
00000242113.3
00000242114.6
00000242125.3
00000242140.1
00000242154.1
00000242163.1
00000242169.2
00000242170.3
00000242173.10
00000242175.3
00000242182.3
00000242190.1
00000242193.11
00000242198.1
00000242199.1
00000242208.1
00000242229.1
00000242236.2
00000242241.3
00000242242.6
00000242244.1
00000242247.11
00000242251.3
00000242252.2
00000242256.3
00000242259.9
00000242262.1
00000242265.6
00000242267.6
00000242268.3
00000242276.2
00000242290.2
00000242294.6
00000242296.2
00000242299.1
00000242307.1
00000242308.2
00000242318.1
00000242321.1
00000242325.1
00000242327.1
00000242329.1
00000242330.3
00000242337.5
00000242338.6
00000242341.3
00000242353.1
00000242360.3
00000242372.9
00000242375.1
00000242385.1
00000242405.2
00000242419.5
00000242435.1
00000242436.3
00000242439.1
00000242445.1
00000242457.1
00000242474.3
00000242477.1
00000242485.6
00000242488.2
00000242493.3
00000242498.8
00000242510.1
00000242516.2
00000242527.1
00000242531.1
00000242540.3
00000242547.3
00000242551.2
00000242553.1
00000242559.3
00000242571.1
00000242574.9
00000242588.6
00000242595.1
00000242602.1
00000242607.1
00000242612.7
00000242614.3
00000242615.1
00000242622.2
00000242634.1
00000242640.1
00000242651.3
00000242659.1
00000242660.1
00000242661.1
00000242667.1
00000242683.1
00000242686.4
00000242689.3
00000242692.1
00000242696.3
00000242697.2
00000242699.3
00000242707.3
00000242715.8
00000242719.3
00000242732.4
00000242737.1
00000242747.1
00000242748.1
00000242759.8
00000242767.1
00000242768.2
00000242779.7
00000242791.2
00000242795.2
00000242797.3
00000242798.1
00000242802.9
00000242808.10
00000242816.2
00000242818.3
00000242829.1
00000242853.3
00000242855.3
00000242858.1
00000242861.1
00000242863.3
00000242876.3
00000242882.1
00000242888.1
00000242889.3
00000242893.3
00000242894.3
00000242899.1
00000242902.1
00000242931.1
00000242950.7
00000242951.1
00000242952.1
00000242953.1
00000242958.1
00000242960.1
00000242970.2
00000242971.3
00000242976.3
00000242992.3
00000242993.1
00000242999.3
00000243005.3
00000243007.1
00000243014.1
00000243018.1
00000243023.2
00000243024.6
00000243029.3
00000243049.3
00000243051.3
00000243053.2
00000243055.1
00000243056.2
00000243069.8
00000243071.1
00000243094.1
00000243101.1
00000243103.3
00000243107.1
00000243124.3
00000243144.7
00000243147.8
00000243155.1
00000243156.9
00000243167.1
00000243173.3
00000243175.1
00000243176.6
00000243181.2
00000243197.8
00000243199.1
00000243224.1
00000243227.3
00000243230.1
00000243232.6
00000243234.1
00000243238.1
00000243244.7
00000243254.3
00000243256.1
00000243260.3
00000243267.3
00000243279.4
00000243289.1
00000243297.2
00000243302.3
00000243303.1
00000243304.3
00000243313.2
00000243314.1
00000243317.8
00000243319.7
00000243321.3
00000243323.7
00000243333.3
00000243335.10
00000243339.3
00000243352.3
00000243353.1
00000243359.3
00000243364.8
00000243365.3
00000243366.3
00000243368.2
00000243370.3
00000243373.3
00000243384.1
00000243389.1
00000243396.1
00000243398.3
00000243402.1
00000243403.1
00000243404.2
00000243406.6
00000243415.2
00000243417.1
00000243420.3
00000243422.2
00000243423.1
00000243424.2
00000243426.3
00000243429.1
00000243431.1
00000243433.1
00000243437.3
00000243445.1
00000243446.3
00000243449.6
00000243455.3
00000243466.1
00000243477.6
00000243479.3
00000243488.3
00000243498.2
00000243504.1
00000243508.1
00000243517.1
00000243532.3
00000243538.1
00000243544.3
00000243547.1
00000243554.1
00000243560.3
00000243562.3
00000243592.1
00000243601.1
00000243609.1
00000243620.2
00000243621.1
00000243642.3
00000243646.10
00000243648.1
00000243649.9
00000243650.3
00000243659.1
00000243660.11
00000243663.1
00000243667.7
00000243675.1
00000243678.12
00000243679.1
00000243680.1
00000243687.1
00000243696.5
00000243697.1
00000243701.7
00000243704.3
00000243711.1
00000243716.10
00000243725.7
00000243738.3
00000243742.5
00000243746.1
00000243753.5
00000243759.1
00000243770.3
00000243779.1
00000243789.11
00000243795.1
00000243802.2
00000243819.4
00000243824.1
00000243829.1
00000243830.2
00000243836.5
00000243845.3
00000243847.3
00000243854.3
00000243856.3
00000243859.3
00000243870.3
00000243871.3
00000243872.3
00000243894.1
00000243904.1
00000243905.3
00000243911.3
00000243915.1
00000243926.2
00000243927.6
00000243943.10
00000243951.1
00000243954.3
00000243960.1
00000243964.1
00000243970.3
00000243979.2
00000243988.1
00000243991.3
00000244003.3
00000244005.13
00000244009.1
00000244018.1
00000244021.4
00000244026.6
00000244033.3
00000244038.11
00000244041.7
00000244044.3
00000244045.13
00000244052.1
00000244053.1
00000244055.2
00000244056.3
00000244060.2
00000244062.1
00000244063.1
00000244073.1
00000244076.1
00000244080.3
00000244086.1
00000244091.1
00000244097.1
00000244112.3
00000244119.1
00000244124.1
00000244125.1
00000244128.7
00000244131.2
00000244134.1
00000244139.3
00000244151.1
00000244159.1
00000244165.2
00000244171.4
00000244183.1
00000244184.1
00000244187.8
00000244192.1
00000244194.3
00000244203.2
00000244218.3
00000244219.7
00000244226.1
00000244229.1
00000244230.3
00000244232.3
00000244236.3
00000244242.2
00000244245.1
00000244247.2
00000244251.1
00000244256.3
00000244264.3
00000244266.1
00000244268.1
00000244274.8
00000244286.1
00000244289.1
00000244294.3
00000244296.3
00000244300.3
00000244307.3
00000244308.2
00000244313.3
00000244314.3
00000244331.1
00000244335.3
00000244346.1
00000244349.1
00000244356.3
00000244357.3
00000244363.3
00000244371.2
00000244384.3
00000244389.3
00000244391.3
00000244398.1
00000244405.8
00000244425.3
00000244437.1
00000244451.1
00000244459.2
00000244462.8
00000244476.3
00000244480.1
00000244482.10
00000244485.1
00000244486.9
00000244490.1
00000244493.1
00000244509.4
00000244513.7
00000244514.3
00000244515.1
00000244527.1
00000244538.1
00000244540.2
00000244556.1
00000244558.6
00000244560.7
00000244575.3
00000244582.2
00000244585.1
00000244586.1
00000244593.1
00000244604.1
00000244610.3
00000244617.2
00000244618.3
00000244625.7
00000244627.5
00000244630.2
00000244632.3
00000244642.3
00000244657.1
00000244671.3
00000244676.5
00000244677.3
00000244681.1
00000244682.7
00000244687.12
00000244691.1
00000244692.3
00000244694.7
00000244699.1
00000244701.1
00000244710.3
00000244712.1
00000244716.3
00000244722.1
00000244723.3
00000244730.1
00000244731.8
00000244733.5
00000244734.4
00000244748.3
00000244752.3
00000244754.9
00000244757.1
00000244879.8
00000244921.2
00000244926.7
00000244932.2
00000244945.1
00000244952.2
00000244953.1
00000244968.7
00000245017.2
00000245025.3
00000245059.2
00000245060.8
00000245067.7
00000245105.4
00000245112.2
00000245146.7
00000245148.2
00000245149.4
00000245156.1
00000245205.3
00000245213.7
00000245275.8
00000245281.8
00000245293.3
00000245317.2
00000245322.7
00000245498.7
00000245526.11
00000245532.9
00000245534.7
00000245552.7
00000245556.3
00000245571.7
00000245573.9
00000245598.6
00000245614.4
00000245648.2
00000245667.2
00000245680.11
00000245694.10
00000245711.2
00000245832.7
00000245848.3
00000245849.8
00000245864.3
00000245910.8
00000245937.8
00000245958.6
00000245970.2
00000245975.2
00000246022.3
00000246067.8
00000246082.2
00000246089.3
00000246090.7
00000246100.4
00000246174.9
00000246203.2
00000246214.2
00000246223.9
00000246263.3
00000246273.8
00000246308.2
00000246334.2
00000246339.6
00000246375.3
00000246379.8
00000246422.2
00000246451.2
00000246465.1
00000246477.3
00000246523.8
00000246528.3
00000246560.2
00000246575.2
00000246596.7
00000246662.6
00000246695.8
00000246705.4
00000246731.3
00000246763.7
00000246859.3
00000246889.2
00000246898.1
00000246922.9
00000246982.7
00000246985.8
00000247077.7
00000247081.8
00000247092.7
00000247095.3
00000247121.7
00000247134.7
00000247137.9
00000247157.7
00000247193.3
00000247240.8
00000247271.7
00000247311.3
00000247315.4
00000247373.3
00000247400.4
00000247416.4
00000247516.8
00000247556.6
00000247572.8
00000247595.4
00000247596.10
00000247624.6
00000247626.5
00000247627.2
00000247675.7
00000247679.3
00000247708.8
00000247735.2
00000247746.4
00000247763.2
00000247774.7
00000247796.3
00000247809.9
00000247828.8
00000247903.1
00000247911.3
00000247925.2
00000247934.4
00000247950.7
00000247970.2
00000247982.6
00000248008.3
00000248019.3
00000248049.7
00000248050.1
00000248079.3
00000248092.8
00000248103.1
00000248115.1
00000248121.8
00000248124.8
00000248126.1
00000248152.2
00000248155.1
00000248161.5
00000248174.6
00000248180.1
00000248184.1
00000248192.1
00000248196.1
00000248202.2
00000248206.2
00000248208.1
00000248213.3
00000248221.1
00000248227.1
00000248231.1
00000248240.1
00000248249.1
00000248256.1
00000248275.2
00000248278.1
00000248283.2
00000248290.1
00000248309.7
00000248318.1
00000248323.7
00000248333.9
00000248334.6
00000248340.2
00000248350.1
00000248367.1
00000248374.1
00000248383.5
00000248399.1
00000248401.2
00000248415.1
00000248429.5
00000248445.5
00000248449.2
00000248458.2
00000248466.1
00000248468.2
00000248476.1
00000248477.6
00000248479.1
00000248483.7
00000248485.2
00000248487.9
00000248489.2
00000248508.8
00000248518.1
00000248527.1
00000248528.1
00000248537.1
00000248546.3
00000248554.1
00000248557.1
00000248559.1
00000248564.1
00000248568.1
00000248569.1
00000248576.1
00000248590.2
00000248593.3
00000248624.1
00000248626.1
00000248627.1
00000248629.1
00000248636.7
00000248641.1
00000248643.5
00000248648.1
00000248668.3
00000248671.8
00000248682.1
00000248690.8
00000248693.1
00000248696.1
00000248708.2
00000248712.7
00000248714.7
00000248727.6
00000248734.2
00000248750.2
00000248758.1
00000248773.1
00000248774.1
00000248779.1
00000248780.1
00000248785.1
00000248787.2
00000248790.1
00000248794.1
00000248840.2
00000248843.1
00000248851.1
00000248863.2
00000248866.1
00000248873.1
00000248884.1
00000248890.2
00000248896.3
00000248905.10
00000248909.1
00000248923.1
00000248925.1
00000248930.1
00000248932.6
00000248936.1
00000248967.1
00000248971.2
00000248979.2
00000248996.1
00000249001.5
00000249012.2
00000249014.2
00000249019.2
00000249020.1
00000249028.2
00000249031.1
00000249035.7
00000249047.2
00000249061.1
00000249068.1
00000249072.1
00000249077.1
00000249087.7
00000249089.1
00000249092.1
00000249098.1
00000249106.1
00000249112.1
00000249115.9
00000249119.1
00000249129.1
00000249131.2
00000249138.1
00000249140.1
00000249142.1
00000249158.7
00000249159.6
00000249167.2
00000249170.1
00000249192.1
00000249207.2
00000249210.1
00000249212.1
00000249216.1
00000249222.1
00000249234.1
00000249239.2
00000249242.8
00000249245.2
00000249249.2
00000249252.5
00000249255.1
00000249256.2
00000249264.1
00000249274.1
00000249278.1
00000249302.2
00000249304.1
00000249306.6
00000249307.7
00000249328.3
00000249335.2
00000249348.1
00000249352.4
00000249353.2
00000249362.2
00000249372.1
00000249373.2
00000249379.2
00000249412.1
00000249417.1
00000249437.8
00000249453.1
00000249459.11
00000249465.1
00000249471.8
00000249476.2
00000249485.1
00000249489.1
00000249492.2
00000249502.3
00000249514.1
00000249526.1
00000249553.1
00000249562.1
00000249565.2
00000249572.1
00000249577.1
00000249592.6
00000249593.6
00000249602.1
00000249609.1
00000249610.1
00000249617.1
00000249621.1
00000249626.1
00000249637.2
00000249641.2
00000249655.1
00000249669.10
00000249673.7
00000249678.1
00000249684.6
00000249685.1
00000249691.1
00000249700.9
00000249740.3
00000249741.2
00000249751.4
00000249752.1
00000249753.2
00000249755.2
00000249767.1
00000249774.1
00000249776.5
00000249778.1
00000249779.1
00000249780.1
00000249782.2
00000249799.1
00000249825.6
00000249829.2
00000249835.2
00000249846.7
00000249848.1
00000249850.1
00000249852.1
00000249853.8
00000249855.1
00000249858.2
00000249859.12
00000249863.2
00000249870.1
00000249888.1
00000249889.1
00000249898.8
00000249915.8
00000249916.1
00000249921.2
00000249930.1
00000249936.3
00000249947.2
00000249951.1
00000249955.2
00000249978.1
00000249986.1
00000249992.2
00000249996.1
00000250001.1
00000250012.2
00000250015.1
00000250027.1
00000250030.2
00000250031.1
00000250045.2
00000250057.1
00000250062.5
00000250067.12
00000250068.1
00000250071.1
00000250073.3
00000250081.1
00000250091.3
00000250092.2
00000250107.1
00000250116.2
00000250120.8
00000250129.5
00000250130.1
00000250132.6
00000250133.2
00000250138.4
00000250144.1
00000250155.2
00000250164.1
00000250166.3
00000250170.1
00000250182.3
00000250195.1
00000250197.1
00000250198.3
00000250218.1
00000250220.1
00000250222.2
00000250234.1
00000250237.1
00000250241.6
00000250243.3
00000250250.2
00000250251.6
00000250254.2
00000250259.1
00000250273.1
00000250282.1
00000250295.6
00000250299.6
00000250303.4
00000250305.9
00000250306.1
00000250312.8
00000250317.8
00000250318.1
00000250321.1
00000250322.2
00000250326.2
00000250327.1
00000250330.1
00000250343.1
00000250347.1
00000250350.1
00000250366.3
00000250377.2
00000250383.1
00000250384.1
00000250397.2
00000250407.1
00000250410.1
00000250412.1
00000250413.1
00000250441.1
00000250444.1
00000250451.5
00000250461.1
00000250462.8
00000250471.2
00000250473.1
00000250474.2
00000250479.9
00000250486.5
00000250510.8
00000250519.7
00000250526.1
00000250535.1
00000250536.1
00000250538.6
00000250539.1
00000250565.7
00000250568.1
00000250569.1
00000250571.7
00000250574.1
00000250582.1
00000250592.1
00000250602.6
00000250608.2
00000250614.1
00000250616.2
00000250629.1
00000250635.1
00000250643.1
00000250644.3
00000250656.2
00000250659.2
00000250673.2
00000250677.1
00000250686.2
00000250687.6
00000250692.1
00000250698.1
00000250699.1
00000250705.1
00000250722.6
00000250731.1
00000250742.4
00000250746.1
00000250749.1
00000250756.1
00000250761.2
00000250762.1
00000250764.1
00000250771.2
00000250786.2
00000250790.4
00000250794.2
00000250796.1
00000250802.7
00000250831.1
00000250846.6
00000250848.1
00000250853.1
00000250859.1
00000250869.2
00000250895.1
00000250896.1
00000250899.3
00000250902.1
00000250903.9
00000250906.1
00000250909.1
00000250917.1
00000250929.2
00000250942.1
00000250948.1
00000250950.1
00000250956.1
00000250959.2
00000250966.2
00000250969.1
00000250976.1
00000250980.1
00000250982.2
00000250983.1
00000250988.7
00000250990.1
00000250995.1
00000250999.2
00000251000.1
00000251003.9
00000251008.1
00000251011.6
00000251022.6
00000251023.1
00000251034.2
00000251050.1
00000251054.1
00000251062.1
00000251066.1
00000251076.1
00000251131.2
00000251136.9
00000251139.2
00000251141.6
00000251143.1
00000251148.1
00000251155.2
00000251161.4
00000251171.1
00000251175.5
00000251179.1
00000251186.1
00000251188.1
00000251189.1
00000251192.7
00000251194.2
00000251203.1
00000251206.1
00000251215.1
00000251229.1
00000251235.3
00000251247.11
00000251254.1
00000251257.2
00000251259.1
00000251270.1
00000251276.1
00000251279.1
00000251287.8
00000251288.2
00000251298.1
00000251306.1
00000251307.1
00000251322.9
00000251330.3
00000251332.1
00000251333.3
00000251348.1
00000251350.2
00000251354.3
00000251364.7
00000251369.9
00000251370.1
00000251374.1
00000251379.1
00000251387.1
00000251396.7
00000251400.1
00000251402.3
00000251411.1
00000251413.1
00000251414.1
00000251417.2
00000251429.1
00000251432.7
00000251442.6
00000251451.1
00000251456.1
00000251467.1
00000251468.2
00000251474.6
00000251484.3
00000251485.1
00000251493.5
00000251495.1
00000251497.2
00000251513.2
00000251520.1
00000251521.2
00000251523.1
00000251532.1
00000251549.2
00000251562.8
00000251579.1
00000251580.3
00000251583.1
00000251586.1
00000251593.1
00000251595.7
00000251596.1
00000251602.7
00000251615.3
00000251630.1
00000251632.1
00000251634.2
00000251661.3
00000251666.1
00000251669.6
00000251675.1
00000251682.1
00000251687.1
00000251703.1
00000251705.1
00000251712.3
00000251718.1
00000251720.1
00000251724.1
00000251726.1
00000251728.1
00000251730.1
00000251733.1
00000251739.1
00000251745.1
00000251748.1
00000251752.1
00000251754.1
00000251768.1
00000251774.1
00000251775.1
00000251779.1
00000251785.1
00000251787.1
00000251791.1
00000251794.1
00000251804.1
00000251805.1
00000251807.1
00000251811.1
00000251812.1
00000251819.1
00000251821.1
00000251834.1
00000251835.1
00000251839.1
00000251862.2
00000251865.1
00000251866.1
00000251867.4
00000251869.1
00000251870.1
00000251874.1
00000251878.1
00000251880.1
00000251883.1
00000251887.2
00000251889.1
00000251891.1
00000251892.1
00000251898.1
00000251904.1
00000251934.1
00000251935.1
00000251939.1
00000251957.1
00000251971.1
00000251972.1
00000251987.1
00000251988.1
00000251991.1
00000251999.1
00000252003.1
00000252010.1
00000252017.1
00000252021.1
00000252026.1
00000252030.1
00000252034.1
00000252046.1
00000252050.1
00000252061.1
00000252062.1
00000252072.1
00000252081.1
00000252082.1
00000252096.1
00000252098.1
00000252101.2
00000252118.1
00000252122.1
00000252126.2
00000252128.1
00000252132.1
00000252135.1
00000252145.1
00000252147.1
00000252153.1
00000252156.1
00000252157.1
00000252164.1
00000252170.2
00000252172.1
00000252174.1
00000252184.1
00000252192.1
00000252198.1
00000252202.1
00000252206.1
00000252210.1
00000252212.1
00000252213.1
00000252217.1
00000252218.1
00000252220.1
00000252222.1
00000252230.1
00000252233.1
00000252237.1
00000252242.1
00000252244.1
00000252246.1
00000252255.1
00000252269.1
00000252271.1
00000252274.1
00000252282.1
00000252283.1
00000252291.1
00000252294.1
00000252297.1
00000252305.1
00000252311.1
00000252312.1
00000252316.1
00000252317.1
00000252321.1
00000252329.1
00000252333.1
00000252334.1
00000252335.1
00000252338.1
00000252347.1
00000252349.1
00000252351.1
00000252355.1
00000252361.1
00000252363.1
00000252367.1
00000252377.1
00000252391.1
00000252393.1
00000252408.1
00000252412.1
00000252414.1
00000252420.1
00000252427.1
00000252431.1
00000252438.1
00000252443.1
00000252448.1
00000252452.1
00000252461.1
00000252464.1
00000252466.1
00000252469.1
00000252473.1
00000252474.1
00000252479.1
00000252485.1
00000252487.1
00000252489.1
00000252494.1
00000252498.1
00000252503.1
00000252516.1
00000252532.1
00000252534.1
00000252539.1
00000252544.1
00000252546.1
00000252549.1
00000252552.1
00000252569.1
00000252577.1
00000252578.1
00000252581.1
00000252585.1
00000252590.1
00000252611.1
00000252614.1
00000252615.1
00000252620.1
00000252622.1
00000252627.1
00000252641.2
00000252643.1
00000252652.1
00000252657.1
00000252658.1
00000252680.1
00000252685.1
00000252686.1
00000252688.1
00000252695.1
00000252700.1
00000252707.1
00000252712.1
00000252713.1
00000252719.1
00000252720.1
00000252722.1
00000252739.1
00000252743.1
00000252747.1
00000252750.1
00000252751.1
00000252755.1
00000252756.1
00000252757.1
00000252759.1
00000252763.1
00000252768.1
00000252770.1
00000252778.1
00000252779.1
00000252782.1
00000252796.1
00000252797.1
00000252800.1
00000252804.1
00000252821.1
00000252822.1
00000252824.1
00000252835.1
00000252839.1
00000252847.1
00000252859.1
00000252864.1
00000252866.1
00000252874.2
00000252879.1
00000252887.1
00000252892.1
00000252894.2
00000252904.1
00000252906.1
00000252908.1
00000252914.1
00000252915.1
00000252916.1
00000252917.1
00000252919.1
00000252922.1
00000252929.1
00000252933.1
00000252934.1
00000252942.1
00000252944.1
00000252945.1
00000252947.1
00000252950.1
00000252951.1
00000252965.1
00000252970.1
00000252971.1
00000252973.1
00000252975.1
00000252980.1
00000252982.1
00000252985.1
00000252992.1
00000253001.1
00000253006.1
00000253008.2
00000253013.1
00000253015.1
00000253020.2
00000253022.1
00000253024.1
00000253030.1
00000253039.1
00000253041.1
00000253042.1
00000253043.1
00000253047.1
00000253048.1
00000253054.1
00000253056.1
00000253057.1
00000253058.1
00000253059.1
00000253064.1
00000253075.1
00000253079.1
00000253086.1
00000253088.1
00000253092.1
00000253093.1
00000253106.1
00000253112.1
00000253116.1
00000253159.3
00000253161.5
00000253166.2
00000253167.1
00000253168.1
00000253171.1
00000253173.3
00000253175.1
00000253180.1
00000253200.1
00000253203.6
00000253204.1
00000253208.1
00000253210.2
00000253218.1
00000253223.1
00000253230.9
00000253250.3
00000253251.3
00000253259.1
00000253263.1
00000253270.1
00000253273.2
00000253276.4
00000253284.2
00000253293.5
00000253299.1
00000253304.2
00000253305.2
00000253307.1
00000253309.6
00000253320.7
00000253328.2
00000253330.1
00000253333.1
00000253335.1
00000253341.1
00000253347.1
00000253352.10
00000253366.3
00000253368.4
00000253372.5
00000253374.5
00000253385.1
00000253390.1
00000253395.1
00000253399.1
00000253404.1
00000253414.3
00000253420.1
00000253430.1
00000253439.1
00000253454.1
00000253456.1
00000253457.3
00000253463.1
00000253475.1
00000253476.1
00000253483.1
00000253484.1
00000253485.2
00000253502.1
00000253506.3
00000253516.1
00000253520.1
00000253523.1
00000253525.1
00000253528.2
00000253532.1
00000253536.1
00000253537.3
00000253539.1
00000253540.5
00000253549.6
00000253550.1
00000253552.8
00000253558.1
00000253559.1
00000253570.1
00000253579.1
00000253582.1
00000253586.1
00000253591.2
00000253598.3
00000253602.2
00000253618.1
00000253621.1
00000253626.3
00000253633.2
00000253636.1
00000253641.6
00000253649.5
00000253661.2
00000253667.2
00000253668.1
00000253669.4
00000253671.3
00000253676.1
00000253678.3
00000253683.1
00000253695.2
00000253696.2
00000253697.1
00000253704.2
00000253710.4
00000253716.6
00000253719.4
00000253720.2
00000253721.1
00000253729.8
00000253730.1
00000253731.3
00000253733.3
00000253738.2
00000253739.1
00000253746.1
00000253754.1
00000253755.1
00000253764.3
00000253767.2
00000253770.1
00000253771.6
00000253785.1
00000253805.1
00000253807.6
00000253811.1
00000253813.1
00000253816.3
00000253821.2
00000253829.1
00000253833.1
00000253837.1
00000253846.2
00000253853.3
00000253854.1
00000253857.2
00000253859.2
00000253869.1
00000253873.6
00000253875.2
00000253878.5
00000253893.2
00000253908.1
00000253910.2
00000253911.1
00000253912.1
00000253915.1
00000253919.1
00000253921.1
00000253931.1
00000253944.1
00000253945.1
00000253948.2
00000253953.3
00000253954.3
00000253955.2
00000253958.2
00000253961.1
00000253965.1
00000253975.1
00000253976.1
00000253978.2
00000253981.5
00000253982.2
00000253983.3
00000253988.1
00000253992.1
00000254003.1
00000254004.7
00000254012.1
00000254016.3
00000254017.1
00000254023.1
00000254027.1
00000254034.2
00000254035.1
00000254048.1
00000254050.1
00000254054.3
00000254060.1
00000254061.1
00000254064.1
00000254065.1
00000254087.8
00000254088.1
00000254093.9
00000254094.1
00000254099.1
00000254105.1
00000254112.1
00000254122.3
00000254129.1
00000254131.1
00000254132.1
00000254139.1
00000254141.1
00000254162.1
00000254164.1
00000254165.1
00000254177.1
00000254197.1
00000254205.1
00000254206.5
00000254207.1
00000254208.1
00000254221.2
00000254224.2
00000254238.1
00000254244.1
00000254245.3
00000254246.1
00000254263.1
00000254270.1
00000254272.1
00000254273.1
00000254274.1
00000254288.1
00000254305.1
00000254315.1
00000254317.1
00000254324.3
00000254325.2
00000254328.1
00000254331.1
00000254332.1
00000254333.1
00000254338.1
00000254343.2
00000254348.1
00000254352.1
00000254358.1
00000254362.1
00000254373.1
00000254377.6
00000254387.1
00000254388.1
00000254389.3
00000254392.1
00000254397.1
00000254398.1
00000254409.3
00000254415.3
00000254416.6
00000254419.1
00000254420.1
00000254423.1
00000254427.2
00000254428.1
00000254431.1
00000254432.1
00000254433.1
00000254441.1
00000254449.1
00000254454.2
00000254459.1
00000254461.1
00000254463.1
00000254469.7
00000254470.3
00000254473.1
00000254480.2
00000254481.1
00000254484.1
00000254489.2
00000254495.1
00000254500.1
00000254503.1
00000254505.11
00000254510.2
00000254522.1
00000254527.1
00000254528.7
00000254531.1
00000254535.4
00000254538.1
00000254542.1
00000254545.1
00000254550.1
00000254554.1
00000254556.1
00000254560.6
00000254563.1
00000254566.1
00000254577.1
00000254582.1
00000254585.5
00000254593.1
00000254595.1
00000254598.3
00000254602.2
00000254604.1
00000254607.2
00000254612.2
00000254614.2
00000254615.3
00000254616.1
00000254622.1
00000254634.4
00000254635.6
00000254649.1
00000254653.1
00000254656.3
00000254670.1
00000254672.1
00000254675.1
00000254676.1
00000254681.6
00000254682.1
00000254685.6
00000254688.1
00000254691.1
00000254694.1
00000254701.3
00000254703.2
00000254705.1
00000254708.1
00000254719.1
00000254726.3
00000254730.1
00000254731.1
00000254733.1
00000254739.1
00000254756.1
00000254758.1
00000254759.1
00000254760.1
00000254762.1
00000254771.1
00000254777.5
00000254780.1
00000254783.1
00000254787.1
00000254791.1
00000254802.1
00000254812.1
00000254827.6
00000254837.2
00000254838.5
00000254839.1
00000254851.1
00000254854.1
00000254855.1
00000254856.1
00000254858.10
00000254860.6
00000254862.5
00000254865.1
00000254866.2
00000254876.5
00000254878.1
00000254879.1
00000254880.1
00000254884.1
00000254885.1
00000254887.1
00000254893.6
00000254896.1
00000254898.1
00000254900.1
00000254901.8
00000254907.1
00000254909.1
00000254910.1
00000254911.3
00000254915.1
00000254919.1
00000254923.1
00000254924.2
00000254932.2
00000254936.4
00000254949.1
00000254952.1
00000254960.2
00000254964.1
00000254966.1
00000254978.2
00000254984.1
00000254985.1
00000254986.7
00000254988.1
00000254990.5
00000254995.4
00000254999.4
00000255004.1
00000255008.3
00000255014.1
00000255020.1
00000255026.1
00000255031.5
00000255035.2
00000255040.1
00000255043.1
00000255050.1
00000255052.5
00000255059.1
00000255060.1
00000255062.1
00000255067.1
00000255074.1
00000255081.1
00000255084.1
00000255085.8
00000255091.1
00000255092.1
00000255097.1
00000255100.1
00000255112.3
00000255115.2
00000255121.2
00000255122.1
00000255129.6
00000255132.1
00000255135.4
00000255141.1
00000255142.1
00000255145.3
00000255150.2
00000255153.1
00000255156.1
00000255157.1
00000255158.1
00000255159.1
00000255165.1
00000255176.1
00000255182.2
00000255186.1
00000255197.6
00000255198.4
00000255200.1
00000255206.1
00000255220.1
00000255224.1
00000255248.9
00000255250.2
00000255253.1
00000255256.1
00000255258.2
00000255262.3
00000255270.1
00000255277.3
00000255280.1
00000255284.2
00000255286.2
00000255302.5
00000255306.1
00000255310.2
00000255317.1
00000255320.1
00000255321.1
00000255326.1
00000255328.1
00000255329.1
00000255334.1
00000255337.1
00000255343.1
00000255345.1
00000255358.1
00000255362.1
00000255366.1
00000255371.1
00000255374.3
00000255382.2
00000255389.1
00000255396.2
00000255403.1
00000255408.4
00000255409.1
00000255421.1
00000255422.3
00000255423.1
00000255434.1
00000255435.7
00000255438.2
00000255443.1
00000255445.1
00000255449.1
00000255456.1
00000255458.7
00000255462.1
00000255468.7
00000255471.1
00000255474.1
00000255476.1
00000255480.1
00000255487.1
00000255491.3
00000255492.1
00000255495.1
00000255503.1
00000255508.7
00000255517.6
00000255520.1
00000255521.2
00000255529.9
00000255537.1
00000255539.1
00000255542.1
00000255545.8
00000255555.1
00000255556.2
00000255557.1
00000255559.1
00000255561.7
00000255565.1
00000255566.1
00000255568.3
00000255571.9
00000255580.1
00000255585.3
00000255618.2
00000255622.3
00000255633.5
00000255642.1
00000255647.3
00000255650.6
00000255669.2
00000255670.1
00000255690.3
00000255692.1
00000255710.2
00000255717.7
00000255737.2
00000255741.1
00000255753.1
00000255769.7
00000255775.1
00000255780.1
00000255786.1
00000255790.6
00000255794.9
00000255817.1
00000255823.5
00000255837.1
00000255843.1
00000255857.6
00000255867.1
00000255874.2
00000255883.1
00000255886.1
00000255893.1
00000255909.1
00000255916.1
00000255920.3
00000255928.1
00000255931.2
00000255933.1
00000255946.1
00000255965.1
00000255966.1
00000255968.1
00000255972.1
00000255974.8
00000255980.1
00000255992.1
00000256006.1
00000256019.1
00000256021.1
00000256025.2
00000256030.1
00000256043.4
00000256045.3
00000256053.9
00000256056.1
00000256060.3
00000256061.7
00000256073.3
00000256084.1
00000256087.7
00000256092.2
00000256098.1
00000256103.2
00000256108.1
00000256120.2
00000256124.6
00000256134.1
00000256139.2
00000256148.1
00000256155.1
00000256159.1
00000256167.1
00000256176.1
00000256188.3
00000256196.2
00000256211.1
00000256223.6
00000256229.8
00000256234.1
00000256235.2
00000256238.1
00000256243.2
00000256250.1
00000256262.1
00000256263.1
00000256269.10
00000256271.1
00000256274.1
00000256282.1
00000256293.2
00000256294.8
00000256299.1
00000256314.1
00000256315.1
00000256325.1
00000256338.2
00000256340.8
00000256351.1
00000256356.1
00000256361.1
00000256393.1
00000256399.1
00000256400.1
00000256436.1
00000256448.5
00000256452.1
00000256458.1
00000256463.8
00000256464.1
00000256473.1
00000256481.1
00000256525.8
00000256533.1
00000256537.5
00000256540.1
00000256546.2
00000256552.2
00000256557.1
00000256564.1
00000256571.1
00000256576.2
00000256588.1
00000256589.2
00000256591.5
00000256594.8
00000256609.1
00000256618.2
00000256625.1
00000256628.3
00000256640.1
00000256651.1
00000256657.1
00000256658.1
00000256663.1
00000256667.6
00000256673.1
00000256678.1
00000256682.2
00000256683.7
00000256694.1
00000256705.3
00000256712.1
00000256720.1
00000256721.1
00000256742.1
00000256745.1
00000256746.5
00000256751.6
00000256762.1
00000256771.4
00000256789.1
00000256802.2
00000256806.6
00000256826.1
00000256827.1
00000256843.1
00000256862.3
00000256894.1
00000256897.1
00000256898.1
00000256925.3
00000256944.1
00000256947.1
00000256967.1
00000256968.1
00000256972.1
00000256973.1
00000256981.1
00000256984.2
00000256988.2
00000257004.1
00000257005.1
00000257017.9
00000257027.1
00000257043.1
00000257052.1
00000257056.3
00000257058.1
00000257060.7
00000257070.1
00000257074.3
00000257086.1
00000257093.7
00000257097.1
00000257103.8
00000257108.2
00000257114.3
00000257119.1
00000257120.1
00000257122.5
00000257126.6
00000257128.1
00000257135.7
00000257139.1
00000257167.2
00000257169.1
00000257176.3
00000257179.1
00000257185.2
00000257195.1
00000257218.6
00000257219.6
00000257221.4
00000257222.1
00000257231.1
00000257239.1
00000257241.1
00000257243.1
00000257246.1
00000257256.1
00000257258.2
00000257261.6
00000257267.3
00000257270.1
00000257279.1
00000257283.1
00000257284.1
00000257285.6
00000257289.1
00000257298.1
00000257303.2
00000257307.1
00000257335.8
00000257337.7
00000257354.2
00000257365.8
00000257376.1
00000257384.1
00000257403.2
00000257438.1
00000257446.4
00000257449.1
00000257458.1
00000257464.1
00000257467.6
00000257489.6
00000257497.2
00000257507.1
00000257509.1
00000257511.1
00000257526.2
00000257531.2
00000257534.1
00000257543.1
00000257545.5
00000257551.1
00000257557.2
00000257568.1
00000257576.1
00000257585.1
00000257588.1
00000257595.3
00000257596.1
00000257599.3
00000257604.1
00000257621.8
00000257624.1
00000257643.1
00000257657.3
00000257660.5
00000257662.1
00000257680.1
00000257681.1
00000257698.2
00000257702.3
00000257703.6
00000257704.4
00000257711.2
00000257718.1
00000257727.6
00000257735.1
00000257740.1
00000257752.1
00000257754.1
00000257759.2
00000257763.1
00000257769.1
00000257773.1
00000257790.1
00000257800.1
00000257802.1
00000257803.2
00000257815.7
00000257818.1
00000257826.1
00000257835.2
00000257842.6
00000257845.1
00000257847.1
00000257851.2
00000257864.1
00000257875.1
00000257890.1
00000257896.1
00000257905.1
00000257907.2
00000257910.1
00000257918.1
00000257923.12
00000257953.1
00000257954.1
00000257956.1
00000257957.1
00000257964.1
00000257979.1
00000258010.4
00000258011.2
00000258012.1
00000258016.1
00000258017.2
00000258026.2
00000258034.1
00000258044.1
00000258045.2
00000258056.2
00000258057.6
00000258066.1
00000258082.1
00000258086.1
00000258096.1
00000258099.1
00000258101.2
00000258102.5
00000258111.1
00000258134.1
00000258136.2
00000258153.1
00000258172.1
00000258181.1
00000258215.1
00000258227.7
00000258230.2
00000258245.1
00000258249.1
00000258273.1
00000258274.1
00000258282.2
00000258284.1
00000258289.8
00000258301.3
00000258302.2
00000258303.1
00000258311.5
00000258315.5
00000258317.1
00000258323.1
00000258334.1
00000258337.1
00000258342.2
00000258344.1
00000258352.1
00000258355.1
00000258359.1
00000258365.1
00000258366.9
00000258373.1
00000258376.2
00000258378.1
00000258380.1
00000258400.1
00000258405.11
00000258424.1
00000258425.1
00000258427.3
00000258428.5
00000258437.1
00000258439.1
00000258441.1
00000258445.3
00000258448.1
00000258450.1
00000258454.1
00000258455.1
00000258457.5
00000258462.2
00000258469.1
00000258477.1
00000258483.4
00000258484.4
00000258485.2
00000258490.1
00000258510.2
00000258513.1
00000258515.1
00000258520.1
00000258521.1
00000258524.1
00000258527.1
00000258531.2
00000258548.6
00000258553.5
00000258559.2
00000258565.1
00000258568.1
00000258569.1
00000258571.1
00000258578.2
00000258580.1
00000258581.2
00000258584.2
00000258591.2
00000258604.1
00000258605.1
00000258608.1
00000258611.2
00000258620.2
00000258623.1
00000258626.2
00000258627.1
00000258631.3
00000258634.3
00000258640.3
00000258645.2
00000258646.1
00000258648.1
00000258650.1
00000258655.2
00000258658.1
00000258662.1
00000258667.2
00000258673.1
00000258674.5
00000258675.2
00000258682.1
00000258687.1
00000258696.1
00000258701.1
00000258704.6
00000258711.2
00000258717.1
00000258733.6
00000258734.2
00000258738.1
00000258741.4
00000258744.2
00000258752.2
00000258754.8
00000258759.1
00000258768.2
00000258769.1
00000258777.1
00000258788.3
00000258789.1
00000258796.1
00000258810.1
00000258813.2
00000258824.2
00000258829.1
00000258837.1
00000258839.4
00000258843.1
00000258844.2
00000258846.1
00000258847.1
00000258851.1
00000258857.1
00000258858.1
00000258861.1
00000258870.1
00000258871.1
00000258888.1
00000258890.7
00000258891.1
00000258895.1
00000258896.1
00000258904.1
00000258910.3
00000258917.1
00000258919.1
00000258920.1
00000258926.2
00000258928.1
00000258930.1
00000258932.5
00000258935.1
00000258943.1
00000258944.1
00000258947.7
00000258949.1
00000258951.1
00000258955.2
00000258966.1
00000258968.2
00000258971.1
00000258978.1
00000258982.1
00000258983.2
00000258986.7
00000258993.1
00000259004.2
00000259005.1
00000259013.2
00000259015.1
00000259020.3
00000259022.2
00000259032.2
00000259038.1
00000259045.1
00000259051.1
00000259055.1
00000259062.2
00000259065.2
00000259070.7
00000259073.1
00000259079.1
00000259081.1
00000259083.1
00000259086.3
00000259088.1
00000259103.2
00000259104.2
00000259109.1
00000259113.1
00000259116.2
00000259118.5
00000259120.3
00000259121.2
00000259124.1
00000259125.1
00000259129.6
00000259134.7
00000259137.1
00000259138.1
00000259146.4
00000259151.2
00000259153.2
00000259155.2
00000259158.4
00000259161.2
00000259163.2
00000259165.1
00000259169.1
00000259175.1
00000259177.1
00000259182.5
00000259183.1
00000259192.1
00000259194.1
00000259195.1
00000259196.1
00000259202.1
00000259203.2
00000259205.2
00000259207.9
00000259209.3
00000259212.1
00000259215.1
00000259216.2
00000259218.6
00000259223.2
00000259224.2
00000259232.2
00000259238.1
00000259248.7
00000259250.1
00000259251.2
00000259255.1
00000259257.1
00000259258.1
00000259262.1
00000259274.1
00000259276.1
00000259277.1
00000259291.2
00000259294.1
00000259296.1
00000259308.3
00000259314.1
00000259315.1
00000259318.1
00000259319.1
00000259321.1
00000259322.1
00000259326.1
00000259330.3
00000259335.1
00000259336.1
00000259349.2
00000259363.6
00000259364.1
00000259366.1
00000259367.1
00000259369.1
00000259376.1
00000259377.1
00000259378.1
00000259381.2
00000259389.2
00000259392.2
00000259394.2
00000259396.1
00000259397.3
00000259398.1
00000259402.1
00000259404.5
00000259405.1
00000259407.1
00000259408.2
00000259415.1
00000259416.2
00000259417.3
00000259420.5
00000259429.5
00000259431.6
00000259433.2
00000259438.1
00000259446.6
00000259448.3
00000259453.1
00000259456.4
00000259463.1
00000259467.1
00000259474.1
00000259475.1
00000259479.6
00000259481.1
00000259483.1
00000259488.2
00000259494.2
00000259495.3
00000259499.1
00000259502.1
00000259503.1
00000259509.2
00000259512.3
00000259513.1
00000259515.1
00000259516.2
00000259520.6
00000259521.1
00000259523.1
00000259528.1
00000259532.1
00000259544.1
00000259547.1
00000259548.1
00000259554.1
00000259556.2
00000259561.1
00000259562.2
00000259563.1
00000259564.2
00000259570.1
00000259571.2
00000259575.1
00000259581.3
00000259588.1
00000259591.2
00000259592.1
00000259595.1
00000259612.1
00000259617.1
00000259621.1
00000259630.2
00000259635.1
00000259642.2
00000259644.1
00000259654.1
00000259657.1
00000259658.5
00000259659.1
00000259665.1
00000259668.6
00000259673.6
00000259682.1
00000259683.1
00000259685.3
00000259687.2
00000259691.2
00000259699.2
00000259705.1
00000259706.1
00000259707.1
00000259710.1
00000259712.1
00000259722.2
00000259732.1
00000259735.1
00000259736.1
00000259744.1
00000259746.1
00000259751.1
00000259755.1
00000259756.1
00000259760.1
00000259762.1
00000259767.1
00000259768.6
00000259771.1
00000259772.6
00000259773.1
00000259775.1
00000259781.1
00000259782.2
00000259790.1
00000259792.1
00000259797.1
00000259802.1
00000259804.1
00000259820.1
00000259826.1
00000259834.1
00000259838.1
00000259840.1
00000259845.1
00000259846.1
00000259856.1
00000259863.1
00000259865.1
00000259866.1
00000259876.1
00000259877.2
00000259883.2
00000259884.1
00000259887.1
00000259891.1
00000259916.1
00000259917.1
00000259918.1
00000259920.1
00000259924.1
00000259926.1
00000259931.2
00000259932.1
00000259933.6
00000259935.1
00000259943.1
00000259950.1
00000259953.2
00000259956.2
00000259959.1
00000259969.1
00000259972.3
00000259985.1
00000259986.1
00000259994.1
00000259999.1
00000260000.2
00000260011.2
00000260012.1
00000260018.1
00000260022.1
00000260025.1
00000260027.5
00000260029.2
00000260032.2
00000260033.1
00000260034.1
00000260035.1
00000260037.5
00000260038.1
00000260051.1
00000260060.1
00000260063.1
00000260070.1
00000260075.1
00000260077.1
00000260081.2
00000260083.2
00000260084.1
00000260086.3
00000260088.1
00000260095.1
00000260097.3
00000260101.1
00000260118.1
00000260132.1
00000260136.6
00000260137.1
00000260139.6
00000260144.1
00000260145.1
00000260152.2
00000260156.1
00000260160.1
00000260167.1
00000260174.1
00000260176.1
00000260187.2
00000260190.1
00000260193.1
00000260194.1
00000260196.1
00000260197.1
00000260198.1
00000260219.2
00000260229.1
00000260230.5
00000260231.2
00000260233.3
00000260236.1
00000260247.1
00000260252.1
00000260257.2
00000260259.1
00000260260.1
00000260261.2
00000260267.1
00000260269.5
00000260273.1
00000260274.1
00000260276.2
00000260279.4
00000260281.6
00000260285.1
00000260290.2
00000260293.2
00000260296.1
00000260306.1
00000260314.3
00000260317.1
00000260318.1
00000260325.2
00000260329.1
00000260331.1
00000260335.1
00000260351.1
00000260360.1
00000260361.1
00000260366.1
00000260367.2
00000260368.1
00000260369.2
00000260372.7
00000260398.1
00000260400.1
00000260404.3
00000260418.1
00000260420.3
00000260422.1
00000260425.1
00000260426.1
00000260428.3
00000260430.2
00000260439.1
00000260441.5
00000260442.5
00000260443.1
00000260445.1
00000260447.1
00000260448.6
00000260450.2
00000260452.1
00000260455.2
00000260456.7
00000260464.1
00000260469.3
00000260475.1
00000260479.1
00000260490.2
00000260493.1
00000260494.1
00000260495.1
00000260511.1
00000260524.1
00000260526.1
00000260536.1
00000260541.1
00000260545.1
00000260549.2
00000260555.1
00000260558.2
00000260563.3
00000260565.7
00000260571.1
00000260572.1
00000260576.1
00000260577.2
00000260578.1
00000260583.1
00000260588.1
00000260601.1
00000260602.2
00000260604.2
00000260608.1
00000260615.1
00000260618.1
00000260625.3
00000260630.7
00000260633.1
00000260635.1
00000260641.1
00000260645.2
00000260646.1
00000260647.1
00000260664.2
00000260671.2
00000260689.2
00000260693.1
00000260694.1
00000260708.1
00000260723.1
00000260733.1
00000260735.2
00000260743.1
00000260744.1
00000260747.1
00000260751.2
00000260764.1
00000260773.1
00000260774.1
00000260778.5
00000260788.6
00000260793.2
00000260796.1
00000260804.3
00000260805.2
00000260806.1
00000260807.7
00000260808.1
00000260816.2
00000260818.2
00000260823.1
00000260830.1
00000260850.2
00000260852.1
00000260853.2
00000260855.1
00000260865.1
00000260874.5
00000260884.1
00000260891.1
00000260895.1
00000260909.1
00000260911.2
00000260912.1
00000260916.7
00000260917.1
00000260918.1
00000260919.1
00000260920.2
00000260924.2
00000260932.1
00000260941.1
00000260942.1
00000260947.1
00000260948.1
00000260949.1
00000260953.1
00000260954.1
00000260955.2
00000260969.2
00000260978.1
00000260979.1
00000260981.1
00000260989.1
00000260990.1
00000260992.1
00000261002.5
00000261019.1
00000261033.1
00000261040.7
00000261047.1
00000261049.2
00000261051.1
00000261056.2
00000261061.1
00000261064.1
00000261072.2
00000261078.1
00000261079.1
00000261087.1
00000261094.2
00000261098.1
00000261101.2
00000261102.2
00000261105.6
00000261114.1
00000261115.6
00000261117.1
00000261118.1
00000261123.1
00000261124.1
00000261126.7
00000261131.1
00000261136.1
00000261141.1
00000261145.1
00000261159.1
00000261167.1
00000261168.1
00000261170.2
00000261172.1
00000261173.1
00000261186.2
00000261187.1
00000261188.1
00000261189.1
00000261191.1
00000261195.1
00000261204.1
00000261207.1
00000261216.1
00000261220.2
00000261221.4
00000261227.2
00000261232.2
00000261236.8
00000261238.1
00000261240.1
00000261242.1
00000261245.2
00000261251.1
00000261253.2
00000261267.1
00000261270.1
00000261291.1
00000261293.1
00000261324.2
00000261326.4
00000261329.6
00000261330.1
00000261336.1
00000261338.2
00000261341.6
00000261342.1
00000261349.1
00000261351.2
00000261360.1
00000261366.1
00000261367.1
00000261369.1
00000261371.6
00000261373.1
00000261377.5
00000261386.2
00000261395.3
00000261396.1
00000261399.1
00000261420.1
00000261423.1
00000261424.1
00000261430.1
00000261431.1
00000261433.1
00000261441.1
00000261442.1
00000261447.1
00000261451.1
00000261455.1
00000261457.3
00000261460.1
00000261461.1
00000261468.1
00000261471.1
00000261472.1
00000261474.1
00000261476.1
00000261478.1
00000261485.1
00000261489.1
00000261490.1
00000261499.2
00000261504.1
00000261512.2
00000261514.1
00000261520.5
00000261526.2
00000261527.1
00000261528.2
00000261529.1
00000261534.1
00000261535.1
00000261537.1
00000261542.1
00000261543.1
00000261544.1
00000261549.2
00000261556.10
00000261557.1
00000261559.1
00000261560.1
00000261570.2
00000261573.1
00000261575.2
00000261578.1
00000261582.1
00000261588.1
00000261592.1
00000261594.4
00000261596.2
00000261600.1
00000261609.8
00000261612.1
00000261616.1
00000261620.1
00000261624.1
00000261625.1
00000261630.1
00000261632.1
00000261633.1
00000261635.2
00000261646.1
00000261652.3
00000261659.2
00000261663.1
00000261669.1
00000261678.3
00000261692.1
00000261701.7
00000261714.2
00000261716.2
00000261723.1
00000261730.1
00000261736.1
00000261737.1
00000261744.1
00000261765.1
00000261766.1
00000261770.1
00000261775.1
00000261777.6
00000261778.1
00000261783.1
00000261786.1
00000261790.2
00000261794.1
00000261795.1
00000261797.1
00000261799.1
00000261801.6
00000261819.1
00000261823.1
00000261824.7
00000261829.1
00000261837.1
00000261838.5
00000261840.3
00000261868.1
00000261872.1
00000261879.7
00000261884.2
00000261886.1
00000261888.1
00000261889.1
00000261916.1
00000261924.1
00000261934.2
00000261939.1
00000261959.1
00000261963.3
00000261970.1
00000261971.8
00000261996.1
00000262001.1
00000262003.1
00000262020.1
00000262038.1
00000262039.1
00000262050.1
00000262061.6
00000262074.7
00000262089.1
00000262096.2
00000262098.1
00000262118.1
00000262119.1
00000262140.1
00000262141.1
00000262147.1
00000262151.1
00000262155.2
00000262165.2
00000262171.1
00000262172.1
00000262198.1
00000262202.4
00000262209.3
00000262223.8
00000262227.1
00000262246.6
00000262248.1
00000262265.2
00000262298.1
00000262312.2
00000262313.1
00000262333.1
00000262339.5
00000262370.6
00000262380.1
00000262402.1
00000262406.3
00000262408.1
00000262410.1
00000262434.1
00000262454.4
00000262468.6
00000262470.2
00000262480.2
00000262482.1
00000262484.1
00000262503.1
00000262516.1
00000262519.1
00000262529.1
00000262539.1
00000262576.3
00000262580.5
00000262583.1
00000262587.2
00000262652.1
00000262655.4
00000262663.1
00000262678.1
00000262686.1
00000262691.1
00000262692.1
00000262693.1
00000262708.1
00000262712.1
00000262759.1
00000262766.1
00000262772.2
00000262777.1
00000262803.1
00000262810.1
00000262814.8
00000262815.1
00000262833.1
00000262837.1
00000262870.1
00000262873.2
00000262877.5
00000262879.6
00000262881.1
00000262902.1
00000262903.1
00000262904.1
00000262905.1
00000262919.8
00000262943.7
00000262959.2
00000262966.2
00000263001.7
00000263002.8
00000263004.2
00000263006.6
00000263011.1
00000263017.1
00000263033.2
00000263050.1
00000263063.1
00000263069.6
00000263072.8
00000263098.1
00000263105.1
00000263146.2
00000263155.6
00000263164.1
00000263167.1
00000263177.1
00000263179.1
00000263219.1
00000263220.1
00000263232.2
00000263235.1
00000263264.2
00000263266.2
00000263272.1
00000263280.2
00000263293.2
00000263300.1
00000263301.1
00000263307.1
00000263316.1
00000263317.1
00000263321.1
00000263326.1
00000263327.6
00000263338.1
00000263345.1
00000263361.1
00000263370.1
00000263381.1
00000263388.1
00000263389.1
00000263393.1
00000263399.1
00000263400.8
00000263403.1
00000263407.1
00000263409.1
00000263412.1
00000263417.4
00000263426.2
00000263432.2
00000263439.1
00000263445.1
00000263465.4
00000263466.1
00000263477.1
00000263479.2
00000263494.1
00000263499.1
00000263501.1
00000263503.1
00000263511.1
00000263512.1
00000263515.1
00000263526.1
00000263527.1
00000263528.8
00000263529.2
00000263531.1
00000263535.2
00000263540.1
00000263558.2
00000263563.6
00000263583.1
00000263584.1
00000263586.1
00000263593.1
00000263595.2
00000263603.1
00000263606.1
00000263615.1
00000263624.1
00000263627.1
00000263629.1
00000263641.1
00000263642.1
00000263648.1
00000263657.1
00000263666.1
00000263674.1
00000263675.1
00000263676.1
00000263680.2
00000263681.1
00000263693.1
00000263708.2
00000263709.1
00000263723.1
00000263727.1
00000263731.1
00000263740.2
00000263742.1
00000263753.8
00000263755.2
00000263766.5
00000263781.3
00000263785.1
00000263786.1
00000263790.1
00000263793.1
00000263800.1
00000263813.1
00000263815.2
00000263823.1
00000263826.1
00000263828.1
00000263831.1
00000263834.1
00000263838.1
00000263841.2
00000263843.1
00000263846.1
00000263847.1
00000263849.1
00000263857.1
00000263858.1
00000263874.2
00000263878.2
00000263883.1
00000263884.1
00000263895.1
00000263905.2
00000263916.1
00000263924.1
00000263934.5
00000263956.6
00000263958.2
00000263968.2
00000263969.2
00000263978.1
00000263979.1
00000263982.1
00000263988.2
00000263989.2
00000263990.1
00000263993.2
00000264010.1
00000264015.2
00000264017.2
00000264026.2
00000264031.1
00000264047.2
00000264056.1
00000264057.1
00000264060.1
00000264069.3
00000264070.1
00000264071.2
00000264083.1
00000264099.1
00000264101.1
00000264107.1
00000264112.1
00000264113.2
00000264148.1
00000264157.3
00000264158.1
00000264160.1
00000264169.2
00000264171.1
00000264175.1
00000264176.1
00000264186.1
00000264188.1
00000264196.1
00000264201.1
00000264217.2
00000264229.1
00000264247.2
00000264266.1
00000264270.1
00000264271.2
00000264275.1
00000264278.1
00000264279.1
00000264281.3
00000264290.1
00000264292.1
00000264295.1
00000264296.1
00000264304.1
00000264309.1
00000264314.1
00000264322.2
00000264345.2
00000264349.1
00000264350.1
00000264354.1
00000264357.1
00000264358.1
00000264364.3
00000264365.1
00000264370.1
00000264373.1
00000264386.1
00000264395.1
00000264399.1
00000264408.1
00000264421.1
00000264425.1
00000264429.1
00000264434.2
00000264449.6
00000264456.1
00000264458.1
00000264470.1
00000264472.4
00000264477.1
00000264480.1
00000264482.1
00000264491.1
00000264497.1
00000264500.1
00000264513.1
00000264520.1
00000264522.6
00000264529.1
00000264534.3
00000264536.1
00000264538.6
00000264539.1
00000264540.2
00000264546.1
00000264553.1
00000264559.1
00000264569.1
00000264571.1
00000264572.1
00000264573.2
00000264575.1
00000264577.1
00000264580.1
00000264582.2
00000264589.4
00000264607.1
00000264610.1
00000264616.1
00000264618.2
00000264623.3
00000264630.5
00000264647.1
00000264653.1
00000264661.3
00000264675.1
00000264676.2
00000264678.1
00000264706.2
00000264707.1
00000264712.3
00000264720.3
00000264733.1
00000264736.1
00000264741.1
00000264743.2
00000264745.1
00000264754.1
00000264757.1
00000264763.1
00000264767.2
00000264769.1
00000264773.1
00000264792.1
00000264796.1
00000264802.1
00000264808.1
00000264810.1
00000264814.1
00000264829.1
00000264833.1
00000264834.1
00000264840.1
00000264853.1
00000264862.2
00000264864.1
00000264881.1
00000264895.1
00000264901.1
00000264914.1
00000264916.2
00000264920.2
00000264924.1
00000264931.1
00000264932.3
00000264934.1
00000264937.1
00000264940.5
00000264941.1
00000264943.1
00000264947.1
00000264961.1
00000264966.1
00000264968.1
00000264974.1
00000264978.2
00000264994.1
00000265010.1
00000265033.2
00000265052.2
00000265055.2
00000265056.1
00000265078.2
00000265083.1
00000265089.1
00000265092.1
00000265093.2
00000265094.1
00000265100.1
00000265102.1
00000265107.3
00000265110.1
00000265112.1
00000265113.1
00000265123.2
00000265135.1
00000265136.1
00000265137.3
00000265141.2
00000265142.9
00000265144.1
00000265145.1
00000265148.6
00000265154.1
00000265158.1
00000265160.1
00000265164.1
00000265165.1
00000265178.1
00000265185.6
00000265194.1
00000265195.1
00000265201.1
00000265204.1
00000265205.1
00000265206.5
00000265210.1
00000265213.1
00000265215.1
00000265218.1
00000265241.7
00000265251.1
00000265252.1
00000265261.1
00000265272.2
00000265281.1
00000265282.1
00000265291.1
00000265293.2
00000265298.1
00000265316.1
00000265321.1
00000265327.2
00000265333.1
00000265334.1
00000265342.1
00000265345.1
00000265354.4
00000265355.1
00000265366.6
00000265370.1
00000265386.2
00000265390.1
00000265394.1
00000265396.1
00000265407.1
00000265418.1
00000265421.1
00000265422.1
00000265429.3
00000265433.1
00000265435.1
00000265443.1
00000265444.1
00000265450.1
00000265451.1
00000265452.1
00000265458.2
00000265462.1
00000265465.1
00000265474.1
00000265477.1
00000265478.2
00000265486.2
00000265487.1
00000265491.5
00000265511.1
00000265519.1
00000265520.1
00000265521.1
00000265526.1
00000265527.1
00000265531.3
00000265538.1
00000265539.1
00000265542.5
00000265545.1
00000265559.2
00000265561.2
00000265565.1
00000265566.2
00000265574.1
00000265584.1
00000265623.1
00000265625.1
00000265626.1
00000265630.2
00000265635.1
00000265641.1
00000265653.1
00000265656.1
00000265658.6
00000265660.1
00000265666.1
00000265678.1
00000265681.7
00000265683.1
00000265684.2
00000265688.2
00000265694.1
00000265702.2
00000265706.1
00000265713.1
00000265719.1
00000265724.1
00000265727.2
00000265733.1
00000265735.2
00000265739.1
00000265743.1
00000265749.6
00000265750.1
00000265753.2
00000265763.4
00000265778.3
00000265791.1
00000265798.6
00000265800.1
00000265801.1
00000265802.2
00000265806.1
00000265808.4
00000265813.2
00000265815.1
00000265817.4
00000265820.1
00000265828.1
00000265845.2
00000265855.1
00000265867.1
00000265871.1
00000265874.1
00000265879.1
00000265885.2
00000265894.2
00000265908.1
00000265917.1
00000265918.2
00000265932.1
00000265936.1
00000265939.1
00000265942.2
00000265943.1
00000265957.1
00000265965.1
00000265972.6
00000265975.1
00000265981.1
00000265982.1
00000265986.1
00000265996.1
00000266017.1
00000266019.1
00000266028.7
00000266049.1
00000266053.2
00000266063.1
00000266066.1
00000266072.1
00000266074.10
00000266075.2
00000266094.8
00000266097.1
00000266100.1
00000266104.1
00000266107.1
00000266109.1
00000266111.2
00000266124.1
00000266126.1
00000266127.1
00000266128.2
00000266144.1
00000266146.1
00000266155.2
00000266160.2
00000266171.1
00000266173.7
00000266174.1
00000266180.1
00000266187.2
00000266189.1
00000266203.1
00000266215.1
00000266217.2
00000266228.1
00000266232.1
00000266235.1
00000266236.1
00000266240.1
00000266245.1
00000266248.1
00000266258.1
00000266270.1
00000266274.2
00000266282.1
00000266289.1
00000266297.1
00000266304.1
00000266308.2
00000266313.2
00000266315.1
00000266318.1
00000266320.1
00000266338.6
00000266340.1
00000266356.1
00000266368.1
00000266370.1
00000266371.1
00000266383.1
00000266385.1
00000266389.1
00000266392.1
00000266397.1
00000266401.2
00000266402.3
00000266405.3
00000266407.1
00000266412.5
00000266415.1
00000266420.2
00000266421.3
00000266423.1
00000266436.1
00000266439.2
00000266445.1
00000266446.1
00000266456.1
00000266463.1
00000266467.2
00000266472.6
00000266473.1
00000266477.2
00000266479.1
00000266490.1
00000266498.1
00000266501.1
00000266515.1
00000266524.3
00000266525.1
00000266531.1
00000266533.1
00000266538.1
00000266541.1
00000266549.1
00000266555.1
00000266559.1
00000266563.1
00000266570.1
00000266578.2
00000266579.1
00000266580.1
00000266589.1
00000266594.1
00000266598.1
00000266601.1
00000266617.1
00000266619.1
00000266640.1
00000266643.1
00000266644.1
00000266649.1
00000266651.1
00000266654.1
00000266668.1
00000266696.1
00000266708.1
00000266709.1
00000266712.3
00000266714.9
00000266717.1
00000266720.2
00000266721.1
00000266744.1
00000266745.1
00000266750.1
00000266758.1
00000266761.1
00000266777.1
00000266783.1
00000266794.2
00000266801.1
00000266802.1
00000266803.1
00000266824.1
00000266828.2
00000266835.6
00000266846.2
00000266852.2
00000266853.1
00000266865.6
00000266875.2
00000266887.1
00000266891.1
00000266896.1
00000266897.1
00000266900.1
00000266903.2
00000266904.6
00000266907.1
00000266910.2
00000266913.1
00000266916.7
00000266918.1
00000266920.1
00000266921.2
00000266922.1
00000266928.1
00000266932.1
00000266933.2
00000266934.1
00000266936.1
00000266944.1
00000266946.1
00000266947.1
00000266957.1
00000266959.1
00000266962.2
00000266965.1
00000266967.7
00000266970.1
00000266975.1
00000266977.2
00000266980.1
00000266983.1
00000266987.1
00000266989.1
00000266993.3
00000266994.1
00000266998.1
00000267002.4
00000267004.1
00000267011.5
00000267014.6
00000267015.1
00000267023.5
00000267024.1
00000267028.1
00000267033.1
00000267039.1
00000267040.6
00000267041.6
00000267042.1
00000267044.1
00000267048.1
00000267049.1
00000267053.8
00000267056.2
00000267058.1
00000267079.1
00000267080.6
00000267082.1
00000267083.1
00000267088.1
00000267089.1
00000267096.1
00000267100.1
00000267102.1
00000267106.8
00000267107.8
00000267108.1
00000267114.1
00000267115.1
00000267117.1
00000267119.1
00000267121.6
00000267127.7
00000267128.2
00000267131.1
00000267136.1
00000267138.1
00000267146.1
00000267147.2
00000267150.1
00000267152.1
00000267169.2
00000267174.5
00000267177.1
00000267178.3
00000267185.1
00000267191.2
00000267192.1
00000267197.1
00000267199.1
00000267201.1
00000267203.1
00000267212.1
00000267213.4
00000267214.1
00000267216.1
00000267219.1
00000267221.3
00000267222.1
00000267226.2
00000267234.1
00000267244.5
00000267248.3
00000267249.1
00000267251.2
00000267254.7
00000267255.1
00000267260.2
00000267262.1
00000267264.1
00000267265.5
00000267270.6
00000267274.1
00000267277.1
00000267278.6
00000267279.2
00000267280.5
00000267285.1
00000267289.1
00000267296.2
00000267298.1
00000267299.1
00000267304.1
00000267309.1
00000267317.2
00000267319.1
00000267321.3
00000267322.2
00000267325.2
00000267327.2
00000267334.1
00000267340.1
00000267342.1
00000267344.1
00000267345.1
00000267346.1
00000267348.3
00000267364.2
00000267365.1
00000267366.1
00000267370.1
00000267372.2
00000267374.2
00000267375.1
00000267376.1
00000267383.7
00000267388.1
00000267390.1
00000267393.1
00000267394.1
00000267395.5
00000267397.1
00000267402.1
00000267405.1
00000267406.1
00000267414.1
00000267416.1
00000267417.1
00000267419.2
00000267421.6
00000267422.1
00000267429.1
00000267430.1
00000267454.6
00000267457.1
00000267461.1
00000267466.1
00000267470.6
00000267474.1
00000267475.1
00000267476.1
00000267480.1
00000267481.1
00000267491.1
00000267493.4
00000267498.2
00000267500.1
00000267503.1
00000267505.1
00000267508.6
00000267515.1
00000267519.6
00000267521.1
00000267523.1
00000267529.3
00000267532.5
00000267533.1
00000267534.4
00000267541.1
00000267543.1
00000267544.1
00000267547.1
00000267560.1
00000267563.1
00000267565.1
00000267568.6
00000267571.1
00000267575.7
00000267581.1
00000267582.1
00000267583.5
00000267585.1
00000267587.1
00000267589.1
00000267590.1
00000267592.1
00000267594.5
00000267595.1
00000267605.7
00000267606.1
00000267610.2
00000267611.1
00000267612.1
00000267632.1
00000267638.1
00000267640.6
00000267641.1
00000267649.1
00000267651.1
00000267653.1
00000267655.1
00000267658.1
00000267662.1
00000267672.1
00000267680.5
00000267681.1
00000267682.1
00000267683.1
00000267690.1
00000267692.1
00000267693.1
00000267694.1
00000267698.1
00000267703.1
00000267707.2
00000267708.1
00000267710.9
00000267723.1
00000267724.1
00000267729.1
00000267734.1
00000267737.1
00000267741.1
00000267743.5
00000267745.1
00000267746.1
00000267751.5
00000267758.1
00000267762.1
00000267764.1
00000267765.1
00000267766.1
00000267769.1
00000267771.1
00000267778.1
00000267781.1
00000267783.1
00000267786.1
00000267787.7
00000267796.8
00000267800.1
00000267801.1
00000267809.1
00000267811.1
00000267834.1
00000267838.2
00000267852.1
00000267855.6
00000267858.6
00000267868.1
00000267871.6
00000267882.2
00000267886.1
00000267890.1
00000267898.1
00000267904.1
00000267919.1
00000267934.1
00000267938.1
00000267939.1
00000267940.1
00000267980.1
00000267986.1
00000267990.1
00000268001.1
00000268006.1
00000268015.1
00000268027.5
00000268030.1
00000268034.1
00000268041.2
00000268043.7
00000268047.1
00000268049.1
00000268051.1
00000268056.5
00000268058.1
00000268061.5
00000268062.1
00000268070.1
00000268081.1
00000268087.1
00000268089.3
00000268093.1
00000268095.1
00000268105.1
00000268117.1
00000268119.6
00000268154.2
00000268157.1
00000268182.6
00000268186.1
00000268189.2
00000268201.1
00000268205.1
00000268218.1
00000268222.1
00000268231.1
00000268266.1
00000268278.1
00000268279.4
00000268307.1
00000268322.1
00000268333.1
00000268355.1
00000268362.6
00000268364.2
00000268366.1
00000268375.1
00000268392.1
00000268401.2
00000268403.2
00000268412.2
00000268438.1
00000268442.1
00000268458.1
00000268471.6
00000268496.1
00000268499.1
00000268516.2
00000268520.1
00000268521.1
00000268533.1
00000268536.1
00000268543.1
00000268545.1
00000268555.2
00000268560.1
00000268564.1
00000268573.1
00000268575.1
00000268583.2
00000268584.1
00000268598.1
00000268601.1
00000268615.1
00000268649.5
00000268658.5
00000268659.2
00000268660.1
00000268670.1
00000268678.1
00000268683.1
00000268705.1
00000268707.1
00000268731.1
00000268743.1
00000268746.1
00000268747.1
00000268751.1
00000268756.1
00000268758.7
00000268764.1
00000268798.1
00000268812.3
00000268836.1
00000268849.5
00000268858.2
00000268873.1
00000268884.1
00000268895.6
00000268896.1
00000268903.1
00000268912.1
00000268931.1
00000268938.2
00000268941.2
00000268942.2
00000268945.1
00000268947.1
00000268970.1
00000268992.1
00000268996.3
00000269001.2
00000269019.2
00000269028.3
00000269038.1
00000269040.1
00000269044.2
00000269053.1
00000269054.2
00000269066.1
00000269068.1
00000269069.1
00000269091.6
00000269102.1
00000269124.1
00000269136.1
00000269148.1
00000269155.2
00000269161.1
00000269176.2
00000269177.1
00000269189.1
00000269190.6
00000269191.1
00000269235.2
00000269246.1
00000269293.3
00000269304.1
00000269313.5
00000269318.1
00000269335.6
00000269343.9
00000269352.1
00000269356.1
00000269365.2
00000269373.1
00000269376.1
00000269378.1
00000269386.5
00000269387.1
00000269388.1
00000269392.1
00000269397.1
00000269399.2
00000269416.6
00000269425.1
00000269427.1
00000269431.1
00000269439.6
00000269444.1
00000269463.1
00000269481.1
00000269486.2
00000269487.1
00000269489.1
00000269506.2
00000269533.5
00000269535.1
00000269556.8
00000269559.2
00000269560.1
00000269584.1
00000269609.6
00000269637.1
00000269646.1
00000269652.1
00000269656.1
00000269680.1
00000269688.1
00000269694.1
00000269696.2
00000269699.6
00000269707.2
00000269713.7
00000269720.2
00000269737.2
00000269743.3
00000269755.1
00000269794.1
00000269800.1
00000269806.1
00000269815.1
00000269821.1
00000269825.1
00000269834.6
00000269836.1
00000269837.1
00000269843.1
00000269845.1
00000269858.6
00000269867.1
00000269873.1
00000269887.1
00000269892.1
00000269893.8
00000269894.1
00000269896.2
00000269901.1
00000269902.1
00000269903.1
00000269906.1
00000269907.1
00000269910.1
00000269918.1
00000269921.1
00000269924.1
00000269925.1
00000269929.3
00000269938.1
00000269940.1
00000269947.1
00000269949.1
00000269950.1
00000269951.1
00000269952.1
00000269956.2
00000269958.1
00000269961.1
00000269967.1
00000269970.1
00000269971.1
00000269973.1
00000269976.1
00000269978.1
00000269980.1
00000269981.1
00000269982.1
00000269983.1
00000269984.1
00000269985.1
00000269997.1
00000270000.1
00000270001.1
00000270006.2
00000270011.7
00000270012.1
00000270019.1
00000270021.1
00000270022.3
00000270030.1
00000270031.1
00000270035.1
00000270039.1
00000270048.1
00000270049.3
00000270050.1
00000270055.1
00000270059.1
00000270060.1
00000270061.1
00000270062.1
00000270068.1
00000270069.1
00000270071.3
00000270072.1
00000270074.1
00000270076.1
00000270083.1
00000270084.2
00000270091.1
00000270095.1
00000270098.1
00000270108.1
00000270112.4
00000270114.1
00000270115.1
00000270116.1
00000270124.1
00000270127.2
00000270130.1
00000270133.1
00000270137.1
00000270139.1
00000270140.1
00000270147.1
00000270154.1
00000270157.1
00000270159.1
00000270164.1
00000270165.1
00000270170.2
00000270171.1
00000270174.1
00000270175.1
00000270177.1
00000270178.1
00000270179.1
00000270184.1
00000270190.1
00000270194.1
00000270195.2
00000270210.1
00000270225.1
00000270230.1
00000270231.4
00000270236.1
00000270248.1
00000270255.1
00000270257.1
00000270264.1
00000270269.1
00000270270.1
00000270276.2
00000270282.1
00000270285.1
00000270292.1
00000270296.1
00000270300.2
00000270307.1
00000270314.1
00000270324.1
00000270326.1
00000270343.1
00000270344.3
00000270361.1
00000270362.1
00000270378.1
00000270381.1
00000270385.1
00000270387.1
00000270392.2
00000270402.1
00000270403.1
00000270405.1
00000270409.1
00000270419.1
00000270421.1
00000270426.1
00000270427.1
00000270429.1
00000270433.1
00000270441.1
00000270462.1
00000270479.1
00000270480.1
00000270482.1
00000270487.1
00000270497.1
00000270503.1
00000270504.1
00000270531.1
00000270532.1
00000270540.1
00000270547.6
00000270549.1
00000270550.1
00000270553.1
00000270554.1
00000270555.1
00000270557.1
00000270558.1
00000270575.1
00000270577.1
00000270578.1
00000270580.5
00000270585.1
00000270587.1
00000270589.1
00000270591.1
00000270598.1
00000270604.5
00000270605.1
00000270606.1
00000270607.1
00000270614.1
00000270620.1
00000270629.6
00000270632.1
00000270638.1
00000270640.1
00000270647.6
00000270659.1
00000270666.1
00000270673.1
00000270679.1
00000270681.1
00000270682.1
00000270689.1
00000270690.1
00000270694.1
00000270702.1
00000270706.1
00000270708.1
00000270711.1
00000270714.1
00000270720.1
00000270722.1
00000270723.1
00000270728.1
00000270733.1
00000270739.1
00000270755.1
00000270760.1
00000270761.1
00000270764.1
00000270765.6
00000270772.1
00000270776.1
00000270781.1
00000270799.1
00000270802.2
00000270804.1
00000270808.1
00000270814.1
00000270820.6
00000270822.1
00000270832.1
00000270837.1
00000270842.1
00000270846.1
00000270871.1
00000270872.2
00000270874.1
00000270876.1
00000270878.1
00000270882.2
00000270885.2
00000270890.1
00000270893.1
00000270894.1
00000270896.1
00000270902.1
00000270903.1
00000270906.1
00000270911.1
00000270915.1
00000270917.1
00000270919.1
00000270923.1
00000270933.1
00000270941.1
00000270945.1
00000270948.1
00000270951.1
00000270953.1
00000270959.1
00000270964.1
00000270966.1
00000270972.1
00000270975.1
00000270983.1
00000270986.1
00000270988.1
00000270993.1
00000270996.1
00000271002.1
00000271009.3
00000271014.1
00000271018.1
00000271029.1
00000271032.1
00000271040.1
00000271043.2
00000271045.1
00000271046.1
00000271047.1
00000271049.1
00000271052.1
00000271063.1
00000271064.1
00000271065.1
00000271072.1
00000271075.1
00000271081.1
00000271096.1
00000271098.1
00000271100.1
00000271105.1
00000271119.1
00000271122.1
00000271133.5
00000271137.1
00000271146.1
00000271147.8
00000271151.1
00000271159.1
00000271161.1
00000271172.1
00000271181.1
00000271199.1
00000271200.1
00000271204.1
00000271215.1
00000271218.1
00000271228.1
00000271236.1
00000271239.1
00000271259.1
00000271264.1
00000271265.1
00000271267.1
00000271268.1
00000271270.7
00000271275.1
00000271278.1
00000271283.1
00000271314.1
00000271320.1
00000271327.1
00000271332.1
00000271335.6
00000271344.1
00000271361.1
00000271367.1
00000271370.1
00000271380.1
00000271385.1
00000271387.1
00000271392.1
00000271394.1
00000271396.1
00000271401.1
00000271404.1
00000271410.1
00000271412.1
00000271414.1
00000271415.1
00000271420.1
00000271424.1
00000271425.9
00000271427.1
00000271428.1
00000271437.1
00000271447.6
00000271452.1
00000271474.1
00000271482.1
00000271483.1
00000271490.1
00000271500.1
00000271503.6
00000271511.1
00000271524.1
00000271525.1
00000271532.1
00000271533.1
00000271537.1
00000271543.1
00000271550.1
00000271551.2
00000271553.1
00000271554.1
00000271555.1
00000271557.1
00000271576.1
00000271580.1
00000271590.1
00000271598.1
00000271601.4
00000271605.6
00000271614.1
00000271624.1
00000271626.1
00000271639.1
00000271643.2
00000271644.1
00000271646.1
00000271653.1
00000271659.1
00000271662.1
00000271664.1
00000271670.1
00000271697.1
00000271707.1
00000271709.1
00000271711.1
00000271714.1
00000271716.1
00000271717.1
00000271732.1
00000271734.1
00000271737.1
00000271743.1
00000271746.1
00000271749.1
00000271751.1
00000271755.1
00000271771.1
00000271778.1
00000271780.1
00000271781.1
00000271784.1
00000271788.1
00000271789.1
00000271797.1
00000271803.1
00000271811.1
00000271815.1
00000271817.2
00000271818.1
00000271819.1
00000271825.1
00000271828.1
00000271833.1
00000271841.1
00000271843.1
00000271849.1
00000271851.1
00000271852.1
00000271855.1
00000271857.1
00000271860.7
00000271862.1
00000271868.1
00000271869.1
00000271870.1
00000271871.1
00000271874.1
00000271882.1
00000271886.1
00000271888.1
00000271889.1
00000271895.2
00000271904.1
00000271907.1
00000271913.7
00000271916.1
00000271918.1
00000271919.1
00000271924.1
00000271926.1
00000271932.1
00000271933.1
00000271936.1
00000271938.1
00000271943.2
00000271952.2
00000271958.1
00000271964.1
00000271966.1
00000271967.1
00000271971.1
00000271973.1
00000271976.1
00000271978.1
00000271983.1
00000271986.2
00000271991.1
00000271992.1
00000271993.1
00000271996.1
00000272002.1
00000272006.1
00000272008.1
00000272009.1
00000272010.1
00000272020.1
00000272023.1
00000272024.1
00000272028.1
00000272031.3
00000272033.1
00000272034.1
00000272037.1
00000272040.1
00000272043.1
00000272047.3
00000272049.1
00000272054.1
00000272055.1
00000272056.1
00000272068.1
00000272070.1
00000272072.1
00000272075.2
00000272076.1
00000272077.1
00000272079.2
00000272081.1
00000272084.1
00000272086.1
00000272092.1
00000272097.2
00000272100.1
00000272106.1
00000272108.1
00000272113.2
00000272121.1
00000272123.1
00000272128.1
00000272129.1
00000272130.1
00000272134.1
00000272137.1
00000272140.2
00000272142.4
00000272143.1
00000272144.1
00000272145.1
00000272148.1
00000272150.5
00000272153.1
00000272154.5
00000272156.1
00000272158.1
00000272160.1
00000272163.1
00000272164.1
00000272168.8
00000272170.1
00000272172.1
00000272175.1
00000272181.1
00000272183.1
00000272186.1
00000272189.1
00000272192.1
00000272195.1
00000272196.2
00000272197.2
00000272202.1
00000272209.1
00000272211.1
00000272215.1
00000272217.1
00000272219.1
00000272221.1
00000272223.1
00000272226.1
00000272232.2
00000272236.1
00000272239.1
00000272240.1
00000272247.1
00000272248.1
00000272253.1
00000272255.1
00000272256.1
00000272263.1
00000272264.1
00000272267.2
00000272269.1
00000272273.1
00000272275.1
00000272277.1
00000272279.1
00000272288.6
00000272293.1
00000272305.5
00000272316.1
00000272319.2
00000272320.1
00000272323.1
00000272330.1
00000272333.7
00000272334.1
00000272335.1
00000272337.1
00000272338.2
00000272341.1
00000272343.1
00000272344.1
00000272345.1
00000272354.1
00000272356.1
00000272359.1
00000272360.1
00000272361.2
00000272368.2
00000272369.1
00000272370.1
00000272371.1
00000272372.1
00000272374.1
00000272375.1
00000272379.1
00000272381.2
00000272382.1
00000272383.1
00000272384.1
00000272391.6
00000272398.6
00000272402.1
00000272405.1
00000272406.1
00000272412.2
00000272416.1
00000272419.6
00000272420.1
00000272425.1
00000272426.1
00000272428.1
00000272430.1
00000272431.1
00000272432.1
00000272434.1
00000272438.1
00000272439.1
00000272444.1
00000272447.1
00000272449.2
00000272455.1
00000272459.1
00000272460.1
00000272462.3
00000272465.1
00000272468.1
00000272469.2
00000272474.1
00000272476.1
00000272482.1
00000272483.1
00000272491.1
00000272498.1
00000272501.1
00000272505.1
00000272506.1
00000272507.1
00000272509.1
00000272512.1
00000272518.1
00000272519.1
00000272523.1
00000272525.1
00000272529.1
00000272533.1
00000272537.1
00000272540.1
00000272541.1
00000272551.1
00000272555.1
00000272556.2
00000272562.2
00000272564.1
00000272568.6
00000272572.1
00000272574.1
00000272576.1
00000272582.1
00000272583.1
00000272588.1
00000272597.1
00000272599.2
00000272602.6
00000272604.1
00000272619.1
00000272625.1
00000272630.1
00000272631.1
00000272636.4
00000272645.3
00000272646.1
00000272650.1
00000272654.1
00000272655.2
00000272656.1
00000272660.1
00000272662.1
00000272663.1
00000272667.1
00000272668.2
00000272669.1
00000272672.1
00000272674.3
00000272677.1
00000272686.1
00000272689.1
00000272690.6
00000272691.1
00000272692.2
00000272693.4
00000272695.2
00000272696.1
00000272699.1
00000272701.3
00000272707.1
00000272710.2
00000272711.1
00000272715.1
00000272716.1
00000272717.1
00000272720.1
00000272721.5
00000272727.2
00000272732.1
00000272733.1
00000272734.1
00000272735.1
00000272744.1
00000272745.1
00000272750.1
00000272754.1
00000272755.1
00000272758.6
00000272764.1
00000272767.1
00000272768.1
00000272777.1
00000272783.1
00000272787.1
00000272788.1
00000272791.1
00000272795.1
00000272797.1
00000272800.3
00000272807.1
00000272812.1
00000272823.1
00000272824.1
00000272825.1
00000272829.1
00000272831.1
00000272832.1
00000272834.1
00000272836.1
00000272839.1
00000272840.1
00000272841.1
00000272842.1
00000272843.1
00000272848.2
00000272849.1
00000272853.1
00000272854.1
00000272856.1
00000272858.1
00000272861.1
00000272862.1
00000272864.1
00000272865.2
00000272870.3
00000272871.1
00000272872.1
00000272885.1
00000272886.6
00000272888.7
00000272894.5
00000272899.4
00000272902.2
00000272905.1
00000272908.1
00000272910.1
00000272911.1
00000272913.1
00000272914.1
00000272915.1
00000272918.1
00000272922.1
00000272927.1
00000272931.1
00000272933.1
00000272940.1
00000272941.1
00000272944.1
00000272945.1
00000272948.2
00000272950.1
00000272953.1
00000272954.1
00000272969.1
00000272970.3
00000272971.1
00000272977.1
00000272979.1
00000272983.1
00000272986.1
00000272990.1
00000272994.1
00000272995.1
00000273001.1
00000273002.1
00000273004.1
00000273007.2
00000273008.1
00000273010.1
00000273013.1
00000273014.1
00000273015.2
00000273017.1
00000273024.6
00000273026.1
00000273027.1
00000273032.3
00000273033.2
00000273035.1
00000273045.7
00000273055.1
00000273056.1
00000273058.2
00000273061.1
00000273063.1
00000273064.1
00000273073.1
00000273076.1
00000273079.6
00000273080.1
00000273084.1
00000273091.1
00000273096.1
00000273100.1
00000273107.1
00000273108.1
00000273117.1
00000273118.1
00000273123.1
00000273124.1
00000273129.1
00000273133.1
00000273136.7
00000273137.1
00000273138.1
00000273139.1
00000273141.1
00000273142.1
00000273145.1
00000273148.1
00000273151.1
00000273156.2
00000273160.1
00000273162.1
00000273165.1
00000273173.5
00000273174.1
00000273175.1
00000273176.1
00000273177.1
00000273179.1
00000273183.1
00000273186.1
00000273188.1
00000273196.1
00000273199.1
00000273203.1
00000273204.1
00000273209.1
00000273212.1
00000273213.3
00000273216.1
00000273218.1
00000273226.1
00000273230.1
00000273233.1
00000273238.3
00000273240.1
00000273243.1
00000273245.1
00000273247.5
00000273249.1
00000273253.2
00000273254.1
00000273257.1
00000273259.3
00000273261.1
00000273264.1
00000273265.1
00000273270.1
00000273271.1
00000273274.2
00000273284.1
00000273289.1
00000273291.5
00000273293.1
00000273295.1
00000273302.1
00000273305.1
00000273306.1
00000273308.1
00000273311.1
00000273314.1
00000273319.1
00000273321.1
00000273325.1
00000273327.1
00000273329.1
00000273335.1
00000273338.1
00000273340.1
00000273341.2
00000273342.1
00000273343.1
00000273344.1
00000273350.1
00000273355.1
00000273356.1
00000273363.1
00000273369.1
00000273373.1
00000273375.1
00000273382.1
00000273387.1
00000273391.1
00000273394.1
00000273399.2
00000273402.1
00000273403.1
00000273407.1
00000273409.3
00000273416.1
00000273419.1
00000273424.1
00000273432.1
00000273437.1
00000273444.1
00000273445.1
00000273447.1
00000273448.1
00000273449.1
00000273450.1
00000273451.1
00000273454.1
00000273456.1
00000273464.1
00000273472.1
00000273473.1
00000273474.1
00000273476.1
00000273481.1
00000273483.1
00000273486.1
00000273487.1
00000273489.1
00000273492.6
00000273493.1
00000273500.1
00000273521.1
00000273524.1
00000273542.2
00000273549.1
00000273555.1
00000273557.1
00000273559.5
00000273568.1
00000273576.1
00000273580.1
00000273584.1
00000273593.1
00000273599.1
00000273604.2
00000273611.5
00000273618.1
00000273619.1
00000273628.1
00000273629.1
00000273650.1
00000273654.1
00000273669.1
00000273675.1
00000273680.1
00000273682.1
00000273687.1
00000273691.1
00000273694.1
00000273702.1
00000273703.2
00000273710.1
00000273712.1
00000273716.2
00000273723.1
00000273724.1
00000273727.1
00000273729.1
00000273733.1
00000273742.1
00000273744.1
00000273745.1
00000273747.1
00000273749.5
00000273759.1
00000273762.1
00000273763.2
00000273765.1
00000273768.1
00000273783.1
00000273792.1
00000273796.1
00000273797.1
00000273802.2
00000273812.3
00000273816.1
00000273820.2
00000273821.1
00000273828.2
00000273836.1
00000273837.1
00000273841.5
00000273855.1
00000273870.1
00000273882.1
00000273888.1
00000273890.1
00000273891.1
00000273893.1
00000273899.5
00000273901.1
00000273912.1
00000273946.1
00000273950.1
00000273951.1
00000273958.1
00000273965.1
00000273971.1
00000273973.1
00000273979.1
00000273982.1
00000273983.1
00000273987.1
00000274008.1
00000274011.1
00000274020.4
00000274021.1
00000274023.1
00000274026.2
00000274031.1
00000274034.1
00000274051.1
00000274054.1
00000274066.1
00000274070.2
00000274093.1
00000274104.1
00000274105.1
00000274115.1
00000274124.1
00000274134.1
00000274135.1
00000274156.1
00000274159.1
00000274180.1
00000274184.1
00000274191.1
00000274197.1
00000274204.1
00000274210.1
00000274211.6
00000274213.1
00000274220.1
00000274242.1
00000274248.1
00000274251.1
00000274258.1
00000274265.5
00000274270.1
00000274276.4
00000274280.1
00000274286.2
00000274290.3
00000274300.1
00000274303.1
00000274308.1
00000274315.1
00000274322.1
00000274326.1
00000274328.1
00000274331.1
00000274341.1
00000274346.1
00000274349.4
00000274350.1
00000274356.1
00000274357.1
00000274363.1
00000274364.1
00000274367.1
00000274370.1
00000274380.1
00000274397.1
00000274400.1
00000274403.1
00000274421.1
00000274423.1
00000274427.1
00000274428.1
00000274441.1
00000274444.1
00000274447.1
00000274451.1
00000274452.1
00000274460.1
00000274461.2
00000274471.2
00000274487.2
00000274494.1
00000274501.1
00000274505.1
00000274507.1
00000274512.5
00000274514.1
00000274515.1
00000274523.5
00000274525.1
00000274528.1
00000274535.1
00000274536.7
00000274541.1
00000274554.1
00000274559.3
00000274560.1
00000274561.1
00000274565.1
00000274578.1
00000274584.1
00000274594.1
00000274598.1
00000274602.5
00000274605.2
00000274607.1
00000274614.1
00000274618.2
00000274620.1
00000274621.1
00000274624.1
00000274641.2
00000274642.1
00000274653.1
00000274654.1
00000274656.1
00000274659.2
00000274666.1
00000274667.1
00000274677.1
00000274682.1
00000274691.1
00000274697.1
00000274712.2
00000274713.1
00000274717.1
00000274721.1
00000274732.1
00000274737.1
00000274740.1
00000274742.1
00000274747.1
00000274750.2
00000274756.1
00000274759.1
00000274765.1
00000274776.1
00000274799.1
00000274805.1
00000274816.1
00000274817.1
00000274818.1
00000274822.1
00000274824.1
00000274825.1
00000274828.1
00000274833.1
00000274841.1
00000274849.1
00000274883.1
00000274884.1
00000274898.1
00000274902.1
00000274918.1
00000274922.1
00000274925.1
00000274929.1
00000274932.1
00000274943.1
00000274963.1
00000274964.1
00000274967.1
00000274973.1
00000274978.1
00000274986.1
00000274987.1
00000274997.2
00000275004.4
00000275014.1
00000275017.1
00000275022.1
00000275023.5
00000275025.1
00000275029.1
00000275052.5
00000275055.1
00000275056.1
00000275066.5
00000275070.1
00000275074.2
00000275084.4
00000275090.1
00000275092.1
00000275106.1
00000275109.1
00000275110.1
00000275111.5
00000275126.2
00000275129.1
00000275131.3
00000275132.1
00000275155.1
00000275160.1
00000275162.1
00000275178.1
00000275180.1
00000275183.2
00000275202.1
00000275207.1
00000275223.1
00000275227.1
00000275232.1
00000275263.1
00000275278.1
00000275291.1
00000275294.4
00000275302.2
00000275318.1
00000275322.1
00000275328.1
00000275329.1
00000275337.1
00000275339.1
00000275342.5
00000275344.1
00000275348.1
00000275356.5
00000275358.1
00000275367.1
00000275373.1
00000275374.1
00000275377.1
00000275379.2
00000275381.1
00000275385.2
00000275395.6
00000275401.1
00000275409.1
00000275413.1
00000275426.1
00000275437.1
00000275438.1
00000275441.1
00000275453.2
00000275454.1
00000275457.1
00000275458.1
00000275464.5
00000275465.7
00000275476.1
00000275479.1
00000275481.1
00000275484.1
00000275485.1
00000275488.1
00000275491.1
00000275493.2
00000275494.1
00000275504.1
00000275506.1
00000275515.1
00000275519.1
00000275532.1
00000275540.1
00000275550.1
00000275557.1
00000275560.1
00000275562.1
00000275569.1
00000275576.1
00000275580.1
00000275582.1
00000275585.2
00000275586.1
00000275601.1
00000275607.1
00000275609.1
00000275620.1
00000275630.1
00000275632.1
00000275635.1
00000275640.1
00000275645.1
00000275670.1
00000275675.1
00000275681.1
00000275695.1
00000275700.5
00000275703.1
00000275710.1
00000275713.2
00000275714.2
00000275720.1
00000275734.2
00000275756.1
00000275759.1
00000275763.3
00000275764.1
00000275765.5
00000275769.1
00000275770.1
00000275789.1
00000275803.1
00000275807.1
00000275810.1
00000275811.1
00000275816.1
00000275830.2
00000275832.5
00000275833.1
00000275834.1
00000275835.5
00000275839.1
00000275842.1
00000275854.1
00000275878.1
00000275881.1
00000275888.1
00000275894.1
00000275908.1
00000275910.1
00000275919.1
00000275927.1
00000275930.1
00000275936.1
00000275939.1
00000275940.1
00000275948.1
00000275956.1
00000275961.1
00000275963.1
00000275964.1
00000275993.3
00000275997.1
00000276007.1
00000276014.1
00000276023.5
00000276030.1
00000276031.1
00000276043.5
00000276045.3
00000276047.1
00000276054.1
00000276058.1
00000276070.5
00000276071.1
00000276075.1
00000276083.1
00000276085.1
00000276088.1
00000276092.1
00000276094.1
00000276096.1
00000276102.1
00000276103.1
00000276107.1
00000276115.1
00000276116.2
00000276124.1
00000276136.1
00000276137.1
00000276141.4
00000276148.1
00000276156.1
00000276162.1
00000276166.1
00000276168.1
00000276169.1
00000276170.4
00000276174.1
00000276178.1
00000276179.1
00000276180.1
00000276188.1
00000276213.1
00000276214.1
00000276216.1
00000276231.5
00000276234.5
00000276248.1
00000276250.1
00000276251.1
00000276255.2
00000276261.1
00000276269.1
00000276281.1
00000276282.1
00000276291.5
00000276292.1
00000276293.4
00000276298.1
00000276302.1
00000276309.1
00000276317.1
00000276326.1
00000276334.1
00000276337.1
00000276352.2
00000276359.1
00000276365.1
00000276368.2
00000276384.1
00000276386.1
00000276390.1
00000276393.1
00000276396.1
00000276404.1
00000276406.1
00000276408.1
00000276410.4
00000276412.2
00000276413.1
00000276417.1
00000276445.1
00000276449.1
00000276486.1
00000276488.1
00000276505.1
00000276517.1
00000276523.1
00000276524.1
00000276529.1
00000276532.1
00000276533.1
00000276538.1
00000276545.1
00000276547.1
00000276548.1
00000276550.4
00000276564.1
00000276570.1
00000276571.1
00000276573.1
00000276575.1
00000276578.1
00000276580.1
00000276593.1
00000276600.5
00000276603.1
00000276620.1
00000276641.1
00000276644.5
00000276645.1
00000276649.1
00000276653.1
00000276656.1
00000276662.1
00000276663.1
00000276672.1
00000276673.1
00000276691.1
00000276696.1
00000276698.1
00000276703.1
00000276704.1
00000276710.4
00000276712.1
00000276713.1
00000276718.1
00000276728.1
00000276730.1
00000276733.1
00000276735.1
00000276740.1
00000276742.1
00000276744.1
00000276754.1
00000276757.1
00000276758.1
00000276763.1
00000276765.1
00000276768.1
00000276770.1
00000276775.1
00000276791.1
00000276805.2
00000276809.1
00000276810.1
00000276814.1
00000276822.1
00000276830.1
00000276832.2
00000276840.1
00000276842.1
00000276845.1
00000276846.1
00000276851.1
00000276853.1
00000276855.1
00000276863.1
00000276866.1
00000276867.1
00000276868.1
00000276900.1
00000276903.2
00000276916.1
00000276917.1
00000276925.1
00000276926.1
00000276931.1
00000276934.1
00000276945.1
00000276952.1
00000276956.1
00000276957.1
00000276961.1
00000276966.2
00000276968.1
00000276975.3
00000276980.1
00000276984.1
00000276988.1
00000277007.1
00000277013.1
00000277020.4
00000277035.1
00000277039.1
00000277041.1
00000277049.1
00000277050.1
00000277051.1
00000277053.4
00000277062.1
00000277072.5
00000277075.2
00000277103.1
00000277117.5
00000277118.1
00000277129.1
00000277130.1
00000277135.1
00000277138.1
00000277142.1
00000277143.1
00000277144.1
00000277147.6
00000277149.5
00000277157.2
00000277159.1
00000277161.2
00000277170.1
00000277182.1
00000277198.1
00000277200.1
00000277202.1
00000277203.1
00000277218.1
00000277224.2
00000277232.2
00000277233.1
00000277235.1
00000277245.1
00000277246.1
00000277249.1
00000277250.1
00000277255.1
00000277258.5
00000277265.1
00000277270.2
00000277283.1
00000277290.1
00000277310.1
00000277342.1
00000277351.1
00000277358.1
00000277363.5
00000277368.1
00000277369.1
00000277371.1
00000277382.1
00000277383.1
00000277386.1
00000277387.1
00000277399.5
00000277406.2
00000277411.1
00000277413.1
00000277423.1
00000277425.1
00000277437.1
00000277438.1
00000277440.1
00000277443.3
00000277447.1
00000277449.1
00000277450.1
00000277452.1
00000277453.1
00000277459.1
00000277462.2
00000277463.1
00000277476.1
00000277478.1
00000277483.1
00000277491.1
00000277494.2
00000277496.1
00000277500.1
00000277504.1
00000277511.1
00000277521.1
00000277531.2
00000277534.1
00000277548.1
00000277563.1
00000277566.1
00000277572.1
00000277581.1
00000277586.4
00000277587.1
00000277588.1
00000277589.1
00000277590.1
00000277591.1
00000277595.1
00000277602.1
00000277610.1
00000277632.2
00000277634.1
00000277639.2
00000277662.1
00000277678.1
00000277681.1
00000277687.1
00000277692.1
00000277702.1
00000277705.1
00000277713.1
00000277715.1
00000277728.1
00000277734.8
00000277740.1
00000277744.1
00000277759.1
00000277763.1
00000277764.1
00000277767.1
00000277775.2
00000277778.2
00000277782.1
00000277791.5
00000277794.1
00000277795.1
00000277806.1
00000277817.1
00000277829.1
00000277831.1
00000277840.1
00000277851.2
00000277873.1
00000277879.1
00000277882.1
00000277892.1
00000277904.1
00000277911.1
00000277918.1
00000277938.1
00000277942.1
00000277946.1
00000277948.1
00000277952.1
00000277954.1
00000277959.1
00000277968.1
00000277969.1
00000277972.2
00000277977.1
00000277978.1
00000277998.1
00000278000.1
00000278004.1
00000278009.1
00000278013.1
00000278017.1
00000278022.1
00000278023.7
00000278028.1
00000278040.1
00000278041.1
00000278053.5
00000278058.1
00000278075.1
00000278077.1
00000278099.1
00000278107.1
00000278108.1
00000278112.1
00000278126.1
00000278129.2
00000278133.1
00000278156.2
00000278171.1
00000278175.4
00000278192.1
00000278196.3
00000278200.1
00000278215.1
00000278223.1
00000278231.1
00000278236.1
00000278238.1
00000278254.4
00000278255.1
00000278259.4
00000278266.1
00000278267.1
00000278275.2
00000278281.1
00000278291.1
00000278311.5
00000278313.1
00000278318.5
00000278341.1
00000278344.1
00000278349.1
00000278356.1
00000278374.1
00000278376.1
00000278383.1
00000278389.1
00000278390.5
00000278396.1
00000278413.1
00000278416.1
00000278418.1
00000278420.1
00000278434.1
00000278438.1
00000278446.1
00000278447.1
00000278463.2
00000278464.2
00000278467.1
00000278472.1
00000278475.1
00000278486.1
00000278487.1
00000278492.1
00000278493.1
00000278498.1
00000278505.5
00000278513.1
00000278517.1
00000278523.1
00000278535.5
00000278540.5
00000278546.1
00000278549.1
00000278576.1
00000278588.2
00000278590.1
00000278596.1
00000278598.1
00000278600.1
00000278604.1
00000278611.2
00000278616.1
00000278619.5
00000278627.1
00000278635.1
00000278637.2
00000278638.2
00000278642.1
00000278655.1
00000278658.1
00000278668.1
00000278700.1
00000278701.1
00000278703.1
00000278705.1
00000278709.2
00000278730.1
00000278733.1
00000278737.1
00000278739.1
00000278740.1
00000278743.1
00000278746.1
00000278763.1
00000278765.1
00000278768.2
00000278770.1
00000278771.1
00000278783.1
00000278784.1
00000278816.1
00000278818.1
00000278828.1
00000278829.1
00000278831.1
00000278842.1
00000278845.5
00000278847.1
00000278861.1
00000278863.1
00000278864.1
00000278867.1
00000278869.1
00000278875.1
00000278876.1
00000278877.1
00000278879.1
00000278880.1
00000278881.2
00000278886.1
00000278893.1
00000278897.1
00000278899.1
00000278909.1
00000278914.1
00000278916.1
00000278917.1
00000278918.1
00000278921.2
00000278922.1
00000278925.1
00000278931.1
00000278941.1
00000278943.1
00000278948.1
00000278949.1
00000278952.1
00000278962.1
00000278963.1
00000278967.1
00000278970.2
00000278971.1
00000278974.1
00000278982.1
00000278983.1
00000278985.1
00000278987.1
00000278989.1
00000278991.1
00000278993.1
00000278995.1
00000278997.1
00000278999.1
00000279002.1
00000279019.1
00000279020.1
00000279021.1
00000279022.1
00000279026.1
00000279028.1
00000279031.1
00000279039.1
00000279040.1
00000279041.1
00000279044.1
00000279048.1
00000279059.1
00000279068.1
00000279069.1
00000279071.1
00000279074.1
00000279075.1
00000279077.1
00000279078.1
00000279082.4
00000279088.1
00000279089.1
00000279097.1
00000279103.1
00000279107.1
00000279108.1
00000279118.1
00000279121.1
00000279125.1
00000279129.1
00000279130.1
00000279133.1
00000279135.1
00000279138.1
00000279140.1
00000279144.1
00000279148.1
00000279155.1
00000279159.1
00000279162.1
00000279166.1
00000279168.2
00000279170.3
00000279176.1
00000279179.1
00000279181.1
00000279187.1
00000279198.1
00000279199.1
00000279203.1
00000279207.1
00000279208.1
00000279214.1
00000279225.1
00000279227.1
00000279233.1
00000279235.1
00000279236.1
00000279237.1
00000279250.1
00000279251.1
00000279253.1
00000279254.1
00000279255.1
00000279259.1
00000279265.1
00000279267.1
00000279274.2
00000279277.2
00000279278.1
00000279281.1
00000279283.1
00000279289.1
00000279302.3
00000279306.1
00000279307.2
00000279319.1
00000279328.1
00000279329.1
00000279330.1
00000279331.1
00000279332.1
00000279334.1
00000279336.1
00000279337.1
00000279339.1
00000279340.1
00000279342.2
00000279345.1
00000279347.1
00000279348.1
00000279354.1
00000279356.1
00000279360.1
00000279361.1
00000279366.1
00000279369.1
00000279372.1
00000279375.1
00000279381.1
00000279382.1
00000279384.1
00000279386.1
00000279390.1
00000279392.1
00000279398.1
00000279400.1
00000279404.1
00000279405.1
00000279407.1
00000279410.1
00000279412.1
00000279413.1
00000279415.1
00000279416.1
00000279419.1
00000279425.1
00000279432.1
00000279434.1
00000279443.1
00000279452.1
00000279453.1
00000279456.1
00000279457.4
00000279461.2
00000279465.1
00000279469.1
00000279476.1
00000279482.1
00000279483.2
00000279491.1
00000279495.1
00000279499.1
00000279500.1
00000279502.1
00000279509.1
00000279512.1
00000279518.1
00000279520.1
00000279526.1
00000279527.1
00000279529.1
00000279530.2
00000279532.1
00000279536.1
00000279539.1
00000279541.1
00000279542.1
00000279544.1
00000279549.1
00000279555.1
00000279561.2
00000279568.1
00000279570.1
00000279573.1
00000279583.1
00000279584.1
00000279586.1
00000279589.1
00000279591.1
00000279600.1
00000279602.1
00000279608.1
00000279611.1
00000279620.1
00000279631.1
00000279632.1
00000279636.2
00000279638.1
00000279640.1
00000279641.1
00000279649.1
00000279652.1
00000279653.1
00000279656.1
00000279659.1
00000279660.1
00000279665.1
00000279667.1
00000279672.1
00000279673.1
00000279675.1
00000279685.2
00000279691.1
00000279692.1
00000279696.1
00000279698.1
00000279699.1
00000279700.1
00000279702.1
00000279707.1
00000279711.1
00000279713.1
00000279716.1
00000279722.1
00000279724.1
00000279732.1
00000279735.2
00000279744.1
00000279748.1
00000279757.1
00000279759.1
00000279762.3
00000279764.1
00000279765.3
00000279766.1
00000279785.1
00000279786.1
00000279789.1
00000279792.1
00000279794.1
00000279798.1
00000279799.1
00000279801.1
00000279807.1
00000279811.1
00000279812.1
00000279814.1
00000279815.1
00000279819.1
00000279821.1
00000279822.1
00000279827.1
00000279833.1
00000279836.1
00000279837.1
00000279838.1
00000279841.1
00000279845.1
00000279852.1
00000279853.1
00000279858.1
00000279861.1
00000279862.1
00000279863.1
00000279865.1
00000279873.2
00000279880.1
00000279883.1
00000279885.1
00000279887.1
00000279891.1
00000279894.1
00000279897.2
00000279900.1
00000279901.1
00000279904.1
00000279923.1
00000279926.1
00000279928.2
00000279943.1
00000279948.1
00000279958.1
00000279962.1
00000279965.1
00000279968.3
00000279970.1
00000279971.1
00000279977.1
00000279989.1
00000279991.1
00000279996.1
00000280004.1
00000280010.1
00000280020.1
00000280022.1
00000280028.1
00000280033.1
00000280037.1
00000280039.1
00000280042.1
00000280046.1
00000280047.1
00000280054.1
00000280055.2
00000280057.1
00000280061.1
00000280063.1
00000280067.1
00000280069.1
00000280071.4
00000280077.1
00000280079.1
00000280080.2
00000280087.1
00000280088.1
00000280092.1
00000280098.1
00000280099.1
00000280106.1
00000280107.1
00000280109.3
00000280115.1
00000280116.2
00000280119.1
00000280120.1
00000280128.1
00000280129.1
00000280132.1
00000280138.1
00000280149.1
00000280152.1
00000280157.1
00000280161.1
00000280163.1
00000280167.1
00000280173.1
00000280176.1
00000280183.1
00000280184.2
00000280185.1
00000280187.1
00000280190.1
00000280193.1
00000280195.1
00000280198.1
00000280202.1
00000280206.1
00000280211.1
00000280212.1
00000280213.1
00000280214.1
00000280216.1
00000280219.1
00000280222.1
00000280231.1
00000280232.1
00000280233.1
00000280234.1
00000280239.1
00000280242.1
00000280248.1
00000280254.1
00000280255.1
00000280269.1
00000280273.2
00000280274.1
00000280280.1
00000280285.1
00000280286.1
00000280287.1
00000280294.1
00000280295.1
00000280303.2
00000280310.1
00000280321.1
00000280326.1
00000280327.1
00000280331.1
00000280332.1
00000280333.1
00000280336.1
00000280339.1
00000280344.1
00000280347.1
00000280351.2
00000280353.1
00000280354.1
00000280365.1
00000280369.1
00000280373.1
00000280374.1
00000280376.1
00000280378.1
00000280379.1
00000280381.1
00000280385.1
00000280388.1
00000280392.1
00000280404.1
00000280407.2
00000280408.1
00000280411.1
00000280417.1
00000280422.1
00000280432.1
00000280433.1
00000280435.1
00000280438.1
00000280440.1
00000280443.1
00000280474.1
00000280486.2
00000280502.1
00000280543.1
00000280560.2
00000280594.1
00000280620.1
00000280649.2
00000280670.3
00000280721.1
00000280734.3
00000280739.3
00000280758.1
00000280780.2
00000280789.2
00000280798.1
00000280800.1
00000280809.4
00000280828.1
00000280832.1
00000280836.1
00000280852.2
00000280870.3
00000280890.1
00000280916.2
00000280927.1
00000280936.1
00000281005.1
00000281008.1
00000281016.1
00000281021.1
00000281026.1
00000281072.1
00000281091.3
00000281112.1
00000281120.1
00000281133.1
00000281162.2
00000281181.1
00000281183.1
00000281186.1
00000281189.1
00000281195.1
00000281207.1
00000281327.2
00000281332.1
00000281333.2
00000281357.3
00000281369.1
00000281376.1
00000281383.1
00000281398.4
00000281404.2
00000281406.2
00000281420.1
00000281468.1
00000281469.1
00000281490.1
00000281491.1
00000281501.1
00000281530.1
00000281538.1
00000281571.2
00000281649.2
00000281691.1
00000281721.1
00000281741.2
00000281780.1
00000281825.1
00000281831.1
00000281849.3
00000281912.1
00000281920.1
00000281969.1
00000282022.1
00000282100.1
00000282164.3
00000282173.1
00000282206.1
00000282308.1
00000282381.1
00000282386.1
00000282431.1
00000282511.1
00000282608.2
00000282625.1
00000282757.4
00000282780.1
00000282826.2
00000282834.1
00000282851.2
00000282855.1
00000282870.1
00000282876.1
00000282879.1
00000282886.1
00000282936.2
00000282939.1
00000282951.1
00000282977.1
00000282978.1
00000282989.1
00000282995.1
00000283010.1
00000283016.1
00000283031.2
00000283041.1
00000283045.1
00000283050.2
00000283051.1
00000283057.1
00000283058.1
00000283078.1
00000283103.3
00000283108.1
00000283118.1
00000283146.1
00000283154.2
00000283156.1
00000283159.1
00000283160.1
00000283170.1
00000283175.1
00000283176.1
00000283180.1
00000283183.2
00000283193.1
00000283196.2
00000283197.1
00000283199.3
00000283204.1
00000283206.1
00000283210.1
00000283236.1
00000283281.1
00000283296.1
00000283297.2
00000283312.1
00000283313.1
00000283317.1
00000283338.1
00000283341.2
00000283343.1
00000283360.1
00000283383.1
00000283390.1
00000283402.1
00000283405.2
00000283409.1
00000283414.1
00000283418.1
00000283419.1
00000283429.1
00000283433.1
00000283438.1
00000283442.1
00000283443.1
00000283458.1
00000283475.1
00000283489.1
00000283491.1
00000283498.1
00000283506.1
00000283509.1
00000283513.1
00000283514.1
00000283517.1
00000283526.1
00000283532.1
00000283538.3
00000283556.1
00000283572.1
00000283575.1
00000283583.1
00000283602.1
00000283611.2
00000283615.1
00000283632.4
00000283636.1
00000283644.1
00000283646.2
00000283653.1
00000283667.1
00000283672.1
00000283673.1
00000283674.3
00000283676.1
00000283682.1
00000283695.1
00000283696.1
00000283699.1
00000283757.1
00000283828.1
00000283891.1
00000283907.1
00000283929.1
00000283959.1
00000283971.1
00000284015.1
00000284024.4
00000284035.1
00000284052.1
00000284059.1
00000284062.1
00000284138.1
00000284154.1
00000284158.1
00000284266.1
00000284308.1
00000284324.1
00000284329.1
00000284391.1
00000284428.1
00000284471.1
00000284484.1
00000284490.1
00000284602.1
00000284610.1
00000284614.1
00000284615.1
00000284617.1
00000284621.1
00000284624.1
00000284630.1
00000284642.1
00000284648.1
00000284650.1
00000284651.1
00000284652.1
00000284654.1
00000284657.1
00000284664.1
00000284669.1
00000284670.1
00000284677.1
00000284690.3
00000284691.1
00000284693.1
00000284700.1
00000284707.2
00000284713.1
00000284726.1
00000284731.1
00000284735.1
00000284736.1
00000284738.1
00000284740.1
00000284753.2
00000284770.2
00000284773.1
00000284858.1
00000284882.1
00000284932.1
00000284946.1
00000284968.1
00000284976.1
00000284985.1
00000284994.1
00000285018.1
00000285043.2
00000285053.1
00000285081.1
00000285090.1
00000285103.2
00000285106.2
00000285122.1
00000285165.1
00000285184.3
00000285205.2
00000285215.2
00000285230.2
00000285237.1
00000285257.1
00000285278.1
00000285331.2
00000285366.1
00000285367.1
00000285373.2
00000285410.1
00000285416.1
00000285427.1
00000285437.1
00000285518.1
00000285519.1
00000285525.1
00000285531.1
00000285533.2
00000285534.1
00000285548.1
00000285554.1
00000285555.1
00000285560.1
00000285564.2
00000285571.1
00000285581.1
00000285588.1
00000285589.1
00000285596.1
00000285597.1
00000285603.1
00000285606.1
00000285618.1
00000285619.1
00000285621.1
00000285632.1
00000285636.2
00000285644.1
00000285646.2
00000285650.1
00000285653.1
00000285658.1
00000285665.1
00000285667.1
00000285668.1
00000285669.1
00000285672.1
00000285675.1
00000285676.1
00000285679.2
00000285684.1
00000285692.1
00000285693.1
00000285696.1
00000285697.1
00000285701.1
00000285703.1
00000285704.1
00000285705.1
00000285710.1
00000285725.1
00000285728.2
00000285730.1
00000285731.1
00000285736.1
00000285740.1
00000285741.1
00000285744.1
00000285745.1
00000285756.2
00000285758.2
00000285761.1
00000285766.1
00000285774.3
00000285781.1
00000285796.1
00000285799.1
00000285803.1
00000285804.2
00000285805.1
00000285807.1
00000285812.1
00000285813.1
00000285825.2
00000285841.1
00000285847.2
00000285850.1
00000285851.1
00000285857.1
00000285863.1
00000285865.1
00000285867.1
00000285872.1
00000285877.1
00000285879.1
00000285884.1
00000285886.1
00000285888.1
00000285892.1
00000285906.2
00000285907.1
00000285909.1
00000285918.1
00000285921.1
00000285928.1
00000285936.1
00000285938.1
00000285967.1
00000285971.1
00000285972.1
00000285979.1
00000285980.2
00000285994.1
00000285996.1
00000285999.1
00000286004.1
00000286009.2
00000286018.1
00000286020.1
00000286024.1
00000286039.1
00000286064.1
00000286067.1
00000286068.1
00000286071.1
00000286074.1
00000286076.1
00000286086.1
00000286092.1
00000286093.1
00000286108.1
00000286129.1
00000286136.2
00000286138.1
00000286145.2
00000286153.1
00000286154.1
00000286156.1
00000286158.1
00000286159.1
00000286162.2
00000286163.1
00000286171.1
00000286172.1
00000286174.1
00000286177.1
00000286179.1
00000286190.2
00000286194.1
00000286207.1
00000286214.1
00000286216.1
00000286219.1
00000286220.1
00000286223.1
00000286226.1
00000286232.1
00000286242.1
00000286244.1
00000286288.1
00000286292.1
00000286299.1
00000286302.1
00000286305.1
00000286311.1
00000286313.1
00000286314.1
00000286315.1
00000286316.1
00000286318.1
00000286327.1
00000286330.1
00000286331.1
00000286333.1
00000286334.1
00000286337.1
00000286339.1
00000286340.1
00000286341.1
00000286342.1
00000286349.1
00000286360.1
00000286365.1
00000286366.1
00000286369.1
00000286373.1
00000286377.1
00000286378.1
00000286383.1
00000286388.1
00000286401.1
00000286403.1
00000286404.1
00000286407.1
00000286408.1
00000286411.1
00000286412.1
00000286416.1
00000286427.1
00000286430.1
00000286431.1
00000286443.1
00000286444.1
00000286445.1
00000286449.1
00000286451.1
00000286452.1
00000286456.1
00000286457.1
00000286458.1
00000286459.1
00000286461.1
00000286463.1
00000286478.1
00000286479.1
00000286480.1
00000286482.1
00000286502.1
00000286503.1
00000286507.1
00000286508.1
00000286509.1
00000286511.1
00000286512.1
00000286522.2
00000286532.1
00000286535.1
00000286540.1
00000286542.1
00000286545.1
00000286550.1
00000286555.1
00000286561.1
00000286575.1
00000286579.1
00000286584.2
00000286585.1
00000286588.1
00000286599.1
00000286602.1
00000286608.1
00000286611.1
00000286613.1
00000286616.1
00000286619.1
00000286632.1
00000286634.1
00000286642.1
00000286646.1
00000286650.1
00000286655.1
00000286656.1
00000286658.1
00000286659.1
00000286663.1
00000286672.1
00000286676.1
00000286677.1
00000286681.1
00000286688.1
00000286689.1
00000286694.1
00000286695.1
00000286696.1
00000286699.1
00000286705.1
00000286707.1
00000286710.1
00000286715.1
00000286718.1
00000286721.1
00000286722.1
00000286724.1
00000286729.1
00000286732.1
00000286735.1
00000286736.1
00000286742.1
00000286747.1
00000286753.1
00000286755.1
00000286758.1
00000286760.1
00000286771.1
00000286781.1
00000286782.1
00000286786.1
00000286787.1
00000286794.1
00000286799.1
00000286803.1
00000286805.1
00000286808.1
00000286811.1
00000286828.1
00000286830.1
00000286833.1
00000286835.1
00000286843.1
00000286846.1
00000286849.1
00000286855.1
00000286856.1
00000286859.1
00000286861.1
00000286864.1
00000286872.1
00000286873.1
00000286874.1
00000286877.1
00000286881.1
00000286882.1
00000286894.1
00000286895.1
00000286900.1
00000286904.1
00000286909.1
00000286912.1
00000286918.1
00000286923.1
00000286926.1
00000286931.1
00000286932.1
00000286934.1
00000286938.1
00000286940.1
00000286947.1
00000286962.1
00000286964.1
00000286970.1
00000286974.1
00000286977.1
00000286989.1
00000286990.1
00000286994.1
00000286996.1
00000286997.1
00000287001.1
00000287002.1
00000287005.1
00000287009.1
00000287011.1
00000287021.1
00000287024.1
00000287032.1
00000287033.1
00000287042.1
00000287063.1
00000287064.1
00000287066.1
00000287067.1
00000287068.1
00000287070.1
00000287071.1
00000287074.1
00000287077.1
00000287078.1
00000287080.2
00000287085.1
00000287090.1
00000287091.1
00000287093.1
00000287094.1
00000287099.1
00000287104.1
00000287105.1
00000287109.1
00000287110.1
00000287115.1
00000287116.1
00000287117.1
00000287121.1
00000287126.1
00000287129.1
00000287141.1
00000287146.1
00000287151.1
00000287153.1
00000287155.1
00000287158.1
00000287162.1
00000287164.1
00000287165.1
00000287167.1
00000287168.1
00000287169.1
00000287180.1
00000287189.1
00000287191.1
00000287193.1
00000287194.1
00000287195.1
00000287201.1
00000287202.1
00000287205.1
00000287210.1
00000287214.1
00000287219.1
00000287222.1
00000287232.1
00000287234.1
00000287236.1
00000287237.1
00000287242.1
00000287249.1
00000287255.1
00000287256.1
00000287257.1
00000287261.1
00000287262.1
00000287263.1
00000287269.1
00000287271.1
00000287274.1
00000287275.1
00000287281.1
00000287287.1
00000287289.1
00000287299.1
00000287330.1
00000287336.1
00000287348.1
00000287351.1
00000287355.1
00000287356.1
00000287369.1
00000287377.1
00000287382.1
00000287384.1
00000287387.1
00000287397.1
00000287401.1
00000287403.1
00000287405.1
00000287422.1
00000287427.1
00000287430.1
00000287431.1
00000287458.1
00000287463.1
00000287464.1
00000287467.1
00000287489.1
00000287494.1
00000287502.1
00000287506.1
00000287507.1
00000287508.1
00000287511.1
00000287525.1
00000287527.1
00000287539.1
00000287550.1
00000287555.1
00000287560.1
00000287562.1
00000287564.1
00000287569.1
00000287574.1
00000287575.1
00000287576.1
00000287580.1
00000287581.1
00000287584.1
00000287591.1
00000287594.1
00000287601.1
00000287608.1
00000287613.1
00000287617.1
00000287618.1
00000287619.1
00000287620.1
00000287623.1
00000287624.1
00000287625.1
00000287626.1
00000287629.1
00000287630.1
00000287631.1
00000287632.1
00000287642.1
00000287652.1
00000287657.1
00000287663.1
00000287665.1
00000287672.1
00000287676.1
00000287678.1
00000287680.1
00000287686.1
00000287691.1
00000287697.1
00000287704.1
00000287706.1
00000287707.1
00000287710.1
00000287720.1
00000287721.1
00000287725.1
00000287727.1
00000287729.1
00000287733.1
00000287735.1
00000287736.1
00000287737.1
00000287751.1
00000287756.1
00000287757.1
00000287760.1
00000287762.1
00000287766.1
00000287769.1
00000287777.1
00000287780.1
00000287783.1
00000287789.1
00000287794.1
00000287799.1
00000287805.1
00000287807.1
00000287808.1
00000287809.1
00000287811.1
00000287813.1
00000287815.1
00000287817.1
00000287819.1
00000287822.1
00000287825.1
00000287828.1
00000287829.1
00000287837.1
00000287839.1
00000287842.1
00000287853.1
00000287855.1
00000287858.1
00000287862.1
00000287866.1
00000287868.1
00000287878.1
00000287884.1
00000287893.1
00000287895.1
00000287897.1
00000287910.1
00000287917.1
00000287932.1
00000287934.1
00000287939.1
00000287941.1
00000287943.1
00000287945.1
00000287957.1
00000287959.1
00000287961.1
00000287965.1
00000287966.1
00000287967.1
00000287970.1
00000287978.1
00000287979.1
00000287985.1
00000287990.1
00000288002.1
00000288009.1
00000288012.1
00000288018.1
00000288021.1
00000288025.1
00000288031.1
00000288032.1
00000288033.1
00000288045.1
00000288048.1
00000288056.1
00000288060.1
00000288061.1
00000288062.1
00000288065.1
00000288066.1
00000288075.1
00000288076.1
00000288079.1
00000288084.1
00000288088.1
00000288093.1
00000288095.1
00000288096.1
00000288109.1
00000288156.1
00000288234.1
00000288393.1
00000288398.1
00000288526.1
00000288532.1
00000288538.1
00000288543.1
00000288545.1
00000288546.1
00000288548.1
00000288554.1
00000288558.2
00000288559.1
00000288573.1
00000288584.1
00000288586.1
00000288593.1
00000288596.2
00000288603.1
00000288612.1
00000288617.1
00000288648.1
00000288658.1
00000288662.1
00000288667.1
00000288670.1
00000288675.1