cluster,subtype,rank_in_class,gene,gene_id,gene_type,combined_score,identity_score,survival_score,mean_z_in_class,best_other_class_mean_z,specificity_margin,cohens_d,p_value,fdr,dep_mean_GBM,dep_mean_nonCNS,therapeutic_window,frac_GBM_lines_dependent,frac_all_lines_dependent,gbm_line_sd,dependency_tier,pan_essential
0,MTC,1,RPP25L,ENSG00000164967.10,protein_coding,0.6895956346977101,0.47554213939413764,1.0,1.0327232167949585,0.3194100077037519,0.7133132090912064,1.1002443380941571,1.92709202787084e-05,6.83847988602505e-05,0.8013381,0.36726177,0.43407633,0.8113207547169812,0.3294701986754967,0.27223882,A · selective + heterogeneous,False
0,MTC,2,BNIP1,ENSG00000113734.18,protein_coding,0.3469956565677843,0.8475544392597795,0.1420628340783225,1.378298007535997,0.1069663486463278,1.2713316588896693,1.7983919915073543,1.5022560618147822e-10,3.7106589749509475e-09,0.62431926,0.5451684,0.07915086,0.6415094339622641,0.5629139072847682,0.28449735,A · selective + heterogeneous,False
0,MTC,3,C19orf25,ENSG00000119559.17,protein_coding,0.3442653467614469,0.39267398321308605,0.3018245008518038,0.9077522953747365,0.3187413205551074,0.589010974819629,1.1790474295335451,7.499023083081777e-07,4.226184718904287e-06,0.50518906,0.2973714,0.2078176599999999,0.5283018867924528,0.2524834437086092,0.33878407,A · selective + heterogeneous,False
0,MTC,4,RPL41,ENSG00000229117.9,protein_coding,0.323177828742458,0.6782045142565933,0.15400061013332325,1.3611499034277916,0.3438431320429017,1.01730677138489,1.732056444531956,3.358714314577797e-11,1.1183258606546355e-09,0.3954746,0.2600225,0.1354521,0.3260869565217391,0.1779816513761468,0.27887592,A · selective + heterogeneous,False
0,MTC,5,SCNM1,ENSG00000163156.12,protein_coding,0.28909313538794523,0.6023281266233076,0.1387530105840467,1.1329538261353824,0.229461636200421,0.9034921899349614,1.4359010495836713,5.715457658204156e-10,1.0652023838295337e-08,0.48732287,0.38828358,0.09903929,0.490566037735849,0.3220198675496689,0.2323551,A · selective + heterogeneous,False
0,MTC,6,NUDT16L1,ENSG00000168101.14,protein_coding,0.2678784297746849,0.7116830830940923,0.1008297862393667,1.3581098318441494,0.2905852072030108,1.0675246246411385,1.8009786844895583,4.1726725389745626e-10,8.286747361738217e-09,0.37508154,0.28157434,0.0935072,0.320754716981132,0.1771523178807947,0.23419687,A · selective + heterogeneous,False
0,MTC,7,NR2C2AP,ENSG00000184162.15,protein_coding,0.23841534994279906,0.35883891011393515,0.15840500426862694,0.9990007401027714,0.4607423749318686,0.5382583651709028,1.2570870265491023,2.212262756522097e-07,1.4976122784683253e-06,0.57485896,0.47900954,0.09584942,0.5471698113207547,0.4685430463576159,0.30993122,A · selective + heterogeneous,False
0,MTC,8,TRAPPC2L,ENSG00000167515.10,protein_coding,0.23442964226460725,0.46121693539805797,0.11915706678220804,1.1616467628228564,0.4698213597257694,0.691825403097087,1.411565917321188,7.762017969075393e-08,6.19469204614147e-07,0.36027664,0.24523221,0.1150444299999999,0.3584905660377358,0.1746688741721854,0.3099927,A · selective + heterogeneous,False
0,MTC,9,ATP5MC1,ENSG00000159199.14,protein_coding,0.220318279725738,0.531468323667356,0.09133214948044512,1.1777439335508206,0.3805414480497865,0.797202485501034,1.322415360618397,7.877824247397025e-07,4.396345196866969e-06,0.41861886,0.34272847,0.0758903899999999,0.3962264150943396,0.2259933774834437,0.21603942,A · selective + heterogeneous,False
0,MTC,10,UNC50,ENSG00000115446.12,protein_coding,0.21218456702246202,0.15799457768940847,0.2849609849966886,0.706533329617189,0.4695414630830762,0.2369918665341127,0.8153539380888275,0.0005448062568224,0.0012200664263549,0.6505223,0.49815032,0.15237198,0.6415094339622641,0.4842715231788079,0.3237313,A · selective + heterogeneous,False
0,MTC,11,MZT2A,ENSG00000173272.16,protein_coding,0.20923174215179938,0.26624173172772847,0.16442922617648256,0.5884084314897108,0.189045833898118,0.3993625975915927,0.6031441234946991,0.0105567917443548,0.0168701543472125,0.49594966,0.3806247,0.11532496,0.5,0.3161413562559694,0.2227534,A · selective + heterogeneous,False
0,MTC,12,UFC1,ENSG00000143222.12,protein_coding,0.20573027880738923,0.5509492529652168,0.07682186225023926,1.023971297716462,0.1975474182686368,0.8264238794478252,1.5049474534745646,2.695957383147297e-09,3.7225617557642254e-08,0.37069935,0.29861435,0.072085,0.320754716981132,0.2069536423841059,0.28110057,A · selective + heterogeneous,False
0,MTC,13,USE1,ENSG00000053501.13,protein_coding,0.18748893302994202,0.41698604879499307,0.0843004223049876,1.0472039697261102,0.4217248965336205,0.6254790731924896,1.2203966310293617,2.0630128364747666e-06,9.995825373717537e-06,0.54555476,0.4918054,0.05374936,0.5849056603773585,0.4817880794701987,0.31265795,A · selective + heterogeneous,False
0,MTC,14,TMEM183A,ENSG00000163444.12,protein_coding,0.17502531698932247,0.22743210664336366,0.1346945338515893,0.822543767373336,0.4813956074082904,0.3411481599650455,1.0334533576785738,1.128432066539079e-05,4.3238922924792046e-05,0.5417966,0.4553206,0.0864759999999999,0.5660377358490566,0.4420529801324503,0.2278601,A · selective + heterogeneous,False
0,MTC,15,RHEB,ENSG00000106615.10,protein_coding,0.16454058177686628,0.19329521949420567,0.1400634900455011,0.4781618723550033,0.1882190431136948,0.2899428292413085,0.6265873897431256,0.003021458727441,0.0054915828491544,0.5491755,0.46046078,0.08871472,0.5660377358490566,0.4602649006622517,0.3078507,A · selective + heterogeneous,False
0,MTC,16,CCDC107,ENSG00000159884.12,protein_coding,0.16170783949013964,0.4999772975034713,0.05230122544191561,0.8612168292589006,0.1112508830036936,0.749965946255207,1.113242274426148,4.982510526420661e-07,2.984404373493483e-06,0.41467723,0.37080562,0.04387161,0.3018867924528302,0.2698675496688741,0.17081456,A · selective + heterogeneous,False
0,MTC,17,BRK1,ENSG00000254999.4,protein_coding,0.15564715279204885,0.427102892855373,0.0567217796402866,0.7215740548778619,0.0809197155948023,0.6406543392830595,0.9971851314012284,2.7890053278840472e-05,9.376099677257002e-05,0.45118603,0.40745637,0.04372966,0.4150943396226415,0.369205298013245,0.2679033,A · selective + heterogeneous,False
0,MTC,18,TIMM50,ENSG00000105197.11,protein_coding,0.15526943002807464,0.2153531323210486,0.11194913044172515,0.952393166510054,0.629363468028481,0.3230296984815729,1.1877071721569703,3.619612212618098e-07,2.271679569089602e-06,0.47697467,0.39533386,0.08164081,0.4,0.3864229765013054,0.28961182,A · selective + heterogeneous,False
0,MTC,19,NELFE,ENSG00000204356.14,protein_coding,0.12643078605377137,0.29216961896589916,0.054710492209116994,0.9978581288638736,0.5596037004150249,0.4382544284488487,1.2079290215166738,4.6439359607196187e-07,2.815017045619443e-06,0.5091481,0.47177076,0.0373773399999999,0.5471698113207547,0.4652317880794702,0.2441675,A · selective + heterogeneous,False
0,MTC,20,INTS10,ENSG00000104613.12,protein_coding,0.12261840174227394,0.22757128008237548,0.0660684091612407,0.5130208026688874,0.1716638825453241,0.3413569201235632,0.523359727609361,0.0298129864739687,0.0431397450872551,0.4853297,0.43797764,0.0473520599999999,0.4339622641509434,0.4163907284768212,0.29321462,A · selective + heterogeneous,False
0,MTC,21,CNIH4,ENSG00000143771.12,protein_coding,0.1136367733294347,0.15331663882150795,0.08422645025344622,0.4954170438002503,0.2654420855679884,0.2299749582322619,0.5043390482951527,0.0258034896116031,0.0378529618480161,0.58212787,0.5317996,0.0503282699999999,0.7169811320754716,0.5637417218543046,0.27487022,A · selective + heterogeneous,False
0,MTC,22,CIAO2A,ENSG00000166797.11,protein_coding,0.09434680958935308,0.4254149162922402,0.020923856072726076,1.1032611386087705,0.46513876417041,0.6381223744383603,1.24882561181041,8.888000557447028e-07,4.8859324721822215e-06,0.35790688,0.33757144,0.0203354399999999,0.320754716981132,0.2698675496688741,0.27683863,A · selective + heterogeneous,False
0,MTC,23,MRPL44,ENSG00000135900.4,protein_coding,0.09104297405876649,0.2517676572121967,0.03292250965531756,0.99383852763159,0.616187041813295,0.377651485818295,1.066923928608867,2.707105411318727e-05,9.136569509116364e-05,0.44198352,0.41607344,0.02591008,0.4150943396226415,0.3783112582781457,0.3035833,A · selective + heterogeneous,False
0,MTC,24,ANAPC15,ENSG00000110200.8,protein_coding,0.06988562737201821,0.1270168757257158,0.03845159066679647,0.7371346887084277,0.546609375119854,0.1905253135885737,0.7253607339099806,0.0035355027120102,0.0063218541615756,0.58567435,0.5628373,0.02283705,0.6226415094339622,0.5769867549668874,0.3262149,A · selective + heterogeneous,False
0,MTC,25,SLC25A5,ENSG00000005022.6,protein_coding,0.0,0.6726864580636526,0.0,1.1116688548619358,0.1026391677664568,1.009029687095479,1.334963120060726,1.865400609510601e-07,1.2969119634679591e-06,0.3771001,0.38279158,-0.00569148,0.3018867924528302,0.3029801324503311,0.23547187,A · selective + heterogeneous,False
0,MTC,26,UQCRC1,ENSG00000010256.11,protein_coding,0.0,0.37179568271138086,0.0,0.8841093767941821,0.3264158527271108,0.5576935240670713,0.9931197891365244,5.0637173192828815e-05,0.0001571186936271,0.39674044,0.5311646,-0.1344241599999999,0.3773584905660377,0.527317880794702,0.2769219,A · selective + heterogeneous,False
0,MTC,27,TMSB10,ENSG00000034510.6,protein_coding,0.0,0.21049287421125293,0.0,1.1118567819916474,0.796117470674768,0.3157393113168794,1.4676114736871635,2.587150614543672e-12,1.5031169868425516e-10,0.36553097,0.43439952,-0.0688685499999999,0.3043478260869565,0.4009174311926605,0.25160524,A · selective + heterogeneous,False
0,MTC,28,MRPS35,ENSG00000061794.13,protein_coding,0.0,0.23855269793584988,0.0,0.712125508074857,0.3542964611710821,0.3578290469037748,0.874419202578987,9.246028295925786e-05,0.0002633624128824,0.46458814,0.50725436,-0.04266622,0.4528301886792453,0.4991721854304636,0.3172209,A · selective + heterogeneous,False
0,MTC,29,NDUFB4,ENSG00000065518.8,protein_coding,0.0,0.5988686811002801,0.0,1.1647224206177051,0.266419398967285,0.8983030216504202,1.412859736541252,2.806583326877534e-08,2.641164229147129e-07,0.4579051,0.5858962,-0.1279910999999999,0.4339622641509434,0.5885761589403974,0.30180427,A · selective + heterogeneous,False
0,MTC,30,HSD17B10,ENSG00000072506.13,protein_coding,0.0,0.7352123954942816,0.0,1.125940637802804,0.0231220445613817,1.1028185932414225,1.4396676408948557,1.80200064317296e-08,1.817393908855237e-07,0.34434456,0.5148546,-0.17051004,0.320754716981132,0.4917218543046358,0.34507087,A · selective + heterogeneous,False
0,MTC,31,MRPL22,ENSG00000082515.18,protein_coding,0.0,0.5665496352736213,0.0,1.1990699562379652,0.3492455033275331,0.8498244529104321,1.3735136109990629,2.0575391212041275e-07,1.404844077379482e-06,0.34706274,0.36782503,-0.02076229,0.3018867924528302,0.3087748344370861,0.317487,A · selective + heterogeneous,False
0,MTC,32,MRPL28,ENSG00000086504.17,protein_coding,0.0,0.15956643744633187,0.0,0.6657347703204132,0.4263851141509153,0.2393496561694978,0.7589928503240025,0.001186278041998,0.0024075401549397,0.4804422,0.540115,-0.0596728,0.490566037735849,0.5587748344370861,0.31609702,A · selective + heterogeneous,False
0,MTC,33,NDUFB7,ENSG00000099795.7,protein_coding,0.0,0.8180816219460172,0.0,1.5585504713598863,0.3314280384408605,1.2271224329190258,2.204316270781697,4.4084328316667015e-14,7.047468585182457e-12,0.41109297,0.54958665,-0.1384936799999999,0.3396226415094339,0.5488410596026491,0.27802554,A · selective + heterogeneous,False
0,MTC,34,LENG1,ENSG00000105617.4,protein_coding,0.0,0.23732427286188454,0.0,0.8178872867008249,0.461900877407998,0.3559864092928268,0.8798536813673324,0.0003072093273687,0.0007416013569514,0.39198577,0.39434344,-0.0023576699999999,0.320754716981132,0.3394039735099338,0.21776225,A · selective + heterogeneous,False
0,MTC,35,SSBP1,ENSG00000106028.11,protein_coding,0.0,0.2435922037410939,0.0,0.5729157638939464,0.2075274582823056,0.3653883056116408,0.6653363770154672,0.0030177817722331,0.005486062102962,0.41235948,0.48765108,-0.0752916,0.3396226415094339,0.4569536423841059,0.28012016,A · selective + heterogeneous,False
0,MTC,36,SEC61B,ENSG00000106803.10,protein_coding,0.0,0.34305364953949075,0.0,0.8187931793258519,0.3042127050166158,0.5145804743092361,1.0426512212172296,3.040052049881056e-07,1.957589683758784e-06,0.5133766,0.5301828,-0.0168061999999999,0.5471698113207547,0.5463576158940397,0.27412593,A · selective + heterogeneous,False
0,MTC,37,C1QBP,ENSG00000108561.8,protein_coding,0.0,0.6393426376775947,0.0,1.2551037163394163,0.2960897598230242,0.959013956516392,1.6234050848002124,1.0845660998337875e-09,1.778855117984893e-08,0.42554578,0.44267657,-0.01713079,0.3396226415094339,0.4081125827814569,0.27740976,A · selective + heterogeneous,False
0,MTC,38,MRPL51,ENSG00000111639.8,protein_coding,0.0,0.7071808051799334,0.0,1.1542141054552302,0.09344289768533,1.0607712077699,1.582254136606415,4.797141826882482e-10,9.26943215768028e-09,0.32248476,0.39294836,-0.0704636,0.3018867924528302,0.3526490066225166,0.27560496,A · selective + heterogeneous,False
0,MTC,39,COX6A1,ENSG00000111775.3,protein_coding,0.0,0.7311505717398118,0.0,1.4418991830333456,0.3451733254236281,1.0967258576097176,2.014217652311999,1.3668520934535961e-13,1.6673004351331118e-11,0.4773331,0.54958993,-0.07225683,0.4339622641509434,0.5711920529801324,0.22766499,A · selective + heterogeneous,False
0,MTC,40,MRPL18,ENSG00000112110.10,protein_coding,0.0,0.27816772685788754,0.0,0.7037201905234853,0.286468600236654,0.4172515902868313,0.7469308975605162,0.0015177003706052,0.002987805731883,0.45625022,0.5530259,-0.0967756799999999,0.4528301886792453,0.5554635761589404,0.33139083,A · selective + heterogeneous,False
0,MTC,41,MRPL2,ENSG00000112651.12,protein_coding,0.0,0.17243008844577445,0.0,0.5160605271010805,0.2574153944324188,0.2586451326686617,0.5886784591893811,0.0058913547991739,0.0099775340671493,0.39447373,0.49173787,-0.09726414,0.320754716981132,0.4842715231788079,0.30810523,A · selective + heterogeneous,False
0,MTC,42,MRPS7,ENSG00000125445.11,protein_coding,0.0,0.9546463962704678,0.0,1.6455231020550705,0.2135535076493688,1.4319695944057016,1.6244165591576862,3.251881721243569e-07,2.075816759458506e-06,0.4588512,0.53346467,-0.0746134699999999,0.4150943396226415,0.5405629139072847,0.25163147,A · selective + heterogeneous,False
0,MTC,43,MRPS26,ENSG00000125901.6,protein_coding,0.0,0.47422872555213086,0.0,1.2682529497604,0.5569098614322038,0.7113430883281963,1.6136575828320736,3.623949013113368e-09,4.751563917448389e-08,0.44839424,0.48430082,-0.03590658,0.3584905660377358,0.4660596026490066,0.2723669,A · selective + heterogeneous,False
0,MTC,44,EMC4,ENSG00000128463.13,protein_coding,0.0,0.6145497012399765,0.0,1.10979107097986,0.1879665191198952,0.9218245518599648,1.2649034540224655,1.0291627340834888e-06,5.542705681071529e-06,0.50037867,0.5349626,-0.0345839299999999,0.5471698113207547,0.5438741721854304,0.27423057,A · selective + heterogeneous,False
0,MTC,45,NDUFA2,ENSG00000131495.9,protein_coding,0.0,0.8303844291922958,0.0,1.4753158941577904,0.2297392503693468,1.2455766437884437,2.1496411442582444,1.0084514668985204e-13,1.3262884268597249e-11,0.3984446,0.5118617,-0.1134170999999999,0.3396226415094339,0.4875827814569536,0.28870305,A · selective + heterogeneous,False
0,MTC,46,COX5B,ENSG00000135940.7,protein_coding,0.0,0.7603952803100228,0.0,1.568680720030733,0.4280877995656984,1.1405929204650342,2.1529495570450243,4.735145513003873e-13,4.0760259268793856e-11,0.44404358,0.5749414,-0.13089782,0.4339622641509434,0.581953642384106,0.2855445,A · selective + heterogeneous,False
0,MTC,47,MRPL15,ENSG00000137547.9,protein_coding,0.0,0.5148596835086353,0.0,1.093068197755621,0.320778672492668,0.7722895252629529,1.3016717051667714,2.546227420935889e-07,1.6808104991035628e-06,0.41429526,0.5286459,-0.11435064,0.3773584905660377,0.5281456953642384,0.35667413,A · selective + heterogeneous,False
0,MTC,48,PPA2,ENSG00000138777.20,protein_coding,0.0,0.37964955115898585,0.0,0.7106977312666968,0.141223404528218,0.5694743267384788,0.7536748021657252,0.0017193957015291,0.0033318631656345,0.40656433,0.46848217,-0.06191784,0.3396226415094339,0.4478476821192053,0.3307608,A · selective + heterogeneous,False
0,MTC,49,MRPS28,ENSG00000147586.10,protein_coding,0.0,0.7027386430288524,0.0,1.293117761807377,0.2390097972640987,1.0541079645432785,1.4960541888719647,1.1650856970507848e-07,8.689358351403391e-07,0.38845178,0.4331004,-0.0446486199999999,0.3396226415094339,0.3973509933774834,0.26427457,A · selective + heterogeneous,False
0,MTC,50,MED19,ENSG00000156603.19,protein_coding,0.0,0.43019757326789393,0.0,1.073998729983994,0.4287023700821532,0.6452963599018409,1.1450492553739722,1.3798462525363318e-05,5.13883415537261e-05,0.4023564,0.5539844,-0.151628,0.4528301886792453,0.5728476821192053,0.36121774,A · selective + heterogeneous,False
0,MTC,51,NSMCE2,ENSG00000156831.8,protein_coding,0.0,0.20313176307594727,0.0,0.8530261655384526,0.5483285209245317,0.3046976446139209,0.9070896945906042,0.0001048521549593,0.0002935586603223,0.46798703,0.48732543,-0.0193383999999999,0.4716981132075472,0.4809602649006622,0.29558843,A · selective + heterogeneous,False
0,MTC,52,MRPL17,ENSG00000158042.9,protein_coding,0.0,0.5092998110384533,0.0,1.195484980626223,0.4315352640685433,0.7639497165576801,1.3735748504504934,1.0656381192434396e-07,8.06849253648892e-07,0.477712,0.547045,-0.0693329999999999,0.5094339622641509,0.5455298013245033,0.31413382,A · selective + heterogeneous,False
0,MTC,53,PEF1,ENSG00000162517.13,protein_coding,0.0,0.5145577745397968,0.0,1.0548222728938632,0.282985611084168,0.7718366618096952,1.1163779186095275,3.692121210550351e-05,0.0001193380167089,0.40824366,0.42589438,-0.01765072,0.3018867924528302,0.3774834437086092,0.22631814,A · selective + heterogeneous,False
0,MTC,54,UQCRQ,ENSG00000164405.11,protein_coding,0.0,0.8481107652234107,0.0,1.431546151685466,0.1593800038503497,1.272166147835116,1.9910360920739505,9.093034191776597e-13,6.686757543655601e-11,0.48682493,0.54137737,-0.0545524399999999,0.3773584905660377,0.5467811158798284,0.23313522,A · selective + heterogeneous,False
0,MTC,55,MRPL58,ENSG00000167862.10,protein_coding,0.0,1.0,0.0,1.6551087116713683,0.1126377482859447,1.542470963385424,1.770253166133411,4.4727842143856513e-08,3.923871313182979e-07,0.38066608,0.41589862,-0.0352325399999999,0.3018867924528302,0.353476821192053,0.27358824,A · selective + heterogeneous,False
0,MTC,56,SDHAF2,ENSG00000167985.7,protein_coding,0.0,0.5066825442720622,0.0,0.8850731958151543,0.1250493794070611,0.7600238164080932,1.0220155868296297,3.2217511464869535e-05,0.0001062958992543,0.38694826,0.50631773,-0.11936947,0.320754716981132,0.478476821192053,0.20105472,A · selective + heterogeneous,False
0,MTC,57,THAP11,ENSG00000168286.3,protein_coding,0.0,0.1967297450168648,0.0,0.7494734713163702,0.454378853791073,0.2950946175252972,0.8468627858544058,0.0003182965644834,0.0007642799679703,0.5031878,0.5850399,-0.0818520999999999,0.5094339622641509,0.5960264900662252,0.3283104,A · selective + heterogeneous,False
0,MTC,58,PYM1,ENSG00000170473.17,protein_coding,0.0,0.6815192872980784,0.0,1.1404355106092798,0.1181565796621621,1.0222789309471176,1.48791672355681,7.081584360003877e-10,1.2701450749671066e-08,0.41503593,0.41981354,-0.0047776099999999,0.3396226415094339,0.3774834437086092,0.2504279,A · selective + heterogeneous,False
0,MTC,59,DRAP1,ENSG00000175550.8,protein_coding,0.0,0.5520498492453134,0.0,1.0734190134104618,0.2453442395424915,0.8280747738679701,1.149185325479158,9.970070454094156e-06,3.8874363482423184e-05,0.438347,0.4546598,-0.0163128,0.3773584905660377,0.4362582781456953,0.30819374,A · selective + heterogeneous,False
0,MTC,60,AURKAIP1,ENSG00000175756.13,protein_coding,0.0,0.6082662030717099,0.0,1.0644227478693244,0.1520234432617596,0.9123993046075648,1.2020388121247874,5.49130695811658e-06,2.323828649917865e-05,0.44628558,0.46610868,-0.0198230999999999,0.3962264150943396,0.4445364238410596,0.26922056,A · selective + heterogeneous,False
0,MTC,61,MRPL14,ENSG00000180992.7,protein_coding,0.0,0.5656630550534945,0.0,1.0562959844334292,0.2078014018531875,0.8484945825802417,1.4093453355771384,3.403637642964238e-08,3.1153209692252335e-07,0.431079,0.5119554,-0.0808763999999999,0.4150943396226415,0.5099337748344371,0.3132068,A · selective + heterogeneous,False
0,MTC,62,NDUFA6,ENSG00000184983.11,protein_coding,0.0,0.5979788230015107,0.0,1.1683926131257822,0.2714243786235162,0.896968234502266,1.2976130075055603,1.9015513143281e-06,9.32913627156878e-06,0.4592229,0.5441122,-0.0848893,0.4150943396226415,0.5322847682119205,0.3031244,A · selective + heterogeneous,False
0,MTC,63,LAMTOR4,ENSG00000188186.10,protein_coding,0.0,0.9236400262422496,0.0,1.509198260163821,0.1237382208004466,1.3854600393633745,2.1739985908738317,1.0099950721287829e-13,1.3262884268597249e-11,0.4409779,0.56566143,-0.12468353,0.3773584905660377,0.5786423841059603,0.29498386,A · selective + heterogeneous,False
0,MTC,64,MRPL20,ENSG00000242485.6,protein_coding,0.0,0.49823065819566753,0.0,0.8119726188152516,0.0646266315217502,0.7473459872935013,0.8654919117442326,0.0006159993637026,0.0013598586176327,0.37604517,0.4440766,-0.06803143,0.3584905660377358,0.4163907284768212,0.3392374,A · selective + heterogeneous,False
0,MTC,65,MRPL12,ENSG00000262814.8,protein_coding,0.0,0.6745106290911426,0.0,1.228476085194163,0.2167101415574487,1.011765943636714,1.4416883830113565,1.769524176803723e-07,1.2379454542694814e-06,0.39095712,0.51933306,-0.12837594,0.3773584905660377,0.5190397350993378,0.327562,A · selective + heterogeneous,False
1,PN,1,KIF18B,ENSG00000186185.14,protein_coding,0.6148312098098289,0.7421327655127103,0.5093662941765689,1.1822319483499186,0.0690328000808531,1.1131991482690655,1.7578239506750897,4.4713421922453885e-19,4.876415480678467e-17,0.70143384,0.44883847,0.25259537,0.7547169811320755,0.4114238410596026,0.31131393,A · selective + heterogeneous,False
1,PN,2,VRK1,ENSG00000100749.8,protein_coding,0.5684006447575329,0.46393877006897427,0.6963834751571777,1.043072847555218,0.3471646924517567,0.6959081551034614,1.3776873894520083,1.7877587950696037e-12,3.413452215690019e-11,0.78777075,0.4802811,0.3074896499999999,0.8113207547169812,0.5024834437086093,0.25721654,A · selective + heterogeneous,False
1,PN,3,CTDNEP1,ENSG00000175826.12,protein_coding,0.513129389097284,0.34440788367024044,0.7645056412455847,0.5641171783730411,0.0475053528676804,0.5166118255053607,0.630614418912322,0.0002918316217294,0.0007146681522428,0.787572,0.44991767,0.33765433,0.8490566037735849,0.4437086092715231,0.25943357,A · selective + heterogeneous,False
1,PN,4,BCCIP,ENSG00000107949.17,protein_coding,0.4775923955489661,0.706527337129843,0.32283888294089,1.158648832507502,0.0988578268127375,1.0597910056947644,1.4054405553711633,3.674245587507336e-10,3.847344708350846e-09,0.63273126,0.45525166,0.1774796,0.7547169811320755,0.4685430463576159,0.24952194,A · selective + heterogeneous,False
1,PN,5,KIF2C,ENSG00000142945.13,protein_coding,0.45372171208669715,0.5592092953114787,0.3681329937554384,1.0126236933905293,0.1738097504233112,0.838813942967218,1.4100692806503965,1.984180454501914e-13,4.916772371014894e-12,0.5544296,0.32346776,0.2309618399999999,0.5660377358490566,0.2649006622516556,0.27716026,A · selective + heterogeneous,False
1,PN,6,PTK2,ENSG00000169398.19,protein_coding,0.44712973336879586,0.3435426848488931,0.5819509693544699,0.9329237946219974,0.4176097673486577,0.5153140272733396,1.1332774019714351,3.946270734243171e-09,3.1104816883138766e-08,0.7994874,0.5462915,0.2531958999999999,0.7924528301886793,0.5554635761589404,0.26704064,A · selective + heterogeneous,False
1,PN,7,E2F3,ENSG00000112242.15,protein_coding,0.3893495221816956,0.595316938702782,0.2546425955112946,1.1655469411114243,0.2725715330572514,0.8929754080541731,1.6495424353055643,1.1362618458624367e-16,7.2210141700759e-15,0.52546453,0.3568987,0.16856583,0.4716981132075472,0.2938741721854304,0.32258826,A · selective + heterogeneous,False
1,PN,8,MCM10,ENSG00000065328.17,protein_coding,0.35723062683391554,0.7941301378229785,0.1606962318518617,1.362597838854687,0.1714026321202194,1.1911952067344678,1.9419722456062587,8.468316264553148e-18,7.169655395298319e-16,0.6104435,0.51887584,0.09156766,0.6981132075471698,0.5521523178807947,0.27660415,A · selective + heterogeneous,False
1,PN,9,PDCL,ENSG00000136940.14,protein_coding,0.3360713817731824,0.6396765994072765,0.17656417907359725,1.044552163984389,0.0850372648734744,0.9595148991109148,1.3925098986507674,9.552169137137069e-12,1.4945515456026378e-10,0.5017815,0.37938476,0.12239674,0.5094339622641509,0.3576158940397351,0.29859284,A · selective + heterogeneous,False
1,PN,10,COIL,ENSG00000121058.5,protein_coding,0.31852888555691233,0.6887046300805674,0.1473209943749896,1.2482084132546585,0.215151468133807,1.0330569451208511,1.907391312208276,4.145878414940845e-21,7.5678452938828e-19,0.43941534,0.3227958,0.1166195399999999,0.3773584905660377,0.2392384105960265,0.28792506,A · selective + heterogeneous,False
1,PN,11,TAF1A,ENSG00000143498.18,protein_coding,0.314197842151775,0.30143471240659026,0.32750137907034693,0.8038314968798944,0.351679428270009,0.4521520686098854,1.1682998561476974,1.660017592958929e-11,2.4428549346813557e-10,0.7038969,0.54205686,0.16184004,0.7735849056603774,0.5769867549668874,0.23677196,A · selective + heterogeneous,False
1,PN,12,RICTOR,ENSG00000164327.13,protein_coding,0.31285698558557273,0.5413370512276732,0.18081063028609426,1.261554999691255,0.4495494228497452,0.8120055768415098,1.584606168576952,4.291612989390647e-12,7.354030300994439e-11,0.56488746,0.45354933,0.11133813,0.5471698113207547,0.4337748344370861,0.2826142,A · selective + heterogeneous,False
1,PN,13,NUP35,ENSG00000163002.13,protein_coding,0.304898305621484,0.41074757293536074,0.22632629599367457,0.9925881775866228,0.3764668181835815,0.6161213594030411,1.411773717222072,6.222239590094479e-14,1.795906804834397e-12,0.62063843,0.493792,0.1268464299999999,0.6792452830188679,0.4875827814569536,0.2854643,A · selective + heterogeneous,False
1,PN,14,KIF20A,ENSG00000112984.12,protein_coding,0.30130912432034423,0.6426674426539337,0.1412662014179239,0.9462930193478858,-0.0177081446330148,0.9640011639809006,1.2487778845576911,1.0193496923064575e-10,1.2219852063616022e-09,0.6090884,0.52841324,0.0806751599999999,0.660377358490566,0.5132450331125827,0.25396144,A · selective + heterogeneous,False
1,PN,15,AASDHPPT,ENSG00000149313.11,protein_coding,0.2944980415033908,0.4450229863091158,0.19488677914962876,1.01043643478899,0.3429019553253163,0.6675344794636737,1.431904525165052,6.92657387436812e-14,1.9677280174225904e-12,0.5179986,0.38712993,0.1308686699999999,0.5094339622641509,0.3667218543046358,0.31490725,A · selective + heterogeneous,False
1,PN,16,VPS4A,ENSG00000132612.16,protein_coding,0.28637412690897684,0.29193714978868396,0.28091711048847695,0.6268935635906779,0.188987838907652,0.4379057246830259,0.8691444442461491,4.260106805642373e-07,2.0331286661157687e-06,0.5463252,0.367467,0.1788581999999999,0.5660377358490566,0.2938741721854304,0.31955644,A · selective + heterogeneous,False
1,PN,17,PPRC1,ENSG00000148840.11,protein_coding,0.2833048180464099,0.2770803119882793,0.2896691553158946,0.6899718108998031,0.274351342917384,0.415620467982419,0.8871676404189529,6.409168949309459e-08,3.7516304393296985e-07,0.66574365,0.5143955,0.15134815,0.7169811320754716,0.5364238410596026,0.27329272,A · selective + heterogeneous,False
1,PN,18,EIF3L,ENSG00000100129.18,protein_coding,0.2801912571749967,0.4953150396212847,0.1584994080884992,0.9402508332431349,0.1972782738112078,0.7429725594319271,1.1813397279264966,1.386400057150876e-09,1.2368514617313432e-08,0.5516302,0.4516851,0.0999450999999999,0.5849056603773585,0.4279801324503311,0.27605864,A · selective + heterogeneous,False
1,PN,19,INTS12,ENSG00000138785.15,protein_coding,0.2790090506599476,0.17643613980491626,0.4412137470035267,0.5970425443698668,0.3323883346624924,0.2646542097073744,0.7802464622495646,7.227084142171766e-06,2.5910390256472613e-05,0.68751144,0.46428224,0.2232291999999999,0.7924528301886793,0.4875827814569536,0.26969904,A · selective + heterogeneous,False
1,PN,20,SKA1,ENSG00000154839.10,protein_coding,0.27138664560908204,0.4556308740854413,0.1616455679452887,0.8360524080292181,0.1526060969010562,0.6834463111281619,1.0512362834059137,2.7004875463627337e-08,1.743731772912294e-07,0.64040446,0.5526051,0.0877993599999999,0.6981132075471698,0.5951986754966887,0.28730673,A · selective + heterogeneous,False
1,PN,21,E2F1,ENSG00000101412.13,protein_coding,0.26969861401395456,0.5320600975262376,0.13670888446480642,0.9071009235602066,0.1090107772708501,0.7980901462893565,1.120942279066463,1.137766943822456e-08,8.051648501540384e-08,0.3848714,0.26131564,0.1235557599999999,0.320754716981132,0.1903973509933774,0.28671122,A · selective + heterogeneous,False
1,PN,22,GABPB1,ENSG00000104064.18,protein_coding,0.26717524553527905,0.5438469926745271,0.13125495366958215,1.2283758542501575,0.4126053652383669,0.8157704890117906,1.7042457057191704,1.803567266530679e-16,1.0795398675806187e-14,0.5734863,0.49387503,0.07961127,0.6037735849056604,0.5016556291390728,0.3032185,A · selective + heterogeneous,False
1,PN,23,GTF3C3,ENSG00000119041.11,protein_coding,0.26119683850747993,0.2564757579956119,0.26600482236402945,0.8723845140476212,0.4876708770542032,0.3847136369934179,1.2274101099013377,1.714154916895762e-12,3.2851019546584594e-11,0.6694934,0.53128797,0.1382054299999999,0.7547169811320755,0.5711920529801324,0.27131918,A · selective + heterogeneous,False
1,PN,24,SETD5,ENSG00000168137.18,protein_coding,0.25219079311855597,0.29254906253833335,0.21740010233474125,0.9541464991391936,0.5153229053316936,0.4388235938075,1.3500417115693106,1.489414368697279e-13,3.8449896711665554e-12,0.44373804,0.27332023,0.17041781,0.3962264150943396,0.2102649006622516,0.24986583,A · selective + heterogeneous,False
1,PN,25,COP1,ENSG00000143207.21,protein_coding,0.25065870814525876,0.6934089956447882,0.09060999837567112,1.1123481501292043,0.0722346566620217,1.0401134934671823,1.506830659717228,1.082865004377271e-12,2.1980110002099527e-11,0.37407264,0.2898164,0.08425624,0.3584905660377358,0.2524834437086092,0.34257805,A · selective + heterogeneous,False
1,PN,26,CHTF18,ENSG00000127586.17,protein_coding,0.2498138832912955,0.3828683568023276,0.1629985220149633,0.9980215506342384,0.4237190154307468,0.5743025352034914,1.2828655375492863,1.393700950186592e-10,1.6187308238223152e-09,0.46143776,0.3385659,0.12287186,0.4150943396226415,0.2839403973509933,0.2878752,A · selective + heterogeneous,False
1,PN,27,ARHGAP11A,ENSG00000198826.11,protein_coding,0.24660086928975042,0.48727657319801204,0.1247997381350585,1.0107201405057835,0.2798052807087655,0.7309148597970181,1.3246952849299198,1.7372806252388158e-11,2.536252338763281e-10,0.405046,0.29787156,0.10717444,0.2830188679245283,0.2052980132450331,0.21937522,A · selective + heterogeneous,False
1,PN,28,C3orf38,ENSG00000179021.10,protein_coding,0.24623224865546148,0.11711286606767747,0.5177084492397941,0.4916125854927382,0.3159432863912219,0.1756692991015162,0.6142906231797217,0.0002902382224154,0.0007113752374562,0.6351883,0.35168073,0.28350757,0.6226415094339622,0.3079470198675497,0.31602252,A · selective + heterogeneous,False
1,PN,29,ZEB2,ENSG00000169554.22,protein_coding,0.24499120945947406,0.46417178442398493,0.12930706847444146,1.1244022176846091,0.4281445410486318,0.6962576766359774,1.5012845399879098,1.6834952241860166e-13,4.2647441023720165e-12,0.41956758,0.31236574,0.1072018399999999,0.3396226415094339,0.2152317880794702,0.27563176,A · selective + heterogeneous,False
1,PN,30,PTTG1,ENSG00000164611.13,protein_coding,0.2417766092465559,0.3160984230438606,0.18492951725561332,0.8642171558145197,0.3900695212487288,0.4741476345657909,1.0724592432944686,5.1572435343351545e-08,3.09554883597757e-07,0.52555144,0.40315384,0.1223976,0.5471698113207547,0.36341059602649,0.26056483,A · selective + heterogeneous,False
1,PN,31,POLQ,ENSG00000051341.14,protein_coding,0.24050448287422302,0.7016035491902487,0.08244314948143561,1.2559177644066508,0.2035124406212779,1.052405323785373,1.5483257377475603,7.595563421870844e-12,1.2143482229672992e-10,0.40538448,0.33464378,0.0707406999999999,0.3396226415094339,0.271523178807947,0.25546852,A · selective + heterogeneous,False
1,PN,32,DSCC1,ENSG00000136982.6,protein_coding,0.23881239165103693,0.27460679175712516,0.2076837140158187,0.902965653107026,0.4910554654713381,0.4119101876356877,1.302962635561396,5.143845721208368e-14,1.5182603345465708e-12,0.44225952,0.27891403,0.16334549,0.4716981132075472,0.2458609271523179,0.38587254,A · selective + heterogeneous,False
1,PN,33,EEFSEC,ENSG00000132394.11,protein_coding,0.23776295957307483,0.21001379812568013,0.2691786227832383,0.6516718532094266,0.3366511560209063,0.3150206971885202,0.8921364519939526,1.072661486158048e-07,5.937238995857169e-07,0.6540053,0.51083887,0.14316643,0.6792452830188679,0.5140728476821192,0.33950394,A · selective + heterogeneous,False
1,PN,34,DAXX,ENSG00000204209.13,protein_coding,0.23724656701072316,0.553715887230274,0.10165128878623977,0.8706178427499318,0.0400440119045208,0.8305738308454109,1.148256603327366,1.5593364373091642e-10,1.792505637492777e-09,0.44351345,0.36378965,0.0797237999999999,0.3962264150943396,0.3054635761589404,0.2728703,A · selective + heterogeneous,False
1,PN,35,TTF1,ENSG00000125482.13,protein_coding,0.23514705035375746,0.7008506860618234,0.07889574254507463,1.2376230757815123,0.1863470466887773,1.0512760290927352,1.6619128533786545,3.4338952932650604e-14,1.0648385187717602e-12,0.5162427,0.46308312,0.05315958,0.4716981132075472,0.4362582781456953,0.23013948,A · selective + heterogeneous,False
1,PN,36,PRDM10,ENSG00000170325.15,protein_coding,0.2308926877502431,0.33939579828539584,0.15707746980327084,0.972418194326194,0.4633244968981003,0.5090936974280937,1.2447763752952394,6.225409911616843e-11,7.889197454711684e-10,0.59353036,0.5014742,0.09205616,0.660377358490566,0.5240066225165563,0.25196385,A · selective + heterogeneous,False
1,PN,37,TRIM37,ENSG00000108395.14,protein_coding,0.21990555852575858,0.26685290259826067,0.18121764537569257,0.810615080242803,0.410335726345412,0.400279353897391,1.1791447462780396,1.1510353797303658e-11,1.7602702675876503e-10,0.4951591,0.3678564,0.1273027,0.4716981132075472,0.3286423841059602,0.3003862,A · selective + heterogeneous,False
1,PN,38,THAP12,ENSG00000137492.8,protein_coding,0.21968545201581682,0.5131887660877875,0.09404277922003065,1.0697421125392037,0.2999589634075224,0.7697831491316813,1.34231012846898,2.0922932075861616e-10,2.328270885208802e-09,0.5068607,0.44232222,0.06453848,0.490566037735849,0.4321192052980132,0.33914852,A · selective + heterogeneous,False
1,PN,39,NSMCE4A,ENSG00000107672.15,protein_coding,0.21878033055286733,0.5746741737523408,0.08329038474843577,0.9429585760381984,0.0809473154096873,0.8620112606285112,1.1369237629469309,1.9571821333182667e-08,1.3087543192347506e-07,0.45306367,0.38911706,0.0639466099999999,0.4528301886792453,0.3592715231788079,0.29347125,A · selective + heterogeneous,False
1,PN,40,ATP23,ENSG00000166896.9,protein_coding,0.21294937721486581,0.3749193223678446,0.12095252111788328,0.6754409061038932,0.1130619225521263,0.5623789835517669,0.6855283045403322,0.0006575629142351,0.0014965385344932,0.46070006,0.3693774,0.09132266,0.5094339622641509,0.2889072847682119,0.23300648,A · selective + heterogeneous,False
1,PN,41,QRICH1,ENSG00000198218.11,protein_coding,0.2111068755392045,0.22470285762726347,0.19833353865864645,0.826951227949866,0.4898969415089708,0.3370542864408952,1.073065351504949,7.146831564787854e-10,6.9282542679664705e-09,0.4726734,0.3267191,0.1459543,0.3962264150943396,0.2624172185430463,0.22903158,A · selective + heterogeneous,False
1,PN,42,DNLZ,ENSG00000213221.5,protein_coding,0.2072699374977775,0.2440320644819707,0.1760458285739191,0.6705460889692386,0.3044979922462825,0.3660480967229561,0.7606966004067521,3.823519819617892e-05,0.0001156809135033,0.59141684,0.48787546,0.10354138,0.6226415094339622,0.4809602649006622,0.33476424,A · selective + heterogeneous,False
1,PN,43,HSF1,ENSG00000185122.11,protein_coding,0.20447985134894728,0.24762411866564868,0.16885273467300538,0.6225565546642454,0.2511203766657724,0.371436177998473,0.7627077857525782,1.6011797081902174e-05,5.292302983100015e-05,0.605367,0.50834477,0.0970222299999999,0.6415094339622641,0.5057947019867549,0.25636074,A · selective + heterogeneous,False
1,PN,44,TRAPPC13,ENSG00000113597.18,protein_coding,0.2038804260697753,0.2468319432727282,0.16840295296976565,0.7120331548649946,0.3417852399559023,0.3702479149090923,0.9632053033762624,5.285909131512978e-08,3.164659902928147e-07,0.32696912,0.1478158,0.17915332,0.3018867924528302,0.0927152317880794,0.28628096,A · selective + heterogeneous,False
1,PN,45,BAP1,ENSG00000163930.10,protein_coding,0.2027049047620593,0.2496005255640474,0.16462015984037673,0.5773709450668651,0.202970156720794,0.3744007883460711,0.8400262253658909,8.287031202746116e-08,4.713838472305766e-07,0.6253219,0.5337502,0.0915717,0.6792452830188679,0.5645695364238411,0.2727343,A · selective + heterogeneous,False
1,PN,46,TACC3,ENSG00000013810.20,protein_coding,0.20001611937465466,0.23884412679688327,0.16750023769149744,0.5941646219342922,0.2358984317389673,0.3582661901953249,0.7734952672485709,1.5559683794387122e-06,6.574866877358984e-06,0.6617673,0.57372487,0.0880424299999999,0.6981132075471698,0.5844370860927153,0.30499426,A · selective + heterogeneous,False
1,PN,47,ARMC5,ENSG00000140691.18,protein_coding,0.19912381980676117,0.16449803908612146,0.2410381049811599,0.453433781024462,0.2066867223952797,0.2467470586291822,0.6687783779169624,1.9723139570187944e-05,6.382124292902909e-05,0.53081137,0.37285855,0.15795282,0.5660377358490566,0.3336092715231788,0.33841193,A · selective + heterogeneous,False
1,PN,48,CBX1,ENSG00000108468.15,protein_coding,0.1971711949081646,0.5996440058527314,0.0648326002129024,1.1285828978029655,0.2291168890238683,0.8994660087790971,1.8061680415390688,1.4371854687357082e-24,6.979298036664087e-22,0.39070037,0.33297968,0.05772069,0.3584905660377358,0.2293046357615894,0.23431803,A · selective + heterogeneous,False
1,PN,49,TSFM,ENSG00000123297.20,protein_coding,0.19625444934535036,0.4328210200403855,0.08898784279065947,0.799266046444114,0.1500345163835358,0.6492315300605782,0.8050576957209797,0.0001010114842106,0.0002763722313824,0.4933249,0.43057984,0.06274506,0.5283018867924528,0.4056291390728477,0.2969281,A · selective + heterogeneous,False
1,PN,50,POLR3D,ENSG00000168495.13,protein_coding,0.19493745677089921,0.3563082578828447,0.1066509439834564,1.0159122924949986,0.4814499056707315,0.534462386824267,1.4067439243563098,7.519832573896021e-15,2.850448465197876e-13,0.5769843,0.5126885,0.0642958,0.5849056603773585,0.5240066225165563,0.2814258,A · selective + heterogeneous,False
1,PN,51,ELAVL1,ENSG00000066044.15,protein_coding,0.19421457503149608,0.258029331063701,0.14618222276967677,0.8945360820038588,0.5074920854083073,0.3870439965955515,1.1617696420857564,3.176674433889399e-11,4.3629267118167207e-10,0.3788715,0.24466161,0.13420989,0.3396226415094339,0.1862582781456953,0.27741504,A · selective + heterogeneous,False
1,PN,52,CENPP,ENSG00000188312.14,protein_coding,0.19249388709403475,0.30652913564516826,0.12088213569187048,0.8455373235386392,0.3857436200708868,0.4597937034677524,1.0465574922936751,2.2978511402172573e-08,1.512585489690838e-07,0.43269286,0.33551568,0.09717718,0.4150943396226415,0.2971854304635761,0.3433966,A · selective + heterogeneous,False
1,PN,53,BRCA1,ENSG00000012048.23,protein_coding,0.1899979746403272,0.12941093089842934,0.2789503955872135,0.6990881231932619,0.5049717268456179,0.194116396347644,0.940510775123984,1.1224846097490481e-07,6.175824900752673e-07,0.6490021,0.49949467,0.14950743,0.6981132075471698,0.5057947019867549,0.28220683,A · selective + heterogeneous,False
1,PN,54,MARCHF9,ENSG00000139266.6,protein_coding,0.18989811426579356,0.5017694406342613,0.07186825438416722,0.9814927046687724,0.2288385437173806,0.7526541609513919,1.1044882864924783,3.808615260862077e-07,1.8405208333471305e-06,0.42928317,0.37104937,0.0582338,0.4565217391304347,0.2871559633027523,0.24702069,A · selective + heterogeneous,False
1,PN,55,CFDP1,ENSG00000153774.9,protein_coding,0.18728215814816082,0.6669009465850144,0.05259342776500546,1.0407340354332624,0.0403826155557406,1.0003514198775216,1.4232495777959435,1.0169052861111662e-12,2.0930873643280283e-11,0.50166625,0.46519938,0.0364668699999999,0.490566037735849,0.4461920529801324,0.25684312,A · selective + heterogeneous,False
1,PN,56,ZW10,ENSG00000086827.9,protein_coding,0.18605640514345928,0.296901679568462,0.11659410598559715,0.9005831011854739,0.4552305818327808,0.445352519352693,1.194432307705764,8.687900466846497e-11,1.0587555976121926e-09,0.45452678,0.36529922,0.08922756,0.4150943396226415,0.326158940397351,0.2905332,A · selective + heterogeneous,False
1,PN,57,PSTK,ENSG00000179988.15,protein_coding,0.1829205061125723,0.11412120762586835,0.29319626257525766,0.8014419222256838,0.6302601107868813,0.1711818114388025,1.035388422592786,2.9626550785794692e-08,1.89353902191404e-07,0.70472157,0.5600035,0.14471807,0.7547169811320755,0.5844370860927153,0.3197249,A · selective + heterogeneous,False
1,PN,58,INTS13,ENSG00000064102.15,protein_coding,0.181189795059017,0.3818705070963146,0.08597087552835897,0.8705220966403079,0.2977163359958359,0.5728057606444719,1.2041099736427106,8.810288524498817e-11,1.0726547116535031e-09,0.4543652,0.3885497,0.0658155,0.4716981132075472,0.3642384105960264,0.27433237,A · selective + heterogeneous,False
1,PN,59,NOL11,ENSG00000130935.10,protein_coding,0.18006165009270342,0.5859883154453235,0.05532908588709285,1.2255317320283314,0.3465492588603461,0.8789824731679853,1.8280863365574396,1.3729416130660061e-19,1.740727647147432e-17,0.5719874,0.5383402,0.0336471999999999,0.6037735849056604,0.5836092715231788,0.2918765,A · selective + heterogeneous,False
1,PN,60,ADAT3,ENSG00000213638.6,protein_coding,0.17440336561376488,0.31724287118937566,0.09587775392201528,0.4951880861142254,0.0193237793301618,0.4758643067840635,0.5370286267977717,0.0046511281720179,0.0086502447352697,0.5135949,0.44865987,0.0649350299999999,0.490566037735849,0.4387417218543046,0.3026301,A · selective + heterogeneous,False
1,PN,61,PFDN4,ENSG00000101132.10,protein_coding,0.1743309960934665,0.23119612322083802,0.13145244727962213,0.4831187311424492,0.1363245463111921,0.346794184831257,0.6104980533574725,0.00029070444857,0.0007122999536348,0.45991623,0.36049667,0.0994195599999999,0.4339622641509434,0.3170529801324503,0.29423475,A · selective + heterogeneous,False
1,PN,62,POC1A,ENSG00000164087.8,protein_coding,0.1646510472174557,0.2683822333744879,0.10101252608616923,0.8433007154670455,0.4407273654053136,0.4025733500617319,1.1238432806217205,2.3490570844077117e-09,1.9758180143295973e-08,0.38763198,0.2969883,0.09064368,0.320754716981132,0.2243377483443708,0.3087108,A · selective + heterogeneous,False
1,PN,63,RNF8,ENSG00000112130.17,protein_coding,0.161707636867102,0.24161574200810407,0.10822705343539016,0.6484402459467964,0.2860166329346402,0.3624236130121561,0.6157925430209038,0.0026301332106941,0.0052060577233596,0.58202577,0.51734495,0.0646808199999999,0.5849056603773585,0.5372516556291391,0.2723965,A · selective + heterogeneous,False
1,PN,64,RPL22,ENSG00000116251.11,protein_coding,0.16041353221570073,0.4171175138359238,0.06169125118069178,0.8283775742214075,0.2027013034675216,0.6256762707538858,1.032544795948735,2.082402204946342e-07,1.0745161978931224e-06,0.42266464,0.37189436,0.05077028,0.3584905660377358,0.3079470198675497,0.26959363,A · selective + heterogeneous,False
1,PN,65,E4F1,ENSG00000167967.16,protein_coding,0.16000119127319073,0.15524224891097393,0.16490601874442762,0.5498789720410454,0.3170155986745845,0.2328633733664609,0.746003131690881,7.512347844342134e-06,2.6817310515627995e-05,0.58898056,0.49158987,0.09739069,0.5660377358490566,0.4875827814569536,0.2869935,A · selective + heterogeneous,False
1,PN,66,KIAA1143,ENSG00000163807.6,protein_coding,0.15753718159274574,0.308358063270125,0.08048423745107304,0.8081147645044893,0.3455776695993017,0.4625370949051875,1.1526950344255835,4.0517258507779275e-11,5.389318860326734e-10,0.42632246,0.36065435,0.06566811,0.3584905660377358,0.2649006622516556,0.22308885,A · selective + heterogeneous,False
1,PN,67,NKAPD1,ENSG00000150776.18,protein_coding,0.1560979846529213,0.5851974494900184,0.04163822114046871,1.2070716542296844,0.3292754799946569,0.8777961742350275,1.7177359474387524,1.1586596606928482e-16,7.345217326825745e-15,0.4484003,0.41609988,0.0323004199999999,0.3773584905660377,0.3874172185430463,0.2690598,A · selective + heterogeneous,False
1,PN,68,DHX38,ENSG00000140829.12,protein_coding,0.15399743800419802,0.17908989113865473,0.1324207120852849,0.6187107035419177,0.3500758668339356,0.2686348367079821,0.8920541034602975,5.003520640147934e-09,3.841903765994258e-08,0.5952182,0.51783234,0.07738586,0.6792452830188679,0.5298013245033113,0.265083,A · selective + heterogeneous,False
1,PN,69,MAD2L1BP,ENSG00000124688.14,protein_coding,0.14601046889836292,0.21971165708222432,0.09703197960016029,0.7750894853122461,0.4455219996889096,0.3295674856233365,1.021977489816328,7.300788464989566e-07,3.314068668640237e-06,0.56734467,0.50785387,0.0594907999999999,0.5849056603773585,0.4867549668874172,0.29662335,A · selective + heterogeneous,False
1,PN,70,FASN,ENSG00000169710.9,protein_coding,0.14528828023824913,0.2816221475926409,0.07495392161102747,0.7680384263354654,0.345605204946504,0.4224332213889614,1.0770391771426286,6.556427932535755e-11,8.257774963392408e-10,0.3585224,0.28580138,0.07272102,0.3018867924528302,0.2367549668874172,0.32746047,A · selective + heterogeneous,False
1,PN,71,CACNB3,ENSG00000167535.8,protein_coding,0.14404761722092121,0.17655372423204518,0.1175263570184088,0.6545165433420165,0.3896859569939487,0.2648305863480678,0.8302359666617168,2.742771205176092e-06,1.0932855084222124e-05,0.6001737,0.5320591,0.0681146,0.6981132075471698,0.5761589403973509,0.21289451,A · selective + heterogeneous,False
1,PN,72,NUP58,ENSG00000139496.16,protein_coding,0.14321594003092947,0.40263245353348304,0.0509417591625835,0.9690599055404728,0.3651112252402483,0.6039486803002245,1.2435966859717271,2.0653712239994392e-10,2.302853369671858e-09,0.46986806,0.43215603,0.0377120299999999,0.4528301886792453,0.390728476821192,0.30263454,A · selective + heterogeneous,False
1,PN,73,KCTD10,ENSG00000110906.13,protein_coding,0.14267991836531063,0.1125031377110372,0.18095103406822147,0.5264016463879347,0.3576469398213789,0.1687547065665558,0.6327898222731901,0.0001026862145921,0.000280447558486,0.4922118,0.36433524,0.1278765599999999,0.4528301886792453,0.3344370860927152,0.35548505,A · selective + heterogeneous,False
1,PN,74,ORC5,ENSG00000164815.11,protein_coding,0.14226652306851062,0.18145830079850786,0.11153947489278758,0.5193243805112374,0.2471369293134756,0.2721874511977618,0.6650157736353283,1.693612829225248e-05,5.567935361234257e-05,0.5612605,0.49213377,0.06912673,0.6226415094339622,0.4908940397350993,0.29934472,A · selective + heterogeneous,False
1,PN,75,FBXO42,ENSG00000037637.11,protein_coding,0.13766234861487428,0.17656240218466093,0.10733271631829644,0.8239836373673287,0.5591400340903373,0.2648436032769914,1.0766118088854313,4.5322303085341815e-09,3.5178089167989375e-08,0.30868718,0.18774009,0.12094709,0.3018867924528302,0.1473509933774834,0.36602488,A · selective + heterogeneous,False
1,PN,76,WAC,ENSG00000095787.23,protein_coding,0.13757794171688684,0.30870050710906943,0.06131408796282805,0.9705319072120304,0.5074811465484262,0.4630507606636042,1.1520216808915502,3.3228193353684626e-08,2.093067157457501e-07,0.45498142,0.40810564,0.04687578,0.4528301886792453,0.3923841059602649,0.25403988,A · selective + heterogeneous,False
1,PN,77,EXOC1,ENSG00000090989.18,protein_coding,0.13617171073892323,0.21009247916574333,0.08825986955457123,0.7433697800037518,0.4282310612551367,0.315138718748615,0.7189336608976385,0.0006181335965203,0.0014138027643508,0.60704523,0.5564716,0.05057363,0.6792452830188679,0.581953642384106,0.22380467,A · selective + heterogeneous,False
1,PN,78,BRD2,ENSG00000204256.14,protein_coding,0.1349317147322349,0.18626319483617018,0.09774645848094143,0.6807212382619796,0.4013264460077242,0.2793947922542553,0.9622257345123564,4.303673078769748e-10,4.411307753937705e-09,0.5112341,0.44472775,0.06650635,0.4528301886792453,0.429635761589404,0.33899722,A · selective + heterogeneous,False
1,PN,79,COG4,ENSG00000103051.20,protein_coding,0.12730194414271134,0.1861385437805888,0.0870630265680847,0.4488588030526153,0.169650987381732,0.2792078156708832,0.6340036921075776,0.0001841293323869,0.0004726359586092,0.5520252,0.49716508,0.05486012,0.5849056603773585,0.5033112582781457,0.2704811,A · selective + heterogeneous,False
1,PN,80,KATNB1,ENSG00000140854.13,protein_coding,0.12679412032002843,0.20470381198024845,0.0785366368716234,0.7494374865427496,0.4423817685723768,0.3070557179703727,0.9753422500490172,1.6260544181823918e-07,8.60254647794006e-07,0.5275928,0.4758136,0.0517791999999999,0.490566037735849,0.4528145695364238,0.32816344,A · selective + heterogeneous,False
1,PN,81,ZMYND8,ENSG00000101040.19,protein_coding,0.12499745583397534,0.23255149473439982,0.06718668475045242,0.7607915676665568,0.411964325564957,0.3488272421015997,0.9333629951624064,2.976668586133519e-07,1.4758908894221636e-06,0.4377738,0.38438928,0.0533845199999999,0.3962264150943396,0.3394039735099338,0.29668713,A · selective + heterogeneous,False
1,PN,82,CENPL,ENSG00000120334.15,protein_coding,0.12474127407096061,0.14797957477502907,0.10515225145431531,0.7388404140993071,0.5168710519367635,0.2219693621625436,0.9725717797035992,7.443093978460882e-08,4.2876086127490193e-07,0.5491428,0.48253652,0.06660628,0.5849056603773585,0.4867549668874172,0.26618984,A · selective + heterogeneous,False
1,PN,83,NFRKB,ENSG00000170322.14,protein_coding,0.12441636685660877,0.13842980462510213,0.11182152849034145,0.6973583801296386,0.4897136731919853,0.2076447069376532,0.8996811552766105,6.149240546025871e-07,2.833825482070078e-06,0.55990136,0.4904316,0.0694697599999999,0.5849056603773585,0.4826158940397351,0.29705784,A · selective + heterogeneous,False
1,PN,84,TOMM70,ENSG00000154174.8,protein_coding,0.12364056693417405,0.6169976711150421,0.024776414089500903,1.2181825606433163,0.2926860539707533,0.9254965066725632,1.745319253938651,8.898830024348543e-18,7.436301531385804e-16,0.37091604,0.34768093,0.02323511,0.3018867924528302,0.2980132450331126,0.29647407,A · selective + heterogeneous,False
1,PN,85,MEMO1,ENSG00000162959.13,protein_coding,0.11960420724568402,0.10240531595039408,0.1396916386430375,0.6094940999817671,0.4558861260561759,0.1536079739255911,0.8295023768048321,2.3582315123255406e-07,1.1971629716811589e-06,0.48876882,0.38935453,0.09941429,0.490566037735849,0.3460264900662251,0.22493245,A · selective + heterogeneous,False
1,PN,86,DPH2,ENSG00000132768.14,protein_coding,0.10941613327911669,0.14234245334848214,0.0841062517901381,0.7933387548670733,0.5798250748443501,0.2135136800227232,1.0160020278002897,3.7061837332850566e-08,2.3091202354706078e-07,0.38747257,0.3119687,0.07550387,0.320754716981132,0.2557947019867549,0.28941244,A · selective + heterogeneous,False
1,PN,87,RTRAF,ENSG00000087302.9,protein_coding,0.10775600064022597,0.28835012305762053,0.04026825288247269,0.73070417032726,0.2981789857408291,0.4325251845864308,0.87553964138075,1.2912613882360657e-06,5.56598318714116e-06,0.49946693,0.47142306,0.0280438699999999,0.5094339622641509,0.4693708609271523,0.28982565,A · selective + heterogeneous,False
1,PN,88,EPC1,ENSG00000120616.16,protein_coding,0.10496124247074562,0.4664639920663532,0.023617819613899662,1.1526873174951646,0.4529913293956348,0.6996959880995298,1.4417899832416756,3.3506656031741555e-11,4.561020863986305e-10,0.35432383,0.33113807,0.02318576,0.3018867924528302,0.271523178807947,0.24017881,A · selective + heterogeneous,False
1,PN,89,NME2,ENSG00000243678.12,protein_coding,0.10479429504159159,0.2507277376171099,0.04379987781820409,0.5757149042839508,0.1996232978582858,0.3760916064256649,0.7070869929926921,3.849821729821324e-05,0.000116312609088,0.43197802,0.39670902,0.0352689999999999,0.3584905660377358,0.3427152317880794,0.23909158,A · selective + heterogeneous,False
1,PN,90,ADAT2,ENSG00000189007.16,protein_coding,0.1045538497536662,0.11973758788508267,0.09129553794589254,0.5703990230834806,0.3907926412558565,0.179606381827624,0.7429775037898405,4.559085623600486e-06,1.7182859244432467e-05,0.48059112,0.4145133,0.06607782,0.4528301886792453,0.4006622516556291,0.3600253,A · selective + heterogeneous,False
1,PN,91,LRRC37B,ENSG00000185158.12,protein_coding,0.09761200304596387,0.3257693432766547,0.02924800425604709,0.9015891392308298,0.4129351243158478,0.488654014914982,1.2470018201421045,1.2649758786292365e-12,2.518016176655784e-11,0.48221916,0.46112153,0.0210976299999999,0.4150943396226415,0.4594370860927152,0.24575587,A · selective + heterogeneous,False
1,PN,92,THOC6,ENSG00000131652.14,protein_coding,0.09710976410016486,0.32136810696644796,0.029344250655757284,0.5690826404176088,0.0870304799679368,0.4820521604496719,0.560255102295329,0.0036550013836449,0.0069786665884461,0.48788527,0.46696404,0.0209212299999999,0.4716981132075472,0.4362582781456953,0.28475568,A · selective + heterogeneous,False
1,PN,93,CASC3,ENSG00000108349.17,protein_coding,0.09681495483930394,0.38639298162037367,0.02425803761038665,0.9045258404821132,0.3249363680515528,0.5795894724305605,1.312500056689069,1.547866969891312e-13,3.968027895524161e-12,0.45323426,0.43461704,0.0186172199999999,0.4150943396226415,0.4188741721854304,0.31793952,A · selective + heterogeneous,False
1,PN,94,RGP1,ENSG00000107185.10,protein_coding,0.09633700432763662,0.2051618218691316,0.04523657627072114,0.689310959203527,0.3815682263998296,0.3077427328036974,1.0321728902064615,6.968085587733089e-13,1.5060461209124515e-11,0.5245893,0.49459407,0.02999523,0.5660377358490566,0.4735099337748344,0.28357807,A · selective + heterogeneous,False
1,PN,95,SMG8,ENSG00000167447.12,protein_coding,0.09550553623869018,0.48359432023052246,0.018861485899776008,0.9685819095132432,0.2431904291674593,0.7253914803457837,1.218154988299765,1.1792878494441182e-09,1.0724069947469736e-08,0.36230603,0.34419754,0.0181084899999999,0.3018867924528302,0.2690397350993377,0.20352231,A · selective + heterogeneous,False
1,PN,96,POGZ,ENSG00000143442.22,protein_coding,0.09391836650758309,0.23842032838360547,0.036996256264108233,0.825012815955558,0.4673823233801497,0.3576304925754082,1.1248815549344824,6.458448774571787e-11,8.152405814611508e-10,0.42138648,0.39084718,0.0305392999999999,0.4150943396226415,0.3509933774834437,0.2325571,A · selective + heterogeneous,False
1,PN,97,YTHDC1,ENSG00000083896.13,protein_coding,0.0934310178915792,0.18913258706923175,0.046154685660072026,0.8825193237622506,0.598820443158403,0.2836988806038476,1.230153047256593,4.854750736455385e-12,8.215093652523912e-11,0.5431885,0.5136324,0.0295560999999999,0.660377358490566,0.5306291390728477,0.23432153,A · selective + heterogeneous,False
1,PN,98,CCDC137,ENSG00000185298.13,protein_coding,0.09328143096135494,0.10230156008613721,0.08505662430633011,0.4009770399869293,0.2475246998577234,0.1534523401292058,0.525202919302849,0.0009451802399251,0.0020725037498035,0.50522274,0.44666192,0.05856082,0.5471698113207547,0.4139072847682119,0.24416077,A · selective + heterogeneous,False
1,PN,99,TIMM8A,ENSG00000126953.8,protein_coding,0.09286994589252252,0.4000681965187327,0.021558391607057463,0.7853973495173164,0.1852950547392174,0.6001022947780991,0.9475254712018756,2.7448696656576864e-07,1.373395323769392e-06,0.46872213,0.4527235,0.01599863,0.3962264150943396,0.4139072847682119,0.30116144,A · selective + heterogeneous,False
1,PN,100,METTL1,ENSG00000037897.17,protein_coding,0.0909786223698629,0.4450769282567589,0.01859703166537351,0.7626253575263413,0.0950099651412029,0.6676153923851383,0.7378118457753291,0.0003916836979674,0.0009324495012453,0.57588166,0.56464875,0.0112329099999999,0.5849056603773585,0.5662251655629139,0.32949334,A · selective + heterogeneous,False
1,PN,101,ACD,ENSG00000102977.17,protein_coding,0.0883916260199587,0.29619519921893883,0.026378143774967264,0.7099467949651932,0.265653996136785,0.4442927988284082,0.93261749467082,1.6128537167054418e-07,8.539730294294314e-07,0.41456676,0.3924342,0.0221325599999999,0.3584905660377358,0.3269867549668874,0.24154417,A · selective + heterogeneous,False
1,PN,102,PRRC2A,ENSG00000204469.13,protein_coding,0.08652412828689586,0.16628473171122968,0.04502172086856507,0.6167580943167675,0.367330996749923,0.2494270975668445,0.8853926506013733,4.702598335510857e-09,3.634698977759112e-08,0.57446635,0.5472055,0.02726085,0.5849056603773585,0.5711920529801324,0.2705018,A · selective + heterogeneous,False
1,PN,103,HSPA14,ENSG00000187522.16,protein_coding,0.08352019797379669,0.5633430186638803,0.012382550663584619,0.8955267389349229,0.0505122109391025,0.8450145279958203,1.0656305942890565,1.4399047038609606e-07,7.720889014161124e-07,0.42151573,0.41129744,0.0102182899999999,0.3962264150943396,0.390728476821192,0.32369047,A · selective + heterogeneous,False
1,PN,104,PA2G4,ENSG00000170515.14,protein_coding,0.08259916292242253,0.32945792704285987,0.020708628190322258,0.8951354945922404,0.4009486040279506,0.4941868905642898,1.038662831697238,1.1824753307343441e-07,6.471305562925908e-07,0.5020147,0.48766586,0.01434884,0.5283018867924528,0.4892384105960264,0.26702803,A · selective + heterogeneous,False
1,PN,105,RANBP1,ENSG00000099901.17,protein_coding,0.08163268865590079,0.1312976476500752,0.05075411461255845,0.8850392414078437,0.6880927699327309,0.1969464714751128,1.1450922946174775,3.9061308924586814e-10,4.054469500671202e-09,0.48918676,0.45309746,0.0360892999999999,0.4716981132075472,0.4312913907284768,0.2415559,A · selective + heterogeneous,False
1,PN,106,EPC2,ENSG00000135999.12,protein_coding,0.08156562263052702,0.17102910110274328,0.0388995250060332,0.8695901047974167,0.6130464531433018,0.2565436516541149,1.261826097959729,2.0889533731977253e-13,5.140103433973524e-12,0.38879406,0.35399187,0.03480219,0.3584905660377358,0.3187086092715231,0.31561065,A · selective + heterogeneous,False
1,PN,107,ACACA,ENSG00000278540.5,protein_coding,0.08139849864417387,0.4099977068107032,0.016160372293459395,0.9224297723074748,0.30743321209142,0.6149965602160548,1.370916901467802,4.61691734402112e-16,2.475629554175324e-14,0.37588498,0.36093026,0.0149547199999999,0.3773584905660377,0.3137417218543046,0.3002712,A · selective + heterogeneous,False
1,PN,108,DNAJA1,ENSG00000086061.16,protein_coding,0.08016351167589175,0.30292097134937696,0.021214076316951738,0.8189919302132357,0.3646104731891702,0.4543814570240654,1.1246087270381415,7.369398426823277e-11,9.145302637877412e-10,0.47659472,0.46111166,0.01548306,0.490566037735849,0.4528145695364238,0.29538795,A · selective + heterogeneous,False
1,PN,109,MRE11,ENSG00000020922.13,protein_coding,0.07523566779324535,0.13339385418716435,0.04243378184690192,0.8585687232958308,0.6584779420150842,0.2000907812807465,1.1039449309060378,8.253728511311994e-09,6.028219762319754e-08,0.5961424,0.5713828,0.0247595999999999,0.6415094339622641,0.597682119205298,0.29581976,A · selective + heterogeneous,False
1,PN,110,TOR2A,ENSG00000160404.18,protein_coding,0.07204689647270388,0.20305169676732007,0.025563712955802936,0.5045320421511518,0.1999544970001716,0.3045775451509801,0.5456866091767958,0.0032631431219403,0.0063001108448353,0.40675065,0.38488927,0.0218613799999999,0.3584905660377358,0.3211920529801324,0.24236073,A · selective + heterogeneous,False
1,PN,111,GCN1,ENSG00000089154.11,protein_coding,0.07059853103443205,0.11240841569682232,0.04433967468825879,0.6522601276658901,0.4836475041206566,0.1686126235452335,0.8723686709942262,1.9045395792184162e-07,9.916860143622009e-07,0.57539666,0.5485922,0.02680446,0.6226415094339622,0.5678807947019867,0.2944231,A · selective + heterogeneous,False
1,PN,112,TCOF1,ENSG00000070814.22,protein_coding,0.0699913449634348,0.2120374142573016,0.023103414965464468,0.7269058829010425,0.40884976151509,0.3180561213859524,0.9149521853016892,1.9735285648180035e-07,1.0238318902977756e-06,0.58322054,0.5694413,0.0137792399999999,0.6037735849056604,0.5968543046357616,0.29439497,A · selective + heterogeneous,False
1,PN,113,EXOC2,ENSG00000112685.14,protein_coding,0.06671940907074031,0.19861840788580107,0.022412220469052575,0.6426094782040607,0.3446818663753591,0.2979276118287016,0.8520598019808796,1.124324702026663e-06,4.907218785952561e-06,0.41853726,0.3999107,0.01862656,0.3773584905660377,0.3294701986754967,0.24374923,A · selective + heterogeneous,False
1,PN,114,COX20,ENSG00000203667.10,protein_coding,0.06497436537218167,0.15528292071937208,0.027186944552306407,0.7288747150753558,0.4959503339962977,0.2329243810790581,1.0053659522520493,4.640528555036426e-08,2.8136142273151364e-07,0.500157,0.48124942,0.0189075799999999,0.4716981132075472,0.4644039735099338,0.21262829,A · selective + heterogeneous,False
1,PN,115,CD2BP2,ENSG00000169217.9,protein_coding,0.06260774147037823,0.23527606579177907,0.016660127662499705,0.5546889101753641,0.2017748114876954,0.3529140986876686,0.8106355539736799,8.601642742062353e-08,4.86569408560881e-07,0.4496822,0.43679512,0.0128870799999999,0.3773584905660377,0.396523178807947,0.3138063,A · selective + heterogeneous,False
1,PN,116,XRCC2,ENSG00000196584.3,protein_coding,0.059881681228226985,0.3352744499144708,0.01069516555059218,0.9431111045524404,0.4401994296807341,0.5029116748717062,1.2680477849617702,6.971237888197285e-11,8.709986444971927e-10,0.49491963,0.4874028,0.0075168299999999,0.490566037735849,0.478476821192053,0.28922394,A · selective + heterogeneous,False
1,PN,117,LSM12,ENSG00000161654.10,protein_coding,0.05836212359379253,0.1166999088429998,0.029187147652013187,0.4956672137148006,0.3206173504503009,0.1750498632644997,0.5897888776419798,0.0005033539147853,0.0011705083002841,0.56861055,0.5507556,0.01785495,0.5660377358490566,0.5653973509933775,0.28786772,A · selective + heterogeneous,False
1,PN,118,RSRC2,ENSG00000111011.18,protein_coding,0.05351960707797413,0.13590225595865832,0.02107653270047318,0.7817516469563155,0.5778982630183279,0.2038533839379875,1.066363542804599,2.958249456292797e-10,3.1817561431702476e-09,0.4791459,0.46384513,0.01530077,0.490566037735849,0.4652317880794702,0.24037483,A · selective + heterogeneous,False
1,PN,119,SARNP,ENSG00000205323.9,protein_coding,0.045377779978743704,0.12671600525235147,0.01625006179526056,0.6216905928615529,0.4316165849830257,0.1900740078785272,0.688354006501635,0.0002945400513392,0.0007206151940466,0.5101565,0.49907666,0.01107984,0.4528301886792453,0.4991721854304636,0.2629706,A · selective + heterogeneous,False
1,PN,120,MSL1,ENSG00000188895.12,protein_coding,0.037237612955295395,0.36143845954157255,0.003836447898674414,0.9849278091608074,0.4427701198484485,0.5421576893123589,1.404839801456794,6.447514158220472e-15,2.499188545245158e-13,0.37950748,0.37599114,0.00351634,0.3018867924528302,0.3178807947019867,0.2641328,A · selective + heterogeneous,False
1,PN,121,NASP,ENSG00000132780.17,protein_coding,0.029232404047804878,0.16435828172289613,0.0051992113659039135,0.7786561586202317,0.5321187360358876,0.2465374225843442,1.020605195862057,6.3634171585031944e-09,4.752804144676588e-08,0.49244347,0.48877096,0.00367251,0.4150943396226415,0.4900662251655629,0.24264883,A · selective + heterogeneous,False
1,PN,122,VEZT,ENSG00000028203.18,protein_coding,0.0,0.2896074177056877,0.0,0.8526064412913473,0.4181953147328157,0.4344111265585316,1.0800731863667534,1.2824625878241817e-08,8.967608727574644e-08,0.39383173,0.44329217,-0.0494604399999999,0.320754716981132,0.4172185430463576,0.2536881,A · selective + heterogeneous,False
1,PN,123,CS,ENSG00000062485.19,protein_coding,0.0,0.13043506861665194,0.0,0.6612486043687904,0.4655960014438124,0.1956526029249779,0.8141721528021725,1.5445079131202035e-06,6.532875048132752e-06,0.37572774,0.46718335,-0.09145561,0.3584905660377358,0.4246688741721854,0.23749276,A · selective + heterogeneous,False
1,PN,124,EXOC5,ENSG00000070367.16,protein_coding,0.0,0.19003132771003253,0.0,0.7447607984335053,0.4597138068684564,0.2850469915650488,0.9548297788773256,1.843601423807472e-07,9.622918970991018e-07,0.5168767,0.54974455,-0.03286785,0.5660377358490566,0.5736754966887417,0.22763829,A · selective + heterogeneous,False
1,PN,125,JMJD6,ENSG00000070495.15,protein_coding,0.0,0.5757582386407697,0.0,0.8507104269401505,-0.012926931021004,0.8636373579611546,1.133124620068714,1.8700773364176003e-10,2.1064354697906434e-09,0.36961862,0.46943307,-0.09981445,0.3584905660377358,0.4478476821192053,0.29901713,A · selective + heterogeneous,False
1,PN,126,ING3,ENSG00000071243.16,protein_coding,0.0,0.17918828427060426,0.0,0.7294485690947643,0.4606661426888579,0.2687824264059064,1.089335373075493,5.777672266731188e-11,7.383601231436311e-10,0.516764,0.52108943,-0.0043254299999999,0.5094339622641509,0.527317880794702,0.33177412,A · selective + heterogeneous,False
1,PN,127,NDE1,ENSG00000072864.16,protein_coding,0.0,0.1198439151166966,0.0,0.6138156096173908,0.4340497369423459,0.1797658726750449,0.7746298100178881,1.598818666595767e-05,5.286535822307535e-05,0.41275063,0.49746355,-0.0847129199999999,0.3962264150943396,0.4718543046357616,0.30103803,A · selective + heterogeneous,False
1,PN,128,SPAG5,ENSG00000076382.17,protein_coding,0.0,0.5819093571096889,0.0,1.119710917675261,0.2468468820107279,0.8728640356645334,1.4962610241217151,2.756939849217964e-13,6.5762852492281695e-12,0.43386734,0.44222182,-0.0083544799999999,0.4150943396226415,0.3948675496688741,0.28186023,A · selective + heterogeneous,False
1,PN,129,DDX1,ENSG00000079785.16,protein_coding,0.0,0.29435624877059674,0.0,0.6732239562265286,0.2316895830706334,0.4415343731558951,0.6043930581491882,0.0041361539992334,0.0077921484140147,0.36498085,0.40813556,-0.0431547099999999,0.320754716981132,0.3700331125827814,0.28920293,A · selective + heterogeneous,False
1,PN,130,TRMT6,ENSG00000089195.15,protein_coding,0.0,0.3655907422085753,0.0,0.943190153570571,0.3948040402577081,0.5483861133128629,1.1610890006886,6.266199962758186e-09,4.689719530138709e-08,0.40934303,0.44193584,-0.03259281,0.3584905660377358,0.4312913907284768,0.27635038,A · selective + heterogeneous,False
1,PN,131,NUP50,ENSG00000093000.19,protein_coding,0.0,0.37602608680465344,0.0,0.8326586845269943,0.2686195543200141,0.5640391302069802,1.0650293637881876,5.337153408908341e-09,4.0713590527114074e-08,0.53659207,0.5705973,-0.03400523,0.5283018867924528,0.5811258278145696,0.32614967,A · selective + heterogeneous,False
1,PN,132,BTAF1,ENSG00000095564.14,protein_coding,0.0,0.2821780722835232,0.0,0.969090542321877,0.5458234338965922,0.4232671084252848,1.164675891413533,6.392096003944127e-09,4.772839192036959e-08,0.41534406,0.42797258,-0.0126285199999999,0.4150943396226415,0.4130794701986754,0.3266764,A · selective + heterogeneous,False
1,PN,133,MRPS31,ENSG00000102738.8,protein_coding,0.0,0.17076588614076046,0.0,0.6826514981722741,0.4265026689611334,0.2561488292111407,0.9347556100384536,1.6977293775694954e-07,8.934226366168323e-07,0.38992584,0.5387864,-0.1488605599999999,0.3584905660377358,0.5231788079470199,0.29025286,A · selective + heterogeneous,False
1,PN,134,TWNK,ENSG00000107815.10,protein_coding,0.0,0.8975608936732051,0.0,1.3852502834617684,0.0389089429519606,1.3463413405098077,1.8264182578902373,1.742994195563358e-14,5.910564506641597e-13,0.38173816,0.4922802,-0.11054204,0.320754716981132,0.4685430463576159,0.31725726,A · selective + heterogeneous,False
1,PN,135,TUBD1,ENSG00000108423.15,protein_coding,0.0,0.1117554456304926,0.0,0.586187060392642,0.418553891946903,0.1676331684457389,0.7883374320563757,5.0089347277597385e-06,1.8648916826714908e-05,0.39925385,0.45866725,-0.0594134,0.3584905660377358,0.4230132450331126,0.299696,A · selective + heterogeneous,False
1,PN,136,SUDS3,ENSG00000111707.12,protein_coding,0.0,0.15739231634403766,0.0,0.7806684468932079,0.5445799723771514,0.2360884745160565,1.0583917871621624,4.247147609286362e-10,4.358575963628883e-09,0.49048424,0.4997105,-0.0092262599999999,0.5094339622641509,0.5041390728476821,0.3069829,A · selective + heterogeneous,False
1,PN,137,MTRF1L,ENSG00000112031.16,protein_coding,0.0,0.3568739985344613,0.0,0.7669372668688655,0.2316262690671737,0.5353109978016919,1.0765943930404296,1.0840650504907287e-09,9.936490836727342e-09,0.35579288,0.4231369,-0.06734402,0.3018867924528302,0.3725165562913907,0.2825732,A · selective + heterogeneous,False
1,PN,138,RAD1,ENSG00000113456.19,protein_coding,0.0,0.5830358374076235,0.0,1.110077089113771,0.2355233330023357,0.8745537561114353,1.4329989453259964,5.415847654184427e-12,8.998908129334974e-11,0.46818757,0.54596514,-0.0777775699999999,0.4339622641509434,0.5504966887417219,0.3056474,A · selective + heterogeneous,False
1,PN,139,TCERG1,ENSG00000113649.11,protein_coding,0.0,0.5190381491791017,0.0,1.2296304099052815,0.451073186136629,0.7785572237686527,1.7014500110487063,3.7883848770326637e-16,2.0790074619417204e-14,0.5088833,0.5202268,-0.0113434999999999,0.4716981132075472,0.5339403973509934,0.2795498,A · selective + heterogeneous,False
1,PN,140,MRPL3,ENSG00000114686.9,protein_coding,0.0,0.5641021548851258,0.0,0.9556384707028648,0.1094852383751759,0.8461532323276888,1.209833799097173,4.09388160233156e-10,4.226567375884864e-09,0.4378254,0.51305467,-0.07522927,0.4150943396226415,0.5215231788079471,0.2932166,A · selective + heterogeneous,False
1,PN,141,NSUN4,ENSG00000117481.10,protein_coding,0.0,0.15581208282736686,0.0,0.5062573466535993,0.2725392224125489,0.2337181242410503,0.6606958198998889,9.863997647630384e-05,0.0002706028261081,0.39257315,0.43686646,-0.04429331,0.320754716981132,0.3948675496688741,0.29060534,A · selective + heterogeneous,False
1,PN,142,KIF14,ENSG00000118193.12,protein_coding,0.0,0.6651782020913629,0.0,1.1835094359401532,0.1857421328031088,0.9977673031370444,1.6485465345754446,6.823503983347321e-15,2.6251621154468365e-13,0.48729318,0.56544626,-0.0781530799999999,0.5094339622641509,0.5860927152317881,0.26588896,A · selective + heterogeneous,False
1,PN,143,PPP6C,ENSG00000119414.12,protein_coding,0.0,0.14692103342116972,0.0,0.6753291239181145,0.4549475737863598,0.2203815501317546,0.8294807307805868,5.340053011925381e-06,1.975029234386197e-05,0.39048943,0.54709274,-0.1566033099999999,0.3584905660377358,0.5471854304635762,0.31906742,A · selective + heterogeneous,False
1,PN,144,MRPS2,ENSG00000122140.11,protein_coding,0.0,0.11414728454112046,0.0,0.569960083392142,0.3987391565804612,0.1712209268116807,0.6885451100918112,5.187687193910194e-05,0.0001521083310513,0.40247288,0.4963239,-0.09385102,0.3773584905660377,0.48841059602649,0.31419572,A · selective + heterogeneous,False
1,PN,145,ZWINT,ENSG00000122952.17,protein_coding,0.0,0.648913097052147,0.0,1.0077876855642698,0.0344180399860495,0.9733696455782204,1.2402019398787605,8.703537158062323e-10,8.199547561281408e-09,0.4870457,0.5332254,-0.0461796999999999,0.5094339622641509,0.5480132450331126,0.3563852,A · selective + heterogeneous,False
1,PN,146,QRSL1,ENSG00000130348.11,protein_coding,0.0,0.4474076817469905,0.0,0.788487514915137,0.1173759922946511,0.6711115226204858,0.7579566322340311,0.0003508904571058,0.0008437237093601,0.37786213,0.50017416,-0.12231203,0.3396226415094339,0.4950331125827814,0.34356576,A · selective + heterogeneous,False
1,PN,147,ERAL1,ENSG00000132591.12,protein_coding,0.0,0.10621481228110526,0.0,0.5602372071913717,0.4009149887697137,0.1593222184216579,0.7414692543809919,1.0157182970799408e-05,3.515674762001548e-05,0.4166508,0.46649083,-0.04984003,0.3584905660377358,0.4495033112582781,0.27434683,A · selective + heterogeneous,False
1,PN,148,KRAS,ENSG00000133703.13,protein_coding,0.0,0.12730967233600007,0.0,0.6868498088027369,0.4958853002987368,0.1909645085040001,0.9854989809888134,3.894450360290305e-09,3.074704397949444e-08,0.47553056,0.5994637,-0.12393314,0.4716981132075472,0.5761589403973509,0.25800583,A · selective + heterogeneous,False
1,PN,149,VPS45,ENSG00000136631.15,protein_coding,0.0,0.24285281466258005,0.0,0.7615047675298794,0.3972255455360092,0.3642792219938701,1.0018273607197783,1.0467894305930329e-07,5.811532865531379e-07,0.401893,0.41884723,-0.01695423,0.320754716981132,0.3766556291390728,0.29221666,A · selective + heterogeneous,False
1,PN,150,MRPL50,ENSG00000136897.8,protein_coding,0.0,0.40813224981040813,0.0,0.8173120610074673,0.205113686291855,0.6121983747156122,1.071301147044562,4.615121771967527e-09,3.577831450810247e-08,0.49399504,0.5623202,-0.06832516,0.490566037735849,0.5728476821192053,0.2743764,A · selective + heterogeneous,False
1,PN,151,NUMA1,ENSG00000137497.18,protein_coding,0.0,0.13366259308183887,0.0,0.6349013492428734,0.4344074596201151,0.2004938896227583,0.8173721861199331,2.4563876721691534e-06,9.92192496959976e-06,0.52676064,0.5515924,-0.0248317599999999,0.5283018867924528,0.5794701986754967,0.27261052,A · selective + heterogeneous,False
1,PN,152,BRCA2,ENSG00000139618.16,protein_coding,0.0,0.4005617257173146,0.0,1.0732159261558534,0.4723733375798816,0.6008425885759718,1.362446887128872,2.3250136053577013e-11,3.2988533723647473e-10,0.5521325,0.55501986,-0.00288736,0.5471698113207547,0.5811258278145696,0.28180733,A · selective + heterogeneous,False
1,PN,153,CEP131,ENSG00000141577.14,protein_coding,0.0,0.39716027132425497,0.0,0.8803430675065248,0.2846026605201424,0.5957404069863824,1.1640148997315136,6.620644727051801e-10,6.461970192827429e-09,0.49978575,0.53728396,-0.03749821,0.5471698113207547,0.5728476821192053,0.24549834,A · selective + heterogeneous,False
1,PN,154,TIPRL,ENSG00000143155.13,protein_coding,0.0,0.5701856708647427,0.0,0.9248647374498852,0.0695862311527709,0.8552785062971141,1.1873057772517304,1.798175726157216e-09,1.559873503196307e-08,0.4278034,0.4682973,-0.0404939,0.4150943396226415,0.4544701986754967,0.3363676,A · selective + heterogeneous,False
1,PN,155,SETDB1,ENSG00000143379.12,protein_coding,0.0,0.30620974957144753,0.0,0.8733011913685136,0.4139865670113422,0.4593146243571713,1.1618673218833138,3.2270310037897945e-10,3.427871398082614e-09,0.49600425,0.5459293,-0.0499250499999999,0.4339622641509434,0.5480132450331126,0.2814168,A · selective + heterogeneous,False
1,PN,156,CNOT9,ENSG00000144580.14,protein_coding,0.0,0.31358569797518226,0.0,0.818240973496572,0.3478624265337985,0.4703785469627734,1.0734763990377476,1.945698513656581e-09,1.6743025190402234e-08,0.5421667,0.56007856,-0.01791186,0.5471698113207547,0.5778145695364238,0.2575256,A · selective + heterogeneous,False
1,PN,157,SLC25A26,ENSG00000144741.18,protein_coding,0.0,0.10050746506267548,0.0,0.4977507006599533,0.34698950306594,0.1507611975940132,0.5559431859573661,0.0023385764659137,0.0046851623787412,0.39680782,0.47847074,-0.08166292,0.3396226415094339,0.4619205298013245,0.30723318,A · selective + heterogeneous,False
1,PN,158,RMND5A,ENSG00000153561.13,protein_coding,0.0,0.3189521495913869,0.0,1.004649004734846,0.5262207803477656,0.4784282243870803,1.4546331454458152,1.4253398818426168e-15,6.574444064312774e-14,0.41082788,0.42119226,-0.01036438,0.3396226415094339,0.3865894039735099,0.29763144,A · selective + heterogeneous,False
1,PN,159,SSBP3,ENSG00000157216.15,protein_coding,0.0,0.13932224009050562,0.0,0.8169232295916881,0.6079398694559296,0.2089833601357584,1.189035759145629,2.307661976718391e-13,5.635161665728458e-12,0.3983692,0.44851714,-0.05014794,0.3396226415094339,0.4379139072847682,0.2679343,A · selective + heterogeneous,False
1,PN,160,MEAF6,ENSG00000163875.16,protein_coding,0.0,0.28859656097256475,0.0,0.6391733861514818,0.2062785446926346,0.4328948414588471,0.9073380355450856,3.258518848527549e-08,2.059113003148702e-07,0.36578852,0.36701462,-0.0012261,0.3584905660377358,0.2996688741721854,0.27736634,A · selective + heterogeneous,False
1,PN,161,RNF168,ENSG00000163961.4,protein_coding,0.0,0.12120884317644727,0.0,0.7981728352579144,0.6163595704932434,0.1818132647646709,1.013450461252553,2.32025779305093e-08,1.5261639426921759e-07,0.46204028,0.5506008,-0.0885605199999999,0.4339622641509434,0.5504966887417219,0.33419937,A · selective + heterogeneous,False
1,PN,162,RPUSD4,ENSG00000165526.9,protein_coding,0.0,0.40847682762107285,0.0,0.9528855735590426,0.3401703321274333,0.6127152414316093,1.2114019947374892,6.125165038810242e-10,6.028661482558242e-09,0.42035586,0.43718567,-0.01682981,0.320754716981132,0.4014900662251656,0.3092375,A · selective + heterogeneous,False
1,PN,163,CDK12,ENSG00000167258.15,protein_coding,0.0,0.129998100893969,0.0,0.7909316178275424,0.5959344664865889,0.1949971513409535,1.0805020805199166,6.870482058855754e-11,8.597667533721901e-10,0.38267192,0.42620152,-0.0435296,0.3396226415094339,0.3716887417218543,0.26606035,A · selective + heterogeneous,False
1,PN,164,RAC3,ENSG00000169750.9,protein_coding,0.0,0.37313349141009483,0.0,1.044435560647961,0.4847353235328186,0.5597002371151423,1.5668359182080174,1.0292632316802957e-18,1.0470820971141283e-16,0.3734434,0.4197675,-0.0463241,0.3018867924528302,0.3758278145695364,0.26715955,A · selective + heterogeneous,False
1,PN,165,TEFM,ENSG00000172171.11,protein_coding,0.0,0.32889701452596537,0.0,0.6831732169239764,0.1898276951350283,0.493345521788948,0.9413650366413396,1.707867487807477e-08,1.1595118280450765e-07,0.44974637,0.49472106,-0.0449746899999999,0.4339622641509434,0.48841059602649,0.26919153,A · selective + heterogeneous,False
1,PN,166,TRMT10C,ENSG00000174173.7,protein_coding,0.0,0.3202596416416687,0.0,0.771116977330209,0.290727514867706,0.480389462462503,0.9333455178235116,7.270383419399293e-08,4.200339583580224e-07,0.38017035,0.44739017,-0.0672198199999999,0.3773584905660377,0.4139072847682119,0.28605178,A · selective + heterogeneous,False
1,PN,167,RTTN,ENSG00000176225.15,protein_coding,0.0,0.21872663061576006,0.0,0.6877700669078306,0.3596801209841904,0.3280899459236401,0.8697331560264858,3.4639017288231214e-07,1.6910831315715002e-06,0.39939818,0.53854215,-0.13914397,0.3396226415094339,0.5198675496688742,0.30269837,A · selective + heterogeneous,False
1,PN,168,TBL1XR1,ENSG00000177565.18,protein_coding,0.0,0.1822893930876512,0.0,0.8832224979064222,0.6097884082749453,0.2734340896314768,1.0866786067038705,3.3577703468303565e-08,2.1130145033427802e-07,0.3560588,0.37943047,-0.02337167,0.3396226415094339,0.3501655629139072,0.27199867,A · selective + heterogeneous,False
1,PN,169,SUZ12,ENSG00000178691.11,protein_coding,0.0,0.1957448674822241,0.0,0.8722500249164078,0.5786327236930716,0.2936173012233362,1.1924319598210908,6.8731686107710006e-12,1.1104934946894164e-10,0.35083514,0.4264498,-0.07561466,0.3018867924528302,0.4163907284768212,0.3005791,A · selective + heterogeneous,False
1,PN,170,CTC1,ENSG00000178971.16,protein_coding,0.0,0.11458899716615494,0.0,0.7151552810245024,0.54327178527527,0.1718834957492324,0.8890116456456193,4.531522391747015e-07,2.150300946142785e-06,0.3963828,0.41937047,-0.02298767,0.3396226415094339,0.3973509933774834,0.34080192,A · selective + heterogeneous,False
1,PN,171,GLRX5,ENSG00000182512.5,protein_coding,0.0,0.31025154596391963,0.0,0.8047779130901407,0.3394005941442612,0.4653773189458794,0.9890166990204736,1.457302009238503e-07,7.803269230398188e-07,0.57412606,0.5747048,-0.00057874,0.6037735849056604,0.5827814569536424,0.32974616,A · selective + heterogeneous,False
1,PN,172,KMT5A,ENSG00000183955.13,protein_coding,0.0,0.14734958074516746,0.0,0.5491018162652087,0.3280774451474574,0.2210243711177512,0.6527044581579929,0.0001766607030117,0.0004553723759755,0.47416988,0.52669704,-0.0525271599999999,0.4528301886792453,0.5422185430463576,0.23044838,A · selective + heterogeneous,False
1,PN,173,TEDC1,ENSG00000185347.18,protein_coding,0.0,0.47987275563218396,0.0,1.0563183856895138,0.3365092522412378,0.7198091334482759,1.3627303183604105,3.209024463444098e-11,4.4003128204647936e-10,0.34775594,0.42964172,-0.08188578,0.3584905660377358,0.4039735099337748,0.3290674,A · selective + heterogeneous,False
1,PN,174,FANCM,ENSG00000187790.11,protein_coding,0.0,0.5145615470364591,0.0,1.1217357543168176,0.349893433762129,0.7718423205546886,1.4546692867910775,5.903644207286175e-12,9.69056088055686e-11,0.41388074,0.41465026,-0.0007695199999999,0.3773584905660377,0.3716887417218543,0.28489444,A · selective + heterogeneous,False
1,PN,175,YTHDF2,ENSG00000198492.16,protein_coding,0.0,0.4543244423399931,0.0,0.9818548133411716,0.3003681498311819,0.6814866635099897,1.3586491983937337,1.8641321932763574e-12,3.535669446613625e-11,0.34021986,0.35009298,-0.00987312,0.3018867924528302,0.3054635761589404,0.2879138,A · selective + heterogeneous,False
1,PN,176,POLG2,ENSG00000256525.8,protein_coding,0.0,0.19569129963132526,0.0,0.7635720401690652,0.4700350907220773,0.2935369494469879,1.0405735294459109,8.614847156011487e-10,8.130874077793314e-09,0.41489804,0.49115917,-0.0762611299999999,0.3773584905660377,0.4644039735099338,0.27468228,A · selective + heterogeneous,False
2,CL,1,FERMT2,ENSG00000073712.15,protein_coding,0.7480434629531674,0.619892575632188,0.9026870855749461,0.8512468293509778,-0.0785920340973043,0.929838863448282,1.3918707920540103,2.4212563672734523e-19,9.301238265803599e-17,0.88275087,0.52705324,0.35569763,0.9056603773584906,0.5248344370860927,0.2201448,A · selective + heterogeneous,False
2,CL,2,BRAT1,ENSG00000106009.16,protein_coding,0.3426380930255858,0.30868364305703816,0.38032744990804973,0.6998615467134973,0.2368360821279401,0.4630254645855572,1.0501502291767628,1.7430322336784748e-11,8.277151961331474e-10,0.6598352,0.45933995,0.2004952499999999,0.6981132075471698,0.4660596026490066,0.3459861,A · selective + heterogeneous,False
2,CL,3,FGFR1,ENSG00000077782.21,protein_coding,0.3165992401953395,0.3528989904661434,0.2840333398513439,0.6956444133335166,0.1662959276343014,0.5293484856992151,0.9614180139004628,1.6397248290167304e-09,3.9295379561669096e-08,0.39826763,0.15019651,0.2480711199999999,0.3584905660377358,0.1241721854304635,0.39274725,A · selective + heterogeneous,False
2,CL,4,TMED10,ENSG00000170348.9,protein_coding,0.23101672505291068,0.4117955129709771,0.12960006987238226,0.6706562101291474,0.0529629406726818,0.6176932694564656,0.8679186246113714,8.494224242679224e-08,1.180477017052256e-06,0.6211774,0.548605,0.0725723999999999,0.6037735849056604,0.5720198675496688,0.35721684,A · selective + heterogeneous,False
2,CL,5,KLF16,ENSG00000129911.9,protein_coding,0.22129289378599318,0.12598660726349928,0.3886964329292369,0.5798211742227947,0.3908412633275457,0.1889799108952489,0.8004679569019787,6.982690039250394e-09,1.3533168390830318e-07,0.55707806,0.31437436,0.2427037,0.5660377358490566,0.265728476821192,0.2686616,A · selective + heterogeneous,False
2,CL,6,CDK6,ENSG00000105810.10,protein_coding,0.20876167082573407,0.3649329032433384,0.11942314551146932,0.7331543536354824,0.1857549987704748,0.5473993548650076,0.9828481741351492,5.541261801403153e-10,1.5451895584454432e-08,0.6067601,0.5382975,0.0684626,0.6415094339622641,0.5422185430463576,0.41127247,A · selective + heterogeneous,False
2,CL,7,HAUS2,ENSG00000137814.12,protein_coding,0.20454834041380807,0.18535680639982413,0.2257269337916409,0.4733072701190398,0.1952720605193035,0.2780352095997362,0.6554907736518745,7.075628580127358e-06,5.564085804928749e-05,0.5434005,0.39890802,0.1444924799999999,0.5094339622641509,0.347682119205298,0.29118326,A · selective + heterogeneous,False
2,CL,8,ACSL3,ENSG00000123983.14,protein_coding,0.19396253165852717,0.4483100786088821,0.08391839818575021,0.9586310554912126,0.2861659375778894,0.6724651179133232,1.3596911768439954,5.2229235626872106e-14,5.271670849272291e-12,0.4441253,0.37839985,0.06572545,0.3773584905660377,0.326158940397351,0.31476942,A · selective + heterogeneous,False
2,CL,9,CTU1,ENSG00000142544.7,protein_coding,0.15544884188083705,0.16841000920567864,0.14348519162291382,0.5992346291207178,0.3466196153121997,0.252615013808518,0.8058056352163613,4.632313888159738e-07,5.22007420549279e-06,0.4872274,0.3847903,0.1024371,0.4716981132075472,0.3435430463576159,0.28013426,A · selective + heterogeneous,False
2,CL,10,POLR1G,ENSG00000117877.11,protein_coding,0.15511141256894692,0.1312288310898632,0.18334042991405225,0.6339590663713494,0.4371158197365545,0.1968432466347948,0.7939122050860092,1.5301791088571582e-06,1.4750468128751135e-05,0.58097196,0.47120163,0.1097703299999999,0.6037735849056604,0.4652317880794702,0.2575303,A · selective + heterogeneous,False
2,CL,11,XYLT2,ENSG00000015532.10,protein_coding,0.14180581458713817,0.1173906229727336,0.17129893803692064,0.5544620127165643,0.3783760782574638,0.1760859344591004,0.7321253462238331,3.079044614714066e-06,2.720089808240899e-05,0.45072207,0.3185232,0.1321988699999999,0.3962264150943396,0.2475165562913907,0.26275542,A · selective + heterogeneous,False
2,CL,12,RELA,ENSG00000173039.19,protein_coding,0.1350379683950873,0.1489183279539398,0.12245136753021246,0.4971207463874707,0.273743254456561,0.2233774919309097,0.7273294415902365,2.2840329113909927e-08,3.790228180101958e-07,0.48483044,0.39697763,0.0878528099999999,0.4150943396226415,0.3294701986754967,0.28145856,A · selective + heterogeneous,False
2,CL,13,TLCD1,ENSG00000160606.11,protein_coding,0.13009640311245452,0.18960863227360406,0.08926320442191413,0.685504935443792,0.4010919870333858,0.2844129484104061,0.8598765876866816,2.5070212453904056e-07,3.0336489334206984e-06,0.4249663,0.3519029,0.0730634,0.3773584905660377,0.2682119205298013,0.250873,A · selective + heterogeneous,False
2,CL,14,PRKRIP1,ENSG00000128563.13,protein_coding,0.1056701676539834,0.16480155902133245,0.06775533191755531,0.5196425288513875,0.2724401903193888,0.2472023385319987,0.7465056964874032,1.1378674069518328e-06,1.1355731415326202e-05,0.43907472,0.38539788,0.0536768399999999,0.4339622641509434,0.326158940397351,0.24220504,A · selective + heterogeneous,False
2,CL,15,PTBP1,ENSG00000011304.22,protein_coding,0.0,0.21913910817733828,0.0,0.7383415417929504,0.409632879526943,0.3287086622660074,1.099412144632154,5.768084005499489e-14,5.666371989829995e-12,0.41149145,0.5468705,-0.13537905,0.4150943396226415,0.5604304635761589,0.33179453,A · selective + heterogeneous,False
2,CL,16,LARS2,ENSG00000011376.12,protein_coding,0.0,0.22397755183014842,0.0,0.6031493957954757,0.267183068050253,0.3359663277452226,0.8248543847582572,1.252295481494121e-07,1.6536280318193768e-06,0.44333836,0.5423506,-0.09901224,0.4528301886792453,0.5380794701986755,0.35009494,A · selective + heterogeneous,False
2,CL,17,MTG2,ENSG00000101181.17,protein_coding,0.0,0.26516517239230636,0.0,0.6564639741295194,0.2587162155410598,0.3977477585884595,0.929244519089884,4.525586299913209e-09,9.416292658622973e-08,0.46448496,0.54102105,-0.07653609,0.4716981132075472,0.5405629139072847,0.35289463,A · selective + heterogeneous,False
2,CL,18,PHF12,ENSG00000109118.14,protein_coding,0.0,0.1299129602596846,0.0,0.6716210348081345,0.4767515944186076,0.1948694403895269,0.9353577415855334,5.517515412557277e-10,1.540236569288495e-08,0.5252901,0.5821282,-0.0568381,0.5094339622641509,0.5968543046357616,0.31184143,A · selective + heterogeneous,False
2,CL,19,CNOT2,ENSG00000111596.14,protein_coding,0.0,0.2098161878182244,0.0,0.4564707644267896,0.141746482699453,0.3147242817273366,0.6698147522849341,0.0001961894409426,0.0009920479039258,0.33181724,0.41563243,-0.0838151899999999,0.3018867924528302,0.3865894039735099,0.23335765,A · selective + heterogeneous,False
2,CL,20,MAU2,ENSG00000129933.21,protein_coding,0.0,0.10176416389292514,0.0,0.5515279113135703,0.3988816654741825,0.1526462458393877,0.7717570102269793,6.909070193703226e-07,7.381720574741953e-06,0.3844166,0.5629596,-0.178543,0.3584905660377358,0.5687086092715232,0.3430737,A · selective + heterogeneous,False
2,CL,21,DPF2,ENSG00000133884.10,protein_coding,0.0,0.13632505437051015,0.0,0.6872390981350998,0.4827515165793345,0.2044875815557652,1.0296841297133474,5.2780630147600763e-14,5.3065150731990164e-12,0.41168648,0.41792166,-0.0062351799999999,0.3584905660377358,0.3816225165562913,0.29847705,A · selective + heterogeneous,False
2,CL,22,PIP5K1A,ENSG00000143398.20,protein_coding,0.0,0.10751943686058059,0.0,0.5590554591883183,0.3977763038974474,0.1612791552908709,0.689955839894176,2.3495456112396365e-05,0.0001576038700601,0.5052985,0.5166307,-0.0113322,0.490566037735849,0.5165562913907285,0.24704081,A · selective + heterogeneous,False
2,CL,23,PARS2,ENSG00000162396.6,protein_coding,0.0,0.17874533630223158,0.0,0.3677253732871661,0.0996073688338187,0.2681180044533474,0.5656759087155684,3.232094819297831e-05,0.0002071405788323,0.49180868,0.5829064,-0.09109772,0.3962264150943396,0.5753311258278145,0.3019756,A · selective + heterogeneous,False
2,CL,24,METTL17,ENSG00000165792.18,protein_coding,0.0,0.22463877575269608,0.0,0.6215132707221408,0.2845551070930966,0.3369581636290441,0.7831731371464229,6.507430441557231e-07,7.022567912150944e-06,0.5016314,0.56727946,-0.06564806,0.490566037735849,0.5678807947019867,0.27874726,A · selective + heterogeneous,False
3,MES,1,ITGB5,ENSG00000082781.12,protein_coding,0.3966865581186744,0.257793682950016,0.6104114871680206,0.7152921474947679,0.3286016230697439,0.386690524425024,1.0239204757014868,1.7197240837891275e-10,1.1135159363160895e-09,0.7186614,0.42321393,0.29544747,0.8113207547169812,0.4006622516556291,0.2874783,A · selective + heterogeneous,False
3,MES,2,ARPC2,ENSG00000163466.16,protein_coding,0.3947129720539856,0.608201579981236,0.25616232419602897,0.9752701272292872,0.0629677572574331,0.912302369971854,1.274321200989135,5.859926991891165e-13,6.2995249386460775e-12,0.60560393,0.45847148,0.14713245,0.6792452830188679,0.4552980132450331,0.24042846,A · selective + heterogeneous,False
3,MES,3,SOCS3,ENSG00000184557.4,protein_coding,0.3221860962544762,0.6552690126060638,0.1584141453704048,0.946204289181688,-0.0366992297274079,0.9829035189090958,1.549777139915663,7.947336608265905e-25,1.7805657659732786e-22,0.34630963,0.18719457,0.1591150599999999,0.320754716981132,0.1382450331125828,0.35601372,A · selective + heterogeneous,False
3,MES,4,ACTR3,ENSG00000115091.12,protein_coding,0.319037754616374,0.3599400092668224,0.28278348127508296,0.5995033147306708,0.059593300830437,0.5399100139002336,0.7907155080497373,5.045730989944579e-07,1.6809089337198238e-06,0.63900226,0.48506862,0.15393364,0.7358490566037735,0.4892384105960264,0.2684071,A · selective + heterogeneous,False
3,MES,5,EAF1,ENSG00000144597.14,protein_coding,0.275658009368493,0.248096070055332,0.30628190971365643,0.5584989636794068,0.1863548585964087,0.372144105082998,0.7749438027374349,3.803987598312654e-07,1.2933557834263023e-06,0.5702519,0.38342625,0.18682565,0.5660377358490566,0.3559602649006622,0.36308497,A · selective + heterogeneous,False
3,MES,6,WWTR1,ENSG00000018408.15,protein_coding,0.2688855279936065,0.21241010656695133,0.340376587220495,0.7045858119207319,0.3859706520703048,0.318615159850427,0.9448516581535044,1.397779978105741e-10,9.189287631286223e-10,0.61065376,0.41676772,0.19388604,0.6037735849056604,0.3832781456953642,0.31547385,A · selective + heterogeneous,False
3,MES,7,FOSL1,ENSG00000175592.9,protein_coding,0.2669545401260336,0.5770275665786995,0.12350315759859358,0.947503209386038,0.0819618595179888,0.8655413498680492,1.2533332530378718,1.3075283593522109e-12,1.3064116814055588e-11,0.4498639,0.3543693,0.0954945999999999,0.4339622641509434,0.3195364238410596,0.3733008,A · selective + heterogeneous,False
3,MES,8,TLN1,ENSG00000137076.21,protein_coding,0.21717599684519823,0.15991708365421428,0.29493667923366107,0.6357433597141945,0.395867734232873,0.2398756254813214,0.8668646027729614,2.6364307201878576e-08,1.1124008832163128e-07,0.7141884,0.57054096,0.1436474399999999,0.7924528301886793,0.5885761589403974,0.27968144,A · selective + heterogeneous,False
3,MES,9,RHOA,ENSG00000067560.13,protein_coding,0.1864582721453715,0.17842532583634693,0.19485287241860325,0.5362030760587837,0.2685650873042633,0.2676379887545204,0.7405944277727913,9.45346832816985e-07,3.0012750441647416e-06,0.57978016,0.46287724,0.1169029199999999,0.5849056603773585,0.4536423841059602,0.33880025,A · selective + heterogeneous,False
3,MES,10,CYFIP1,ENSG00000273749.5,protein_coding,0.17658712620349595,0.18845743058469108,0.16546449266587046,0.5682016169047461,0.2855154710277095,0.2826861458770366,0.6914855244006491,5.7736129821420414e-06,1.5866031489896635e-05,0.40206775,0.25891903,0.14314872,0.3962264150943396,0.1589403973509933,0.27040985,A · selective + heterogeneous,False
3,MES,11,MYH9,ENSG00000100345.22,protein_coding,0.17040095989156145,0.2839924255373288,0.10224387878312938,0.7058544622924205,0.2798658239864273,0.4259886383059932,0.9033172021859166,6.569325783899195e-08,2.571969988226308e-07,0.5932731,0.5333265,0.0599465999999999,0.6037735849056604,0.5447019867549668,0.36953187,A · selective + heterogeneous,False
3,MES,12,FBLIM1,ENSG00000162458.13,protein_coding,0.1054404698786101,0.4701765767363015,0.0236457816877965,0.8282707050330437,0.1230058399285914,0.7052648651044522,1.04683581153295,1.525683456040701e-09,8.116585529469938e-09,0.5121808,0.49612203,0.01605877,0.5471698113207547,0.5140728476821192,0.22545993,A · selective + heterogeneous,False
3,MES,13,STN1,ENSG00000107960.11,protein_coding,0.09152080705657156,0.41150032681918386,0.02035492459758531,0.9432758891423256,0.32602539891355,0.6172504902287758,1.2477966958150146,2.6238673976805865e-13,3.0502754779359952e-12,0.48844683,0.4739513,0.0144955299999999,0.5094339622641509,0.4519867549668874,0.32073766,A · selective + heterogeneous,False
3,MES,14,HS6ST1,ENSG00000136720.7,protein_coding,0.08958308034611849,0.20718042306182693,0.03873497392127758,0.4731297720809418,0.1623591374882014,0.3107706345927404,0.5908758810425381,0.0001518310841001,0.0003212617923848,0.5392457,0.5142596,0.0249861,0.5094339622641509,0.5206953642384106,0.26893747,A · selective + heterogeneous,False
3,MES,15,HLA-C,ENSG00000204525.17,protein_coding,0.07888826482024074,0.10926807478569046,0.05695495540261346,0.4614797030419208,0.2975775908633851,0.1639021121785357,0.68497974257905,1.365840582145608e-07,5.05304080828858e-07,0.46672195,0.42427415,0.0424477999999999,0.4528301886792453,0.3899006622516556,0.21968506,A · selective + heterogeneous,False
3,MES,16,MANF,ENSG00000145050.19,protein_coding,0.06091772009021796,0.153674889691795,0.024148178199006578,0.5235324029079369,0.2930200683702444,0.2305123345376925,0.6044677785567196,6.868338812020424e-05,0.0001549454854446,0.4474227,0.42864907,0.0187736299999999,0.4339622641509434,0.4014900662251656,0.25868136,A · selective + heterogeneous,False
3,MES,17,FKBP1A,ENSG00000088832.18,protein_coding,0.05400540180070803,0.24481736481433988,0.011913302905893718,0.627321514231987,0.2600954670104771,0.3672260472215098,0.7504559823821666,3.3715777224257928e-06,9.682846174938078e-06,0.33778992,0.3255221,0.01226782,0.3043478260869565,0.2531041069723018,0.29687467,A · selective + heterogeneous,False
3,MES,18,MT2A,ENSG00000125148.7,protein_coding,0.04910617824416649,0.34793296457444356,0.006930693516486005,0.9639534148287574,0.442053967967092,0.5218994468616653,1.447001070496471,1.5175070746062426e-18,5.917817740335678e-17,0.51651907,0.5118517,0.0046673699999999,0.5652173913043478,0.544954128440367,0.26474747,A · selective + heterogeneous,False
3,MES,19,OLFML3,ENSG00000116774.12,protein_coding,0.03623848015134803,0.22958458485369218,0.005720015760276448,0.7067494602775806,0.3623725829970422,0.3443768772805383,0.917856328815926,1.0509300929973098e-08,4.789948421031479e-08,0.41577566,0.41099024,0.0047854199999999,0.3396226415094339,0.369205298013245,0.23160475,A · selective + heterogeneous,False
3,MES,20,HAMP,ENSG00000105697.9,protein_coding,0.0,0.504382454857514,0.0,0.9751934105016012,0.2186197282153302,0.756573682286271,1.3975808939331409,1.3785157344947503e-16,3.3860112579396844e-15,0.37856188,0.41680843,-0.0382465499999999,0.3584905660377358,0.3882450331125828,0.2290059,A · selective + heterogeneous,False
3,MES,21,TIPARP,ENSG00000163659.13,protein_coding,0.0,0.2136816838348534,0.0,0.6232425694866023,0.3027200437343221,0.3205225257522801,0.8111798148706978,8.495295486593452e-07,2.7195511845017693e-06,0.30590945,0.3154958,-0.0095863499999999,0.320754716981132,0.2740066225165563,0.32705292,A · selective + heterogeneous,False
3,MES,22,IFITM2,ENSG00000185201.16,protein_coding,0.0,0.46779912343858426,0.0,0.8744175412446371,0.1727188560867606,0.7016986851578764,1.1738689990441182,2.7123371184877368e-12,2.540397844091608e-11,0.4801551,0.50584674,-0.0256916399999999,0.5094339622641509,0.5091059602649006,0.251518,A · selective + heterogeneous,False
4,INT,1,PRKAR1A,ENSG00000108946.15,protein_coding,0.5145516361522798,0.3243256253537728,0.8163504995270898,0.6644573132512471,0.1779688752205878,0.4864884380306592,0.8526789837597767,5.789626103412671e-07,3.1651103791341404e-06,0.6377172,0.19244003,0.44527717,0.660377358490566,0.1705298013245033,0.30732074,A · selective + heterogeneous,False
4,INT,2,PARN,ENSG00000140694.17,protein_coding,0.3415702248976973,0.5670861935273891,0.2057363058179066,0.9197527126949998,0.069123422403916,0.8506292902910837,1.348885943989139,1.4112818043001476e-15,3.561134419517372e-13,0.5082858,0.36749157,0.14079423,0.490566037735849,0.3187086092715231,0.24590582,A · selective + heterogeneous,False
4,INT,3,LARP1,ENSG00000155506.18,protein_coding,0.24844128336209298,0.2749055870696902,0.2245246156563439,0.5957225977008564,0.1833642170963211,0.4123583806045353,0.8744945211260234,2.0807844041429708e-10,4.240319001886919e-09,0.43575412,0.25652674,0.17922738,0.4339622641509434,0.1995033112582781,0.29928663,A · selective + heterogeneous,False
4,INT,4,POT1,ENSG00000128513.16,protein_coding,0.22205946044522668,0.279143684851377,0.17664882513634247,0.6951972219114696,0.2764816946344041,0.4187155272770655,0.9962207043916824,1.794733187405488e-09,2.5422588209929803e-08,0.5605621,0.45094737,0.1096147299999999,0.5471698113207547,0.4445364238410596,0.31685668,A · selective + heterogeneous,False
4,INT,5,ODR4,ENSG00000157181.16,protein_coding,0.2033750615926264,0.23582774679527965,0.1753882494315231,0.7410148155851055,0.387273195392186,0.3537416201929195,1.1548838718320336,2.3490239922132604e-14,2.760693128382872e-12,0.4423961,0.30449393,0.13790217,0.3773584905660377,0.2400662251655629,0.2846214,A · selective + heterogeneous,False
4,INT,6,APC,ENSG00000134982.17,protein_coding,0.20305455162290434,0.24820725035530591,0.16611582004859562,0.6735056331635383,0.3011947576305793,0.3723108755329589,1.0418151141447052,8.654623567961499e-12,2.995373664112563e-10,0.48742428,0.3688786,0.1185456799999999,0.4150943396226415,0.3162251655629139,0.25636208,A · selective + heterogeneous,False
4,INT,7,SEPSECS,ENSG00000109618.12,protein_coding,0.20179349214245138,0.12995148924526614,0.31335241871827146,0.8252140626555152,0.630286828787616,0.1949272338678992,1.1658145170537857,4.289604603351919e-13,2.6476221410328938e-11,0.7093101,0.55564374,0.15366636,0.7169811320754716,0.5711920529801324,0.34988946,A · selective + heterogeneous,False
4,INT,8,ZFP36L1,ENSG00000185650.10,protein_coding,0.20062038356297512,0.2590100568664059,0.15539372790344952,0.7024688397720824,0.3139537544724736,0.3885150852996088,0.9930979798008877,7.801945882822073e-11,1.8473457509850463e-09,0.4137102,0.28305727,0.1306529299999999,0.3962264150943396,0.2524834437086092,0.3524388,A · selective + heterogeneous,False
4,INT,9,SEC62,ENSG00000008952.17,protein_coding,0.1999605476436483,0.17299277644366914,0.23113231335972934,0.5617582863590923,0.3022691216935886,0.2594891646655037,0.8021756771175965,1.8272274294972725e-07,1.1840176127996173e-06,0.5428727,0.39477628,0.14809642,0.5849056603773585,0.3609271523178808,0.23258665,A · selective + heterogeneous,False
4,INT,10,JAZF1,ENSG00000153814.13,protein_coding,0.19567418310779047,0.29784629167698046,0.12855082304138787,0.6057364612603267,0.1589670237448559,0.4467694375154707,0.8417538943290501,1.3223608665773049e-08,1.3227720164775233e-07,0.4891707,0.39776015,0.09141055,0.4528301886792453,0.3410596026490066,0.25159875,A · selective + heterogeneous,False
4,INT,11,BNIP2,ENSG00000140299.13,protein_coding,0.19549675186694004,0.2900839590303021,0.13175144230064642,0.7568371202737073,0.3217111817282541,0.4351259385454532,1.130970841308639,6.721964477980554e-14,6.2233784796497664e-12,0.3459093,0.21342176,0.13248754,0.32,0.1697127937336814,0.34296036,A · selective + heterogeneous,False
4,INT,12,WDR73,ENSG00000177082.13,protein_coding,0.19393063699909843,0.187419845659018,0.20066760718232654,0.6388585446497527,0.3577287761612256,0.281129768488527,0.8353749146333624,5.760612092975763e-07,3.151256834197879e-06,0.6549229,0.54834455,0.1065783499999999,0.6792452830188679,0.5496688741721855,0.36004007,A · selective + heterogeneous,False
4,INT,13,FGFR1OP2,ENSG00000111790.14,protein_coding,0.17498741164838721,0.3198531781127327,0.0957332811763085,0.6259819707804127,0.1462022036113137,0.479779767169099,0.8717755476515852,3.504484883004475e-07,2.050430368692184e-06,0.3833068,0.2964311,0.0868757,0.320754716981132,0.2086092715231788,0.21998292,A · selective + heterogeneous,False
4,INT,14,ILK,ENSG00000166333.14,protein_coding,0.16711091990345245,0.21347538851656508,0.1308162957099437,0.7036449667681117,0.3834318839932641,0.3202130827748476,0.9045180235708848,1.30566993980666e-07,8.939966190674067e-07,0.46717483,0.36977363,0.0974011999999999,0.4528301886792453,0.3394039735099338,0.33275947,A · selective + heterogeneous,False
4,INT,15,PKN2,ENSG00000065243.20,protein_coding,0.1646430861422025,0.17166747026873666,0.15790612963535577,0.7425014732609775,0.4850002678578724,0.257501205403105,1.098834879445918,2.7243966446585617e-13,1.8404336178535973e-11,0.46441525,0.3461453,0.11826995,0.4716981132075472,0.3038079470198676,0.30587453,A · selective + heterogeneous,False
4,INT,16,SYVN1,ENSG00000162298.19,protein_coding,0.16028968101297947,0.20689830105116022,0.12418072893160007,0.6354920678807838,0.3251446163040435,0.3103474515767403,0.8310993747562142,4.8015573660544374e-08,3.840350636653483e-07,0.51751924,0.43405324,0.083466,0.490566037735849,0.3923841059602649,0.2995028,A · selective + heterogeneous,False
4,INT,17,HSD17B12,ENSG00000149084.13,protein_coding,0.15879714855431531,0.17882450393660632,0.14101274620574708,0.5139629084077083,0.2457261525027988,0.2682367559049095,0.7145931776778235,6.275028746443469e-06,2.395175587660715e-05,0.60499287,0.5239173,0.0810755699999999,0.6792452830188679,0.5198675496688742,0.31011784,A · selective + heterogeneous,False
4,INT,18,KDSR,ENSG00000119537.18,protein_coding,0.15860275020770762,0.364471574857624,0.06901726803599129,0.6497410718182982,0.1030337095318621,0.546707362286436,0.8827158970747145,2.2700063018324223e-08,2.0666933921670639e-07,0.3536603,0.2857785,0.0678817999999999,0.3018867924528302,0.2375827814569536,0.36435595,A · selective + heterogeneous,False
4,INT,19,PDCD6IP,ENSG00000170248.15,protein_coding,0.15019312758522627,0.33557791749647964,0.0672212752916577,0.7849948736228435,0.281627997378124,0.5033668762447194,1.2045592672860224,2.5242984678041856e-16,1.1201792062817953e-13,0.5052411,0.45896146,0.04627964,0.4528301886792453,0.4362582781456953,0.3408229,A · selective + heterogeneous,False
4,INT,20,CCDC6,ENSG00000108091.11,protein_coding,0.14885188568113372,0.21575343306834718,0.10269539425502612,0.6021457114072872,0.2785155618047664,0.3236301496025208,0.8592011506531827,1.0697586533759494e-08,1.1062052318437199e-07,0.3481758,0.24557889,0.1025969099999999,0.3584905660377358,0.1961920529801324,0.32824957,A · selective + heterogeneous,False
4,INT,21,ANKRD11,ENSG00000167522.16,protein_coding,0.14861654446548658,0.164996377716464,0.13386280107807502,0.6460719443146208,0.3985773777399247,0.247494566574696,0.8675971117275403,1.905670996316466e-08,1.791386417209394e-07,0.4281699,0.3194208,0.1087490999999999,0.4150943396226415,0.2706953642384106,0.3260865,A · selective + heterogeneous,False
4,INT,22,CEPT1,ENSG00000134255.14,protein_coding,0.14268893686422673,0.38525606171005755,0.05284831240051001,0.7405216847232866,0.1626375921582002,0.5778840925650863,1.095179083941545,7.869346819486387e-13,4.202100590040261e-11,0.3812678,0.33305272,0.0482150799999999,0.3396226415094339,0.2607615894039735,0.26437214,A · selective + heterogeneous,False
4,INT,23,ZRANB2,ENSG00000132485.14,protein_coding,0.1414518591784159,0.2057306391903074,0.09725643464570091,0.784798127796778,0.4762021690113169,0.3085959587854611,1.152027904279496,1.3509910482820199e-12,6.560718415223137e-11,0.49162152,0.4228087,0.06881282,0.3962264150943396,0.3915562913907284,0.2620425,A · selective + heterogeneous,False
4,INT,24,CLCC1,ENSG00000121940.16,protein_coding,0.13884229581436547,0.29233852117104875,0.06594130335538158,0.8431394833034737,0.4046317015469005,0.4385077817565731,1.2963396149421165,8.338758905825588e-17,4.991232016700908e-14,0.39476845,0.33666566,0.05810279,0.3584905660377358,0.2508278145695364,0.21699946,A · selective + heterogeneous,False
4,INT,25,TEAD1,ENSG00000187079.20,protein_coding,0.13852289019313702,0.21522765223367094,0.089154859555997,0.7462403163619326,0.4233988380114261,0.3228414783505064,1.160360379331864,1.049655050013768e-16,6.003560372723193e-14,0.34206566,0.2514053,0.09066036,0.3018867924528302,0.222682119205298,0.30499148,A · selective + heterogeneous,False
4,INT,26,AKIRIN1,ENSG00000174574.16,protein_coding,0.1377785861020199,0.2924689639791523,0.06490582292904368,0.5585352455515612,0.1198317995828327,0.4387034459687284,0.8038152389049277,1.724613509167874e-07,1.1283198398312848e-06,0.40690184,0.3514168,0.05548504,0.3584905660377358,0.2880794701986754,0.25711256,A · selective + heterogeneous,False
4,INT,27,ERVW-1,ENSG00000242950.7,protein_coding,0.13444580080310134,0.14071709948380573,0.1284539932950183,0.663177534290036,0.4521018850643274,0.2110756492257086,0.8691475260936321,9.75512800640901e-08,6.970502071875488e-07,0.54378545,0.4616176,0.0821678499999999,0.5652173913043478,0.4559633027522936,0.23267637,A · selective + heterogeneous,False
4,INT,28,PLEKHM1,ENSG00000225190.11,protein_coding,0.12594067463452496,0.226476738176703,0.07003391895826439,0.4852116169448748,0.1454965096798203,0.3397151072650545,0.6957082310788688,3.2775872790012776e-06,1.3781823458084444e-05,0.43794298,0.38231763,0.0556253499999999,0.3773584905660377,0.3104304635761589,0.25189197,A · selective + heterogeneous,False
4,INT,29,NFE2L3,ENSG00000050344.9,protein_coding,0.12499578056755412,0.1908421291223624,0.08186842827389816,0.6364019223589052,0.3501387286753616,0.2862631936835436,0.7912059803931096,5.775043953382257e-07,3.1578092473369987e-06,0.43214282,0.366245,0.06589782,0.4150943396226415,0.2938741721854304,0.24828847,A · selective + heterogeneous,False
4,INT,30,PGGT1B,ENSG00000164219.10,protein_coding,0.12339960960673756,0.2718961661712458,0.05600470159444862,0.8078736498363073,0.4000294005794385,0.4078442492568687,1.222274572389702,2.8370831704810207e-14,3.1941746835384808e-12,0.4550431,0.41223225,0.0428108499999999,0.4528301886792453,0.3675496688741722,0.28972653,A · selective + heterogeneous,False
4,INT,31,ELP4,ENSG00000109911.19,protein_coding,0.1151125474938048,0.2327070825893315,0.056942394890051165,0.7328126736593599,0.3837520497753625,0.3490606238839973,1.1211133679487562,3.542834060621089e-11,9.556035118577238e-10,0.5271708,0.48959863,0.03757217,0.5660377358490566,0.5041390728476821,0.259659,A · selective + heterogeneous,False
4,INT,32,GOLGA8N,ENSG00000232653.8,protein_coding,0.10946162764945211,0.5522056415721613,0.02169816283215486,1.0459732485794884,0.2176647862212463,0.828308462358242,1.4970493209717275,3.2298070530872482e-15,6.758436905069886e-13,0.409271,0.3908296,0.0184413999999999,0.3260869565217391,0.3365200764818356,0.28788984,A · selective + heterogeneous,False
4,INT,33,ADAR,ENSG00000160710.17,protein_coding,0.10594177695907867,0.1952897196558875,0.057471842988068955,0.6114074092240172,0.3184728297401858,0.2929345794838313,0.8644492370613828,1.9130395555194207e-08,1.795689718452183e-07,0.50492483,0.46533257,0.0395922599999999,0.4716981132075472,0.4403973509933774,0.34387073,A · selective + heterogeneous,False
4,INT,34,ZBTB7A,ENSG00000178951.9,protein_coding,0.09734318513355382,0.16973895894822258,0.0558251078636332,0.4889742871353839,0.2343658487130499,0.2546084384223339,0.5854496610424866,0.0002453433043359,0.0005874635749371,0.3507899,0.29543394,0.0553559599999999,0.3018867924528302,0.2375827814569536,0.2961531,A · selective + heterogeneous,False
4,INT,35,DPH6,ENSG00000134146.12,protein_coding,0.09468282889777555,0.19058771166575927,0.047037859942446913,0.6726711967898343,0.3867896292911953,0.2858815674986389,0.9680326136255336,1.2582302808334456e-09,1.908328283328888e-08,0.4200509,0.3810991,0.0389517999999999,0.3773584905660377,0.3311258278145695,0.24797994,A · selective + heterogeneous,False
4,INT,36,RASA4,ENSG00000105808.18,protein_coding,0.09375675118599675,0.37631161823970666,0.023359173533020052,0.6716075795889119,0.1071401522293519,0.56446742735956,1.0223938349490598,1.2290340144685543e-10,2.7340429960580513e-09,0.41049823,0.39070448,0.01979375,0.391304347826087,0.3422562141491396,0.30834737,A · selective + heterogeneous,False
4,INT,37,EMC2,ENSG00000104412.8,protein_coding,0.09243696559398781,0.19661857984524012,0.043457706870579565,0.6607190720632568,0.3657912022953966,0.2949278697678602,1.0052779529414773,6.920658962192301e-11,1.686779548947968e-09,0.34203005,0.2978339,0.0441961499999999,0.3018867924528302,0.2450331125827814,0.30503157,A · selective + heterogeneous,False
4,INT,38,LRRC37A3,ENSG00000176809.10,protein_coding,0.09202257281567248,0.2654980093166222,0.0318953574432152,0.66471744177919,0.2664704278042566,0.3982470139749333,0.9339261601261692,6.398250301940258e-09,7.244969919548542e-08,0.46509746,0.44124323,0.02385423,0.4782608695652174,0.4212034383954154,0.2809391,A · selective + heterogeneous,False
4,INT,39,GET1,ENSG00000182093.16,protein_coding,0.0855099116539558,0.2179745561822856,0.03354494725959009,0.6112836873149965,0.284321853041568,0.3269618342734284,0.9536823250921836,2.2607569840888757e-10,4.563714765214078e-09,0.525969,0.50378454,0.02218446,0.5094339622641509,0.4975165562913907,0.34991363,A · selective + heterogeneous,False
4,INT,40,ZFX,ENSG00000005889.16,protein_coding,0.0834869225666653,0.19594847659907855,0.0355709131330146,0.66546364079787,0.3715409258992522,0.2939227148986178,0.960230571631987,4.3009355603550406e-11,1.1261188143684441e-09,0.34712058,0.31147575,0.03564483,0.320754716981132,0.2764900662251656,0.30860788,A · selective + heterogeneous,False
4,INT,41,METTL15,ENSG00000169519.21,protein_coding,0.08127647206385928,0.2672491461011194,0.024718001937592084,0.7511222669978473,0.3502485478461682,0.4008737191516791,1.1015192824438684,1.0297982284973638e-12,5.258918016878006e-11,0.41635022,0.39569944,0.0206507799999999,0.3018867924528302,0.3187086092715231,0.19297351,A · selective + heterogeneous,False
4,INT,42,MRPL19,ENSG00000115364.14,protein_coding,0.07130641296879095,0.12951436527247587,0.03925900049603477,0.6128589366265084,0.4185873887177945,0.1942715479087138,0.8543354392410347,5.990577280154724e-08,4.5902196497952454e-07,0.47375464,0.44492975,0.0288248899999999,0.4528301886792453,0.4188741721854304,0.27769607,A · selective + heterogeneous,False
4,INT,43,RANBP2,ENSG00000153201.16,protein_coding,0.053556735320480164,0.2174675525976645,0.013189663763286275,0.6614411646831151,0.3352398357866182,0.3262013288964968,1.0092245987084871,1.7356943886808106e-12,7.977375388547623e-11,0.56333905,0.5551949,0.0081441499999999,0.6037735849056604,0.5935430463576159,0.25977495,A · selective + heterogeneous,False
4,INT,44,COG1,ENSG00000166685.12,protein_coding,0.044334794388005985,0.12472986713764961,0.015758647375592853,0.582843742765435,0.3957489420589606,0.1870948007064744,0.8206417104607194,2.8140164015846526e-08,2.476142022016608e-07,0.5870497,0.5777123,0.0093374,0.6226415094339622,0.5927152317880795,0.2985456,A · selective + heterogeneous,False
4,INT,45,CFLAR,ENSG00000003402.20,protein_coding,0.0,0.2456804243350237,0.0,0.8890660922531546,0.520545455750619,0.3685206365025356,1.2768130936437798,1.4579814743599854e-14,2.0067126838009254e-12,0.3724756,0.58944625,-0.2169706499999999,0.320754716981132,0.5604304635761589,0.33984813,A · selective + heterogeneous,False
4,INT,46,CBLL1,ENSG00000105879.12,protein_coding,0.0,0.12578390486936214,0.0,0.7455352421416878,0.5568593848376445,0.1886758573040432,1.1136621729885234,1.8190255005756453e-13,1.3262911709296303e-11,0.37037623,0.40144593,-0.0310697,0.3962264150943396,0.3658940397350993,0.26518068,A · selective + heterogeneous,False
4,INT,47,DNAJB6,ENSG00000105993.15,protein_coding,0.0,0.2594088938058966,0.0,0.4248878316267409,0.0357744909178959,0.3891133407088449,0.6068194759520052,5.62356276247184e-05,0.0001593167400996,0.32683983,0.40503624,-0.07819641,0.3018867924528302,0.3485099337748344,0.25220177,A · selective + heterogeneous,False
4,INT,48,SMG7,ENSG00000116698.21,protein_coding,0.0,0.10126131145960893,0.0,0.6810838422348738,0.5291918750454604,0.1518919671894134,0.9387038431993652,9.685736745537696e-10,1.527521399244174e-08,0.45532504,0.50847596,-0.0531509199999999,0.4716981132075472,0.5091059602649006,0.3389538,A · selective + heterogeneous,False
4,INT,49,WARS2,ENSG00000116874.12,protein_coding,0.0,0.22508084389171612,0.0,0.5969441665219363,0.2593229006843621,0.3376212658375742,0.8538178183075378,2.161384317648045e-08,1.9832338526782665e-07,0.3982806,0.4345815,-0.0363009,0.320754716981132,0.3932119205298013,0.27487928,A · selective + heterogeneous,False
4,INT,50,EXOC8,ENSG00000116903.7,protein_coding,0.0,0.1270985726646828,0.0,0.7133417308074246,0.5226938718104004,0.1906478589970242,1.1084477926368206,4.267191198088684e-15,8.320376292152012e-13,0.41422772,0.41916004,-0.0049323199999999,0.4150943396226415,0.3865894039735099,0.2744462,A · selective + heterogeneous,False
4,INT,51,NSRP1,ENSG00000126653.18,protein_coding,0.0,0.24999419276143453,0.0,0.754473488511657,0.3794821993695051,0.3749912891421518,1.0056795180276088,2.4710700589581806e-09,3.307241969444909e-08,0.3664007,0.382899,-0.0164982999999999,0.320754716981132,0.326158940397351,0.27960673,A · selective + heterogeneous,False
4,INT,52,HUS1,ENSG00000136273.13,protein_coding,0.0,0.41301040245253456,0.0,0.7225056697678439,0.102990066089042,0.6195156036788019,0.9346751357595494,2.6359741943431232e-08,2.3483801943234099e-07,0.39653134,0.53673184,-0.1402004999999999,0.3962264150943396,0.5355960264900662,0.34481886,A · selective + heterogeneous,False
4,INT,53,YAP1,ENSG00000137693.14,protein_coding,0.0,0.2911404328322183,0.0,0.8366790162464596,0.3999683669981321,0.4367106492483275,1.3317771864413972,6.660752645124443e-21,7.250786978714242e-17,0.32346687,0.35361654,-0.0301496699999999,0.3018867924528302,0.3062913907284768,0.26356494,A · selective + heterogeneous,False
4,INT,54,AIFM1,ENSG00000156709.15,protein_coding,0.0,0.21760133277165414,0.0,0.6313180798226343,0.3049160806651531,0.3264019991574812,0.8155419191441285,1.8477785905075588e-06,8.454777842219297e-06,0.43208623,0.53458846,-0.10250223,0.3584905660377358,0.5182119205298014,0.36734122,A · selective + heterogeneous,False
4,INT,55,UBE2Z,ENSG00000159202.18,protein_coding,0.0,0.1478924468778118,0.0,0.4279165088966238,0.2060778385799061,0.2218386703167177,0.5331328119135313,0.0007758300845351,0.0016478226370495,0.3783208,0.41554457,-0.0372237699999999,0.3396226415094339,0.3509933774834437,0.20386626,A · selective + heterogeneous,False
4,INT,56,PCYT1A,ENSG00000161217.12,protein_coding,0.0,0.3307772317094795,0.0,0.6482518799117428,0.1520860323475236,0.4961658475642192,0.9635705181746832,2.78725100147484e-11,7.772293204329299e-10,0.40269086,0.5336807,-0.13098984,0.3962264150943396,0.543046357615894,0.36240274,A · selective + heterogeneous,False
4,INT,57,MIOS,ENSG00000164654.16,protein_coding,0.0,0.1788966559401177,0.0,0.6455380274096321,0.3771930434994555,0.2683449839101765,0.8420158404113087,5.729537071220841e-07,3.134924003807015e-06,0.43187022,0.51457506,-0.0827048399999999,0.4150943396226415,0.5033112582781457,0.30095533,A · selective + heterogeneous,False
4,INT,58,SRRM2,ENSG00000167978.17,protein_coding,0.0,0.114228763374451,0.0,0.6971953027992902,0.5258521577376136,0.1713431450616765,0.9460420094433096,5.298751362715658e-10,9.12235870057362e-09,0.47256708,0.47688377,-0.00431669,0.5094339622641509,0.4693708609271523,0.25495887,A · selective + heterogeneous,False
4,INT,59,ZNF217,ENSG00000171940.13,protein_coding,0.0,0.11503701250901473,0.0,0.6984373525629146,0.5258818337993925,0.1725555187635221,1.0231243873062736,1.904885538704979e-13,1.3810688449348945e-11,0.41437358,0.4620982,-0.0477246199999999,0.4716981132075472,0.4420529801324503,0.28057963,A · selective + heterogeneous,False
4,INT,60,UBE2H,ENSG00000186591.13,protein_coding,0.0,0.18195697998466953,0.0,0.5262991240755187,0.2533636540985143,0.2729354699770043,0.8201245169885958,1.6668075859016503e-09,2.3980041165979144e-08,0.4636054,0.4819042,-0.0182988,0.3584905660377358,0.4627483443708609,0.32120606,A · selective + heterogeneous,False
4,INT,61,RNASEK,ENSG00000219200.12,protein_coding,0.0,0.23044427832454462,0.0,0.4146678954513281,0.0690014779645112,0.3456664174868169,0.5153168475333071,0.0005028233227342,0.0011149880830994,0.3755311,0.5592449,-0.1837138,0.36,0.5535248041775457,0.32463974,A · selective + heterogeneous,False
5,OLIGO,1,C1QTNF4,ENSG00000172247.4,protein_coding,0.251569238112263,0.7154499047941291,0.08845773986453372,1.3586355773311662,0.2854607201399726,1.0731748571911937,1.6543775180651643,1.8185235514329877e-10,2.0002204772129164e-08,0.4306128,0.3591581,0.0714547,0.3396226415094339,0.293046357615894,0.24551177,A · selective + heterogeneous,False
5,OLIGO,2,PISD,ENSG00000241878.11,protein_coding,0.11779842027857836,0.2693724774566718,0.0515140520336217,0.5197679664621483,0.1157092502771405,0.4040587161850077,0.5768717548834629,0.0021785674660854,0.0102403783688941,0.53092533,0.4971753,0.0337500299999999,0.490566037735849,0.5,0.24437246,A · selective + heterogeneous,False
5,OLIGO,3,DCTN1,ENSG00000204843.12,protein_coding,0.11433145019048231,0.13378595703325422,0.09770592364495777,0.6384987259010023,0.4378197903511209,0.2006789355498813,0.7499919166608926,0.0002094873743444,0.0016611964166298,0.5142004,0.44810513,0.0660952699999999,0.5660377358490566,0.4412251655629139,0.21922088,A · selective + heterogeneous,False
5,OLIGO,4,HAPLN2,ENSG00000132702.13,protein_coding,0.11067444265597613,0.5982738322729508,0.020473621937759527,1.095173475227641,0.1977627268182147,0.8974107484094263,1.4484587017800574,4.932996820423857e-11,6.826100653982217e-09,0.43866837,0.42243382,0.0162345499999999,0.3584905660377358,0.3625827814569536,0.2303324,A · selective + heterogeneous,False
5,OLIGO,5,SLC25A28,ENSG00000155287.11,protein_coding,0.10291555319435555,0.1279114622546734,0.08280423742019452,0.5587291180396532,0.366861924657643,0.1918671933820101,0.676932766967845,0.0002119790419955,0.0016761648488113,0.42026263,0.35172743,0.0685352,0.3962264150943396,0.2905629139072848,0.30724993,A · selective + heterogeneous,False
5,OLIGO,6,ATXN10,ENSG00000130638.17,protein_coding,0.05450144329569944,0.22795153066729446,0.013030872451783557,0.797301118529949,0.4553738225290073,0.3419272960009417,1.0119883560180436,3.2407703926591e-07,8.798623245386067e-06,0.43117166,0.42065918,0.0105124799999999,0.3773584905660377,0.3783112582781457,0.23243953,A · selective + heterogeneous,False
5,OLIGO,7,ATXN7L3,ENSG00000087152.15,protein_coding,0.02649173984326779,0.1589449535363312,0.004415442354783311,0.6886932605676254,0.4502758302631285,0.2384174303044968,0.7267800575731729,0.0004480061197128,0.0030004635725137,0.37090746,0.3667666,0.00414086,0.3584905660377358,0.3394039735099338,0.32062778,A · selective + heterogeneous,False
5,OLIGO,8,ANLN,ENSG00000011426.11,protein_coding,0.0,0.20839043274268768,0.0,0.6804665622984419,0.3678809131844104,0.3125856491140315,0.8039837881591353,2.9743670730792965e-05,0.0003432926445153,0.5110955,0.55877584,-0.0476803399999999,0.4528301886792453,0.5678807947019867,0.27693504,A · selective + heterogeneous,False
5,OLIGO,9,NDUFAF3,ENSG00000178057.15,protein_coding,0.0,0.20409598377653326,0.0,0.5551755888537128,0.2490316131889128,0.3061439756647999,0.7039489580345699,4.619368713855718e-05,0.0004947703369006,0.3355255,0.40135747,-0.06583197,0.3018867924528302,0.3485099337748344,0.27620825,A · selective + heterogeneous,False
5,OLIGO,10,TSPYL5,ENSG00000180543.5,protein_coding,0.0,0.21058040444659828,0.0,0.6481571371218215,0.3322865304519241,0.3158706066698974,0.8325078372024978,5.280159566557059e-06,8.441040181617738e-05,0.46002254,0.49069622,-0.03067368,0.4339622641509434,0.4966887417218543,0.24921317,A · selective + heterogeneous,False
5,OLIGO,11,DDN,ENSG00000181418.8,protein_coding,0.0,0.7827862827854756,0.0,1.3965254591974972,0.2223460350192839,1.1741794241782133,1.447983865008244,4.790298843993013e-08,1.911514909251041e-06,0.37876278,0.40545768,-0.0266948999999999,0.3018867924528302,0.3617549668874172,0.23585992,A · selective + heterogeneous,False
