gene_symbol,protein_function,gbm_evidence,subtype_link,druggable,cancer_relevance,verdict,sources
RPP25L,"Alba-fold paralog of RPP25 that substitutes into the RNase P/MRP ribonucleoprotein complexes, contributing to tRNA 5'-end maturation and rRNA processing.","Direct and specific. SNO 2022 abstract EXTH-61 (Neuro-Oncology): glioblastomas that silence RPP25 by promoter hypermethylation become dependent on RPP25L - 'cell lines that do not express RPP25 (SF295, GB1, LN18) exhibit a rapid reduction in viability upon RPP25L loss', with 'a marked reduction in nascent polypeptide formation', validated 'in glioblastoma patient-derived neurospheres with loss of RPP25 expression'.","none found. RPP25L biology is tRNA/rRNA processing and translation, not mitochondrial or OXPHOS. The paralog RPP25 (a different gene) was linked to GBM metabolism in Front Oncol 2021, but the dominant signal there is glycolytic, not OXPHOS.","None known. Pharos classifies RPP25L as 'Tdark' (no known ligands, drugs or tool compounds). Approval status: none known.",Paralog/collateral-lethality target: RPP25 promoter hypermethylation creates a selective RPP25L dependency. Same class as SMARCA2/4 and PRMT5/MTAP.,STRONG,"['https://academic.oup.com/neuro-oncology/article/24/Supplement_7/vii223/6826803', 'https://pharos.nih.gov/targets/RPP25L', 'https://www.ncbi.nlm.nih.gov/gene/138716', 'https://www.uniprot.org/uniprotkb/Q99JH1/entry']"
BNIP1,"BH3-only Bcl-2 family member that doubles as a syntaxin-18-associated SNARE regulating endoplasmic reticulum membrane fusion and ER morphology, and can trigger apoptosis when de-repressed.",none found,"none found. Despite the BNIP family name, BNIP1 is an ER/SNARE protein, not a mitochondrial protein - unlike BNIP3/BNIP3L which are genuine mitophagy receptors. No OXPHOS or oxidative-metabolism evidence located.","None known. BH3 mimetics (venetoclax etc.) target BCL2/BCL-xL, not BNIP1. Approval status: none known.","Weak and indirect: one cervical cancer study reports BNIP1 inhibits proliferation, migration and invasion and promotes apoptosis via mTOR (PMID 30840260) - i.e. it behaves as a tumour suppressor there, which argues AGAINST inhibiting it.",WEAK,"['https://pmc.ncbi.nlm.nih.gov/articles/PMC514507/', 'https://pubmed.ncbi.nlm.nih.gov/30840260/', 'https://www.genecards.org/card/BNIP1']"
C19orf25,Uncharacterised small protein (CS025) of unknown molecular function; no experimentally established biochemical activity or pathway assignment.,none found,none found,"None known. No inhibitor, drug or tool compound identified; the protein has essentially no functional annotation to design against. Approval status: none known.",none found beyond descriptive expression-atlas entries; no functional cancer study located.,NOVEL,"['https://www.genecards.org/cgi-bin/carddisp.pl?gene=C19orf25', 'https://www.proteinatlas.org/ENSG00000119559-C19orf25/pathology']"
SCNM1,"Zinc-finger component of the minor (U12-dependent) spliceosome, required for correct splicing of U12-type introns.",none found,"none found. No mitochondrial, OXPHOS or oxidative-metabolism role reported.",None known specifically for SCNM1. Approval status: none known.,"Hepatocellular carcinoma: Ann Surg Oncol 2025 (PMID 40172715) reports SCNM1 is elevated via chromosome 1q amplification and that 'via its splicing activity, SCNM1 promotes tumor growth, suppresses apoptosis', with high expression an independent poor-prognosis factor. The authors propose it as a cancer-specific therapeutic target.",MODERATE,"['https://link.springer.com/article/10.1245/s10434-025-17108-z', 'https://pubmed.ncbi.nlm.nih.gov/40172715/']"
NUDT16L1,"Also called TIRR; a catalytically inactive Nudix-fold protein that binds and masks the 53BP1 tandem Tudor domain, restraining 53BP1 recruitment to DNA double-strand breaks and controlling repair pathway choice.",none found,"Indirect but genuinely mitochondrial: Redox Biology 2024, 'Overexpression of NUDT16L1 sustains proper function of mitochondria and leads to ferroptosis insensitivity in colorectal cancer'. This is colorectal, not GBM, so the MTC link is by analogy only.","No confirmed inhibitor or tool compound. The TIRR-53BP1 Tudor interface has been structurally characterised (Nature 2017; Nat Commun 2018) and is discussed as a druggable protein-protein interface, but no named compound confirmed. Approval status: none known.","Two threads: DNA-repair regulation via 53BP1, directly relevant to radiotherapy and PARP-inhibitor response - germane to GBM given radiotherapy is standard of care; and mitochondrial fitness / ferroptosis resistance in colorectal cancer.",MODERATE,"['https://www.nature.com/articles/nature21358', 'https://www.nature.com/articles/s41467-018-04557-2', 'https://www.sciencedirect.com/science/article/pii/S2213231724003367']"
NR2C2AP,Small nuclear protein (TRA16) that binds the orphan nuclear receptor TR4/NR2C2 and represses its transactivation activity.,none found,none found. No mitochondrial or OXPHOS role reported.,None known. Approval status: none known.,One study only: TRA16 promotes non-small cell lung carcinoma by activating estrogen receptor beta and blocking TR2 (PMID 23129017). Otherwise only descriptive expression-atlas data.,WEAK,"['https://pubmed.ncbi.nlm.nih.gov/23129017/', 'https://www.genecards.org/card/NR2C2AP']"
TRAPPC2L,Conserved TRAPP-complex-interacting protein involved in ER-to-Golgi and intra-Golgi vesicle tethering; biallelic loss-of-function variants cause a neurodevelopmental disorder with episodic rhabdomyolysis.,none found,none found. A membrane-trafficking/tethering factor; no direct mitochondrial or OXPHOS function established.,None known. Approval status: none known.,none found. No functional cancer study located for TRAPPC2L specifically.,NOVEL,"['https://pubmed.ncbi.nlm.nih.gov/19416478/', 'https://www.genecards.org/cgi-bin/carddisp.pl?gene=TRAPPC2L']"
ATP5MC1,Subunit c isoform P1 of the F0 rotor c-ring of mitochondrial ATP synthase (complex V); the c-ring conducts protons across the inner membrane and drives rotary ATP synthesis.,none found for ATP5MC1 specifically. Human Protein Atlas does not report it as prognostic in glioma.,"Strong on first principles and by gene identity: this is core OXPHOS machinery (complex V, the terminal step of oxidative phosphorylation), directly consistent with an OXPHOS-high / MTC subtype. Supported by gene annotation rather than by a GBM-subtype-specific publication.","Yes, at the complex level. Oligomycin binds the c-ring of mitochondrial ATP synthase (PNAS 2012), with the binding site formed by the c-subunit ring. Oligomycin is a research tool compound only (too toxic for systemic human use). Bedaquiline targets the mycobacterial c-ring, not the human enzyme. Approval status: no approved drug against the human ATP synthase c-subunit.","ATP synthase inhibition is an established anticancer strategy for OXPHOS-dependent tumours, but no ATP5MC1-specific cancer study was found - the evidence is for the complex, not this subunit gene.",MODERATE,"['https://www.pnas.org/doi/10.1073/pnas.1207912109', 'https://www.ncbi.nlm.nih.gov/gene/516']"
UNC50,"Conserved multi-pass Golgi / inner-nuclear-membrane protein that regulates vesicular trafficking, required for trafficking of nicotinic acetylcholine receptors.",none found,none found. A secretory-pathway/trafficking protein; no mitochondrial or OXPHOS role reported.,None known. Approval status: none known.,"One mechanistic study: 'UNC50 Prompts G1/S Transition and Proliferation in HCC by Regulation of Epidermal Growth Factor Receptor Trafficking' (PLOS One 2015, PMID 25738771). The EGFR-trafficking mechanism is conceptually interesting for GBM given EGFR amplification, but this connection is entirely unpublished in glioma.",MODERATE,"['https://journals.plos.org/plosone/article?id=10.1371/journal.pone.0119338', 'https://rupress.org/jcb/article/216/10/3249/38953/']"
MZT2A,"Mitotic-spindle organizing protein 2A (MOZART2), a small component of the gamma-tubulin ring complex that regulates microtubule nucleation and mitotic spindle assembly.",none found,none found. Centrosome/spindle biology; no mitochondrial or OXPHOS link reported.,"None known for MZT2A itself. Microtubule-targeting agents act on tubulin, not on this gamma-TuRC accessory subunit. Approval status: none known.","Reasonably supported outside the CNS: NSCLC - MZT2A promotes viability and invasion by increasing Akt phosphorylation and predicts poor prognosis (Cancer Sci 2021, PMID 33754417); clear-cell renal cell carcinoma prognostic biomarker; lung adenocarcinoma cisplatin resistance via NEMO ubiquitination and NF-kB.",MODERATE,"['https://pubmed.ncbi.nlm.nih.gov/33754417/', 'https://www.sciencedirect.com/science/article/pii/S2405844024117264']"
C1QTNF4,"Secreted C1q/TNF-related protein 4 (CTRP4), a two-C1q-domain adipokine/cytokine that signals through nucleolin and modulates NF-kB and STAT3 pathways.",none found,"Partial and neural rather than oligodendrocytic. Human Protein Atlas classifies C1QTNF4 as tissue-enriched (Brain), protein detected in astrocytes and subsets of neurons. In CNS disease models CTRP4 signalling ameliorates autoimmune encephalomyelitis by suppressing Th17 differentiation. No oligodendrocyte- or myelin-specific evidence found.",No small-molecule inhibitor known. Recombinant CTRP4 protein is used as a preclinical agonist tool. Approval status: none known.,Limited: identified as a cytokine that stimulates STAT3 and NF-kB and promotes cell survival in human cancer cells. No glioma-specific work located.,WEAK,"['https://www.proteinatlas.org/ENSG00000172247-C1QTNF4/brain', 'https://jneuroinflammation.biomedcentral.com/articles/10.1186/s12974-021-02167-2']"
PISD,"Mitochondrial phosphatidylserine decarboxylase, an inner-membrane enzyme converting phosphatidylserine to phosphatidylethanolamine, supplying the PE required for cristae architecture.","none found. IMPORTANT NEGATIVE: the 2026 paper on targeting phosphatidylserine synthesis in oesophageal carcinoma and glioblastoma (PMID 42511570) concerns PTDSS1, a different enzyme, not PISD. Do not attribute that GBM finding to PISD.","none found for the OLIGO programme. No myelin, oligodendrocyte or CNS-ECM evidence located. PISD is a mitochondrial enzyme, so its biology fits the MTC subtype better than OLIGO - a possible subtype-assignment mismatch worth flagging.",No selective PISD inhibitor confirmed. Approval status: none known.,Moderate: targeting mitochondrial phosphatidylethanolamine alters mitochondrial metabolism and proliferation in hepatocellular carcinoma; PISD promotes ferroptosis through STAT3/GPX4 in gastric cancer.,MODERATE,"['https://pmc.ncbi.nlm.nih.gov/articles/PMC12288522/', 'https://www.genecards.org/cgi-bin/carddisp.pl?gene=PISD']"
DCTN1,"p150Glued, the largest subunit of the dynactin complex, linking cargo to cytoplasmic dynein for retrograde microtubule transport; mutations cause ALS, Perry syndrome and distal SMA.","Glioma but not GBM, and directionally unhelpful. Technol Cancer Res Treat 2021 (PMID 33896271): 'high expressions of DCTN1, DCTN3, DCTN4, and DCTN6 were significantly (P<0.05) related to the favorable OS of LGG patients'. High expression predicting BETTER survival argues against DCTN1 being an oncogenic dependency.","Partial: dynactin/p150Glued is essential for neuronal axonal transport and is a bona fide CNS/neurodegeneration gene. Neural biology, but no oligodendrocyte-, myelin- or CNS-ECM-specific role found.","No direct dynactin/DCTN1 inhibitor confirmed. Ciliobrevin and dynapyrazole inhibit cytoplasmic dynein, not DCTN1, and are preclinical tool compounds only. Approval status: none known.",Limited to the LGG prognostic association above; no functional oncogenic study located.,MODERATE,"['https://journals.sagepub.com/doi/10.1177/15330338211010143', 'https://molecularneurodegeneration.biomedcentral.com/articles/10.1186/s13024-018-0242-z']"
HAPLN2,"Hyaluronan and proteoglycan link protein 2 (Bral1), a CNS-restricted link protein that stabilises hyaluronan-lectican complexes forming the perinodal extracellular matrix at nodes of Ranvier in myelinated fibres.",Database-level only. Human Protein Atlas TCGA analysis classifies HAPLN2 RNA as 'Cancer enriched (Glioblastoma Multiforme)'; however the same resource states HAPLN2 is not prognostic in any cancer. No mechanistic GBM or glioma study was found.,"Strong - the best subtype-biology match in the OLIGO list. HAPLN2 preferentially localises with versican at nodes of Ranvier, is essential for nodal ECM formation and interacts with the nodal protein NF186 directly; in Hapln2-null mice there were no ECM signals at CNS nodes. This is precisely myelinated-axon / CNS extracellular-matrix biology.","None known - a secreted structural ECM link protein with no reported inhibitor, drug or tool compound. Approval status: none known.","Essentially none. The literature is dominated by neurodegeneration - aggregation in Parkinson's models, and HAPLN2 aggregates promoting microglial inflammation during brain ageing.",MODERATE,"['https://www.proteinatlas.org/ENSG00000132702-HAPLN2/cancer', 'https://www.frontiersin.org/journals/aging-neuroscience/articles/10.3389/fnagi.2019.00060/full']"
SLC25A28,"Mitoferrin-2, an inner mitochondrial membrane carrier importing ferrous iron into the matrix for heme biosynthesis and iron-sulfur cluster assembly.","none found. Informative negative: in a diffuse glioma iron-regulatory gene signature study, SLC25A28 was among the 61 genes screened but was excluded by feature selection and is NOT in the final 8-gene survival model.","none found for the OLIGO programme. A mitochondrial carrier, so like PISD its biology fits MTC better than OLIGO; possible subtype-assignment mismatch. The one CNS study found is microglial, not oligodendrocytic.",No inhibitor or tool compound known. Approval status: none known.,Good genetic rationale: 'Mitoferrin2 is a synthetic lethal target for chromosome 8p deleted cancers' (Genome Medicine 2024) - cells that lose the 8p paralog SLC25A37 become dependent on SLC25A28. Also implicated in ferroptosis regulation.,MODERATE,"['https://link.springer.com/article/10.1186/s13073-024-01357-w', 'https://journals.plos.org/plosone/article?id=10.1371%2Fjournal.pone.0166593']"
ATXN10,"Ataxin-10, a cytoplasmic armadillo-repeat protein required for cerebellar neuron survival, implicated in cytokinesis and ciliogenesis; an intronic repeat expansion causes SCA10.",none found,"Weak and generic neural only. No oligodendrocyte, myelin or CNS-ECM evidence found.",None known. Approval status: none known.,"none found. ATXN10 appeared only incidentally within a multi-omic IDH-mutant glioma recurrence-prediction feature set, which is not evidence of a biological role.",WEAK,"['https://pubmed.ncbi.nlm.nih.gov/15201271/', 'https://www.genecards.org/cgi-bin/carddisp.pl?gene=ATXN10']"
ATXN7L3,"Ataxin-7-like 3, the obligate adaptor subunit of the SAGA deubiquitination module that activates USP22 to remove monoubiquitin from histone H2B.",none found,"none found. Chromatin/transcription biology; no myelin, oligodendrocyte or CNS-ECM link reported.","Indirectly, via its partner enzyme. No direct ATXN7L3 ligand exists, but selective USP22 inhibitors have been reported from structure-based virtual screening with anti-tumour activity in vitro. Approval status: preclinical only.",Solid: 'ATXN7L3 and ENY2 Coordinate Activity of Multiple H2B Deubiquitinases Important for Cellular Proliferation and Tumor Growth' (Molecular Cell 2016). Its partner USP22 is a well-studied oncology target.,MODERATE,"['https://www.sciencedirect.com/science/article/pii/S1097276516300132', 'https://www.pnas.org/doi/10.1073/pnas.1807704115']"
ANLN,"Anillin, an actin-binding scaffold that organises the actomyosin contractile ring during cytokinesis and links septins, F-actin and RhoA; also required for septin assembly in non-dividing myelinating oligodendrocytes.","No dedicated glioma or GBM functional study found. Human Protein Atlas reports ANLN is NOT prognostic in glioma (prognostic only in cervical, liver, lung, pancreatic and renal cancer), and GBM mass-spectrometry data were non-significant.","Strong and direct. eLife 2019: 'expression of the cytoskeletal adaptor protein ANLN is strongly enriched in mature oligodendrocytes', Anln mRNA is highest in myelinating oligodendrocytes, and oligodendrocyte-specific knockout causes numerous myelin outfoldings with a 15.5% reduction in nerve conduction velocity. A textbook myelin/oligodendrocyte gene.",No direct ANLN inhibitor or tool compound found. Approval status: none known.,"Extensive outside the CNS: prognostic and functionally oncogenic in breast, gallbladder, oral squamous, liver, lung, pancreatic and renal cancers. It is essentially a proliferation-index gene, which sits awkwardly with a differentiated oligodendrocytic programme.",MODERATE,"['https://elifesciences.org/articles/43888', 'https://www.proteinatlas.org/ENSG00000011426-ANLN/cancer']"
NDUFAF3,Mitochondrial complex I assembly factor that acts with NDUFAF4 to build the Q-module of NADH:ubiquinone oxidoreductase; biallelic mutations cause fatal neonatal mitochondrial disease and cavitating leukoencephalopathy.,none found. Human Protein Atlas: prognostic in renal cancer (KICH) only; GBM protein data non-significant.,"none found for the OLIGO programme in the sense required. NDUFAF3 is an OXPHOS/complex I gene and is therefore MTC-consistent rather than OLIGO-consistent - a subtype-assignment mismatch worth flagging. The only white-matter connection is that NDUFAF3 variants may associate with cavitating leukoencephalopathy, a secondary consequence of complex I failure rather than a myelin-programme role.","No NDUFAF3-specific inhibitor exists. Complex I itself is druggable: IACS-010759 is a selective complex I inhibitor that entered phase I trials in advanced solid tumours and AML, though those trials reported dose-limiting neurotoxicity and lactic acidosis; metformin is a weak complex I inhibitor. Approval status: none approved for this indication.",Weak gene-specific evidence. Complex I dependency as a class is well established in OXPHOS-high tumours.,MODERATE,"['https://www.proteinatlas.org/ENSG00000178057-NDUFAF3/cancer', 'https://www.nature.com/articles/s41591-018-0052-4']"
TSPYL5,"TSPY-like 5, a nucleosome-assembly-protein-family member that binds the deubiquitinase USP7 and thereby suppresses p53 protein levels and function; itself frequently silenced by promoter hypermethylation.","Modest and descriptive. EANO/Neuro-Oncology 2017 abstract on CRISPR targeting of the TSPYL family: TSPYL4 and TSPYL5 showed lower expression in brain tumours than normal brain, and the GBM methylome showed a general increase in methylation at TSPYL loci; the authors note their knockouts showed only a 'mild' effect.","none found. No myelin, oligodendrocyte or CNS-ECM evidence located.","No direct TSPYL5 ligand. The TSPYL5-USP7-p53 axis is indirectly addressable with USP7 inhibitors, which are preclinical. Approval status: none known.","Well studied and context-dependent - oncogene in some settings, tumour suppressor in others: TSPYL5 suppresses p53 via USP7 (Nat Cell Biol 2011); silenced by promoter methylation in gastric cancer; inhibits proliferation in colorectal cancer. This bidirectionality is a real liability for target selection.",MODERATE,"['https://academic.oup.com/neuro-oncology/article/19/suppl_3/iii29/3743907', 'https://www.nature.com/articles/ncb2142']"
KIF18B,"Plus-end-directed kinesin-8 family motor that, with MCAK/KIF2C, regulates astral microtubule dynamics and length during mitosis to support correct spindle assembly and chromosome segregation.","Yes. A 2025 study reports KIF18B 'was highly expressed in various cancers including GBM', increases with tumour grade, and 'was one of the independent risk factors for glioma prognosis', with GSEA enrichment of 'E2F, G2M and other signaling pathways' (https://pmc.ncbi.nlm.nih.gov/articles/PMC11919893/). A separate paper reports 'KIF18B drives the malignant progression of gliomas by activating the Notch pathway' (https://www.sciencedirect.com/science/article/abs/pii/S0898656825003031).","Consistent with PN. GBM expression correlates with E2F and G2M cell-cycle programmes, matching the proliferative/cell-cycle axis of the proneural/NPC-like programme. No PDGFRA/OLIG2-specific or formally subtype-stratified data found — the link is to proliferation generally, not to PN specifically.","None confirmed. No KIF18B-selective inhibitor or tool compound could be verified. Note the well-developed inhibitors (AMG 650, and the compounds described in Nature Cancer 2024) target the paralogue KIF18A, not KIF18B — these are NOT KIF18B agents (https://www.nature.com/articles/s43018-023-00699-5). Status: none known for KIF18B.",Reported as overexpressed and prognostically adverse across multiple tumour types in the same pan-cancer analyses; part of the broadly oncogenic mitotic-kinesin class.,STRONG,"['https://pmc.ncbi.nlm.nih.gov/articles/PMC11919893/', 'https://www.frontiersin.org/journals/genetics/articles/10.3389/fgene.2025.1540342/full', 'https://www.sciencedirect.com/science/article/abs/pii/S0898656825003031', 'https://www.nature.com/articles/s43018-023-00699-5']"
VRK1,"Chromatin-associated serine/threonine kinase (vaccinia-related kinase 1) that phosphorylates histone H3, BAF and p53 to control chromatin condensation, nuclear envelope disassembly and mitotic entry.","Yes, and it is glioblastoma-specific. 'VRK1 Is a Synthetic-Lethal Target in VRK2-Deficient Glioblastoma' — VRK2 is silenced by promoter methylation in a large fraction of GBM, creating paralogue dependence on VRK1 (Cancer Research, AACR: https://aacrjournals.org/cancerres/article-abstract/doi/10.1158/0008-5472.CAN-21-4443/709105/VRK1-is-a-Synthetic-Lethal-Target-in-VRK2; preprint: https://www.biorxiv.org/content/10.1101/2021.12.30.474571v1.full). Separately, 'High expression of VRK1 is related to poor prognosis in glioma' (https://www.sciencedirect.com/science/article/abs/pii/S0344033817307823), and VRK1 depletion sensitises GBM cells to temozolomide + olaparib (https://www.frontiersin.org/journals/cell-and-developmental-biology/articles/10.3389/fcell.2021.683038/full).","Consistent with PN. VRK1 is required for mitotic entry and proliferation and is highly expressed in proliferating neural progenitors. Caveat: the GBM dependency reported is driven by VRK2 promoter methylation status, not by Verhaak transcriptional subtype — no PN-versus-CL stratification of the synthetic lethality was found.","Preclinical only. Verified chemical matter: VRK-IN-1 (commercial tool inhibitor, https://www.medchemexpress.com/vrk-in-1.html) and dihydropteridinone-derived VRK1/CK1δ-ε inhibitors reported in J Med Chem 2024 (https://pubs.acs.org/doi/abs/10.1021/acs.jmedchem.3c02250). Day One Biopharmaceuticals has an announced VRK1 discovery collaboration/licence with Sprint Bioscience (https://ir.dayonebio.com/news-releases/news-release-details/day-one-announces-vrk1-license-agreement-and-research/). No VRK1 inhibitor in clinical trials could be confirmed. Status: preclinical.",Overexpressed and associated with poor outcome in several tumour types; the VRK2-loss paralogue-dependency concept is a recognised synthetic-lethal strategy being pursued industrially.,STRONG,"['https://aacrjournals.org/cancerres/article-abstract/doi/10.1158/0008-5472.CAN-21-4443/709105/VRK1-is-a-Synthetic-Lethal-Target-in-VRK2', 'https://www.biorxiv.org/content/10.1101/2021.12.30.474571v1.full', 'https://academic.oup.com/neuro-oncology/article/24/Supplement_7/vii29/6826037', 'https://www.sciencedirect.com/science/article/abs/pii/S0344033817307823', 'https://www.frontiersin.org/journals/cell-and-developmental-biology/articles/10.3389/fcell.2021.683038/full', 'https://www.medchemexpress.com/vrk-in-1.html', 'https://pubs.acs.org/doi/abs/10.1021/acs.jmedchem.3c02250', 'https://ir.dayonebio.com/news-releases/news-release-details/day-one-announces-vrk1-license-agreement-and-research/']"
CTDNEP1,"Transmembrane serine/threonine phosphatase (with its activator NEP1R1) that dephosphorylates lipin/CTD substrates to control phospholipid synthesis, ER membrane morphology and nuclear envelope assembly (https://www.pnas.org/doi/10.1073/pnas.2321167121).",None found. No published study linking CTDNEP1 to glioblastoma or glioma was identified. The only CNS-tumour evidence is in medulloblastoma: 'Loss of phosphatase CTDNEP1 potentiates aggressive medulloblastoma by triggering MYC amplification and genomic instability' (https://www.nature.com/articles/s41467-023-36400-8).,"None found — and the available biology is a MISMATCH in direction. CTDNEP1 behaves as a recurrently deleted TUMOUR SUPPRESSOR in Group 3 medulloblastoma (loss drives MYC amplification), i.e. the opposite of an inhibitable oncogenic dependency, and there is no evidence tying it to a proliferative/neural-progenitor GBM programme. Flagging this as unsupported for PN.","None known. No inhibitor, drug or tool compound targeting CTDNEP1 was found. (As a tumour suppressor in the only cancer setting studied, inhibition would in any case be the wrong pharmacology.) Status: none known.",Limited and tumour-suppressive: recurrent deletion in aggressive medulloblastoma; a general review of CTDNEP1 research trends notes its roles in lipid/nuclear envelope biology rather than oncogenic signalling (https://www.mdpi.com/2075-1729/13/6/1338).,WEAK,"['https://www.nature.com/articles/s41467-023-36400-8', 'https://www.pnas.org/doi/10.1073/pnas.2321167121', 'https://www.mdpi.com/2075-1729/13/6/1338', 'https://www.genecards.org/card/CTDNEP1', 'https://www.mycancergenome.org/content/gene/ctdnep1/']"
BCCIP,"BRCA2- and CDKN1A(p21)-interacting protein that supports homologous-recombination repair, stabilises stalled replication forks to prevent nascent-DNA degradation, and contributes to spindle/centrosome integrity.","Yes, but in the opposite direction to an oncogenic target. 'Alterations of BCCIP, a BRCA2 interacting protein, in astrocytomas' reports 'BCCIP protein expression was not detectable in ~45% of all astrocytic tumors, and in > 60% in the grade IV glioblastoma', with '~45% glioblastoma have significant (p < 0.01) reduction of BCCIP gene copy number', concluding 'the frequency of lacking BCCIP expression is associated with the aggressiveness of astrocytic tumors' (https://link.springer.com/article/10.1186/1471-2407-9-268).","MISMATCH. BCCIP is LOST, not gained, in high-grade astrocytoma/GBM, so it does not fit a PN proliferative/progenitor dependency that one would inhibit. Its genome-stability role is broadly cell-cycle-adjacent, but no evidence links BCCIP to the PDGFRA/OLIG2/NPC-like proneural programme. Flagging the assigned PN target role as directionally inconsistent with the published GBM data.",None known. No BCCIP inhibitor or tool compound was found. Its HR-deficiency phenotype would more plausibly motivate synthetic-lethal PARP inhibition in BCCIP-low tumours than direct targeting. Status: none known.,Functions as a tumour-suppressor-like genome-stability factor; loss causes replication stress and genomic instability (https://febs.onlinelibrary.wiley.com/doi/10.1002/1873-3468.14406). Not established as an oncogenic driver in any tumour type.,WEAK,"['https://link.springer.com/article/10.1186/1471-2407-9-268', 'https://pubmed.ncbi.nlm.nih.gov/19653894/', 'https://febs.onlinelibrary.wiley.com/doi/10.1002/1873-3468.14406', 'https://omim.org/entry/611883', 'https://www.genecards.org/cgi-bin/carddisp.pl?gene=BCCIP']"
KIF2C,Kinesin-13 family microtubule depolymerase (MCAK) that localises to centromeres/kinetochores and depolymerises microtubule plus ends to correct erroneous kinetochore attachments and ensure faithful chromosome segregation.,"Yes, though largely biomarker/in-silico grade. 'Kinesin family member 2C (KIF2C/MCAK) is a novel marker for prognosis in human gliomas' (https://www.researchgate.net/publication/51842648_Kinesin_family_member_2C_KIF2CMCAK_is_a_novel_marker_for_prognosis_in_human_gliomas), and 'In Silico Analysis of the Correlation of KIF2C with Prognosis and Immune Infiltration in Glioma' reports high KIF2C associates with higher grade and shorter survival (https://onlinelibrary.wiley.com/doi/10.1155/2022/6320828). No GBM-specific functional knockout/xenograft study was found.","Consistent with PN in the generic sense — KIF2C is a mitosis/chromosome-segregation gene and clusters with proliferation signatures. No study stratifying KIF2C by Verhaak subtype (PN vs CL vs MES) was found, so the specific PN assignment is inferred from proliferation biology rather than demonstrated.",None confirmed clinically. No selective KIF2C/MCAK inhibitor with verified clinical or advanced preclinical status was identified. Status: none known.,"Strong and broad. A systematic review and meta-analysis concludes KIF2C/MCAK is a prognostic biomarker with oncogenic potential across many cancers (https://pubmed.ncbi.nlm.nih.gov/38344808/); it is a pan-cancer prognostic and immunosuppressive-microenvironment correlate (https://pmc.ncbi.nlm.nih.gov/articles/PMC9171145/), and drives hepatocellular carcinoma via Wnt/β-catenin–mTORC1 (https://academic.oup.com/proteincell/article/12/10/788/6746922).",MODERATE,"['https://onlinelibrary.wiley.com/doi/10.1155/2022/6320828', 'https://www.researchgate.net/publication/51842648_Kinesin_family_member_2C_KIF2CMCAK_is_a_novel_marker_for_prognosis_in_human_gliomas', 'https://pubmed.ncbi.nlm.nih.gov/38344808/', 'https://pmc.ncbi.nlm.nih.gov/articles/PMC9171145/', 'https://academic.oup.com/proteincell/article/12/10/788/6746922']"
PTK2,"Focal adhesion kinase (FAK) — a non-receptor tyrosine kinase activated downstream of integrins and growth-factor receptors that controls focal-adhesion turnover, cell migration, invasion, anoikis resistance and survival signalling.","Yes, including a dedicated clinical study. 'A study of the focal adhesion kinase inhibitor GSK2256098 in patients with recurrent glioblastoma with evaluation of tumor penetration of [11C]GSK2256098' (Neuro-Oncology 2018;20(12):1634) enrolled 13 recurrent GBM patients; it demonstrated measurable tumour penetration and tolerability, but efficacy was minimal — 'stable disease by RANO criteria... in 3 patients (27%), with progressive disease in 8 patients (73%)', with dose-limiting cerebral oedema at the top dose (https://pmc.ncbi.nlm.nih.gov/articles/PMC6231205; https://academic.oup.com/neuro-oncology/article/20/12/1634/4998845). Preclinically, Pyk2/FAK signalling is upregulated in recurrent GL261 gliomas (https://pubmed.ncbi.nlm.nih.gov/37686276/), and a 2025 review addresses context-specific FAK targeting in GBM (https://pmc.ncbi.nlm.nih.gov/articles/PMC12757307/).","MISMATCH for PN. FAK biology is integrin/adhesion/invasion and ECM-driven, which maps onto the MESENCHYMAL glioblastoma programme rather than the proneural/NPC-like proliferative programme. No evidence was found linking PTK2 to PDGFRA, OLIG2 or a neural-progenitor signature in GBM. Flagging the PN assignment as biologically inconsistent.","Yes — this is the most clinically advanced FAK target status. Defactinib (VS-6063, FAKZYNJA) received FDA accelerated approval in May 2025 in combination with the RAF/MEK clamp avutometinib (AVMAPKI) for adults with KRAS-mutated recurrent low-grade serous ovarian cancer — the first approval of a FAK inhibitor (https://investor.verastem.com/news-releases/news-release-details/fda-approves-avmapkitm-fakzynjatm-combination-therapy-first-ever; https://www.mskcc.org/news/fda-approves-avutometinib-defactinib-combination-for-treating-recurrent-low-grade-serous-ovarian-cancer-with-kras-mutation). GSK2256098 reached phase I in solid tumours and the recurrent-GBM expansion above (https://www.annalsofoncology.org/article/S0923-7534(19)36550-0/fulltext). Status: APPROVED (defactinib, in a specific ovarian-cancer combination only); clinical-stage but NOT approved for any brain tumour; the one GBM trial was negative for efficacy.","Extensive. FAK is amplified/overexpressed across many carcinomas and is a validated node for invasion, stromal signalling and immune exclusion; multiple FAK inhibitors have been through clinical development (https://www.frontiersin.org/journals/pharmacology/articles/10.3389/fphar.2024.1274209/full).",MODERATE,"['https://pmc.ncbi.nlm.nih.gov/articles/PMC6231205', 'https://academic.oup.com/neuro-oncology/article/20/12/1634/4998845', 'https://pubmed.ncbi.nlm.nih.gov/29788497/', 'https://investor.verastem.com/news-releases/news-release-details/fda-approves-avmapkitm-fakzynjatm-combination-therapy-first-ever', 'https://www.mskcc.org/news/fda-approves-avutometinib-defactinib-combination-for-treating-recurrent-low-grade-serous-ovarian-cancer-with-kras-mutation', 'https://www.annalsofoncology.org/article/S0923-7534(19)36550-0/fulltext', 'https://pmc.ncbi.nlm.nih.gov/articles/PMC12757307/', 'https://pubmed.ncbi.nlm.nih.gov/37686276/', 'https://www.frontiersin.org/journals/pharmacology/articles/10.3389/fphar.2024.1274209/full']"
E2F3,E2F-family transcription factor held inactive by RB1; on CDK4/6–cyclin D-mediated RB phosphorylation it drives transcription of S-phase and DNA-replication genes to execute the G1/S transition.,"Yes. E2F3 is a validated miR-128 target in glioma: 'MicroRNA-128 inhibits glioma cells proliferation by targeting transcription factor E2F3a' (https://link.springer.com/article/10.1007/s00109-008-0403-6); 'miR128-1 inhibits the growth of glioblastoma multiforme and glioma stem-like cells via targeting BMI1 and E2F3' (https://www.ncbi.nlm.nih.gov/pmc/articles/PMC5346679/); and miR-128 down-regulation in GBM targets 'ARP5 (ANGPTL6), Bmi-1 and E2F-3a, key regulators of brain cell proliferation' (https://link.springer.com/article/10.1007/s11060-009-0077-0).","Consistent with PN, with direct supporting evidence. The CDK4/6 subtype study states 'The E2F1-regulated miR-17~92 cluster and its analogs are shown to be highly expressed in proneural GBM... suggesting the E2F cell cycle pathway might be a key driver in proneural GBM' (https://www.oncotarget.com/article/19429/text/). E2F3 also acts in glioma stem-like cells alongside BMI1, aligning with the progenitor/self-renewal axis of PN.","No direct E2F3 inhibitor exists (transcription factors of this class are not conventionally druggable); no tool compound could be confirmed. The pathway is drugged indirectly upstream via approved CDK4/6 inhibitors (palbociclib, ribociclib, abemaciclib) which restore RB-mediated E2F repression. Status: no direct agent known; indirect targeting only.","Well established. E2F3 is amplified/overexpressed in bladder, prostate, lung and other cancers and sits at the centre of the RB/E2F network that is disrupted in the large majority of GBM (https://www.oncotarget.com/article/17364/text/; https://www.pnas.org/doi/10.1073/pnas.1001613107).",STRONG,"['https://link.springer.com/article/10.1007/s00109-008-0403-6', 'https://www.ncbi.nlm.nih.gov/pmc/articles/PMC5346679/', 'https://link.springer.com/article/10.1007/s11060-009-0077-0', 'https://www.oncotarget.com/article/19429/text/', 'https://www.oncotarget.com/article/17364/text/', 'https://www.pnas.org/doi/10.1073/pnas.1001613107']"
MCM10,"Essential replisome component that acts at replication origins to activate the CMG helicase and couple helicase activation to DNA polymerase-alpha loading, licensing origin firing and replication elongation.","Yes, at the biomarker/bioinformatic level. 'MCM10 as a novel prognostic biomarker and its relevance to immune infiltration in gliomas' (Technol Health Care 2023, https://pubmed.ncbi.nlm.nih.gov/36872806/; https://journals.sagepub.com/doi/abs/10.3233/THC-220576). The broader MCM family is reported as 'potential diagnostic and prognostic tumor markers for human gliomas' (https://bmccancer.biomedcentral.com/articles/10.1186/1471-2407-14-526). No GBM-specific functional or in vivo study was found.","Consistent with PN in the generic proliferation/DNA-replication sense — MCM10 is a canonical S-phase gene and would co-vary with the E2F/cell-cycle module that characterises proneural/NPC-like GBM. No subtype-stratified GBM analysis of MCM10 was found; the specific PN assignment is inferred, not demonstrated.",None known. No MCM10 inhibitor or tool compound was identified. Status: none known.,"Good. MCM10 is a pan-cancer diagnostic/prognostic/immunological biomarker (https://www.nature.com/articles/s41598-023-44946-2), compensates for MYC-induced replication stress in breast cancer stem-like cells (https://pmc.ncbi.nlm.nih.gov/articles/PMC7935783/), and is a YAP1/TEAD4 target driving gastric cancer stemness (https://link.springer.com/article/10.1186/s12943-026-02623-8).",MODERATE,"['https://pubmed.ncbi.nlm.nih.gov/36872806/', 'https://journals.sagepub.com/doi/abs/10.3233/THC-220576', 'https://bmccancer.biomedcentral.com/articles/10.1186/1471-2407-14-526', 'https://www.nature.com/articles/s41598-023-44946-2', 'https://pmc.ncbi.nlm.nih.gov/articles/PMC7935783/']"
PDCL,"Phosducin-like protein 1 (PhLP1), a co-chaperone of the cytosolic chaperonin CCT/TRiC that is required for folding and assembly of G-protein beta-gamma dimers and regulates CCT activity (https://pubmed.ncbi.nlm.nih.gov/17658730/; https://pubmed.ncbi.nlm.nih.gov/12060742/).",None found. No publication linking PDCL itself to glioblastoma or glioma was identified. IMPORTANT CAVEAT: the glioma literature that surfaces on this search is about the distinct paralogue PDCL3 — 'Phosducin-like 3 is a novel prognostic and onco-immunological biomarker in glioma' (https://pubmed.ncbi.nlm.nih.gov/37006287/) and 'PDCL3 promotes the vasculogenic mimicry of glioma-associated mesenchymal stem cells through VEGFR-2' (https://pubmed.ncbi.nlm.nih.gov/40469100/). These are NOT evidence for PDCL and must not be attributed to it.,"None found. No evidence connects PDCL to neural-progenitor identity, proliferation, cell cycle, or the PDGFRA/OLIG2 programme. If this gene entered the PN list via a name/paralogue collision with PDCL3, that should be checked in the upstream pipeline.","None known. PDCL is classified as 'Tbio' (biology only, no chemical probe) in the NIH Pharos druggable-genome resource (https://pharos.nih.gov/targets/Q13371). Status: none known.","Minimal. No substantive oncology literature on PDCL itself was found; it is an understudied, largely housekeeping co-chaperone.",NOVEL,"['https://pharos.nih.gov/targets/Q13371', 'https://pubmed.ncbi.nlm.nih.gov/17658730/', 'https://pubmed.ncbi.nlm.nih.gov/12060742/', 'https://www.genecards.org/cgi-bin/carddisp.pl?gene=PDCL', 'https://atlasgeneticsoncology.org/gene/71784/pdcl-(phosducin-like)', 'https://pubmed.ncbi.nlm.nih.gov/37006287/']"
NPM1,"Nucleophosmin/B23 — an abundant nucleolar shuttling phosphoprotein acting as a histone chaperone and ribosome-biogenesis factor, and regulating the ARF–p53 axis, centrosome duplication and genome stability.","Yes. 'NPM1 histone chaperone is upregulated in glioblastoma to promote cell survival and maintain nucleolar shape' (Scientific Reports 2015, https://www.nature.com/articles/srep16495; https://pubmed.ncbi.nlm.nih.gov/26559910/). Independently, siRNA knockdown of nucleophosmin in a glioblastoma cell line induces cell death (https://pubmed.ncbi.nlm.nih.gov/22745010/).","Partially consistent with PN, but non-specific. NPM1-driven ribosome biogenesis and nucleolar activity support high proliferative output, which fits the proneural proliferative programme, but NPM1 is a ubiquitously expressed housekeeping-class factor and no Verhaak-subtype-stratified GBM data were found. Treat the PN assignment as generic-proliferation-based rather than subtype-specific.","Preclinical tool compounds only. NSC348884 was reported as a nucleophosmin oligomerisation-disrupting inhibitor that induces apoptosis in cancer cells (https://www.nature.com/articles/onc200854) — but a later study concluded 'NSC348884 cytotoxicity is not mediated by inhibition of nucleophosmin oligomerization' (https://www.nature.com/articles/s41598-020-80224-1), so its mechanism is disputed and it is not a validated NPM1 probe. Avrainvillamide and related molecules targeting NPM1 are reviewed in https://www.oncotarget.com/article/8599/text/. Status: preclinical, with a significant target-engagement caveat; no clinical NPM1 inhibitor.","Very high. NPM1 is one of the most frequently mutated genes in acute myeloid leukaemia (NPM1c), is a recurrent fusion partner (NPM-ALK), and is a documented DNA-damage-repair factor and cancer target (https://aacrjournals.org/cancerres/article/83/10/1573/726298/Nucleophosmin-Plays-a-Role-in-Repairing-DNA-Damage).",STRONG,"['https://www.nature.com/articles/srep16495', 'https://pubmed.ncbi.nlm.nih.gov/26559910/', 'https://pubmed.ncbi.nlm.nih.gov/22745010/', 'https://www.nature.com/articles/onc200854', 'https://www.nature.com/articles/s41598-020-80224-1', 'https://www.oncotarget.com/article/8599/text/', 'https://aacrjournals.org/cancerres/article/83/10/1573/726298/Nucleophosmin-Plays-a-Role-in-Repairing-DNA-Damage']"
FERMT2,"Kindlin-2 (Mig-2) — a FERM-domain focal-adhesion adaptor that binds beta-integrin cytoplasmic tails cooperatively with talin to drive inside-out integrin activation, and links integrins to the actin cytoskeleton and ILK/PINCH signalling.","Limited but real. 'Mig-2 attenuates cisplatin-induced apoptosis of human glioma cells in vitro through AKT/JNK and AKT/p38 signaling pathways' — 'Overexpression of mig-2 significantly attenuated cisplatin-induced apoptosis, whereas knock-down of mig-2 potentiated the apoptosis', with the authors proposing mig-2 'may be a predictive biomarker for drug resistance in glioma' (https://pmc.ncbi.nlm.nih.gov/articles/PMC4155532/). Note this is in vitro glioma cell lines, not GBM tissue or in vivo. No FERMT2 GBM tissue/prognosis study was found (the glioma prognostic literature covers FERMT1 and FERMT3, which are different genes).","MISMATCH for CL. Kindlin-2 biology is integrin activation, ECM adhesion, EMT and stromal/immunosuppressive signalling — the canonical MESENCHYMAL glioblastoma programme, not EGFR-driven classical biology. No evidence was found tying FERMT2 to EGFR signalling, CDKN2A loss, or an astrocytic/classical GBM signature. Flagging this assignment as biologically inconsistent with CL.","None confirmed. No selective kindlin-2 inhibitor, drug or validated tool compound was identified; the target is a protein-protein-interaction adaptor without an enzymatic active site. Status: none known.","Moderate-to-good. Kindlin-2 is reviewed as a driver of cancer progression and metastasis (https://atm.amegroups.org/article/view/38270/html), and FERMT2 overexpression in cancer-associated fibroblasts correlates with EMT and immunosuppression in gastric cancer (https://pubmed.ncbi.nlm.nih.gov/38352691/).",MODERATE,"['https://pmc.ncbi.nlm.nih.gov/articles/PMC4155532/', 'https://atm.amegroups.org/article/view/38270/html', 'https://pubmed.ncbi.nlm.nih.gov/38352691/', 'https://www.genecards.org/card/FERMT2']"
BRAT1,BRCA1-associated ATM activator 1 — a scaffold that binds BRCA1 and ATM and promotes ATM/DNA-PK-dependent DNA double-strand-break signalling and repair; also implicated in mitochondrial function and mTOR signalling.,"Yes, and it is direct and recent. 'BRAT1 – a new therapeutic target for glioblastoma' (Cell Mol Life Sci) reports that BRAT1 expression increases with tumour grade, and that BRAT1 depletion in GBM cells and glioma stem-like cells causes 'impaired tumor growth and invasion', delays resolution of irradiation-induced DNA double-strand breaks (radiosensitisation), and extends median survival in an orthotopic mouse model from 42.5 to 55 days (https://link.springer.com/article/10.1007/s00018-024-05553-0; https://pmc.ncbi.nlm.nih.gov/articles/PMC11747058/; preprint https://www.biorxiv.org/content/10.1101/2024.07.08.602519v1).","None found. The published GBM work concerns DNA-damage response, radioresistance and invasion, with no link to EGFR signalling, EGFRvIII, CDKN2A deletion or a classical/astrocytic transcriptional signature. The GBM evidence is strong; the specific CL assignment is unsupported by anything I could find. Not a clear mismatch, but not corroborated either.","Preclinical. Curcusone D (CurD), a natural-product diterpene from Jatropha curcas, is described as a small-molecule BRAT1 inhibitor; in the GBM paper it phenocopied BRAT1 knockdown, 'significantly reduced GSC migration' and synergised with radiation, leading the authors to propose that 'therapeutic inhibition of BRAT1 with CurD or similar compounds might constitute a novel approach for anti-GBM directed treatments' (https://link.springer.com/article/10.1007/s00018-024-05553-0). Status: preclinical only; no clinical BRAT1 agent.","Emerging. BRAT1's role in ATM activation makes it a plausible general DNA-damage-response/radiosensitisation target; germline biallelic loss-of-function causes the neurodevelopmental disorders RMFSL/NEDCAS, which is relevant to a potential therapeutic window (https://www.ncbi.nlm.nih.gov/gtr/genes/221927/).",MODERATE,"['https://link.springer.com/article/10.1007/s00018-024-05553-0', 'https://pmc.ncbi.nlm.nih.gov/articles/PMC11747058/', 'https://www.biorxiv.org/content/10.1101/2024.07.08.602519v1', 'https://www.ncbi.nlm.nih.gov/gtr/genes/221927/', 'https://www.genecards.org/cgi-bin/carddisp.pl?gene=BRAT1']"
FGFR1,"Fibroblast growth factor receptor 1 — a receptor tyrosine kinase that, on FGF binding and dimerisation, activates RAS-MAPK, PI3K-AKT and PLCgamma signalling to control proliferation, survival and stem-cell self-renewal.","Yes, extensive. (i) FGFR-TACC fusions (predominantly FGFR3-TACC3, with FGFR1-TACC1 rarer) occur in IDH-wildtype glioma and are oncogenic and inhibitor-sensitive (https://aacrjournals.org/clincancerres/article-abstract/21/14/3307/125197; review: https://www.sciencedirect.com/science/article/pii/S1383574225000079). (ii) 'FGFR1 fusions in genomically and epigenetically bona fide glioblastoma, IDH-wildtype' documents FGFR1 fusions in true GBM (https://academic.oup.com/jnen/article/85/1/98/8161067). (iii) 'FGFR1/FOXM1 pathway: a key regulator of glioblastoma stem cells radioresistance and a prognosis biomarker' (https://pmc.ncbi.nlm.nih.gov/articles/PMC6114977/). (iv) FGFR inhibition sensitises GBM stem cells to tumour-treating fields (https://www.nature.com/articles/s41420-025-02542-5).","Mixed / only indirectly supportive of CL. The strongest mechanistic CL-relevant link is bypass signalling: in GBM, 'simultaneously targeting FGFR1 and FGFR3 augmented cell death in response to EGFR and MET inhibition', i.e. FGFR1 sustains ERK reactivation via SPRY2 when EGFR is inhibited (https://pmc.ncbi.nlm.nih.gov/articles/PMC7724645/). That places FGFR1 adjacent to, but not within, the EGFR-driven classical programme. Countervailing evidence assigns FGFR1 to the MESENCHYMAL subtype ('HSPA5 and FGFR1 genes in the mesenchymal subtype of glioblastoma can improve a treatment efficacy', https://pmc.ncbi.nlm.nih.gov/articles/PMC11104699/), and FGFR1 also drives neural-stem-cell self-renewal, which is proneural-flavoured. I found no study assigning FGFR1 to classical GBM. Flagging the CL assignment as not directly supported.","Yes, with important precision. APPROVED: pemigatinib (PEMAZYRE) received FDA approval in August 2022 specifically for relapsed/refractory myeloid/lymphoid neoplasms with FGFR1 rearrangement — the only FGFR1-selective indication (https://www.accc-cancer.org/view/fda-approves-pemigatinib-for-mlns-with-fgfr1-rearrangement). Other approved pan-FGFR inhibitors (erdafitinib, futibatinib) are labelled for FGFR3-altered urothelial and FGFR2-fusion cholangiocarcinoma respectively, not FGFR1 or glioma. GLIOMA-SPECIFIC TRIALS AND OUTCOMES: infigratinib (BGJ398) phase II in recurrent glioma with FGFR alterations, n=26 (FGFR1: 1 amplification, 3 mutations, 1 fusion) — 'single-agent infigratinib had limited efficacy'; ORR 3.8% (1 PR), 6-month PFS 16.0%, median PFS 1.7 months, median OS 6.7 months, though 4 patients had durable control >1 year including FGFR1 K656E mutants (https://aacrjournals.org/clincancerres/article/28/11/2270/698914/Infigratinib-in-Patients-with-Recurrent-Gliomas). Fexagratinib (AZD4547) was evaluated in the TARGET phase I/II study in relapsed/refractory FGFR-fusion-positive glioma (https://academic.oup.com/noa/article/6/1/vdae068/7676464). Status: approved agents exist for FGFR1-rearranged haematological disease; in glioma, clinical-trial stage with largely negative single-agent results.","Very high. FGFR1 is amplified in squamous lung and breast cancer, rearranged in 8p11 myeloproliferative syndrome, and is a validated, extensively drugged oncogene family member.",MODERATE,"['https://aacrjournals.org/clincancerres/article/28/11/2270/698914/Infigratinib-in-Patients-with-Recurrent-Gliomas', 'https://academic.oup.com/jnen/article/85/1/98/8161067', 'https://academic.oup.com/noa/article/6/1/vdae068/7676464', 'https://www.sciencedirect.com/science/article/pii/S1383574225000079', 'https://aacrjournals.org/clincancerres/article-abstract/21/14/3307/125197', 'https://pmc.ncbi.nlm.nih.gov/articles/PMC6114977/', 'https://pmc.ncbi.nlm.nih.gov/articles/PMC7724645/', 'https://pmc.ncbi.nlm.nih.gov/articles/PMC11104699/', 'https://www.accc-cancer.org/view/fda-approves-pemigatinib-for-mlns-with-fgfr1-rearrangement', 'https://www.nature.com/articles/s41420-025-02542-5']"
TMED10,"Transmembrane p24 trafficking protein 10 (p24delta/TMP21) — a COPI/COPII cargo receptor cycling between ER and Golgi that selects secretory cargo, and also mediates translocation of cytosolic proteins for unconventional secretion.","None found. No study linking TMED10 to glioblastoma or glioma was identified. The Human Protein Atlas reports TMED10 protein expression in glioblastoma as 'Non-significant (p<3e-3)' in CPTAC mass-spectrometry data and does not list glioma among the cancers where TMED10 is prognostic (only renal, favourable; thyroid, unfavourable) (https://www.proteinatlas.org/ENSG00000170348-TMED10/pathology/glioma). CAVEAT: the glioma/EGFR paper that surfaces here concerns the paralogue TMED2 — 'TMED2 promotes glioma tumorigenesis by being involved in EGFR recycling transport' (https://www.sciencedirect.com/science/article/abs/pii/S0141813024008584) — that is TMED2, not TMED10, and must not be credited to TMED10.","None found for TMED10 itself. There is an appealing but unproven inferential route to CL — TMED family members heterodimerise and TMED2 controls EGFR recycling in glioma — but no published data connect TMED10 to EGFR signalling, EGFRvIII, CDKN2A loss or classical GBM. Treat as unsupported.","None known. No inhibitor, drug or tool compound targeting TMED10 was found. Status: none known.","Weak-to-moderate and indirect. TMED2/9/10 are jointly reported as biomarkers of poor prognosis in head and neck squamous carcinoma (https://www.frontiersin.org/journals/genetics/articles/10.3389/fgene.2022.895281/full); TMED10 also negatively regulates TGF-beta receptor complex formation (https://www.ncbi.nlm.nih.gov/pmc/articles/PMC5354491/) and traffics IGF2 (https://www.pnas.org/doi/10.1073/pnas.2215285120), but no dedicated oncogenic-driver study exists.",WEAK,"['https://www.proteinatlas.org/ENSG00000170348-TMED10/pathology/glioma', 'https://www.proteinatlas.org/ENSG00000170348-TMED10/pathology', 'https://www.frontiersin.org/journals/genetics/articles/10.3389/fgene.2022.895281/full', 'https://www.ncbi.nlm.nih.gov/pmc/articles/PMC5354491/', 'https://www.pnas.org/doi/10.1073/pnas.2215285120', 'https://www.sciencedirect.com/science/article/abs/pii/S0141813024008584']"
KLF16,"Kruppel-like factor 16 — a zinc-finger transcription factor that binds GC-box/Sp1-like elements and can activate or repress target genes controlling proliferation, metabolism and mitochondrial biogenesis.","Yes, but in the OPPOSITE direction to a therapeutic target. 'KLF16 suppresses human glioma cell proliferation and tumourigenicity by targeting TFAM' (Artif Cells Nanomed Biotechnol 2018, https://www.tandfonline.com/doi/full/10.1080/21691401.2018.1431654; record: https://www.wikidata.org/wiki/Q49635567). The only glioma-specific publication therefore reports KLF16 as growth-SUPPRESSIVE.","MISMATCH, and a directional mismatch as well. There is no evidence linking KLF16 to EGFR signalling, CDKN2A loss, or a classical/astrocytic GBM programme. Worse, the sole glioma paper positions KLF16 as a tumour suppressor that restrains proliferation — so inhibiting KLF16 would be predicted to promote, not block, glioma growth. Flagging this as a target-direction error unless the pipeline is scoring it as a down-regulated/loss-of-function candidate. Note also that KLF16 is reported as ONCOGENIC in gastric, bladder, prostate and oral cancers, so its role is context-dependent and the glioma context is the negative one.","None known. No KLF16 inhibitor, activator or tool compound was identified; it is an undrugged zinc-finger transcription factor. Status: none known.","Moderate but contradictory across tissues: oncogenic in gastric cancer via Notch (https://ncbi.nlm.nih.gov/pmc/articles/PMC8263687), bladder cancer via TGFBR3 repression (https://www.tandfonline.com/doi/full/10.2147/CMAR.S334521), and prostate cancer via the MYC signature (https://www.ncbi.nlm.nih.gov/pmc/articles/PMC7025737/); growth-suppressive in glioma and retinoblastoma.",WEAK,"['https://www.tandfonline.com/doi/full/10.1080/21691401.2018.1431654', 'https://www.wikidata.org/wiki/Q49635567', 'https://ncbi.nlm.nih.gov/pmc/articles/PMC8263687', 'https://www.tandfonline.com/doi/full/10.2147/CMAR.S334521', 'https://www.ncbi.nlm.nih.gov/pmc/articles/PMC7025737/', 'https://www.sciencedirect.com/science/article/abs/pii/S0006291X20312286']"
CDK6,"Cyclin-dependent kinase 6 — partners with D-type cyclins to phosphorylate RB1, releasing E2F transcription factors and driving the G1/S transition; also has kinase-independent transcriptional roles.","Yes, including multiple completed GBM trials. Preclinically, 'Pharmacologic inhibition of cdk4/6 arrests the growth of glioblastoma multiforme intracranial xenografts' (https://pmc.ncbi.nlm.nih.gov/articles/PMC2855904/), and RB-pathway status dictates response to CDK4/6 inhibition in GBM (https://www.pnas.org/doi/10.1073/pnas.1001613107). CLINICAL OUTCOMES ARE NEGATIVE: the phase 2 trial of palbociclib in recurrent RB1-positive glioblastoma (n=22) was 'stopped early secondary to futility' and 'failed to meet its primary efficacy goal of PFS6 >= 30%', with '95% (18 of 19) evaluable patients progressing within 6 months', median PFS 5.14 weeks and median OS 15.4 weeks; the authors concluded 'palbociclib monotherapy was not an effective treatment for recurrent glioblastoma' (https://pmc.ncbi.nlm.nih.gov/articles/PMC6239922). A phase 0 trial of ribociclib in recurrent GBM assessed tumour PK/PD (https://aacrjournals.org/clincancerres/article/25/19/5777/124637/A-Phase-0-Trial-of-Ribociclib-in-Recurrent), and abemaciclib has been studied in recurrent GBM including combination phase 0/2 designs (https://academic.oup.com/neuro-oncology/article/26/Supplement_8/viii110/7890035).","Partially consistent, with an important caveat that cuts the other way. Pro-CL: CDKN2A/B homozygous deletion — which removes the p16INK4a brake on CDK4/6 — is a hallmark of the classical/RTK-II GBM group (https://www.jcancer.org/v17p0001.htm), and CDKN2A loss co-occurs with EGFR amplification in IDH-wildtype GBM (https://academic.oup.com/noa/article/2/1/vdaa126/5908751). AGAINST CL: the dedicated subtype study is titled 'CDK4/6 inhibition is more active against the glioblastoma proneural subtype' and reports 'palbociclib preferentially inhibited cell proliferation in vitro in a majority of proneural GSCs versus those of other subtypes', with 'most of these sensitive PN GSCs expressed higher levels of CDK6 and had intact Rb1' (https://www.oncotarget.com/article/19429/text/). So the published pharmacological sensitivity data point to PN, not CL. Flagging this as a partial subtype mismatch: the genomic rationale (CDKN2A loss) fits classical, but the functional CDK6-dependency data fit proneural.","Yes — the most clinically mature target on either list. APPROVED: palbociclib, ribociclib and abemaciclib are FDA-approved CDK4/6 inhibitors (HR-positive/HER2-negative breast cancer indications); abemaciclib and ribociclib also in adjuvant breast settings. NOT approved for any brain tumour. GBM-specific status: palbociclib phase 2 in recurrent RB1-positive GBM — NEGATIVE, terminated for futility; ribociclib — phase 0 PK/PD only; abemaciclib — evaluated in recurrent GBM trials including with pembrolizumab and with the ERK1/2 inhibitor LY3214996. Blood-brain-barrier penetration and RB1 status are the recurring limitations. Status: approved (other indications), clinical-trial stage in GBM with negative monotherapy results.","Very high and well validated: CDK6 is amplified or overexpressed across many cancers, is the effector of CDKN2A loss, and the CDK4/6 axis is one of the most successfully drugged nodes in oncology.",STRONG,"['https://pmc.ncbi.nlm.nih.gov/articles/PMC6239922', 'https://pubmed.ncbi.nlm.nih.gov/30151703/', 'https://aacrjournals.org/clincancerres/article/25/19/5777/124637/A-Phase-0-Trial-of-Ribociclib-in-Recurrent', 'https://academic.oup.com/neuro-oncology/article/26/Supplement_8/viii110/7890035', 'https://www.oncotarget.com/article/19429/text/', 'https://www.pnas.org/doi/10.1073/pnas.1001613107', 'https://pmc.ncbi.nlm.nih.gov/articles/PMC2855904/', 'https://www.jcancer.org/v17p0001.htm', 'https://academic.oup.com/noa/article/2/1/vdaa126/5908751', 'https://pmc.ncbi.nlm.nih.gov/articles/PMC9094053/']"
HAUS2,"Subunit 2 (CEP27) of the eight-member HAUS/augmin complex, which recruits gamma-tubulin ring complexes to pre-existing spindle microtubules to nucleate branched microtubules and amplify spindle microtubule density during mitosis (https://www.nature.com/articles/s41467-023-37625-3).",None found for HAUS2 specifically. The glioma literature covers other complex members or the family as a whole: 'HAUS Augmin-Like Complex Subunit 1 Influences Tumour Microenvironment and Prognostic Outcomes in Glioma' is about HAUS1 (https://pmc.ncbi.nlm.nih.gov/articles/PMC9296284/); 'A prognostic model based on the Augmin family genes for LGG patients' builds a multi-gene signature in lower-grade glioma rather than GBM and does not establish HAUS2 as an independent GBM factor (https://www.nature.com/articles/s41598-023-34779-4). A related GBM stem-cell paper concerns HAUS5 (https://www.oncotarget.com/article/18153/text/).,"None found, and the direction of fit is wrong for CL. Augmin/spindle biology is a proliferation/mitosis programme, which would sit more naturally with the proneural proliferative module than with EGFR-driven classical biology. No evidence connects HAUS2 to EGFR signalling, CDKN2A loss or an astrocytic programme. Flagging the CL assignment as unsupported and, on biology alone, better matched to PN.",None known. No HAUS2 or augmin-complex inhibitor or tool compound was identified. Status: none known.,"Weak and mostly guilt-by-association. HAUS-family genes appear in pan-cancer bioinformatic prognostic signatures (https://www.dovepress.com/development-and-validation-of-a-haus-related-prognostic-signature-in-l-peer-reviewed-fulltext-article-JHC), but no functional oncogenic role for HAUS2 has been demonstrated.",WEAK,"['https://pmc.ncbi.nlm.nih.gov/articles/PMC9296284/', 'https://www.nature.com/articles/s41598-023-34779-4', 'https://www.nature.com/articles/s41467-023-37625-3', 'https://omim.org/entry/613429', 'https://www.dovepress.com/development-and-validation-of-a-haus-related-prognostic-signature-in-l-peer-reviewed-fulltext-article-JHC', 'https://www.oncotarget.com/article/18153/text/']"
ACSL3,"Long-chain acyl-CoA synthetase 3 — ligates CoA to long-chain fatty acids (preferring monounsaturated species), channelling them into phospholipid and lipid-droplet synthesis; this MUFA channelling confers resistance to ferroptosis.",None found. No study linking ACSL3 specifically to glioblastoma or glioma was identified. The glioma ACSL literature covers other family members — 'Bioinformatics insights into ACSL1 and ACSL5: prognostic and immune roles in low-grade glioma' (https://bmccancer.biomedcentral.com/articles/10.1186/s12885-025-13651-w) — and reviews of lipid metabolism in GBM discuss the pathway without ACSL3-specific GBM data (https://www.nature.com/articles/s41420-025-02390-3).,"None found. No evidence connects ACSL3 to EGFR signalling, EGFRvIII, CDKN2A loss or the classical/astrocytic GBM programme. The assignment is unsupported by literature; if it derives from a lipid-metabolism module in the expression data, that should be stated as hypothesis-generating rather than subtype-validated.","Preclinical tool compounds only, and none selective. Triacsin C is the standard pan-ACSL inhibitor used in this literature (it inhibits ACSL1/3/4 but not ACSL5/6) and is reviewed as a cancer-therapy tool (https://ncbi.nlm.nih.gov/pmc/articles/PMC6696099; https://doi.org/10.3390/cancers16061170). No ACSL3-selective inhibitor and no clinical-stage ACSL3 agent were found. Status: preclinical.",Moderate and growing. ACSL3 confers ferroptosis resistance and is an unfavourable prognostic marker in cholangiocarcinoma (https://www.nature.com/articles/s41698-024-00783-8) and inhibits ferroptosis in gastric cancer via the unfolded protein response (https://www.nature.com/articles/s41419-026-09068-3); ACSL3 versus ACSL4 opposing roles in ferroptosis are reviewed in https://doi.org/10.3390/cancers14235896.,WEAK,"['https://www.nature.com/articles/s41698-024-00783-8', 'https://www.nature.com/articles/s41419-026-09068-3', 'https://doi.org/10.3390/cancers14235896', 'https://ncbi.nlm.nih.gov/pmc/articles/PMC6696099', 'https://doi.org/10.3390/cancers16061170', 'https://bmccancer.biomedcentral.com/articles/10.1186/s12885-025-13651-w', 'https://www.nature.com/articles/s41420-025-02390-3']"
CTU1,"Cytosolic thiouridylase subunit 1 — forms a heterodimer with CTU2 that installs the 2-thio group on wobble uridine 34 (mcm5s2U34) of tRNA-Lys(UUU), tRNA-Glu(UUC) and tRNA-Gln(UUG), tuning translational efficiency and fidelity of specific codons.",None found. No study linking CTU1 to glioblastoma or glioma was identified.,"None found. No evidence connects CTU1 to EGFR signalling, classical GBM, CDKN2A loss or an astrocytic programme. The assignment is entirely unsupported by published literature.","None known. No CTU1 inhibitor, drug or tool compound was found. Status: none known.","Emerging but thin, and mostly via CTU2 or the pathway rather than CTU1 itself. Wobble-uridine tRNA thiolation is described as a vulnerability in refractory melanoma via translational control of HIF1A (https://www.researchgate.net/publication/327876412_Wobble_uridine_tRNA_modification_a_new_vulnerability_of_refractory_melanoma) and is reviewed as a cancer-relevant RNA modification (https://www.tandfonline.com/doi/full/10.1080/15476286.2020.1722449); CTU2 has been proposed as a pan-cancer tumour biomarker (https://www.frontiersin.org/journals/immunology/articles/10.3389/fimmu.2025.1547794/full). CTU1 itself is best characterised in angiogenesis and embryonic development (https://journals.plos.org/plosone/article?id=10.1371%2Fjournal.pone.0315854).",NOVEL,"['https://journals.plos.org/plosone/article?id=10.1371%2Fjournal.pone.0315854', 'https://www.frontiersin.org/journals/immunology/articles/10.3389/fimmu.2025.1547794/full', 'https://www.tandfonline.com/doi/full/10.1080/15476286.2020.1722449', 'https://www.genecards.org/cgi-bin/carddisp.pl?gene=CTU1', 'https://omim.org/entry/612694']"
POLR1G,"RNA polymerase I subunit G (PAF49/CD3EAP/ASE-1) — a Pol I-specific subunit that, with PAF53/POLR1E, is essential for rDNA transcription and ribosome biogenesis; it stabilises PAF53 and is required for Pol I activity (https://pmc.ncbi.nlm.nih.gov/articles/PMC10365956/).","None found. No study linking POLR1G/CD3EAP to glioblastoma, glioma or any brain tumour was identified.","None found. No evidence connects POLR1G to EGFR signalling, classical GBM, CDKN2A loss or an astrocytic programme. Ribosome-biogenesis capacity generally tracks with proliferation, which if anything is a better fit for the PN proliferative module than for CL. Treat the CL assignment as unsupported.","No POLR1G-specific agent. The Pol I machinery as a whole can be inhibited with the preclinical/early-clinical tool compounds CX-5461 (SL1/Pol I initiation inhibitor) and BMH-21, but these act on the Pol I transcription complex, not on POLR1G selectively, and CX-5461's mechanism has itself been questioned (its radiosensitisation was attributed to DNA-damage-response effects rather than Pol I inhibition: https://www.nature.com/articles/s41598-022-07928-4). Status: none known for POLR1G specifically; pathway-level agents are preclinical/early clinical.","Weak. The main cancer literature is genetic-association work on CD3EAP polymorphisms and lung cancer risk in the GLTSCR1/ATM/PPP1R13L/CD3EAP locus (https://pubmed.ncbi.nlm.nih.gov/30128886/) — association, not driver evidence. A Pol I/Pol III identity shift is described in cancer more broadly (https://www.nature.com/articles/s41467-022-30323-6). No functional oncogenic role for POLR1G is established.",NOVEL,"['https://pmc.ncbi.nlm.nih.gov/articles/PMC10365956/', 'https://www.sciencedirect.com/science/article/pii/S0021925823019798', 'https://atlasgeneticsoncology.org/gene/50105/polr1g-(rna-polymerase-i-subunit-g)', 'https://www.proteinatlas.org/ENSG00000117877-POLR1G/cancer', 'https://pubmed.ncbi.nlm.nih.gov/30128886/', 'https://www.nature.com/articles/s41598-022-07928-4', 'https://www.nature.com/articles/s41467-022-30323-6']"
ITGB5,"Integrin beta-5 subunit that pairs with alpha-V to form the alphaVbeta5 receptor for RGD-containing extracellular-matrix ligands (vitronectin, TGFBI), transducing adhesion signals to FAK/Src.","Direct GBM evidence. Frontiers in Oncology 2019, 'Integrin Beta 5 Is a Prognostic Biomarker and Potential Therapeutic Target in Glioblastoma': elevated ITGB5 'is associated with progressive malignancy in glioma and is specific to the mesenchymal subtype', and on knockdown 'glioma cell migration and invasion were inhibited' with reduced MMP2/MMP9. Independently, Peng et al., Theranostics 2022: 'TGFBI promoted the maintenance of GSCs and GBM malignant growth through integrin alphaVbeta5-Src-Stat3 signaling in vitro and in vivo', with TGFBI supplied by M2-like tumour-associated macrophages. Sources: https://pmc.ncbi.nlm.nih.gov/articles/PMC6764112 ; https://pmc.ncbi.nlm.nih.gov/articles/PMC9169371/","Strongly subtype-consistent. The 2019 Frontiers paper explicitly reports ITGB5 as 'more closely associated with the mesenchymal phenotype' and specific to the mesenchymal subtype. It sits squarely in the adhesion/ECM-invasion axis of MES biology, and the Theranostics 2022 macrophage-TGFBI-alphaVbeta5 axis directly links it to the myeloid-infiltration arm of the MES programme. No mismatch.","Yes. Cilengitide, a cyclic RGD pentapeptide inhibitor of alphaVbeta3 and alphaVbeta5, was developed specifically for glioblastoma and reached phase III (CENTRIC, EORTC 26071-22072). Approval status: NOT approved - the phase III trial did not meet its primary endpoint in newly diagnosed MGMT-methylated GBM, so the compound is clinically de-risked but failed. Tool/preclinical alphaV antagonists remain available. Sources: https://www.sciencedirect.com/science/article/abs/pii/S1470204514703791 ; https://ascopost.com/issues/october-15-2014/centric-trial-shows-no-benefit-of-adding-cilengitide-to-therapy-in-glioblastoma-with-methylated-mgmt-promoter.aspx",Broad. ITGB5 is an independent prognostic marker in intrahepatic cholangiocarcinoma and promotes colorectal cancer progression and metastasis via Wnt signalling.,STRONG,"['https://pmc.ncbi.nlm.nih.gov/articles/PMC6764112', 'https://pmc.ncbi.nlm.nih.gov/articles/PMC9169371/', 'https://www.sciencedirect.com/science/article/abs/pii/S1470204514703791', 'https://ascopost.com/issues/october-15-2014/centric-trial-shows-no-benefit-of-adding-cilengitide-to-therapy-in-glioblastoma-with-methylated-mgmt-promoter.aspx', 'https://pmc.ncbi.nlm.nih.gov/articles/PMC10587877/', 'https://www.nature.com/articles/s41598-025-93081-7']"
ARPC2,"The p34-Arc subunit of the seven-subunit Arp2/3 complex, which nucleates branched actin filaments to drive lamellipodial protrusion and cell motility.","Yes, at protein level in glioma. Liu Z, Yang X, Chen C, et al., Oncology Reports 2013, 'Expression of the Arp2/3 complex in human gliomas and its role in the migration and invasion of glioma cells', assayed the complex with a p34-Arc (ARPC2) antibody and found 'a positive correlation between the expression of Arp2/3 and the malignancy of glioma specimens (r=0.686, P=0.02)', rising from non-tumour brain through WHO grade I-IV. Pharmacological Arp2/3 blockade with CK-666 'markedly inhibited U251 cell migration' and 'significantly impaired Transwell chamber invasion capability'. Caveat: the functional work inhibited the whole complex rather than ARPC2 specifically. Source: https://www.spandidos-publications.com/or/30/5/2127","Subtype-consistent. Branched-actin nucleation is core cytoskeletal/invasion machinery, the defining cell-biological programme of MES GBM. Reinforced by a related Arp2/3 subunit in the same subtype: ARPC1B 'promotes mesenchymal phenotype maintenance and radiotherapy resistance' in glioma stem cells (J Exp Clin Cancer Res 2022), and ARPC5 associates with proliferation, migration and immune infiltrate in gliomas (BMC Cancer 2023). No mismatch.","Yes, tool compound only. CK-666 is a well-characterised small-molecule Arp2/3 complex inhibitor used in the glioma study above; CK-869 is a related tool compound. Approval status: preclinical / research tool only, no clinical programme. Note this targets the complex, not ARPC2 selectively.",Yes. 'ARPC2: A Pan-Cancer Prognostic and Immunological Biomarker That Promotes Hepatocellular Carcinoma Cell Proliferation and Invasion' (Front Cell Dev Biol 2022) reports ARPC2 as a pan-cancer prognostic and immune-correlated biomarker.,STRONG,"['https://www.spandidos-publications.com/or/30/5/2127', 'https://pmc.ncbi.nlm.nih.gov/articles/PMC9207441/', 'https://link.springer.com/article/10.1186/s13046-022-02526-8', 'https://link.springer.com/article/10.1186/s12885-023-11433-w']"
SOCS3,"Suppressor of cytokine signalling 3, a cytokine-inducible negative-feedback inhibitor that binds JAK/gp130 and targets signalling components for proteasomal degradation, shutting down IL-6/JAK/STAT3 signalling.","Yes, substantial - but the direction is tumour-suppressive. Lindemann et al., Acta Neuropathologica 2011: 'SOCS3 promoter methylation is mutually exclusive to EGFR amplification in gliomas and promotes glioma cell invasion through STAT3 and FAK activation' - i.e. LOSS of SOCS3 drives invasion. A 2026 Cell Division paper, 'SOCS3 suppresses glioblastoma growth via JAK-STAT inhibition and mitochondrial unfolded protein response activation', concludes 'SOCS3 exerts dual tumor-suppressive effects in GBM'; SOCS3 overexpression killed cells and knockdown enhanced proliferation. A PLOS One 2014 study found SOCS3 promoter hypermethylation is a FAVORABLE prognosticator in G-CIMP-positive GBM. Sources: https://link.springer.com/article/10.1007/s00401-011-0832-0 ; https://link.springer.com/article/10.1186/s13008-026-00178-0 ; https://journals.plos.org/plosone/article?id=10.1371%2Fjournal.pone.0091829","Pathway-adjacent but DIRECTIONALLY MISMATCHED. SOCS3 sits inside the IL-6/JAK-STAT3 and NF-kB inflammatory axis that defines MES GBM, and SOCS1/2/3/4 correlate with immune infiltration in GBM (PMC10399539), so its expression will track with the MES/immune-infiltrated signature. However SOCS3 is the BRAKE on that axis, not the driver: silencing SOCS3 is what unleashes STAT3/FAK-driven invasion. FLAG: if the pipeline nominated SOCS3 as a target to INHIBIT, that is the wrong therapeutic direction - inhibiting SOCS3 would be predicted to increase STAT3 signalling and invasion. It is plausible only as a biomarker or as a restoration/agonism target.","Not directly as an inhibitor target, and inhibition would be counterproductive. SOCS3-mimetic peptides (e.g. KIR-domain-derived peptides) are described in the literature as agonist-direction tools; the tractable node is the pathway it restrains, where JAK inhibitors (ruxolitinib, approved for myelofibrosis) and STAT3 inhibitors are available. Approval status for SOCS3 itself: none known.","Yes. SOCS3 is recurrently silenced by promoter hypermethylation across hepatocellular, lung, head and neck and other carcinomas, with a predominantly tumour-suppressive role; reviewed in 'Emerging roles of suppressor of cytokine signaling 3 in human cancers'.",MODERATE,"['https://link.springer.com/article/10.1007/s00401-011-0832-0', 'https://link.springer.com/article/10.1186/s13008-026-00178-0', 'https://journals.plos.org/plosone/article?id=10.1371%2Fjournal.pone.0091829', 'https://pmc.ncbi.nlm.nih.gov/articles/PMC10399539/', 'https://www.sciencedirect.com/science/article/pii/S0753332221010465']"
ACTR3,"Actin-related protein 3 (Arp3), one of the two actin-like subunits that form the nucleation core of the Arp2/3 complex driving branched actin polymerisation at the leading edge.","Yes, indirect but glioma-specific. 'RasGRP3 regulates the migration of glioma cells via interaction with Arp3' (PubMed 25682201) directly implicates Arp3/ACTR3 in glioma cell migration. ACTR3 is also covered by the Oncology Reports 2013 glioma Arp2/3 study showing complex expression correlates with glioma grade and that CK-666 inhibition suppresses glioma migration and invasion. No ACTR3-specific knockdown study in GBM was found. Sources: https://pubmed.ncbi.nlm.nih.gov/25682201/ ; https://www.spandidos-publications.com/or/30/5/2127","Subtype-consistent. Branched actin nucleation is the canonical cytoskeletal/invasion machinery of the MES programme, and ACTR3 has been shown to induce EMT directly in another tumour type ('ACTR3 promotes cell migration and invasion by inducing epithelial mesenchymal transition in pancreatic ductal adenocarcinoma'), which is the closest available analogue of mesenchymal transition. No mismatch.","Yes, tool compound only. CK-666 binds between Arp2 and Arp3 and blocks complex activation; CK-869 is a related Arp3-binding tool compound. Approval status: preclinical / research tool only.","Yes. ACTR3 promotes migration, invasion and EMT in pancreatic ductal adenocarcinoma (PMC8576205).",MODERATE,"['https://pubmed.ncbi.nlm.nih.gov/25682201/', 'https://www.spandidos-publications.com/or/30/5/2127', 'https://pmc.ncbi.nlm.nih.gov/articles/PMC8576205/']"
EAF1,"ELL-associated factor 1, a subunit of the super elongation complex that binds ELL and stimulates RNA polymerase II transcriptional elongation.","None found. Targeted searches for EAF1 in glioma/glioblastoma/brain tumour returned no primary literature on EAF1 itself. The only elongation-factor hit in GBM concerns the PARALOG EAF2 ('EZH2 promotes metabolic reprogramming in glioblastomas through epigenetic repression of EAF2-HIF1alpha signaling', Oncotarget 2016), which is a different gene and should not be credited to EAF1.","None found - and the biology looks like a MISMATCH. EAF1 is a transcription-elongation factor with no reported role in mesenchymal transition, invasion, cytoskeleton/adhesion, Hippo/YAP-TAZ, NF-kB or myeloid infiltration. Its only cancer-genetics signal points the opposite way: 'Conditional Deletion of Eaf1 Induces Murine Prostatic Intraepithelial Neoplasia in Mice' (Am J Pathol 2019) implies a tumour-SUPPRESSIVE role, so inhibiting it would additionally be the wrong therapeutic direction. Its assignment to a MES invasion/adhesion module is not supported by published biology.","None known. No inhibitor, drug or tool compound targeting EAF1 was found. Approval status: none known.",Weak and tumour-suppressive in direction. Eaf1 deletion induces prostatic intraepithelial neoplasia in mice; EAF1 is otherwise known mainly through its delocalisation by the MLL-ELL fusion protein in leukaemia.,WEAK,"['https://pubmed.ncbi.nlm.nih.gov/31229879/', 'https://pmc.ncbi.nlm.nih.gov/articles/PMC6593215/', 'https://www.ncbi.nlm.nih.gov/gtr/genes/85403/', 'https://www.oncotarget.com/article/9761/text/']"
WWTR1,"WW-domain-containing transcription regulator 1 (TAZ), a transcriptional co-activator and terminal effector of the Hippo pathway that partners with TEAD family transcription factors to drive proliferation, mechanotransduction and mesenchymal gene expression; it is inactivated by LATS-mediated phosphorylation and cytoplasmic sequestration.","Definitive, and this is the primary reference for TAZ as a mesenchymal driver in glioma. Bhat KPL, Salazar KL, Balasubramaniyan V, Wani K, Heathcock L, Hollingsworth F, James JD, Gumin J, Diefes KL, Kim SH, Turski A, Azodi Y, Yang Y, Doucette T, Colman H, Sulman EP, Lang FF, Rao G, Copray S, Vaillant BD, Aldape KD. 'The transcriptional coactivator TAZ regulates mesenchymal differentiation in malignant glioma.' Genes & Development 2011;25(24):2594-2609 (PMID 22190458). Key findings quoted: 'silencing of TAZ in MES glioma stem cells decreased expression of MES markers, invasion, self-renewal, and tumor formation'; reciprocally, 'overexpression of TAZ in PN GSCs as well as murine neural stem cells induced MES marker expression'; mechanistically 'TAZ is directly recruited to a majority of MES gene promoters in a complex with TEAD2'. The paper further reports that TAZ is epigenetically silenced (promoter methylation) in proneural glioma and de-repressed in mesenchymal glioma. Supporting: 'The Hippo transducer TAZ promotes cell proliferation and tumor formation of glioblastoma cells through EGFR pathway' (Oncotarget 2016). Sources: https://pubmed.ncbi.nlm.nih.gov/22190458/ ; https://genesdev.cshlp.org/content/25/24/2594 ; https://pmc.ncbi.nlm.nih.gov/articles/PMC3248681/","Maximally subtype-consistent - TAZ is a bona fide master regulator of the MES programme, not merely a correlate. It is the Hippo/YAP-TAZ node named explicitly in the MES definition, it is necessary and sufficient for MES marker expression in glioma stem cells (loss-of-function and gain-of-function both demonstrated in Bhat 2011), and it acts through TEAD2 occupancy of MES gene promoters. It also drives invasion and self-renewal. No mismatch whatsoever.","Yes, and this is now the best-validated druggable node on the list. TAZ is targeted indirectly through the TEAD interaction: VT3989, a TEAD palmitoylation-site inhibitor, has completed a first-in-human phase 1/2 trial in solid tumours published in Nature Medicine 2025 ('YAP/TEAD inhibitor VT3989 in solid tumors: a phase 1/2 trial', PMID 41111090), showing antitumour activity and tolerability including in refractory mesothelioma. IK-930 is a second clinical-stage TEAD inhibitor. Verteporfin is a widely used YAP/TAZ-TEAD disrupting tool compound (and is itself an approved photosensitiser for macular degeneration, though not approved for this indication). Approval status: clinical trials (VT3989, IK-930); no TEAD/TAZ inhibitor is approved in oncology. Note: no GBM-specific TEAD-inhibitor trial was found, and CNS penetration is unverified. Sources: https://www.nature.com/articles/s41591-025-04029-3 ; https://pubmed.ncbi.nlm.nih.gov/41111090/","Extensive. WWTR1 is recurrently involved in the WWTR1-CAMTA1 fusion that defines epithelioid haemangioendothelioma, and TAZ hyperactivation drives proliferation, EMT, stemness and drug resistance across breast, lung, colorectal and other carcinomas (reviewed in 'Regulation of TAZ in cancer', Protein & Cell 2016).",STRONG,"['https://pubmed.ncbi.nlm.nih.gov/22190458/', 'https://genesdev.cshlp.org/content/25/24/2594', 'https://pmc.ncbi.nlm.nih.gov/articles/PMC3248681/', 'https://www.oncotarget.com/article/9199/text/', 'https://www.nature.com/articles/s41591-025-04029-3', 'https://pubmed.ncbi.nlm.nih.gov/41111090/', 'https://academic.oup.com/proteincell/article/7/8/548/6794480']"
FOSL1,"FOS-like antigen 1 (Fra-1), an AP-1 family basic-leucine-zipper transcription factor that dimerises with JUN proteins to regulate genes controlling proliferation, motility and mesenchymal identity; it also acts as a pioneer factor opening chromatin at target loci.","Definitive, and directly ties FOSL1 to the NF1-loss axis that defines MES GBM. Marques C, Unterkircher T, Kroon P, Oldrini B, Izzo A, Dramaretska Y, Ferrarese R, Kling E, Schnell O, Nelander S, Wagner EF, Bakiri L, Gargiulo G, Carro MS, Squatrito M. 'NF1 regulates mesenchymal glioblastoma plasticity and aggressiveness through the AP-1 transcription factor FOSL1.' eLife 2021;10:e64846 (PMID 34399888). Key findings quoted: 'Neurofibromatosis type 1 gene (NF1) signaling is causally linked to the acquisition of a mesenchymal gene expression program in gliomas through the regulation of the AP-1 transcription factor FOSL1'; and 'FOSL1 controls GBM plasticity and aggressiveness in response to NF1 alterations'. Depleting FOSL1 in NF1-mutant cells caused 'loss of the mesenchymal gene signature and reduction in stem cell properties and in vivo tumorigenic potential'. The study shows FOSL1 acts as a pioneer factor increasing chromatin accessibility at mesenchymal genes while repressing proneural genes. The work was highlighted by CNIO as identifying 'a master regulator gene for brain cancer with the worst prognosis'. Sources: https://elifesciences.org/articles/64846 ; https://pubmed.ncbi.nlm.nih.gov/34399888/ ; https://www.cnio.es/en/news/a-master-regulator-gene-for-brain-cancer-with-the-worst-prognosis/","Maximally subtype-consistent. FOSL1 is the transcriptional effector immediately downstream of NF1 loss - the exact genetic lesion used to define the MES subtype in this project's own subtype description - and it is required for the mesenchymal signature, stem-cell properties and tumorigenicity. AP-1 is also the canonical partner of the NF-kB inflammatory programme in MES GBM. No mismatch.","Partially, and historically hard. Fra-1/AP-1 is reviewed as a formerly 'undruggable' transcription factor now being approached therapeutically ('The Fra-1/AP-1 Oncoprotein: From the ""Undruggable"" Transcription Factor to Therapeutic Targeting', PMID 35326630). Named agents: T-5224, a selective c-Fos/AP-1 DNA-binding inhibitor (tested clinically in rheumatoid arthritis, preclinical in oncology), and a published PROTAC probe series targeting FOSL1 for degradation in head and neck squamous cell carcinoma stem cells (Bioorg Chem 2024, preclinical). Approval status: none approved; T-5224 has non-oncology clinical exposure, FOSL1 PROTACs are preclinical. Indirect approaches target the upstream MEK/ERK cascade that stabilises Fra-1.","Extensive. Fra-1/FOSL1 overexpression drives EMT, invasion and metastasis in breast, colorectal, lung and head-and-neck cancers and is broadly associated with poor prognosis.",STRONG,"['https://elifesciences.org/articles/64846', 'https://pubmed.ncbi.nlm.nih.gov/34399888/', 'https://www.cnio.es/en/news/a-master-regulator-gene-for-brain-cancer-with-the-worst-prognosis/', 'https://www.biorxiv.org/content/10.1101/834531v2.full', 'https://pubmed.ncbi.nlm.nih.gov/35326630/', 'https://www.sciencedirect.com/science/article/abs/pii/S0045206824005182', 'https://pmc.ncbi.nlm.nih.gov/articles/PMC10361657/']"
TLN1,"Talin-1, a large cytoskeletal adaptor that binds integrin beta cytoplasmic tails to trigger integrin inside-out activation and physically links activated integrins to F-actin at focal adhesions, transmitting and sensing mechanical force.","Yes, direct and functional. Kang W, Kim SH, Cho HJ, Jin J, Lee J, Joo KM, Nam DH. 'Talin1 targeting potentiates anti-angiogenic therapy by attenuating invasion and stem-like features of glioblastoma multiforme.' Oncotarget 2015. TLN1 knockdown 'significantly decreased the levels of the phosphorylated of FAK (Y397)' and cut invasive capacity by roughly 90%, lowered stem markers (CD133, cMyc, Nanog, Oct4) and mesenchymal regulators vimentin and ZEB1, and combined TLN1 knockdown plus bevacizumab extended median survival to 92 days versus 33 days in controls. Additional glioma evidence: 'Oncogenic role of talin-1 in glioma: Association with poor prognosis and regulation of the TGF-beta signaling pathway' (Transl Oncol), and 'Tanshinone IIA Suppresses Glioma Cell Proliferation, Migration and Invasion ... Partially Through miR-16-5p/Talin-1 (TLN1) Axis' (PMID 33192091). Sources: https://pmc.ncbi.nlm.nih.gov/articles/PMC4694986 ; https://pubmed.ncbi.nlm.nih.gov/26336988/ ; https://www.sciencedirect.com/science/article/pii/S1936523326000288","Strongly subtype-consistent. TLN1 is the central integrin-activating adhesion adaptor, i.e. the cytoskeleton/adhesion arm of MES biology, and the GBM knockdown data explicitly show loss of the MESENCHYMAL regulators vimentin and ZEB1 alongside reduced invasion and stemness. The glioma TGF-beta link is a further mesenchymal-transition connection. It also functions immediately downstream of ITGB5, another gene on this MES list, giving internal pathway coherence. No mismatch.","Poorly. No approved or clinical-stage direct talin-1 inhibitor was found. The GBM work used genetic knockdown, not a compound. Indirect/tool approaches: FAK inhibitors act on the immediately downstream node (defactinib and others are in clinical trials), and tanshinone IIA has been reported to act via a miR-16-5p/TLN1 axis in glioma but is a natural product with wide polypharmacology and is not a validated TLN1 inhibitor. Approval status for direct TLN1 targeting: none known; preclinical at best.","Yes. TLN1 is described as an oncogene associated with tumorigenesis and progression across tumour types (Discover Oncology 2024) and is a prognostic biomarker in acute myeloid leukaemia (PMID 36175877), although in hepatocellular carcinoma talin-1 DOWNregulation promoted progression, so its direction is context-dependent.",STRONG,"['https://pmc.ncbi.nlm.nih.gov/articles/PMC4694986', 'https://pubmed.ncbi.nlm.nih.gov/26336988/', 'https://www.sciencedirect.com/science/article/pii/S1936523326000288', 'https://pubmed.ncbi.nlm.nih.gov/33192091/', 'https://link.springer.com/article/10.1007/s12672-024-01593-x', 'https://pubmed.ncbi.nlm.nih.gov/36175877/', 'https://onlinelibrary.wiley.com/doi/10.1111/cas.13247']"
RHOA,"Ras-homolog family member A, a small GTPase that cycles between GDP- and GTP-bound states to control actomyosin contractility, stress-fibre and focal-adhesion assembly, and cell migration, principally via ROCK1/2 and mDia effectors.","Yes, direct. 'RhoA regulates invasion of glioma cells via the c-Jun NH2-terminal kinase pathway under hypoxia' (PMC3673639) demonstrates RhoA-dependent glioma invasion. 'RHPN2 drives mesenchymal transformation in malignant glioma by triggering RhoA activation' (Danussi et al., PMID 23774217) shows RhoA activation as the mechanistic step downstream of an amplified glioma driver. Also 'RhoA regulates translation of the Nogo-A decoy SPARC in white matter-invading glioblastomas' (Acta Neuropathol 2019). Rho GTPase signalling in glioma invasion is reviewed in PMC3790103. Sources: https://ncbi.nlm.nih.gov/pmc/articles/PMC3673639 ; https://pubmed.ncbi.nlm.nih.gov/23774217/ ; https://link.springer.com/article/10.1007/s00401-019-02021-z","Strongly subtype-consistent, with an explicit mesenchymal-transformation paper. The RHPN2 study is titled around RhoA activation driving MESENCHYMAL TRANSFORMATION in malignant glioma, which is precisely the MES programme; RhoA additionally governs actomyosin contractility, adhesion turnover and amoeboid/invasive migration. No mismatch. Caveat: RHOA is a hub GTPase with essential functions in normal cells, so it is subtype-relevant but not subtype-specific.","Partially, and mostly indirectly. Direct: Rhosin is a published small-molecule RhoA inhibitor and C3 transferase (exoenzyme C3) is the standard bacterial-toxin tool inhibitor - both preclinical/research tools only. Indirect and much more advanced: ROCK inhibitors targeting RhoA's principal effector, including fasudil (approved in Japan for cerebral vasospasm; tested in a randomised phase IIa trial in ALS, ROCK-ALS) and ripasudil/netarsudil (approved ophthalmics). Approval status: no direct RhoA inhibitor approved or in oncology trials; ROCK inhibitors approved in non-oncology indications.","Extensive but directionally complex. RHOA is a recurrently mutated cancer gene, with activating-type hotspot mutations in diffuse gastric cancer and distinct hotspot mutations in angioimmunoblastic T-cell lymphoma and Burkitt lymphoma; it is a well-established driver of invasion and metastasis, though some RHOA mutations behave as loss-of-function.",STRONG,"['https://ncbi.nlm.nih.gov/pmc/articles/PMC3673639', 'https://pubmed.ncbi.nlm.nih.gov/23774217/', 'https://link.springer.com/article/10.1007/s00401-019-02021-z', 'https://pmc.ncbi.nlm.nih.gov/articles/PMC3790103/', 'https://pubmed.ncbi.nlm.nih.gov/30972018/', 'https://en.wikipedia.org/wiki/Rho_kinase_inhibitor']"
CYFIP1,"Cytoplasmic FMR1-interacting protein 1 (Sra-1/p140), a subunit of the pentameric WAVE regulatory complex that transmits Rac1 signals to activate Arp2/3-dependent lamellipodial actin polymerisation; it separately binds FMRP and eIF4E to repress translation of specific mRNAs in neurons.",None found. Targeted searches for CYFIP1 in glioma/glioblastoma returned no primary functional or prognostic study of this gene in glioma. The only hits were multi-gene bioinformatic signatures in other tumours (e.g. a disulfidptosis panel in neuroblastoma) and unrelated glioma papers. Reported honestly as no GBM evidence.,"Ambiguous, with a genuine MISMATCH RISK that should be flagged. On one hand CYFIP1 is a core WAVE-complex subunit feeding Rac1 signals into Arp2/3-driven protrusion, which is MES cytoskeletal biology and is consistent with the other actin genes on this list (ARPC2, ACTR3). On the other hand the principal cancer paper on this gene is Silva et al., 'Cyfip1 is a putative invasion suppressor in epithelial cancers' (Cell 2009, PMID 19524508), where CYFIP1 LOSS promotes invasion - the opposite direction. So depending on which arm dominates in glioma, inhibiting CYFIP1 could plausibly increase rather than decrease invasion. No glioma data exist to resolve this. Treat as unresolved and directionally unsafe.","None known. No inhibitor, drug or tool compound selectively targeting CYFIP1 was found. Approval status: none known. The WAVE complex is generally considered undruggable at present, and Arp2/3-level tool compounds (CK-666) act downstream rather than on CYFIP1.",Limited and tumour-suppressive in direction. The main cancer report is CYFIP1 as a putative invasion suppressor in epithelial cancers (Cell 2009). CYFIP1 is better known for the neurodevelopmental 15q11.2 BP1-BP2 copy-number syndrome and its roles in autism and schizophrenia than for oncology.,WEAK,"['https://pubmed.ncbi.nlm.nih.gov/19524508/', 'https://www.genecards.org/card/CYFIP1', 'https://pubmed.ncbi.nlm.nih.gov/28183735/', 'https://www.nature.com/articles/nrm2732', 'https://www.sciencedirect.com/science/article/pii/S2211124719301299']"
PRKAR1A,"Type I-alpha regulatory subunit of protein kinase A, which binds and holds the PKA catalytic subunits inactive until cAMP binding releases them; it is therefore the principal brake on cAMP/PKA signalling.","Essentially none direct. The only glioma-adjacent finding is Guo et al. (PMID 30536597), 'Glioma exosomes mediate the expansion and function of myeloid-derived suppressor cells through microRNA-29a/Hbp1 and microRNA-92a/Prkar1a pathways' - here glioma-derived exosomal miR-92a suppresses Prkar1a in MYELOID cells (MDSCs), not in the tumour cells, so this is a microenvironmental observation rather than evidence of PRKAR1A as a tumour-intrinsic glioma gene. No study of PRKAR1A expression, mutation or dependency in GBM tumour cells was found. Source: https://pubmed.ncbi.nlm.nih.gov/30536597/","INT is explicitly the least well-defined of the six subtypes and has no single dominant programme, so subtype-specificity is not really assessable here. Programme assignment: PRKAR1A belongs to cAMP/PKA second-messenger signalling, a housekeeping-adjacent regulatory programme, not to any recognised GBM lineage or immune module. There is no evidence it is INT-specific. Of note, Prkar1a deletion has been shown to drive a MESENCHYMAL-to-epithelial transition (PMC3129546), which if anything argues against a mesenchymal assignment and is a weak, indirect point in favour of it not belonging in MES.","FLAG - WRONG THERAPEUTIC DIRECTION. PRKAR1A is a well-established TUMOUR SUPPRESSOR: germline inactivating mutations cause Carney complex (GeneReviews), and Sandrini et al. (Genes Chromosomes Cancer 2002) describe it explicitly as 'Regulatory subunit type I-alpha of protein kinase A (PRKAR1A): A tumor-suppressor gene for sporadic thyroid cancer'; an expressed PRKAR1A mutation is associated with aggressive tumours (Cancer Res 2008). Inhibiting PRKAR1A would RELEASE PKA catalytic activity and phenocopy the oncogenic lesion, so an inhibitor would be actively counterproductive. There are cAMP-analogue PKA modulators and PKA catalytic-subunit inhibitors (H-89, PKI peptide) as research tools only - none approved, and none of them target PRKAR1A in the correct direction. Approval status: none known.","Yes, as a tumour suppressor. Loss-of-function underlies Carney complex (myxomas, primary pigmented nodular adrenocortical disease, schwannomas, thyroid and testicular tumours); PRKAR1A mutations also occur in sporadic cardiac myxomas and sporadic thyroid cancer. The oncogenic driver in this axis is loss of PRKAR1A, i.e. PKA hyperactivity.",WEAK,"['https://pubmed.ncbi.nlm.nih.gov/30536597/', 'https://onlinelibrary.wiley.com/doi/abs/10.1002/gcc.10112', 'https://www.ncbi.nlm.nih.gov/books/NBK1286/', 'https://aacrjournals.org/cancerres/article/68/9/3133/543158/Protein-Kinase-A-Effects-of-an-Expressed-PRKAR1A', 'https://pmc.ncbi.nlm.nih.gov/articles/PMC3129546/', 'https://link.springer.com/article/10.1007/s00428-025-04049-x']"
PARN,"Poly(A)-specific ribonuclease, a 3'-to-5' deadenylase that trims mRNA poly(A) tails and performs the 3'-end maturation of non-coding RNAs including the telomerase RNA component TERC.","Yes, strong and direct. Yin J, Seo Y, Rhim J, et al. 'Cross-talk between PARN and EGFR-STAT3 Signaling Facilitates Self-Renewal and Proliferation of Glioblastoma Stem Cells.' Cancer Research 2023;83(22):3693-3709 (PMID 37747775). Key findings: 'A positive feedback loop comprising PARN and EGFR-STAT3 signaling supports self-renewal and proliferation of glioblastoma stem cells'; PARN expression correlated with poor patient survival, and 'PARN depletion in GSCs reduced infiltration and prolonged survival' in vivo. The authors propose the network as a therapeutic target in GBM. Source: https://pubmed.ncbi.nlm.nih.gov/37747775/","INT has no single defining programme, so subtype-specificity is largely not assessable. Programme assignment: PARN belongs to RNA 3'-end processing / mRNA turnover and telomere-maintenance (TERC maturation). It is NOT INT-specific - notably, the published GBM work ties PARN to EGFR-STAT3 signalling and stem-cell self-renewal, which are programmes conventionally associated with the classical (EGFR-amplified) and mesenchymal/STAT3 axes rather than with an intermediate state. So the gene has real GBM credentials but its assignment to INT specifically is not supported by evidence; it would be equally or better placed elsewhere.",Weakly. No approved or clinical-stage PARN inhibitor was found. Nucleotide-analogue and small-molecule PARN inhibitors exist only as early research tools in the enzymology literature; the GBM study used genetic depletion. Approval status: preclinical / none known.,"Moderate, and directionally mixed. PARN biallelic loss-of-function causes dyskeratosis congenita and pulmonary fibrosis via impaired TERC 3'-end maturation and telomere shortening (Nat Genet 2015, JCI 2015), i.e. germline loss is pathogenic. In somatic cancer the GBM stem-cell paper above is the clearest oncogenic-dependency evidence.",MODERATE,"['https://pubmed.ncbi.nlm.nih.gov/37747775/', 'https://www.nature.com/articles/ng.3423', 'https://www.jci.org/articles/view/78963', 'https://pubmed.ncbi.nlm.nih.gov/25893599/']"
LARP1,"La-related protein 1, an RNA-binding protein and major mTORC1 substrate that binds the 5' terminal oligopyrimidine (TOP) motif and cap of ribosomal-protein and translation-factor mRNAs, acting as a phosphorylation-controlled switch that represses or licenses their translation.","None found. Targeted searches for LARP1 in glioma/glioblastoma returned no primary study of LARP1 itself in glioma. The closest hits are (a) a different family member - 'Identification of RNA-Binding Protein LARP4B as a Tumor Suppressor in Glioma' (Cancer Res 2016), which is LARP4B not LARP1 and points in the opposite direction, and (b) an RSK1/RSK2 translatome study in glioblastoma cells (Neuro-Oncology Advances 2025) in which LARP1 appears as pathway context rather than as the studied target. Reported honestly as no GBM-specific evidence.","INT has no single defining programme, so subtype-specificity is not really assessable. Programme assignment: LARP1 belongs to the mTORC1-controlled cap-dependent translation / ribosome-biogenesis programme. This is a general growth programme present across all GBM subtypes and is in no way INT-specific; there is no published basis for assigning it to an intermediate state rather than to any other.","Indirectly. No selective LARP1 inhibitor was found. The tractable node is upstream: mTOR kinase inhibitors (everolimus, temsirolimus - approved in other oncology indications; rapalogs have been trialled in GBM without success) and mTOR-kinase inhibitors control LARP1 phosphorylation. Approval status for direct LARP1 targeting: none known.","Yes, reasonably solid. 'LARP1 post-transcriptionally regulates mTOR and contributes to cancer progression' (Oncogene 2015); 'The RNA-binding protein LARP1 is a post-transcriptional regulator of survival and tumorigenesis in ovarian cancer' (PMID 26717985); 'Overexpression of LARP1 predicts poor prognosis of colorectal cancer and is expected to be a potential therapeutic target' (Tumor Biology 2016); more recent work implicates it in AML translation/metabolism and breast cancer prognosis and immune microenvironment.",MODERATE,"['https://www.nature.com/articles/onc2014428', 'https://pubmed.ncbi.nlm.nih.gov/26717985/', 'https://link.springer.com/article/10.1007/s13277-016-5332-3', 'https://elifesciences.org/articles/25237', 'https://academic.oup.com/nar/article/49/6/3461/6062774', 'https://aacrjournals.org/cancerres/article/76/8/2254/617687/Identification-of-RNA-Binding-Protein-LARP4B-as-a', 'https://www.proteinatlas.org/ENSG00000155506-LARP1/cancer']"
POT1,"Protection of telomeres 1, the single-stranded-DNA-binding subunit of the six-protein shelterin complex that caps the telomeric 3' overhang, suppresses the ATR-dependent DNA damage response at chromosome ends, and restricts telomerase access.","Yes, and it is glioma-specific germline evidence. Bainbridge MN et al. (Gliogene Consortium), 'Germline Mutations in Shelterin Complex Genes Are Associated With Familial Glioma', JNCI 2015;107(1):dju384 (PMID 25482530), identified germline POT1 mutations segregating with disease across familial glioma pedigrees; a companion commentary, 'POT1: a genetic link for familial glioma' (PMID 25524796), makes the association explicit. GeneReviews 'POT1 Tumor Predisposition' lists gliomas among the core tumours of the syndrome: 'Multiple cutaneous melanomas, sarcomas (particularly cardiac angiosarcomas), chronic lymphocytic leukemia (CLL), and gliomas.' Sources: https://academic.oup.com/jnci/article-abstract/107/1/dju384/912413 ; https://pubmed.ncbi.nlm.nih.gov/25482530/ ; https://www.ncbi.nlm.nih.gov/books/NBK563529/","INT has no single defining programme, so subtype-specificity is not assessable. Programme assignment: POT1 belongs to telomere maintenance / genome stability. Critically, the glioma evidence is GERMLINE PREDISPOSITION, not subtype-restricted somatic biology, and nothing in the literature links POT1 to an intermediate or transitional GBM cell state. It is not INT-specific in any documented sense.","FLAG - WRONG THERAPEUTIC DIRECTION. POT1 is a TUMOUR SUPPRESSOR. GeneReviews states the mechanism explicitly: 'Loss of function. Haploinsufficiency is the proposed underlying mechanism for overall telomere lengthening and the resulting fragile and dysfunctional telomeres.' Pathogenic germline variants are loss-of-function and predispose to glioma, melanoma, angiosarcoma and CLL. Inhibiting POT1 would therefore phenocopy the cancer-predisposing lesion and is the wrong therapeutic direction. No POT1 inhibitor is known; the plausible therapeutic angle in POT1-mutant tumours is synthetic-lethal exploitation of telomere dysfunction (e.g. ATR inhibitors), which is a separate hypothesis and not POT1 targeting. Approval status: none known.","Extensive, as a predisposition gene. POT1 germline variants define a hereditary cancer syndrome spanning melanoma, cardiac and non-cardiac angiosarcoma, CLL, glioma, thyroid cancer and others; somatic POT1 mutations recur in CLL and angiosarcoma. A subclass of cancer-associated POT1 mutations actively elongates telomeres (PMID 40015989).",MODERATE,"['https://academic.oup.com/jnci/article-abstract/107/1/dju384/912413', 'https://pubmed.ncbi.nlm.nih.gov/25482530/', 'https://pubmed.ncbi.nlm.nih.gov/25524796/', 'https://www.ncbi.nlm.nih.gov/books/NBK563529/', 'https://www.nature.com/articles/s41431-024-01611-0', 'https://pubmed.ncbi.nlm.nih.gov/40015989/', 'https://pubmed.ncbi.nlm.nih.gov/26014050/']"
ODR4,"odr-4 GPCR localization factor homolog (formerly C1orf27), a membrane-associated accessory protein predicted to be involved in protein localization, specifically trafficking of certain G-protein-coupled receptors (notably odorant receptors) to the cell surface.",None found. No glioma or glioblastoma literature on ODR4 exists. The NCBI Gene record carries only predicted annotations - 'Predicted to be involved in protein localization' and 'Predicted to be located in membrane' - with no cancer associations listed; its only disease cross-reference is to the ALS Online Database. Source: https://www.ncbi.nlm.nih.gov/gene/54953,"None found. INT has no single defining programme, so subtype-specificity is not assessable, but here there is not even a programme to assign: ODR4 belongs to GPCR biogenesis/trafficking, which has no documented connection to any GBM transcriptional subtype. It is not INT-specific and is not linked to any GBM programme at all. Its presence on a target list is most likely a statistical artefact of the selection method rather than a biological signal.","None known. No inhibitor, drug or tool compound targeting ODR4 was found. Approval status: none known. There is no reported structure-guided or chemical-biology programme on this protein.","None found. Searches returned only generic database entries (Human Protein Atlas expression summaries, a COSMIC somatic-mutation page listing passenger-level mutations) with no functional cancer study. ODR4 is essentially unstudied in oncology.",NOVEL,"['https://www.ncbi.nlm.nih.gov/gene/54953', 'https://www.genecards.org/cgi-bin/carddisp.pl?gene=ODR4', 'https://omim.org/entry/609335', 'https://www.proteinatlas.org/ENSG00000157181-ODR4/cancer', 'https://cancer.sanger.ac.uk/cosmic/gene/analysis?ln=ODR4']"
APC,"Adenomatous polyposis coli, a large scaffold protein that forms the beta-catenin destruction complex with AXIN, GSK3beta and CK1 to drive beta-catenin phosphorylation and degradation, thereby switching off canonical Wnt signalling; it also binds microtubules and regulates mitotic spindle and cell migration.","Weak, and importantly NEGATIVE for the specific GBM link. Turcot syndrome is the classic APC-brain-tumour association, but the tumour type matters: StatPearls states 'Medulloblastomas are associated with APC gene mutations', whereas 'Glioblastomas are associated with MMR gene mutations, specifically, in the hMLH1 DNA mismatch repair gene'. In other words, APC germline mutation (Turcot type 2) predisposes to MEDULLOBLASTOMA, and the glioblastoma arm of Turcot syndrome (type 1) is driven by mismatch-repair genes, NOT APC. Somatic APC mutation is not a recurrent event in adult GBM. Wnt/beta-catenin signalling is broadly implicated in glioma progression (e.g. 'Wnt3a mediated activation of Wnt/beta-catenin signaling promotes tumor progression in glioblastoma'), but that is pathway-level evidence, not APC-level. Sources: https://www.ncbi.nlm.nih.gov/books/NBK534782/ ; https://www.sciencedirect.com/science/article/abs/pii/S104474311300002X","None found, and there is a MISMATCH on two counts. First, INT has no single defining programme so subtype-specificity is not assessable; APC's programme is canonical Wnt/beta-catenin regulation, with no evidence of enrichment in an intermediate GBM state. Second and more seriously, the GBM-relevant Turcot arm is mismatch-repair-driven, so assigning APC to a glioblastoma target list on the strength of the Turcot association would be a misattribution.","FLAG - WRONG THERAPEUTIC DIRECTION. APC is one of the archetypal TUMOUR SUPPRESSORS. It functions to DEGRADE beta-catenin and switch OFF Wnt signalling ('The APC tumor suppressor counteracts beta-catenin activation and H3K4 methylation at Wnt target genes', PMID 16510874); biallelic loss causes familial adenomatous polyposis and initiates the majority of sporadic colorectal cancers. Inhibiting APC would ACTIVATE Wnt/beta-catenin signalling and is therefore oncogenic, not therapeutic. No APC inhibitor exists and none should be sought. The correct direction in APC-deficient tumours is inhibition of downstream Wnt output (tankyrase inhibitors, porcupine inhibitors, beta-catenin/TCF disruptors) - all preclinical or early clinical, none approved. Approval status for APC itself: none known, and inhibition is contraindicated in principle.","Extensive, as a tumour suppressor. Germline APC loss causes familial adenomatous polyposis and Turcot syndrome type 2; somatic biallelic APC inactivation is the initiating event in roughly 80 percent of sporadic colorectal cancers and is also found in desmoid tumours and hepatoblastoma.",WEAK,"['https://www.ncbi.nlm.nih.gov/books/NBK534782/', 'https://pubmed.ncbi.nlm.nih.gov/7515658/', 'https://www.nejm.org/doi/full/10.1056/NEJM199503303321302', 'https://pubmed.ncbi.nlm.nih.gov/16510874/', 'https://www.sciencedirect.com/science/article/abs/pii/S104474311300002X', 'https://cgp.iiarjournals.org/content/13/1/31']"
SEPSECS,"O-phosphoseryl-tRNA:selenocysteinyl-tRNA synthase, the terminal enzyme of selenocysteine biosynthesis, which converts O-phosphoseryl-tRNA(Sec) into selenocysteinyl-tRNA(Sec) and is therefore required for synthesis of all selenoproteins (including GPX4 and the thioredoxin reductases).","None found. No glioma or glioblastoma study of SEPSECS was located. The Atlas of Genetics and Cytogenetics in Oncology entry for SEPSECS explicitly classifies it as a 'Non-annotated gene' with respect to cancer and flags its content as 'Preliminary data'; its cited references concern neurological disease (pontocerebellar hypoplasia type 2D, early-onset epileptic encephalopathy, progressive cerebellar atrophy) rather than malignancy. Source: https://atlasgeneticsoncology.org/gene/56393/sepsecs","None found. INT has no single defining programme, so subtype-specificity is not assessable; SEPSECS belongs to selenocysteine/selenoprotein biosynthesis and redox-homeostasis metabolism, with no documented link to any GBM transcriptional subtype and no basis for calling it INT-specific.","None known specific to SEPSECS. No inhibitor, drug or tool compound targeting SEPSECS was confirmed. Approval status: none known. Adjacent selenoprotein-pathway targets are being explored (e.g. GPX4 inhibitors such as RSL3 and ML210 for ferroptosis induction, and auranofin against thioredoxin reductase), but these act on downstream selenoproteins, not on SEPSECS itself, and should not be credited to this gene.","Minimal and only by pathway association. The selenocysteine machinery has cancer relevance - a sibling component, SEPHS2, is over-expressed in triple-negative breast cancer, and 'Selenoproteins and tRNA-Sec: regulators of cancer redox homeostasis' reviews the pathway's role in tumour redox balance - but no primary evidence implicates SEPSECS itself as a cancer gene or dependency.",NOVEL,"['https://atlasgeneticsoncology.org/gene/56393/sepsecs', 'https://pmc.ncbi.nlm.nih.gov/articles/PMC10843386/', 'https://www.nature.com/articles/s41598-019-52718-0', 'https://academic.oup.com/nar/article/52/21/13368/7816863', 'https://www.genecards.org/cgi-bin/carddisp.pl?gene=SEPSECS']"
ZFP36L1,"Zinc finger protein 36 like 1 (BRF1/TIS11b), a tristetraprolin-family CCCH tandem zinc-finger RNA-binding protein that binds AU-rich elements in target mRNA 3' UTRs and recruits deadenylases to trigger their degradation.","None found for ZFP36L1 itself. The glioblastoma paper in this family concerns the PARALOG ZFP36/TTP - 'ZFP36 expression impairs glioblastoma cell lines viability and invasiveness by targeting multiple signal transduction pathways' (Cell Cycle 2012, PMID 22544323) - which is a different gene and should not be credited to ZFP36L1. Reported honestly as no ZFP36L1-specific GBM evidence.","None found, with a directional caveat. INT has no single defining programme so subtype-specificity is not assessable; ZFP36L1 belongs to post-transcriptional mRNA-decay control of inflammatory, hypoxia and cell-cycle transcripts. Note that this programme is if anything MES-flavoured (AU-rich-element control of inflammatory cytokines) rather than intermediate, so the INT assignment is not supported. Additionally, the paralog data in GBM show ZFP36-family activity SUPPRESSES viability and invasiveness, i.e. the family acts as a brake.","None known, and inhibition would likely be the wrong direction. No inhibitor, drug or tool compound targeting ZFP36L1 was found. Approval status: none known. RNA-binding proteins of this class remain largely chemically intractable, and since the published role is tumour-suppressive, restoration rather than inhibition would be the rational direction.","Yes, and predominantly tumour-suppressive. 'RNA-Binding Protein ZFP36L1 Suppresses Hypoxia and Cell-Cycle Signaling' (Cancer Research 2020, PMID 31551365) establishes a growth-restraining role; the tristetraprolin family is reviewed as a group of tumour suppressors in 'The Tristetraprolin Family of RNA-Binding Proteins in Cancer' (Cancers 2020). ZFP36L1 also has an established role in lymphocyte development.",WEAK,"['https://aacrjournals.org/cancerres/article/80/2/219/645796/RNA-Binding-Protein-ZFP36L1-Suppresses-Hypoxia-and', 'https://pubmed.ncbi.nlm.nih.gov/31551365/', 'https://www.mdpi.com/2072-6694/12/6/1539', 'https://pubmed.ncbi.nlm.nih.gov/22544323/', 'https://www.tandfonline.com/doi/full/10.4161/cc.20309']"
SEC62,Endoplasmic reticulum membrane protein of the Sec61 translocon accessory complex (with Sec63) that mediates post-translational protein translocation into the ER and contributes to ER calcium leakage and recovery from ER stress (recovER-phagy).,"None found. Targeted searches returned no primary study of SEC62 in glioma or glioblastoma. The Human Protein Atlas lists SEC62 as prognostic only in head and neck (unfavourable), ovarian (unfavourable), pancreatic (unfavourable) and renal (favourable) cancer, and for glioblastoma reports the survival association as 'Non-significant'; protein staining shows only that 'A few gliomas ... displayed strong positivity'. Note the frequently co-retrieved GBM papers concern SEC61G, a different gene ('SEC61G assists EGFR-amplified glioblastoma to evade immune elimination', PNAS 2023) - that evidence must not be credited to SEC62. Sources: http://www.proteinatlas.org/ENSG00000008952-SEC62/pathology/glioma ; https://www.pnas.org/doi/10.1073/pnas.2303400120","None found. INT has no single defining programme, so subtype-specificity is not assessable; SEC62 belongs to ER protein translocation, ER stress tolerance and calcium homeostasis. There is no published link to any GBM subtype and no basis for calling it INT-specific.","Partially, tool-compound level. Trifluoperazine, a calmodulin antagonist and approved antipsychotic, is reported to antagonise Sec62 function: it 'phenocopied the effect of SEC62-targeting siRNAs' by suppressing stress tolerance and migratory potential in SEC62-overexpressing tumour cells (Frontiers in Physiology 2022). Mycalamide A and related compounds inhibit the Sec61 translocon more broadly. Approval status: trifluoperazine is approved as an antipsychotic but NOT approved or in trials for this indication; SEC62 targeting is preclinical.","Yes, reasonably well developed. SEC62 is amplified at 3q26 and over-expressed in prostate, non-small cell lung, thyroid, hepatocellular, breast, head and neck, cervical, ovarian, gastric, vulvar cancer and melanoma; 'Silencing of the SEC62 gene inhibits migratory and invasive potential of various tumor cells' (PMID 20669223) establishes a functional pro-migratory role.",MODERATE,"['http://www.proteinatlas.org/ENSG00000008952-SEC62/pathology/glioma', 'https://www.frontiersin.org/journals/physiology/articles/10.3389/fphys.2022.1014271/full', 'https://pubmed.ncbi.nlm.nih.gov/20669223/', 'https://www.nature.com/articles/sigtrans20172', 'https://www.pnas.org/doi/10.1073/pnas.2303400120', 'https://pmc.ncbi.nlm.nih.gov/articles/PMC8657602/']"
JAZF1,"JAZF zinc finger 1 (TIP27), a nuclear zinc-finger protein that acts as a transcriptional corepressor of the orphan nuclear receptor NR2C2/TR4 and has reported roles in lipid and glucose metabolism.","None found. Targeted searches for JAZF1 in glioma/glioblastoma returned no primary study. A review of gene fusions in malignant glioma was retrieved but does not establish JAZF1 fusions in glioma; the Human Protein Atlas cancer page provides expression data only, with no glioma prognostic claim. Reported honestly as no GBM evidence.","None found. INT has no single defining programme, so subtype-specificity is not assessable; JAZF1 belongs to nuclear-receptor transcriptional corepression and metabolic regulation. There is no documented connection to any GBM subtype and no basis for calling it INT-specific.","None known. No inhibitor, drug or tool compound targeting JAZF1 was confirmed. Approval status: none known. One indirect angle exists - 'JAZF1: A Metabolic Regulator of Sensitivity to a Polyamine-Targeted Therapy' (Mol Cancer Res 2023) positions JAZF1 as a biomarker of response to polyamine-pathway therapy rather than as a direct drug target.","Yes, but confined to a specific sarcoma context. JAZF1 is the 5' partner of the recurrent JAZF1-SUZ12 (JJAZ1) fusion that defines low-grade endometrial stromal sarcoma - 'Frequent fusion of the JAZF1 and JJAZ1 genes in endometrial stromal tumors' (PNAS 2001) - with JAZF1-PHF1 and other variants also described. This is a fusion-driven mechanism in a mesenchymal uterine tumour and does not transfer to wild-type JAZF1 in glioma. GWAS also link JAZF1 to type 2 diabetes and prostate cancer risk.",WEAK,"['https://www.ncbi.nlm.nih.gov/pmc/articles/PMC33471/', 'https://link.springer.com/article/10.1186/s13023-016-0400-8', 'https://pubmed.ncbi.nlm.nih.gov/16049311/', 'https://atlasgeneticsoncology.org/gene/41036/jazf1-(jazf-zinc-finger-1)', 'https://aacrjournals.org/mcr/article/21/1/24/711795/JAZF1-A-Metabolic-Regulator-of-Sensitivity-to-a', 'https://www.proteinatlas.org/ENSG00000153814-JAZF1/cancer']"
RPL41,"eL41, the smallest known ribosomal protein (25 amino acids), a 60S subunit component at the intersubunit bridge of the 80S ribosome, which also destabilises the transcription factor ATF4 outside the ribosome.","None found. A PubMed query for RPL41 AND (glioma OR glioblastoma OR brain) returns 5 records, none about RPL41 biology in glioma. Human Protein Atlas lists RPL41 as prognostic only in renal cancer.","MISMATCH for MTC. RPL41 is a CYTOPLASMIC 80S ribosome component, not a mitoribosomal protein (those are the MRPL/MRPS families), and no publication links it to mitochondria, the respiratory chain or OXPHOS.","No inhibitor exists, and inhibition is the wrong modality: the published agent is the RPL41 peptide used as a REPLACEMENT, which enhanced carboplatin's antitumour effect in retinoblastoma. Approval status: preclinical peptide only.","Points the OPPOSITE way from an oncogenic dependency. RPL41 is repeatedly described as a TUMOUR SUPPRESSOR - deleted in ~59% of tumour cell lines and downregulated in ~75% of primary breast cancers (Neoplasia 2010). And it is NOT an escape from the pan-essential trap: a 2025 in vivo single-cell CRISPR screen found that, contrary to its prior classification as nonessential, RPL41 is essential for cellular proliferation and strongly impairs protein synthesis in NORMAL mouse epidermis.",WEAK,"['https://pubmed.ncbi.nlm.nih.gov/20234822/', 'https://www.biorxiv.org/content/10.1101/2025.03.17.643322v1', 'https://www.proteinatlas.org/ENSG00000229117-RPL41/pathology', 'https://pubmed.ncbi.nlm.nih.gov/32783256/']"
COIL,"Coilin, the scaffold and marker protein of Cajal bodies - nuclear membraneless organelles where snRNPs, snoRNPs and telomerase are assembled and modified.","None found. A PubMed query for coilin AND (glioma OR glioblastoma) returns exactly one record, in which coilin appears only as an incidental co-immunoprecipitation partner. Human Protein Atlas marks glioblastoma protein data non-significant.","PARTIAL, and only through the proliferation half of PN biology: coilin phosphomutants reduce cell proliferation, and COIL knockdown causes G2/M arrest in hepatocellular carcinoma. The neural-progenitor link is ambiguous rather than supportive, and no published link exists between coilin and any proneural glioma programme.","None known. No approved drug, no clinical trial and no small-molecule inhibitor or tool compound targeting coilin; it is an intrinsically disordered phase-separation scaffold with no enzymatic active site. Coilin-knockout mice survive to adulthood, so loss is tolerated by many normal tissues.","Modest but real, entirely outside the brain: high COIL expression predicts poorer overall survival in hepatocellular carcinoma and is an independent prognostic predictor; coilin is required for UHMK1-driven 5-FU chemoresistance in colon cancer; it is recruited to DNA damage sites, giving a plausible radio-sensitisation rationale.",WEAK,"['https://www.proteinatlas.org/ENSG00000121058-COIL/pathology', 'https://www.dovepress.com/coilin-affects-the-prognosis-of-hepatocellular-carcinoma-through-cell--peer-reviewed-fulltext-article-JHC', 'https://link.springer.com/article/10.1186/s12964-022-00820-8']"
