gene_name,gene_type
TSPAN6,protein_coding
TNMD,protein_coding
DPM1,protein_coding
SCYL3,protein_coding
C1orf112,protein_coding
FGR,protein_coding
CFH,protein_coding
FUCA2,protein_coding
GCLC,protein_coding
NFYA,protein_coding
STPG1,protein_coding
NIPAL3,protein_coding
LAS1L,protein_coding
ENPP4,protein_coding
SEMA3F,protein_coding
ANKIB1,protein_coding
CYP51A1,protein_coding
KRIT1,protein_coding
RAD52,protein_coding
BAD,protein_coding
LAP3,protein_coding
CD99,protein_coding
HS3ST1,protein_coding
WNT16,protein_coding
HECW1,protein_coding
MAD1L1,protein_coding
LASP1,protein_coding
SNX11,protein_coding
TMEM176A,protein_coding
M6PR,protein_coding
KLHL13,protein_coding
CYP26B1,protein_coding
ICA1,protein_coding
DBNDD1,protein_coding
ALS2,protein_coding
CASP10,protein_coding
CFLAR,protein_coding
TFPI,protein_coding
NDUFAF7,protein_coding
RBM5,protein_coding
MTMR7,protein_coding
SLC7A2,protein_coding
ARF5,protein_coding
SARM1,protein_coding
POLDIP2,protein_coding
PLXND1,protein_coding
AK2,protein_coding
CD38,protein_coding
FKBP4,protein_coding
KDM1A,protein_coding
RBM6,protein_coding
CAMKK1,protein_coding
RECQL,protein_coding
VPS50,protein_coding
HSPB6,protein_coding
ARHGAP33,protein_coding
NDUFAB1,protein_coding
PDK4,protein_coding
ZMYND10,protein_coding
ARX,protein_coding
SLC25A13,protein_coding
ST7,protein_coding
CDC27,protein_coding
HCCS,protein_coding
DVL2,protein_coding
UPF1,protein_coding
SKAP2,protein_coding
SLC25A5,protein_coding
MCUB,protein_coding
HOXA11,protein_coding
POLR2J,protein_coding
DHX33,protein_coding
THSD7A,protein_coding
LIG3,protein_coding
RPAP3,protein_coding
REXO5,protein_coding
CIAPIN1,protein_coding
SPPL2B,protein_coding
FAM214B,protein_coding
COPZ2,protein_coding
PRKAR2B,protein_coding
MSL3,protein_coding
CREBBP,protein_coding
TSPOAP1,protein_coding
GCFC2,protein_coding
WDR54,protein_coding
CROT,protein_coding
ABCB4,protein_coding
KMT2E,protein_coding
RHBDD2,protein_coding
SOX8,protein_coding
IBTK,protein_coding
ZNF195,protein_coding
MYCBP2,protein_coding
FBXL3,protein_coding
ITGAL,protein_coding
PDK2,protein_coding
ITGA3,protein_coding
ZFX,protein_coding
LAMP2,protein_coding
ITGA2B,protein_coding
GDE1,protein_coding
REX1BD,protein_coding
CRLF1,protein_coding
OSBPL7,protein_coding
TMEM98,protein_coding
MAP3K14,protein_coding
ABCC8,protein_coding
CACNG3,protein_coding
TMEM132A,protein_coding
AP2B1,protein_coding
TAC1,protein_coding
ZNF263,protein_coding
CX3CL1,protein_coding
SPATA20,protein_coding
CACNA1G,protein_coding
TNFRSF12A,protein_coding
DLX6,protein_coding
MAP3K9,protein_coding
RALA,protein_coding
BAIAP2L1,protein_coding
KDM7A,protein_coding
ETV1,protein_coding
AGK,protein_coding
ALDH3B1,protein_coding
PHTF2,protein_coding
CCL26,protein_coding
FARP2,protein_coding
USH1C,protein_coding
GGCT,protein_coding
DBF4,protein_coding
TBXA2R,protein_coding
IFRD1,protein_coding
COX10,protein_coding
GTF2IRD1,protein_coding
PAF1,protein_coding
VPS41,protein_coding
ARHGAP44,protein_coding
ELAC2,protein_coding
SCIN,protein_coding
ARSD,protein_coding
PNPLA4,protein_coding
ADIPOR2,protein_coding
CDKL3,protein_coding
UPP2,protein_coding
MARK4,protein_coding
PROM1,protein_coding
CCDC124,protein_coding
CEACAM21,protein_coding
PAFAH1B1,protein_coding
NOS2,protein_coding
DNAH9,protein_coding
KIAA0100,protein_coding
GAS7,protein_coding
TRAPPC6A,protein_coding
MATK,protein_coding
ST7L,protein_coding
TKTL1,protein_coding
PAX6,protein_coding
RPUSD1,protein_coding
RHBDF1,protein_coding
LUC7L,protein_coding
CACNA2D2,protein_coding
BAIAP3,protein_coding
TSR3,protein_coding
PIGQ,protein_coding
CRAMP1,protein_coding
TEAD3,protein_coding
DNAJC11,protein_coding
FMO3,protein_coding
MYLIP,protein_coding
NOX1,protein_coding
E2F2,protein_coding
PSMB1,protein_coding
SYN1,protein_coding
JARID2,protein_coding
CDKL5,protein_coding
CAMK1G,protein_coding
CDK11A,protein_coding
NADK,protein_coding
DLEC1,protein_coding
CYTH3,protein_coding
ADAM22,protein_coding
SYPL1,protein_coding
CYB561,protein_coding
SPAG9,protein_coding
CELSR3,protein_coding
AASS,protein_coding
PLEKHG6,protein_coding
SS18L2,protein_coding
MPND,protein_coding
MGST1,protein_coding
CRY1,protein_coding
PGLYRP1,protein_coding
NFIX,protein_coding
ST3GAL1,protein_coding
MMP25,protein_coding
IL32,protein_coding
PKD1,protein_coding
MAPK8IP2,protein_coding
MED24,protein_coding
RHOBTB2,protein_coding
HEATR5B,protein_coding
SEC62,protein_coding
RPS20,protein_coding
CSDE1,protein_coding
UBE3C,protein_coding
REV3L,protein_coding
TENM1,protein_coding
MASP2,protein_coding
FAM76A,protein_coding
TRAF3IP3,protein_coding
POMT2,protein_coding
VTA1,protein_coding
MLXIPL,protein_coding
BAZ1B,protein_coding
RANBP9,protein_coding
ETV7,protein_coding
SPRTN,protein_coding
EEF1AKNMT,protein_coding
DYRK4,protein_coding
ZNF207,protein_coding
UQCRC1,protein_coding
STARD3NL,protein_coding
CD9,protein_coding
HHATL,protein_coding
NCAPD2,protein_coding
IFFO1,protein_coding
PHF7,protein_coding
SEMA3G,protein_coding
NISCH,protein_coding
STAB1,protein_coding
FUZ,protein_coding
SLC6A13,protein_coding
IDS,protein_coding
PRSS3,protein_coding
ZNF200,protein_coding
CD4,protein_coding
LRRC23,protein_coding
BTK,protein_coding
HFE,protein_coding
SCMH1,protein_coding
FYN,protein_coding
HIVEP2,protein_coding
ELOA,protein_coding
LYPLA2,protein_coding
CLCN6,protein_coding
MRC2,protein_coding
SLC6A7,protein_coding
TSPAN9,protein_coding
BTBD7,protein_coding
APBA3,protein_coding
MKS1,protein_coding
ABHD5,protein_coding
ANOS1,protein_coding
AKAP8L,protein_coding
MBTD1,protein_coding
UTP18,protein_coding
RNF216,protein_coding
TTC19,protein_coding
PTBP1,protein_coding
DPF1,protein_coding
SYT7,protein_coding
LARS2,protein_coding
PIK3C2A,protein_coding
PLAUR,protein_coding
ANLN,protein_coding
WIZ,protein_coding
RABGAP1,protein_coding
DCN,protein_coding
QPCTL,protein_coding
PPP5C,protein_coding
CEP68,protein_coding
MAP4K3,protein_coding
ZBTB32,protein_coding
TYROBP,protein_coding
TMEM159,protein_coding
GABRA3,protein_coding
BRCA1,protein_coding
ERCC1,protein_coding
CD22,protein_coding
SEMA3B,protein_coding
MBTPS2,protein_coding
PRICKLE3,protein_coding
LTF,protein_coding
EXTL3,protein_coding
ELOVL5,protein_coding
ALOX5,protein_coding
KDM5D,protein_coding
CALCOCO1,protein_coding
UBR7,protein_coding
MAP4K5,protein_coding
EHD3,protein_coding
PSMC4,protein_coding
MAN2B2,protein_coding
SLC7A14,protein_coding
CLDN11,protein_coding
SLC25A39,protein_coding
MVP,protein_coding
NUB1,protein_coding
PGM3,protein_coding
RWDD2A,protein_coding
CLK1,protein_coding
POLR3B,protein_coding
ANGEL1,protein_coding
RNF14,protein_coding
DNASE1L1,protein_coding
DDX11,protein_coding
HEBP1,protein_coding
GPRC5A,protein_coding
MAMLD1,protein_coding
CD6,protein_coding
TACC3,protein_coding
UFL1,protein_coding
POLA2,protein_coding
ZC3H3,protein_coding
CAPN1,protein_coding
ACP3,protein_coding
MDH1,protein_coding
SLC30A9,protein_coding
MTMR11,protein_coding
COX15,protein_coding
CCDC88C,protein_coding
YAF2,protein_coding
ZMYND11,protein_coding
WAS,protein_coding
DPEP1,protein_coding
BID,protein_coding
MATR3,protein_coding
XYLT2,protein_coding
STMN4,protein_coding
NUDCD3,protein_coding
CHDH,protein_coding
IL20RA,protein_coding
CLCA4,protein_coding
GLT8D1,protein_coding
ATP2C1,protein_coding
SLC38A5,protein_coding
RALBP1,protein_coding
RUFY3,protein_coding
CNTN1,protein_coding
SLC11A1,protein_coding
WWTR1,protein_coding
AGPS,protein_coding
CXorf56,protein_coding
ATP1A2,protein_coding
TTC27,protein_coding
ZNF582,protein_coding
VSIG2,protein_coding
PHLDB1,protein_coding
MARCO,protein_coding
PRDM11,protein_coding
SYT13,protein_coding
SNAI2,protein_coding
CD74,protein_coding
HGF,protein_coding
ZRANB1,protein_coding
NCDN,protein_coding
ADGRA2,protein_coding
ZFP64,protein_coding
MNAT1,protein_coding
SAMD4A,protein_coding
RUNX3,protein_coding
MRE11,protein_coding
PLEKHB1,protein_coding
SERPINB1,protein_coding
SLC7A9,protein_coding
SPAST,protein_coding
NRXN3,protein_coding
OSBPL5,protein_coding
AQR,protein_coding
CPS1,protein_coding
FHL1,protein_coding
RTF2,protein_coding
GABRA1,protein_coding
SLC45A4,protein_coding
RNF10,protein_coding
ZNF839,protein_coding
ZDHHC6,protein_coding
GRAMD1B,protein_coding
RNH1,protein_coding
NDUFS1,protein_coding
RB1CC1,protein_coding
ERP44,protein_coding
ALAS1,protein_coding
BIRC3,protein_coding
AKAP11,protein_coding
GLRX2,protein_coding
SNAPC1,protein_coding
DERA,protein_coding
STRAP,protein_coding
DEF6,protein_coding
PLEKHO1,protein_coding
GCLM,protein_coding
UBR2,protein_coding
EHD2,protein_coding
DEPDC1,protein_coding
CCDC28A,protein_coding
RRAGD,protein_coding
HSF2,protein_coding
PHF20,protein_coding
HSD17B6,protein_coding
NR1H3,protein_coding
TYMP,protein_coding
NCAPH2,protein_coding
TOMM34,protein_coding
SEC63,protein_coding
KPNA6,protein_coding
VIM,protein_coding
RTEL1-TNFRSF6B,protein_coding
FAS,protein_coding
RNASET2,protein_coding
CD44,protein_coding
KCNG1,protein_coding
AGPAT4,protein_coding
SLAMF7,protein_coding
BTN3A1,protein_coding
MIPEP,protein_coding
PRKCH,protein_coding
INSRR,protein_coding
IFNGR1,protein_coding
B4GALT7,protein_coding
SH2D2A,protein_coding
VRK2,protein_coding
TNFRSF1B,protein_coding
VEZT,protein_coding
POU2F2,protein_coding
BRD9,protein_coding
SNX1,protein_coding
TBPL1,protein_coding
ARNTL2,protein_coding
BCLAF1,protein_coding
SLC39A9,protein_coding
ANK1,protein_coding
IBSP,protein_coding
TFB1M,protein_coding
RABEP1,protein_coding
HMGB3,protein_coding
NUP160,protein_coding
BAK1,protein_coding
IKZF2,protein_coding
GRN,protein_coding
FAM13B,protein_coding
ARHGAP31,protein_coding
CENPQ,protein_coding
SARS1,protein_coding
RANBP3,protein_coding
ARID4A,protein_coding
EIPR1,protein_coding
PNPLA6,protein_coding
IFT88,protein_coding
ALG1,protein_coding
ZCCHC8,protein_coding
ABCF2,protein_coding
CHPF2,protein_coding
LRRC7,protein_coding
FUT8,protein_coding
UBA6,protein_coding
GAB2,protein_coding
ATP6V0A1,protein_coding
PIAS1,protein_coding
SLC4A7,protein_coding
APBA2,protein_coding
MAP2K3,protein_coding
TMSB10,protein_coding
ASTE1,protein_coding
RNF19A,protein_coding
PEX3,protein_coding
GABARAPL2,protein_coding
SH3YL1,protein_coding
FAM136A,protein_coding
VCL,protein_coding
DEPDC1B,protein_coding
DAPK2,protein_coding
NSMAF,protein_coding
ADSS2,protein_coding
TIMP2,protein_coding
RFC1,protein_coding
TBC1D23,protein_coding
CUL3,protein_coding
MYOM2,protein_coding
CYP46A1,protein_coding
ZZZ3,protein_coding
SLC18A1,protein_coding
USP2,protein_coding
TUBG2,protein_coding
RPL26L1,protein_coding
FLT4,protein_coding
NSUN2,protein_coding
FBXO42,protein_coding
MFAP3,protein_coding
MRI1,protein_coding
METTL1,protein_coding
HOXC8,protein_coding
AGA,protein_coding
PI4K2B,protein_coding
BOD1L1,protein_coding
MAT2B,protein_coding
EDC4,protein_coding
TRIO,protein_coding
VCAN,protein_coding
CLEC16A,protein_coding
MSR1,protein_coding
CDH1,protein_coding
MTREX,protein_coding
DNAH5,protein_coding
ZFYVE16,protein_coding
RIPOR1,protein_coding
RAI14,protein_coding
PNKP,protein_coding
PHLPP2,protein_coding
SPDL1,protein_coding
STAU2,protein_coding
SLC66A1,protein_coding
CTNS,protein_coding
RTN4R,protein_coding
PHF23,protein_coding
CDH10,protein_coding
INPP4A,protein_coding
RAB27B,protein_coding
PSMA4,protein_coding
MYO16,protein_coding
LSG1,protein_coding
PARP3,protein_coding
TNC,protein_coding
THAP3,protein_coding
RIPOR3,protein_coding
TDP1,protein_coding
AIFM2,protein_coding
SPATA7,protein_coding
MED17,protein_coding
RETSAT,protein_coding
CAPG,protein_coding
AP2S1,protein_coding
ADAM28,protein_coding
DCUN1D1,protein_coding
JADE2,protein_coding
ZIC2,protein_coding
LCP2,protein_coding
TRIT1,protein_coding
ADRB1,protein_coding
CUL7,protein_coding
CTNNA1,protein_coding
PHKA2,protein_coding
CNTLN,protein_coding
EPHA3,protein_coding
HSPA5,protein_coding
DSG2,protein_coding
GEMIN8,protein_coding
OFD1,protein_coding
GPM6B,protein_coding
PREX2,protein_coding
WDR37,protein_coding
YTHDC2,protein_coding
CTPS2,protein_coding
ATP6V1H,protein_coding
POLR2B,protein_coding
FAM214A,protein_coding
ARAP2,protein_coding
TPR,protein_coding
CP,protein_coding
KATNIP,protein_coding
DTNBP1,protein_coding
XK,protein_coding
ANO2,protein_coding
C12orf4,protein_coding
SCML1,protein_coding
WWC3,protein_coding
ARHGAP6,protein_coding
FAM184B,protein_coding
MAP4,protein_coding
GOPC,protein_coding
USP28,protein_coding
HDAC9,protein_coding
TSPAN17,protein_coding
NOP16,protein_coding
CC2D2A,protein_coding
RRM2B,protein_coding
ZNF800,protein_coding
SNX29,protein_coding
LMO3,protein_coding
MRPS10,protein_coding
RSF1,protein_coding
VPS13D,protein_coding
CELF2,protein_coding
FAM120A,protein_coding
R3HDM1,protein_coding
COL9A2,protein_coding
KITLG,protein_coding
ERCC8,protein_coding
ADAMTS6,protein_coding
H6PD,protein_coding
VAMP3,protein_coding
PER3,protein_coding
LTBP1,protein_coding
RCN1,protein_coding
ELN,protein_coding
RFC2,protein_coding
ARID1B,protein_coding
CLPTM1L,protein_coding
NEDD4L,protein_coding
FOXP3,protein_coding
PPP1R3F,protein_coding
HEXB,protein_coding
PTCD2,protein_coding
NEXMIF,protein_coding
JKAMP,protein_coding
DKK3,protein_coding
NFE2L3,protein_coding
MCUR1,protein_coding
LIMA1,protein_coding
LETMD1,protein_coding
SLC4A8,protein_coding
LAMC3,protein_coding
MAPK9,protein_coding
COL23A1,protein_coding
BCAR1,protein_coding
FAM160A2,protein_coding
HERPUD1,protein_coding
HOMER3,protein_coding
RAD51,protein_coding
POLQ,protein_coding
PIK3CB,protein_coding
CYBA,protein_coding
THOC3,protein_coding
HEBP2,protein_coding
MPHOSPH9,protein_coding
PLEKHA5,protein_coding
SIKE1,protein_coding
RRP12,protein_coding
FNIP2,protein_coding
MSMO1,protein_coding
TTC17,protein_coding
ALX4,protein_coding
FSTL4,protein_coding
FOXN3,protein_coding
METTL24,protein_coding
AKR7A2,protein_coding
MRTO4,protein_coding
NNAT,protein_coding
USE1,protein_coding
MCF2L2,protein_coding
NRIP2,protein_coding
LAMA3,protein_coding
AP5M1,protein_coding
ANAPC4,protein_coding
KCNQ1,protein_coding
TRAPPC3,protein_coding
THRAP3,protein_coding
PHPT1,protein_coding
ENTPD2,protein_coding
LY75,protein_coding
ARID4B,protein_coding
OPN3,protein_coding
SDCCAG8,protein_coding
PTPRN,protein_coding
HHAT,protein_coding
KIF1B,protein_coding
FOXC1,protein_coding
TBC1D22A,protein_coding
SYNE2,protein_coding
PLEKHH1,protein_coding
ATP9A,protein_coding
CBLN4,protein_coding
CHRDL2,protein_coding
FAM168A,protein_coding
RELT,protein_coding
GALC,protein_coding
NOP58,protein_coding
SZRD1,protein_coding
KCNH2,protein_coding
CUL1,protein_coding
FAM114A2,protein_coding
CYFIP2,protein_coding
TAB2,protein_coding
GINM1,protein_coding
EIF2AK2,protein_coding
USP36,protein_coding
KMT2C,protein_coding
CCDC85A,protein_coding
PUM2,protein_coding
MRPL43,protein_coding
HPF1,protein_coding
ZFR,protein_coding
ZNF280C,protein_coding
PHF21B,protein_coding
TRAF1,protein_coding
RC3H2,protein_coding
IL17RB,protein_coding
TRAF3IP2,protein_coding
GYG2,protein_coding
DCBLD2,protein_coding
SOAT1,protein_coding
PKP2,protein_coding
GDI2,protein_coding
PRDM1,protein_coding
ATG5,protein_coding
TMCC3,protein_coding
PITHD1,protein_coding
MTA3,protein_coding
USP13,protein_coding
ATP11B,protein_coding
CDK14,protein_coding
SEC61A1,protein_coding
PPP1R12A,protein_coding
RASGRF1,protein_coding
CAMK2B,protein_coding
CROCC,protein_coding
POLR3E,protein_coding
ATP2B4,protein_coding
RIOK2,protein_coding
YIPF1,protein_coding
NDC1,protein_coding
DGKG,protein_coding
FLYWCH1,protein_coding
UNKL,protein_coding
TBXAS1,protein_coding
PARP12,protein_coding
ALDH18A1,protein_coding
TARBP1,protein_coding
GATB,protein_coding
MXD1,protein_coding
CDK17,protein_coding
DNAJC25,protein_coding
SLC2A3,protein_coding
PSD,protein_coding
CTDP1,protein_coding
YBX3,protein_coding
WNK1,protein_coding
RPS17P5,processed_pseudogene
CCAR1,protein_coding
OGFR,protein_coding
GNA15,protein_coding
PIGV,protein_coding
PTPRU,protein_coding
SNRNP40,protein_coding
RIMBP2,protein_coding
COL11A1,protein_coding
QSER1,protein_coding
MPC1,protein_coding
ACAA1,protein_coding
BCAT1,protein_coding
HDAC7,protein_coding
LZTS1,protein_coding
SPAG4,protein_coding
NCKAP1,protein_coding
MRPS35,protein_coding
GUCY1B1,protein_coding
SFSWAP,protein_coding
TNK2,protein_coding
MON2,protein_coding
CDH3,protein_coding
ARSF,protein_coding
GPBP1,protein_coding
DGAT2,protein_coding
ZNF112,protein_coding
CS,protein_coding
LTK,protein_coding
ELMO2,protein_coding
WAPL,protein_coding
VMP1,protein_coding
APPBP2,protein_coding
POLD1,protein_coding
SEZ6,protein_coding
EIF4B,protein_coding
SLC6A16,protein_coding
BICRA,protein_coding
SPHK2,protein_coding
RPL18,protein_coding
CA11,protein_coding
ISOC2,protein_coding
U2AF2,protein_coding
EPN1,protein_coding
MED29,protein_coding
ZNF275,protein_coding
MTMR1,protein_coding
GPC1,protein_coding
ADCK1,protein_coding
HAGH,protein_coding
RNF4,protein_coding
CASP8,protein_coding
LIMCH1,protein_coding
INTS13,protein_coding
TM7SF3,protein_coding
SPA17,protein_coding
TSPAN32,protein_coding
ST3GAL6,protein_coding
NGFR,protein_coding
CDON,protein_coding
TAF2,protein_coding
HIPK2,protein_coding
TNPO3,protein_coding
RFXANK,protein_coding
TMEM161A,protein_coding
LPAR2,protein_coding
CTSA,protein_coding
SUGP2,protein_coding
SLC12A2,protein_coding
SNX24,protein_coding
EYA2,protein_coding
CNN2,protein_coding
ABCA7,protein_coding
SNCAIP,protein_coding
DDX20,protein_coding
BTBD1,protein_coding
FAR2,protein_coding
BCAS1,protein_coding
CHI3L2,protein_coding
SBNO2,protein_coding
PMS1,protein_coding
HMG20B,protein_coding
CALCRL,protein_coding
TAF11,protein_coding
ANKS1A,protein_coding
AP3D1,protein_coding
ZNF76,protein_coding
SLC9A3R2,protein_coding
NTHL1,protein_coding
UHRF1BP1,protein_coding
GNAI3,protein_coding
IPO5,protein_coding
OAT,protein_coding
WDR3,protein_coding
PKN2,protein_coding
WDR18,protein_coding
TRAM2,protein_coding
NTN1,protein_coding
MCM10,protein_coding
DGKA,protein_coding
ERBB3,protein_coding
ANKRD44,protein_coding
KARS1,protein_coding
ADAT1,protein_coding
PDIA5,protein_coding
TBC1D22B,protein_coding
NDUFB4,protein_coding
SPEN,protein_coding
MYLK,protein_coding
ZC3H15,protein_coding
MAP2K4,protein_coding
PACC1,protein_coding
SNAP91,protein_coding
SLK,protein_coding
CYB5R4,protein_coding
GSTO2,protein_coding
SEC61A2,protein_coding
PRKCQ,protein_coding
TLE2,protein_coding
ASB1,protein_coding
FAM107B,protein_coding
ME1,protein_coding
TBC1D1,protein_coding
CDK13,protein_coding
MTHFD2,protein_coding
SLC9A7,protein_coding
FOXJ2,protein_coding
YBX1,protein_coding
PDE4A,protein_coding
PPP2R5A,protein_coding
CTNNA2,protein_coding
ELAVL1,protein_coding
TIE1,protein_coding
DIP2B,protein_coding
SMARCD1,protein_coding
KDM4A,protein_coding
NFYC,protein_coding
ZMYND12,protein_coding
SLC9A3,protein_coding
NGEF,protein_coding
ASPM,protein_coding
CD84,protein_coding
ELOVL1,protein_coding
SPI1,protein_coding
POLR1H,protein_coding
MPPED2,protein_coding
CLDN18,protein_coding
ZBTB11,protein_coding
ATXN3,protein_coding
GOLGA5,protein_coding
FGFR2,protein_coding
LRRC40,protein_coding
ISOC1,protein_coding
EML1,protein_coding
TRMT11,protein_coding
THUMPD1,protein_coding
MSANTD3,protein_coding
KIF26A,protein_coding
ATG2B,protein_coding
ARFGEF1,protein_coding
ZFAT,protein_coding
MTFR1,protein_coding
STAG3,protein_coding
FECH,protein_coding
MYO9A,protein_coding
DDX3Y,protein_coding
PFKP,protein_coding
IDI1,protein_coding
SP100,protein_coding
KLF6,protein_coding
PLPP1,protein_coding
NEO1,protein_coding
TRAM1,protein_coding
PHKA1,protein_coding
TNFRSF1A,protein_coding
CACNB1,protein_coding
EVI5,protein_coding
STOML1,protein_coding
PKM,protein_coding
DHX29,protein_coding
DNTTIP2,protein_coding
METTL22,protein_coding
TP53BP1,protein_coding
TRO,protein_coding
RRP15,protein_coding
RHOA,protein_coding
DHX8,protein_coding
PMS2P4,transcribed_unprocessed_pseudogene
PRKCZ,protein_coding
ZFY,protein_coding
IARS2,protein_coding
SYT1,protein_coding
NAV3,protein_coding
IDH3G,protein_coding
ROGDI,protein_coding
PDZD4,protein_coding
ATP2B3,protein_coding
ROCK1,protein_coding
CBFB,protein_coding
PDK3,protein_coding
HYAL2,protein_coding
HDAC4,protein_coding
RASSF1,protein_coding
FGFR3,protein_coding
IFI35,protein_coding
HEATR6,protein_coding
COASY,protein_coding
PLEKHH3,protein_coding
MEF2A,protein_coding
OTUD5,protein_coding
TFE3,protein_coding
TBC1D25,protein_coding
ACSL4,protein_coding
INPP5A,protein_coding
GPKOW,protein_coding
GRIPAP1,protein_coding
FTSJ1,protein_coding
PRR11,protein_coding
REEP1,protein_coding
ATP11A,protein_coding
POLR1A,protein_coding
LAPTM4A,protein_coding
TTC7A,protein_coding
IP6K2,protein_coding
SRBD1,protein_coding
KIF2A,protein_coding
RASGRP2,protein_coding
PSME4,protein_coding
IFT80,protein_coding
SIRT2,protein_coding
ERLEC1,protein_coding
PPP2R5B,protein_coding
PYGM,protein_coding
PITX1,protein_coding
MAST4,protein_coding
ADGRF5,protein_coding
SDK2,protein_coding
NUP133,protein_coding
NUCKS1,protein_coding
VPS35,protein_coding
DNAJA2,protein_coding
BCL3,protein_coding
KCNAB2,protein_coding
ABCC9,protein_coding
GAL,protein_coding
CLEC2D,protein_coding
FUNDC1,protein_coding
MAOB,protein_coding
RORA,protein_coding
DRD4,protein_coding
TGFBR3,protein_coding
PLA2G10,protein_coding
ATP1B3,protein_coding
NEDD4,protein_coding
PIGB,protein_coding
MAPK6,protein_coding
GNB5,protein_coding
RAB27A,protein_coding
HDHD5,protein_coding
UFD1,protein_coding
LRP6,protein_coding
SCT,protein_coding
PHRF1,protein_coding
ELP1,protein_coding
NUCB2,protein_coding
PFN2,protein_coding
PTPN3,protein_coding
SPTB,protein_coding
DAPP1,protein_coding
SLC44A1,protein_coding
TMEM260,protein_coding
SMG6,protein_coding
EXOC5,protein_coding
CLTCL1,protein_coding
FSTL3,protein_coding
DGCR2,protein_coding
RNF126,protein_coding
MNT,protein_coding
ZXDC,protein_coding
JMJD6,protein_coding
POLB,protein_coding
ST6GALNAC1,protein_coding
WIPI1,protein_coding
FRMPD1,protein_coding
GBA2,protein_coding
NDST1,protein_coding
ASNS,protein_coding
AP3M2,protein_coding
ST6GALNAC2,protein_coding
PABPC1,protein_coding
TESK2,protein_coding
CFAP20,protein_coding
CSNK2A2,protein_coding
PTPN21,protein_coding
EIF2B3,protein_coding
CAMK2A,protein_coding
TCOF1,protein_coding
CDC42,protein_coding
OSBPL3,protein_coding
RAD18,protein_coding
ATP2B1,protein_coding
NCK2,protein_coding
MAP4K4,protein_coding
MGAT4A,protein_coding
RPL31,protein_coding
WDR1,protein_coding
SNX13,protein_coding
ARHGAP10,protein_coding
RPS6KA2,protein_coding
ING3,protein_coding
VASH1,protein_coding
LMCD1,protein_coding
BUD23,protein_coding
SEL1L,protein_coding
TRIP13,protein_coding
ATP6AP1,protein_coding
TCF3,protein_coding
TRIB2,protein_coding
DAZAP1,protein_coding
MBD3,protein_coding
HLTF,protein_coding
FAM50A,protein_coding
FAM3A,protein_coding
CPSF1,protein_coding
CYBRD1,protein_coding
CDH19,protein_coding
PDCD2,protein_coding
SLC6A15,protein_coding
RDH11,protein_coding
PRKACA,protein_coding
ADGRL1,protein_coding
ACTN1,protein_coding
ZFYVE26,protein_coding
RPS6KA6,protein_coding
EPN2,protein_coding
PTPN18,protein_coding
LIMS2,protein_coding
ASIC4,protein_coding
SPEG,protein_coding
LNX1,protein_coding
ALDH3A2,protein_coding
TFRC,protein_coding
SREBF1,protein_coding
AFF4,protein_coding
UBE2D1,protein_coding
MPP5,protein_coding
RHOBTB1,protein_coding
SMC1A,protein_coding
HSD17B10,protein_coding
MARK2,protein_coding
HMMR,protein_coding
CHFR,protein_coding
P4HA2,protein_coding
FCGR2B,protein_coding
NFATC3,protein_coding
TRNT1,protein_coding
ACADVL,protein_coding
STK10,protein_coding
FBXW11,protein_coding
ACAP1,protein_coding
CRMP1,protein_coding
EVC,protein_coding
DERL2,protein_coding
SIDT1,protein_coding
NDE1,protein_coding
IRAG1,protein_coding
TMEM38A,protein_coding
AP1M1,protein_coding
PVR,protein_coding
XRCC1,protein_coding
SCARB1,protein_coding
MCM2,protein_coding
PANX2,protein_coding
SELENOO,protein_coding
ALPK1,protein_coding
LLGL2,protein_coding
PDE8A,protein_coding
CLCN4,protein_coding
NLE1,protein_coding
SDHA,protein_coding
SMARCE1,protein_coding
GSDMB,protein_coding
KDM5A,protein_coding
ADAM11,protein_coding
PPP2R3A,protein_coding
FERMT2,protein_coding
DHRS9,protein_coding
PTGS2,protein_coding
IGF2BP2,protein_coding
MAP3K13,protein_coding
ST6GAL1,protein_coding
VDAC1P1,processed_pseudogene
FRY,protein_coding
PICALM,protein_coding
NSF,protein_coding
GLI2,protein_coding
CLASP1,protein_coding
MRPS34,protein_coding
NOTCH3,protein_coding
CLNS1A,protein_coding
PPP2R2C,protein_coding
TEAD2,protein_coding
EED,protein_coding
CDHR2,protein_coding
SNCB,protein_coding
TSG101,protein_coding
NCBP3,protein_coding
ATP2A3,protein_coding
CA12,protein_coding
MGLL,protein_coding
NTN4,protein_coding
BCS1L,protein_coding
NUAK1,protein_coding
DPP8,protein_coding
SLC24A1,protein_coding
ZNF532,protein_coding
SCARF1,protein_coding
LMAN1,protein_coding
HACD3,protein_coding
IPCEF1,protein_coding
ZZEF1,protein_coding
ENO1,protein_coding
MYDGF,protein_coding
ANO8,protein_coding
TUBE1,protein_coding
ARHGEF10L,protein_coding
WSCD2,protein_coding
KCNQ2,protein_coding
TACR2,protein_coding
ACTR6,protein_coding
TIPIN,protein_coding
SRI,protein_coding
EIF4G3,protein_coding
NUP37,protein_coding
SEMA3A,protein_coding
GTSE1,protein_coding
SEMA3C,protein_coding
TTC38,protein_coding
ACAT1,protein_coding
GRAMD4,protein_coding
CELSR1,protein_coding
ZNF638,protein_coding
SLC25A40,protein_coding
TIMM21,protein_coding
ADD2,protein_coding
RASAL2,protein_coding
VPS9D1,protein_coding
ZNF37A,protein_coding
MARK3,protein_coding
SLC25A3,protein_coding
FNDC3B,protein_coding
FOSL2,protein_coding
CACNG5,protein_coding
CACNG4,protein_coding
FRYL,protein_coding
TMEM131,protein_coding
FSCN1,protein_coding
ACTB,protein_coding
MOCOS,protein_coding
PLD1,protein_coding
WDR62,protein_coding
DLG1,protein_coding
RAB7A,protein_coding
SEC31B,protein_coding
SART3,protein_coding
ARHGAP15,protein_coding
TUBA3D,protein_coding
EXOSC7,protein_coding
KIFAP3,protein_coding
MKRN2,protein_coding
MCM6,protein_coding
REXO2,protein_coding
RBM7,protein_coding
RBMS2,protein_coding
BAZ2A,protein_coding
PTPN23,protein_coding
MLH1,protein_coding
UNG,protein_coding
FMO4,protein_coding
KLHL20,protein_coding
RGS11,protein_coding
SLC46A1,protein_coding
PLXNA2,protein_coding
SPAG5,protein_coding
ANKRD13A,protein_coding
TPD52,protein_coding
ACACB,protein_coding
TRAF4,protein_coding
PAG1,protein_coding
GPATCH1,protein_coding
NT5C2,protein_coding
MCAM,protein_coding
GPC4,protein_coding
MBNL3,protein_coding
CAMSAP3,protein_coding
RAP1GAP,protein_coding
XAB2,protein_coding
ARHGEF1,protein_coding
STXBP2,protein_coding
MAP2K7,protein_coding
DGKD,protein_coding
CTTNBP2,protein_coding
ACTL6B,protein_coding
RARB,protein_coding
TOP2B,protein_coding
TM9SF3,protein_coding
NFKB2,protein_coding
UBE2T,protein_coding
PPP1R12B,protein_coding
DNAJC10,protein_coding
GTF3C1,protein_coding
IL4R,protein_coding
USP33,protein_coding
PAK3,protein_coding
DCX,protein_coding
SNRPA,protein_coding
EXOSC5,protein_coding
DYNC1I2,protein_coding
APBB1IP,protein_coding
LRCH4,protein_coding
FAM76B,protein_coding
SIRT6,protein_coding
POLD3,protein_coding
ACTN2,protein_coding
CAPZB,protein_coding
GPR137B,protein_coding
NAALAD2,protein_coding
JADE1,protein_coding
SLC25A43,protein_coding
UBE2A,protein_coding
FGFR1,protein_coding
FBLN1,protein_coding
ITGA8,protein_coding
CST7,protein_coding
MAP2,protein_coding
PIAS2,protein_coding
AMPH,protein_coding
ARAF,protein_coding
MCCC1,protein_coding
LAMP3,protein_coding
FAP,protein_coding
NEBL,protein_coding
ACER3,protein_coding
UBE2K,protein_coding
PIK3C3,protein_coding
N4BP2,protein_coding
TIGAR,protein_coding
TULP3,protein_coding
SYNJ2,protein_coding
ADCY2,protein_coding
PPP2R5C,protein_coding
PMS2P1,transcribed_unprocessed_pseudogene
RBFOX1,protein_coding
GNB1,protein_coding
HOXA9,protein_coding
EDN1,protein_coding
MLLT10,protein_coding
ZCWPW1,protein_coding
ADCYAP1R1,protein_coding
FGF20,protein_coding
ITM2A,protein_coding
NRDC,protein_coding
VDAC3,protein_coding
PCM1,protein_coding
TNRC6C,protein_coding
CBFA2T2,protein_coding
BRINP1,protein_coding
ITCH,protein_coding
TP53INP2,protein_coding
SDF4,protein_coding
MYH7B,protein_coding
BPIFB2,protein_coding
TP73,protein_coding
TOLLIP,protein_coding
UBE2D4,protein_coding
RUNX1T1,protein_coding
THOC1,protein_coding
FKBP7,protein_coding
OSBPL6,protein_coding
SLC1A3,protein_coding
XRCC5,protein_coding
LXN,protein_coding
SP140,protein_coding
MKNK1,protein_coding
TNS1,protein_coding
REXO1,protein_coding
SAR1A,protein_coding
CDC14A,protein_coding
RAPGEF3,protein_coding
CEACAM1,protein_coding
SENP1,protein_coding
CIC,protein_coding
LIPE,protein_coding
FDFT1,protein_coding
PAFAH1B3,protein_coding
OPHN1,protein_coding
KIF22,protein_coding
SCGN,protein_coding
CARMIL1,protein_coding
PGM1,protein_coding
DDX1,protein_coding
DNM2,protein_coding
EPB41L2,protein_coding
RIMS1,protein_coding
MOXD1,protein_coding
STX7,protein_coding
RABL2B,protein_coding
KEAP1,protein_coding
PTPRH,protein_coding
DCT,protein_coding
SLC35C2,protein_coding
CRYBG3,protein_coding
RFX3,protein_coding
RIF1,protein_coding
RAB21,protein_coding
SLC4A4,protein_coding
SMARCA2,protein_coding
SESN1,protein_coding
MID2,protein_coding
COL5A3,protein_coding
SRCAP,protein_coding
PUM3,protein_coding
KCNN2,protein_coding
CNOT4,protein_coding
PSEN1,protein_coding
CPOX,protein_coding
CLDND1,protein_coding
MOK,protein_coding
HSP90AA1,protein_coding
RBL1,protein_coding
DLGAP4,protein_coding
IGSF9B,protein_coding
CROCCP3,transcribed_unprocessed_pseudogene
NDC80,protein_coding
AP4E1,protein_coding
RSBN1,protein_coding
MAGI3,protein_coding
CXCL2,protein_coding
COL4A4,protein_coding
TCF7,protein_coding
OSTM1,protein_coding
IMPG2,protein_coding
PCNP,protein_coding
EXD2,protein_coding
ARG2,protein_coding
MEF2C,protein_coding
PTPRC,protein_coding
UBA5,protein_coding
STK17B,protein_coding
CDC14B,protein_coding
ZNF510,protein_coding
LRP2,protein_coding
ZNF506,protein_coding
JMJD4,protein_coding
DUSP12,protein_coding
AACS,protein_coding
DELE1,protein_coding
CADPS2,protein_coding
PCDHB4,protein_coding
PCDHA6,protein_coding
PCDHGA2,protein_coding
HSPB11,protein_coding
PHLPP1,protein_coding
ATP8B1,protein_coding
IL12RB2,protein_coding
SMARCD3,protein_coding
WDR70,protein_coding
FYB1,protein_coding
STRADB,protein_coding
BZW1,protein_coding
C1QTNF3,protein_coding
ME2,protein_coding
C5orf22,protein_coding
CCNT2,protein_coding
FAM135A,protein_coding
EPB41L3,protein_coding
COBLL1,protein_coding
DLG3,protein_coding
KCNK2,protein_coding
SERTAD4,protein_coding
TRAF5,protein_coding
MRPL22,protein_coding
GEMIN5,protein_coding
NFE2L1,protein_coding
SEMA5B,protein_coding
GSK3B,protein_coding
ITGB5,protein_coding
ERC1,protein_coding
XPO1,protein_coding
LINC01587,lncRNA
RNF13,protein_coding
TRPM3,protein_coding
PALB2,protein_coding
DOP1A,protein_coding
LYRM2,protein_coding
BCKDHB,protein_coding
KAT6A,protein_coding
TUT7,protein_coding
ULK2,protein_coding
TNPO1,protein_coding
PLOD1,protein_coding
ITGAE,protein_coding
DIS3,protein_coding
PIBF1,protein_coding
TDRD3,protein_coding
NUFIP1,protein_coding
PDS5B,protein_coding
OXCT1,protein_coding
RRAGB,protein_coding
CYLD,protein_coding
SLC27A5,protein_coding
ZNF324,protein_coding
ZNF671,protein_coding
ZNF416,protein_coding
ZNF586,protein_coding
ZNF446,protein_coding
ZNF264,protein_coding
RPS5,protein_coding
FAT1,protein_coding
YTHDC1,protein_coding
CHMP2B,protein_coding
SMAP2,protein_coding
PPIE,protein_coding
ZMPSTE24,protein_coding
STARD7,protein_coding
NOA1,protein_coding
REST,protein_coding
SSH1,protein_coding
GSTP1,protein_coding
APLP2,protein_coding
FAM234B,protein_coding
SLCO1A2,protein_coding
WBP11,protein_coding
EIF3I,protein_coding
NKAIN1,protein_coding
COL16A1,protein_coding
TXLNA,protein_coding
NCOA1,protein_coding
AGBL5,protein_coding
EFR3B,protein_coding
KIF3C,protein_coding
RAB10,protein_coding
GCKR,protein_coding
HADHA,protein_coding
MAPRE3,protein_coding
CAD,protein_coding
CD59,protein_coding
CD82,protein_coding
BCORL1,protein_coding
ATRX,protein_coding
AK6,protein_coding
FCN1,protein_coding
MYNN,protein_coding
MECOM,protein_coding
SCAMP1,protein_coding
PREP,protein_coding
HACE1,protein_coding
SEH1L,protein_coding
WDR47,protein_coding
WDFY1,protein_coding
OVGP1,protein_coding
SLC25A24,protein_coding
MAP3K4,protein_coding
PILRA,protein_coding
IGSF9,protein_coding
ABCB1,protein_coding
ZNF213,protein_coding
AKR1B1,protein_coding
CPNE3,protein_coding
RRN3,protein_coding
CTTN,protein_coding
MTIF2,protein_coding
DDHD2,protein_coding
TTC39A,protein_coding
EPS15,protein_coding
ORC1,protein_coding
MGST2,protein_coding
CHERP,protein_coding
ATG16L1,protein_coding
USP40,protein_coding
POMGNT1,protein_coding
RAD54L,protein_coding
MAST2,protein_coding
DNAJA1,protein_coding
B4GALT1,protein_coding
CHMP5,protein_coding
NFX1,protein_coding
AQP6,protein_coding
DIMT1,protein_coding
IPO11,protein_coding
FOLH1,protein_coding
EIF2AK1,protein_coding
EPDR1,protein_coding
SNX10,protein_coding
SEPHS1,protein_coding
MRPL28,protein_coding
HBQ1,protein_coding
ITPKC,protein_coding
RBM22,protein_coding
TMED2,protein_coding
ERO1B,protein_coding
ZFAND6,protein_coding
TXLNG,protein_coding
PPEF1,protein_coding
LAT2,protein_coding
HUWE1,protein_coding
ZW10,protein_coding
ALG9,protein_coding
NOX4,protein_coding
ACOX3,protein_coding
MTMR2,protein_coding
PPP1R15A,protein_coding
HSD17B14,protein_coding
TRIP6,protein_coding
ACHE,protein_coding
FTL,protein_coding
SRRT,protein_coding
BAX,protein_coding
NLK,protein_coding
PIGS,protein_coding
ADAMTS2,protein_coding
ATXN7L3,protein_coding
PGS1,protein_coding
PSMC5,protein_coding
UIMC1,protein_coding
CETP,protein_coding
MMP2,protein_coding
MT3,protein_coding
LPCAT2,protein_coding
GNAO1,protein_coding
OGFOD1,protein_coding
SH3BP2,protein_coding
NOP14,protein_coding
ADD1,protein_coding
L2HGDH,protein_coding
TXNDC16,protein_coding
RTRAF,protein_coding
NID2,protein_coding
GMCL1,protein_coding
SF3B2,protein_coding
KLHL42,protein_coding
GNAS,protein_coding
DNM1L,protein_coding
PTHLH,protein_coding
PHACTR3,protein_coding
ERGIC2,protein_coding
AURKA,protein_coding
CASS4,protein_coding
PIR,protein_coding
AAMDC,protein_coding
RFX2,protein_coding
METTL2A,protein_coding
ALG6,protein_coding
CNOT3,protein_coding
PTPN4,protein_coding
DDX18,protein_coding
KHSRP,protein_coding
GNA11,protein_coding
ASAP3,protein_coding
EDEM2,protein_coding
DNMT3B,protein_coding
REM1,protein_coding
TPX2,protein_coding
FER1L4,transcribed_unitary_pseudogene
PDRG1,protein_coding
EPB41L1,protein_coding
DOCK9,protein_coding
ANKRD10,protein_coding
TGDS,protein_coding
DOCK3,protein_coding
C3orf18,protein_coding
COQ9,protein_coding
KIF9,protein_coding
CRLS1,protein_coding
PPP1R13B,protein_coding
ATRN,protein_coding
SMOX,protein_coding
SIGLEC1,protein_coding
FKBP1A,protein_coding
NSFL1C,protein_coding
SLC4A11,protein_coding
C20orf194,protein_coding
ZNF343,protein_coding
EBF4,protein_coding
CPXM1,protein_coding
MAVS,protein_coding
LZTS3,protein_coding
XRN2,protein_coding
KIZ,protein_coding
DYNLL1,protein_coding
TESC,protein_coding
SNX5,protein_coding
RPL6,protein_coding
MAPKAPK5,protein_coding
P2RX7,protein_coding
ESF1,protein_coding
RBBP9,protein_coding
ANAPC5,protein_coding
SLC23A2,protein_coding
SLC8B1,protein_coding
TMEM230,protein_coding
DZANK1,protein_coding
KDM2B,protein_coding
CFAP61,protein_coding
TASP1,protein_coding
OAS1,protein_coding
GCN1,protein_coding
RPLP0,protein_coding
PXN,protein_coding
SIRT4,protein_coding
RPH3A,protein_coding
KIF16B,protein_coding
TRMT6,protein_coding
CHGB,protein_coding
PEBP1,protein_coding
TBX5,protein_coding
BRAP,protein_coding
ERP29,protein_coding
NOS1,protein_coding
FUS,protein_coding
IGBP1,protein_coding
FXYD5,protein_coding
ZNF302,protein_coding
GRAMD1A,protein_coding
HEPH,protein_coding
CDIP1,protein_coding
CMTM1,protein_coding
KCNH4,protein_coding
GANAB,protein_coding
GMIP,protein_coding
RBM41,protein_coding
BIRC5,protein_coding
LAG3,protein_coding
MLF2,protein_coding
OTUB2,protein_coding
DDX24,protein_coding
ZBTB25,protein_coding
NECAP1,protein_coding
ARHGAP4,protein_coding
ANKRD24,protein_coding
DHX32,protein_coding
RCOR1,protein_coding
GPATCH2L,protein_coding
LTBP4,protein_coding
BLVRB,protein_coding
SLC9A1,protein_coding
SPTLC1,protein_coding
PAPOLA,protein_coding
CCNK,protein_coding
PCBP4,protein_coding
RGS1,protein_coding
YPEL3,protein_coding
MRPS33,protein_coding
NDUFB2,protein_coding
NUDC,protein_coding
MAEA,protein_coding
ICAM1,protein_coding
STRN4,protein_coding
IRAK3,protein_coding
LYZ,protein_coding
MUL1,protein_coding
TFAP4,protein_coding
PDCD7,protein_coding
SPG21,protein_coding
DNAJB11,protein_coding
P3H2,protein_coding
THPO,protein_coding
CHRD,protein_coding
RAB11FIP3,protein_coding
GNPTG,protein_coding
ZNF268,protein_coding
GOLGA3,protein_coding
PABPC4,protein_coding
CD209,protein_coding
CERS4,protein_coding
MCOLN1,protein_coding
USP48,protein_coding
EFNB1,protein_coding
PDPR,protein_coding
AARS1,protein_coding
GLG1,protein_coding
KIF4A,protein_coding
TNRC6A,protein_coding
PLEKHG2,protein_coding
DLL3,protein_coding
NAT14,protein_coding
PITPNM2,protein_coding
EXOC1,protein_coding
RBM27,protein_coding
OSBPL8,protein_coding
DTX2,protein_coding
NLRC4,protein_coding
PUS7,protein_coding
LAMB4,protein_coding
NRCAM,protein_coding
LAMB1,protein_coding
SLC26A4,protein_coding
DLD,protein_coding
WDR7,protein_coding
TXNL1,protein_coding
ABCC6,protein_coding
CMTM6,protein_coding
ITGA6,protein_coding
RAPGEF4,protein_coding
MAP3K20,protein_coding
FH,protein_coding
SEL1L3,protein_coding
TF,protein_coding
CDV3,protein_coding
ALKBH5,protein_coding
NLRP1,protein_coding
PITPNM3,protein_coding
SPAG7,protein_coding
ORC6,protein_coding
ZFHX4,protein_coding
SLC17A6,protein_coding
ZC3HC1,protein_coding
RGS17,protein_coding
ANGPT2,protein_coding
TMEM101,protein_coding
CD200,protein_coding
CCDC80,protein_coding
CMA1,protein_coding
PSME1,protein_coding
PPP2R3C,protein_coding
HAUS4,protein_coding
JPH4,protein_coding
MYH7,protein_coding
SLC7A8,protein_coding
OSGEP,protein_coding
SLC22A17,protein_coding
SCFD1,protein_coding
G2E3,protein_coding
HECTD1,protein_coding
HNRNPC,protein_coding
SUPT16H,protein_coding
TOX4,protein_coding
GEMIN2,protein_coding
TGM1,protein_coding
TINF2,protein_coding
SEMA6A,protein_coding
TRPM7,protein_coding
TYRO3,protein_coding
WDR76,protein_coding
CAPN3,protein_coding
SNAP23,protein_coding
TBX15,protein_coding
PHGDH,protein_coding
COL9A3,protein_coding
EZR,protein_coding
MYL6,protein_coding
AGO1,protein_coding
TEKT2,protein_coding
CLSPN,protein_coding
RFFL,protein_coding
UNC13D,protein_coding
MFSD11,protein_coding
DPYSL2,protein_coding
TGFB2,protein_coding
GPATCH2,protein_coding
NUP50,protein_coding
CDC45,protein_coding
COMT,protein_coding
ADA2,protein_coding
ECHDC1,protein_coding
LRRFIP2,protein_coding
SEC22C,protein_coding
XYLB,protein_coding
HDAC6,protein_coding
CDC6,protein_coding
UPRT,protein_coding
CDC23,protein_coding
AAAS,protein_coding
CBX5,protein_coding
FMO2,protein_coding
SUCO,protein_coding
MSH2,protein_coding
MAP3K1,protein_coding
DHPS,protein_coding
HOOK2,protein_coding
ARCN1,protein_coding
EPB41L4B,protein_coding
TMEM38B,protein_coding
PSMD5,protein_coding
PTGS1,protein_coding
NUP188,protein_coding
CRAT,protein_coding
SH2D3C,protein_coding
NANS,protein_coding
TBC1D2,protein_coding
WHRN,protein_coding
CWF19L1,protein_coding
SEMA4G,protein_coding
BTAF1,protein_coding
IKZF5,protein_coding
BLNK,protein_coding
SORBS1,protein_coding
CRTAC1,protein_coding
BAMBI,protein_coding
IL11,protein_coding
WAC,protein_coding
CREM,protein_coding
NUBP2,protein_coding
SMIM24,protein_coding
HIVEP1,protein_coding
TREM2,protein_coding
FKBP5,protein_coding
SRPK1,protein_coding
BRPF3,protein_coding
MRPS18A,protein_coding
TMEM14A,protein_coding
EFHC1,protein_coding
HSP90AB1,protein_coding
CDC5L,protein_coding
ITPR3,protein_coding
ZNF184,protein_coding
DSP,protein_coding
SIRT1,protein_coding
HNRNPH3,protein_coding
IFT74,protein_coding
JAK2,protein_coding
IL12RB1,protein_coding
ABL1,protein_coding
ACOT7,protein_coding
SH3GLB1,protein_coding
CDC7,protein_coding
SYDE2,protein_coding
PCSK5,protein_coding
SCD,protein_coding
TMED1,protein_coding
ABLIM1,protein_coding
ERMP1,protein_coding
RAB18,protein_coding
NRP1,protein_coding
HSD17B7P2,transcribed_unprocessed_pseudogene
PRTFDC1,protein_coding
PALMD,protein_coding
TSPAN15,protein_coding
MACROH2A2,protein_coding
WASHC2A,protein_coding
MAST3,protein_coding
MZF1,protein_coding
OCEL1,protein_coding
MYO9B,protein_coding
KCNK6,protein_coding
CATSPERG,protein_coding
PSMD8,protein_coding
FBXL19,protein_coding
STX1B,protein_coding
HSD3B7,protein_coding
SETD1A,protein_coding
BCL7C,protein_coding
EFNA2,protein_coding
CIRBP,protein_coding
ATP5F1D,protein_coding
CBARP,protein_coding
PRKY,protein_coding
IGFALS,protein_coding
HNRNPM,protein_coding
MARCHF2,protein_coding
NDUFB7,protein_coding
TECR,protein_coding
TIMM13,protein_coding
CDC34,protein_coding
MTAP,protein_coding
CEP170B,protein_coding
POLR2E,protein_coding
POLRMT,protein_coding
HCN2,protein_coding
CDHR5,protein_coding
IZUMO4,protein_coding
RASSF7,protein_coding
GADD45B,protein_coding
PALM,protein_coding
MADCAM1,protein_coding
MKNK2,protein_coding
ARVCF,protein_coding
TRMT2A,protein_coding
RANBP1,protein_coding
ZDHHC8,protein_coding
KLHL22,protein_coding
MED15,protein_coding
SERPIND1,protein_coding
SNAP29,protein_coding
CRKL,protein_coding
LZTR1,protein_coding
MMP11,protein_coding
CECR2,protein_coding
SMARCB1,protein_coding
P2RX6,protein_coding
BCL2L13,protein_coding
DDTL,protein_coding
GSTT2,polymorphic_pseudogene
OSM,protein_coding
CABIN1,protein_coding
TBC1D10A,protein_coding
SUSD2,protein_coding
SF3A1,protein_coding
GGT5,protein_coding
RNF215,protein_coding
SEC14L2,protein_coding
SPECC1L,protein_coding
PPIL2,protein_coding
YPEL1,protein_coding
SNRPD3,protein_coding
PES1,protein_coding
MAPK1,protein_coding
PRODH,protein_coding
PPM1F,protein_coding
SLC35E4,protein_coding
CYTH4,protein_coding
ESS2,protein_coding
CRYBB2P1,transcribed_unprocessed_pseudogene
MFNG,protein_coding
CARD10,protein_coding
LRP5L,protein_coding
SLC25A1,protein_coding
GRK3,protein_coding
LGALS2,protein_coding
GGA1,protein_coding
HIRA,protein_coding
SH3BP1,protein_coding
SEZ6L,protein_coding
LGALS1,protein_coding
HPS4,protein_coding
PIK3IP1,protein_coding
SRRD,protein_coding
PATZ1,protein_coding
TRIOBP,protein_coding
TFIP11,protein_coding
GCAT,protein_coding
CRYBB1,protein_coding
ANKRD54,protein_coding
EIF3L,protein_coding
SNU13,protein_coding
MICALL1,protein_coding
POLR2F,protein_coding
SOX10,protein_coding
CCDC134,protein_coding
DEPDC5,protein_coding
PICK1,protein_coding
TTC28,protein_coding
SLC16A8,protein_coding
CENPM,protein_coding
SEPTIN3,protein_coding
SLC5A4,protein_coding
KDELR3,protein_coding
CYP2D6,protein_coding
DDX17,protein_coding
TCF20,protein_coding
HSCB,protein_coding
CBY1,protein_coding
TOMM22,protein_coding
RSPH14,protein_coding
XBP1,protein_coding
RTCB,protein_coding
JOSD1,protein_coding
FBXO7,protein_coding
GTPBP1,protein_coding
POLDIP3,protein_coding
RAB36,protein_coding
TIMP3,protein_coding
PPP6R2,protein_coding
SBF1,protein_coding
SUN2,protein_coding
CYB5R3,protein_coding
DNAL4,protein_coding
C22orf31,protein_coding
LMF2,protein_coding
RHBDD3,protein_coding
PACSIN2,protein_coding
TTLL1,protein_coding
RASL10A,protein_coding
AP1B1,protein_coding
HMGXB4,protein_coding
TOM1,protein_coding
NEFH,protein_coding
BIK,protein_coding
HMOX1,protein_coding
MCAT,protein_coding
THOC5,protein_coding
MCM5,protein_coding
APOBEC3H,protein_coding
ARSA,protein_coding
TSPO,protein_coding
RASD2,protein_coding
TTLL12,protein_coding
CBX7,protein_coding
PDGFB,protein_coding
CABP7,protein_coding
RPL3,protein_coding
ZMAT5,protein_coding
RBFOX2,protein_coding
SYNGR1,protein_coding
TAB1,protein_coding
ASCC2,protein_coding
MTMR3,protein_coding
MIEF1,protein_coding
APOL4,protein_coding
APOL1,protein_coding
PNPLA3,protein_coding
MYH9,protein_coding
CACNA1I,protein_coding
SAMM50,protein_coding
TXN2,protein_coding
FOXRED2,protein_coding
EIF3D,protein_coding
TNRC6B,protein_coding
IFT27,protein_coding
PVALB,protein_coding
KIAA0930,protein_coding
NCF4,protein_coding
CSF2RB,protein_coding
SLC25A17,protein_coding
UPK3A,protein_coding
FAM118A,protein_coding
KCTD17,protein_coding
ST13,protein_coding
IL2RB,protein_coding
RBX1,protein_coding
EP300,protein_coding
L3MBTL2,protein_coding
CHADL,protein_coding
RANGAP1,protein_coding
ZC3H7B,protein_coding
PHF5A,protein_coding
ACO2,protein_coding
POLR3H,protein_coding
TRMU,protein_coding
PMM1,protein_coding
DESI1,protein_coding
CERK,protein_coding
BRD1,protein_coding
ZBED4,protein_coding
MLC1,protein_coding
HDAC10,protein_coding
KCNK10,protein_coding
ABHD4,protein_coding
KHNYN,protein_coding
FKBP3,protein_coding
SDR39U1,protein_coding
GZMH,protein_coding
GZMB,protein_coding
RBM23,protein_coding
PRMT5,protein_coding
COCH,protein_coding
AP4S1,protein_coding
POLE2,protein_coding
VCPKMT,protein_coding
SOS2,protein_coding
CDKL1,protein_coding
NIN,protein_coding
PYGL,protein_coding
TRIM9,protein_coding
PSMC6,protein_coding
GNPNAT1,protein_coding
DDHD1,protein_coding
CDKN3,protein_coding
CNIH1,protein_coding
CGRRF1,protein_coding
ATP6V1D,protein_coding
PLEK2,protein_coding
PIGH,protein_coding
LRRC74A,protein_coding
PSMA3,protein_coding
VTI1B,protein_coding
TIMM9,protein_coding
GSTZ1,protein_coding
KIAA0586,protein_coding
TMED8,protein_coding
SAMD15,protein_coding
AHSA1,protein_coding
DAAM1,protein_coding
SPTLC2,protein_coding
RIN3,protein_coding
LGMN,protein_coding
ALKBH1,protein_coding
SNW1,protein_coding
CHGA,protein_coding
ITPK1,protein_coding
DHRS7,protein_coding
PPM1A,protein_coding
SIX4,protein_coding
GALNT16,protein_coding
CEP128,protein_coding
ERH,protein_coding
HIF1A,protein_coding
SUSD6,protein_coding
SRSF5,protein_coding
SLC10A1,protein_coding
EIF5,protein_coding
SLC8A3,protein_coding
DICER1,protein_coding
ZFYVE21,protein_coding
MTHFD1,protein_coding
ZC3H14,protein_coding
TELO2,protein_coding
PCNX1,protein_coding
GSKIP,protein_coding
VRK1,protein_coding
PSMC1,protein_coding
PAPLN,protein_coding
RPS6KA5,protein_coding
PPP4R3A,protein_coding
C14orf93,protein_coding
PSMB5,protein_coding
YY1,protein_coding
ACIN1,protein_coding
CCNB1IP1,protein_coding
TRIP11,protein_coding
APEX1,protein_coding
PABPN1,protein_coding
EFS,protein_coding
ARHGAP5,protein_coding
CINP,protein_coding
SRP54,protein_coding
CPNE6,protein_coding
CHD8,protein_coding
PCK2,protein_coding
PRORP,protein_coding
DCAF11,protein_coding
PSMA6,protein_coding
NFKBIA,protein_coding
EMC9,protein_coding
PSME2,protein_coding
BRMS1L,protein_coding
REC8,protein_coding
TM9SF1,protein_coding
SEC23A,protein_coding
GMPR2,protein_coding
PNN,protein_coding
RABGGTA,protein_coding
NFATC4,protein_coding
PLTP,protein_coding
PCIF1,protein_coding
GSS,protein_coding
MMP9,protein_coding
VSX1,protein_coding
TRPC4AP,protein_coding
PYGB,protein_coding
ABHD12,protein_coding
PROCR,protein_coding
GINS1,protein_coding
NINL,protein_coding
CD40,protein_coding
UQCC1,protein_coding
ZMYND8,protein_coding
SGK2,protein_coding
IFT52,protein_coding
MYBL2,protein_coding
NDRG3,protein_coding
SLA2,protein_coding
RAB5IF,protein_coding
NFATC2,protein_coding
RIMS4,protein_coding
PABPC1L,protein_coding
STK4,protein_coding
SALL4,protein_coding
ADNP,protein_coding
PFDN4,protein_coding
DOK5,protein_coding
CSTF1,protein_coding
BMP7,protein_coding
RAE1,protein_coding
TPD52L2,protein_coding
DNAJC5,protein_coding
NELFCD,protein_coding
CTSZ,protein_coding
PRPF6,protein_coding
TUBB1,protein_coding
PRELID3B,protein_coding
HRH3,protein_coding
MTG2,protein_coding
PSMA7,protein_coding
SLCO4A1,protein_coding
MRGBP,protein_coding
TCFL5,protein_coding
DIDO1,protein_coding
GID8,protein_coding
SLC17A9,protein_coding
BIRC7,protein_coding
NKAIN4,protein_coding
ARFGAP1,protein_coding
COL20A1,protein_coding
CHRNA4,protein_coding
EEF1A2,protein_coding
PTK6,protein_coding
GMEB2,protein_coding
C20orf27,protein_coding
SPEF1,protein_coding
CDC25B,protein_coding
ISM1,protein_coding
RNF24,protein_coding
ARFRP1,protein_coding
NDUFAF5,protein_coding
TRIB3,protein_coding
RASSF2,protein_coding
CSNK2A1,protein_coding
SLC52A3,protein_coding
RPS10P5,processed_pseudogene
RSPO4,protein_coding
CDS2,protein_coding
HM13,protein_coding
SNPH,protein_coding
MYLK2,protein_coding
SIRPB1,protein_coding
SEC23B,protein_coding
FERMT1,protein_coding
PDYN,protein_coding
CCM2L,protein_coding
PLCB4,protein_coding
MYL9,protein_coding
HCK,protein_coding
TM9SF4,protein_coding
CRNKL1,protein_coding
POFUT1,protein_coding
SAMHD1,protein_coding
PAK5,protein_coding
KIF3B,protein_coding
MROH8,protein_coding
NOP56,protein_coding
MANBAL,protein_coding
IDH3B,protein_coding
MAPRE1,protein_coding
JAG1,protein_coding
CDK5RAP1,protein_coding
SNTA1,protein_coding
TTI1,protein_coding
E2F1,protein_coding
RPRD1B,protein_coding
PXMP4,protein_coding
CHMP4B,protein_coding
SLC32A1,protein_coding
CST3,protein_coding
ASIP,protein_coding
ACTR5,protein_coding
WFDC2,protein_coding
AHCY,protein_coding
PPP1R16B,protein_coding
FAM83D,protein_coding
DHX35,protein_coding
DNTTIP1,protein_coding
MAP1LC3A,protein_coding
SYNDIG1,protein_coding
PIGU,protein_coding
TNNC2,protein_coding
ACOT8,protein_coding
APMAP,protein_coding
CELF4,protein_coding
ZNF516,protein_coding
CDH20,protein_coding
ADNP2,protein_coding
RBFA,protein_coding
USP14,protein_coding
VAPA,protein_coding
METTL4,protein_coding
LPIN2,protein_coding
SMCHD1,protein_coding
MYOM1,protein_coding
MYL12A,protein_coding
CEP76,protein_coding
ST8SIA5,protein_coding
CEP192,protein_coding
RNMT,protein_coding
SMAD7,protein_coding
LIPG,protein_coding
LAMA1,protein_coding
RNF125,protein_coding
ANKRD12,protein_coding
NOL4,protein_coding
POLI,protein_coding
MIB1,protein_coding
RBBP8,protein_coding
RIOK3,protein_coding
CSTF2,protein_coding
MXRA5,protein_coding
PSMD10,protein_coding
ATG4A,protein_coding
STS,protein_coding
TBL1X,protein_coding
GPR143,protein_coding
PGRMC1,protein_coding
POLA1,protein_coding
MID1,protein_coding
NKAP,protein_coding
RHOXF1,protein_coding
NXT2,protein_coding
ALG13,protein_coding
PRPS2,protein_coding
TLR8,protein_coding
MOSPD1,protein_coding
AMMECR1,protein_coding
CHRDL1,protein_coding
WDR13,protein_coding
SUV39H1,protein_coding
SRPX,protein_coding
GLRA2,protein_coding
XIAP,protein_coding
STAG2,protein_coding
ATP11C,protein_coding
MCF2,protein_coding
ABCD1,protein_coding
CCDC22,protein_coding
SYP,protein_coding
PLP2,protein_coding
PLS3,protein_coding
NAA10,protein_coding
RENBP,protein_coding
ELF4,protein_coding
SMARCA1,protein_coding
MTMR8,protein_coding
ASB9,protein_coding
ZC3H12B,protein_coding
RBBP7,protein_coding
KCND1,protein_coding
SLC25A14,protein_coding
FMR1,protein_coding
PIM2,protein_coding
SCML2,protein_coding
SLC35A2,protein_coding
PQBP1,protein_coding
PCSK1N,protein_coding
EMD,protein_coding
TAZ,protein_coding
PGK1,protein_coding
MAGT1,protein_coding
SMS,protein_coding
PHEX,protein_coding
UBL4A,protein_coding
CD99L2,protein_coding
EEA1,protein_coding
RP2,protein_coding
JADE3,protein_coding
CDK16,protein_coding
USP11,protein_coding
PCYT1B,protein_coding
HTATSF1,protein_coding
TIMP1,protein_coding
KLHL4,protein_coding
GABRE,protein_coding
PCDH11X,protein_coding
FGD1,protein_coding
PIN4,protein_coding
PORCN,protein_coding
MAGED2,protein_coding
RBM3,protein_coding
KLF8,protein_coding
SRPX2,protein_coding
SYTL4,protein_coding
ZDHHC15,protein_coding
CENPI,protein_coding
DRP2,protein_coding
PBDC1,protein_coding
GLA,protein_coding
ARMCX3,protein_coding
BEX4,protein_coding
RUBCNL,protein_coding
NALCN,protein_coding
FGF14,protein_coding
HTR2A,protein_coding
NDFIP2,protein_coding
TNFSF13B,protein_coding
FNDC3A,protein_coding
CDADC1,protein_coding
CAB39L,protein_coding
KLF5,protein_coding
STK24,protein_coding
ACP5,protein_coding
DNAJC3,protein_coding
UGGT2,protein_coding
ARHGEF7,protein_coding
FGF9,protein_coding
SGCG,protein_coding
PARP4,protein_coding
SUPT20H,protein_coding
MRPS31,protein_coding
SLC25A15,protein_coding
KPNA3,protein_coding
FLT1,protein_coding
RGCC,protein_coding
VWA8,protein_coding
DGKH,protein_coding
KATNAL1,protein_coding
INTS6,protein_coding
DHRS12,protein_coding
MEDAG,protein_coding
TSC22D1,protein_coding
CLN5,protein_coding
OLFM4,protein_coding
MSLN,protein_coding
MGRN1,protein_coding
ZNF629,protein_coding
TRADD,protein_coding
HSF4,protein_coding
CORO1A,protein_coding
MAPK3,protein_coding
GDPD3,protein_coding
ELMO3,protein_coding
PHKB,protein_coding
LYRM1,protein_coding
NUTF2,protein_coding
NUP93,protein_coding
CENPT,protein_coding
TSNAXIP1,protein_coding
NFAT5,protein_coding
LONP2,protein_coding
N4BP1,protein_coding
CBLN1,protein_coding
ARL2BP,protein_coding
PLLP,protein_coding
ZNF423,protein_coding
DHODH,protein_coding
CCL17,protein_coding
CTCF,protein_coding
ACD,protein_coding
POLR2C,protein_coding
PARD6A,protein_coding
ZNF821,protein_coding
MMP15,protein_coding
USB1,protein_coding
CYB5B,protein_coding
CCDC113,protein_coding
NME3,protein_coding
NDRG4,protein_coding
PSMD7,protein_coding
SETD6,protein_coding
SLC38A7,protein_coding
VAC14,protein_coding
HAS3,protein_coding
TANGO6,protein_coding
COG4,protein_coding
SMPD3,protein_coding
SLC7A6OS,protein_coding
SLC7A6,protein_coding
PLA2G15,protein_coding
ESRP2,protein_coding
FA2H,protein_coding
WDR59,protein_coding
MON1B,protein_coding
CMC2,protein_coding
AXIN1,protein_coding
HCFC1R1,protein_coding
NPRL3,protein_coding
MLYCD,protein_coding
MPG,protein_coding
NECAB2,protein_coding
HSDL1,protein_coding
TAF1C,protein_coding
NAGPA,protein_coding
WFDC1,protein_coding
SEC14L5,protein_coding
COTL1,protein_coding
USP10,protein_coding
CRISPLD2,protein_coding
TSC2,protein_coding
ZNF500,protein_coding
NME4,protein_coding
ABCC1,protein_coding
NOMO3,protein_coding
LMF1,protein_coding
FOXF1,protein_coding
CIAO3,protein_coding
MTHFSD,protein_coding
CLCN7,protein_coding
HAGHL,protein_coding
ANTKMT,protein_coding
SLC7A5,protein_coding
METRN,protein_coding
FBXO31,protein_coding
STUB1,protein_coding
RHBDL1,protein_coding
NUBP1,protein_coding
UBE2I,protein_coding
MEFV,protein_coding
CRYM,protein_coding
EEF2K,protein_coding
CAPN15,protein_coding
PIEZO1,protein_coding
GSPT1,protein_coding
ZNF174,protein_coding
CLUAP1,protein_coding
UBFD1,protein_coding
EARS2,protein_coding
ELOB,protein_coding
GGA2,protein_coding
CPPED1,protein_coding
USP31,protein_coding
HMOX2,protein_coding
DNAJA3,protein_coding
BFAR,protein_coding
SALL1,protein_coding
TOX3,protein_coding
RBL2,protein_coding
QPRT,protein_coding
XYLT1,protein_coding
PYCARD,protein_coding
RPGRIP1L,protein_coding
MAZ,protein_coding
STX4,protein_coding
CDIPT,protein_coding
BCKDK,protein_coding
KAT8,protein_coding
NOMO1,protein_coding
IL21R,protein_coding
SYT17,protein_coding
CCP110,protein_coding
VPS35L,protein_coding
RNF40,protein_coding
KNOP1,protein_coding
AQP9,protein_coding
AAGAB,protein_coding
IQCH,protein_coding
LACTB,protein_coding
CORO2B,protein_coding
CSK,protein_coding
HERC1,protein_coding
TRIP4,protein_coding
MTFMT,protein_coding
RASL12,protein_coding
AP3B2,protein_coding
ACSBG1,protein_coding
IGDCC4,protein_coding
RAB11A,protein_coding
CTSH,protein_coding
TTC23,protein_coding
CD276,protein_coding
FAH,protein_coding
CEMIP,protein_coding
RPAP1,protein_coding
HOMER2,protein_coding
EHD4,protein_coding
TMEM87A,protein_coding
ZNF106,protein_coding
CEP152,protein_coding
ATP8B4,protein_coding
DTWD1,protein_coding
TGM5,protein_coding
FAM189A1,protein_coding
GABPB1,protein_coding
TJP1,protein_coding
BMF,protein_coding
DMXL2,protein_coding
SCG3,protein_coding
DNAJC17,protein_coding
EIF3J,protein_coding
SPG11,protein_coding
VPS18,protein_coding
OIP5,protein_coding
SLC30A4,protein_coding
BLOC1S6,protein_coding
MYEF2,protein_coding
SGK3,protein_coding
PDGFRL,protein_coding
CSPP1,protein_coding
ZDHHC2,protein_coding
BRF2,protein_coding
TRIM35,protein_coding
ZFAND1,protein_coding
CA2,protein_coding
FZD3,protein_coding
INTS9,protein_coding
RIPK2,protein_coding
EYA1,protein_coding
NBN,protein_coding
CPQ,protein_coding
DECR1,protein_coding
CALB1,protein_coding
BPNT2,protein_coding
SFRP1,protein_coding
LAPTM4B,protein_coding
UBE2W,protein_coding
POP1,protein_coding
NIPAL2,protein_coding
IKBKB,protein_coding
PLAT,protein_coding
JPH1,protein_coding
STK3,protein_coding
GDAP1,protein_coding
RAB2A,protein_coding
EIF3E,protein_coding
EMC2,protein_coding
CCN4,protein_coding
NDRG1,protein_coding
ZC2HC1A,protein_coding
IL7,protein_coding
STMN2,protein_coding
ARMC1,protein_coding
TRPS1,protein_coding
SPAG1,protein_coding
CHRAC1,protein_coding
NCALD,protein_coding
SNX16,protein_coding
UBR5,protein_coding
GSDMD,protein_coding
GFUS,protein_coding
PYCR3,protein_coding
EEF1D,protein_coding
SQLE,protein_coding
SH2D4A,protein_coding
INTS10,protein_coding
ERI1,protein_coding
SLC39A14,protein_coding
MTMR9,protein_coding
LEPROTL1,protein_coding
DCTN6,protein_coding
R3HCC1,protein_coding
GSR,protein_coding
TNFRSF10A,protein_coding
UBXN8,protein_coding
PPP2CB,protein_coding
ERICH1,protein_coding
NEFM,protein_coding
TUSC3,protein_coding
KLHDC4,protein_coding
MCM4,protein_coding
KCTD9,protein_coding
ASAH1,protein_coding
BNIP3L,protein_coding
MAN2B1,protein_coding
KCNN4,protein_coding
NUCB1,protein_coding
DHDH,protein_coding
GYS1,protein_coding
MAP4K1,protein_coding
ECH1,protein_coding
HNRNPL,protein_coding
NFKBIB,protein_coding
LHB,protein_coding
TUBB4A,protein_coding
SARS2,protein_coding
SNRNP70,protein_coding
CLPTM1,protein_coding
RELB,protein_coding
CLASRP,protein_coding
LIN7B,protein_coding
PPP1R37,protein_coding
FCGRT,protein_coding
PIH1D1,protein_coding
CKM,protein_coding
ARHGEF18,protein_coding
PPP1R13L,protein_coding
PEX11G,protein_coding
ERCC2,protein_coding
DOT1L,protein_coding
PLEKHJ1,protein_coding
SLC17A7,protein_coding
CD37,protein_coding
SF3A2,protein_coding
AMH,protein_coding
DKKL1,protein_coding
LYL1,protein_coding
OAZ1,protein_coding
TRMT1,protein_coding
STX10,protein_coding
RETN,protein_coding
DMPK,protein_coding
TBC1D17,protein_coding
IL4I1,protein_coding
TLE6,protein_coding
CCDC130,protein_coding
PTOV1,protein_coding
TLE5,protein_coding
NOVA2,protein_coding
SGTA,protein_coding
LILRB1,protein_coding
MED25,protein_coding
LILRA1,protein_coding
SNAPC2,protein_coding
C19orf53,protein_coding
TIMM44,protein_coding
CCDC61,protein_coding
IL27RA,protein_coding
ASF1B,protein_coding
TNNT1,protein_coding
VRK3,protein_coding
FAM32A,protein_coding
PPP6R1,protein_coding
C19orf44,protein_coding
MED26,protein_coding
OLFM2,protein_coding
RASAL3,protein_coding
AKAP8,protein_coding
EPHX3,protein_coding
ILVBL,protein_coding
ZNF419,protein_coding
SYDE1,protein_coding
AURKC,protein_coding
POP4,protein_coding
CCNE1,protein_coding
URI1,protein_coding
PDCD5,protein_coding
ANKRD27,protein_coding
RPS16,protein_coding
TIMM50,protein_coding
FBL,protein_coding
DYRK1B,protein_coding
CCNP,protein_coding
GPI,protein_coding
AKT2,protein_coding
PLD3,protein_coding
PRX,protein_coding
PIAS4,protein_coding
NUMBL,protein_coding
EBI3,protein_coding
YJU2,protein_coding
SHD,protein_coding
TBCB,protein_coding
FSD1,protein_coding
POLR2I,protein_coding
OVOL3,protein_coding
CLIP3,protein_coding
ZFR2,protein_coding
SLC1A5,protein_coding
PRKD2,protein_coding
APLP1,protein_coding
CACTIN,protein_coding
CCDC9,protein_coding
HNRNPUL1,protein_coding
FZR1,protein_coding
BBC3,protein_coding
TGFB1,protein_coding
DENND3,protein_coding
DMAC2,protein_coding
CEACAM4,protein_coding
PLIN3,protein_coding
MYH14,protein_coding
MRPL4,protein_coding
SIGLEC8,protein_coding
CD79A,protein_coding
RPS19,protein_coding
NOP53,protein_coding
NKG7,protein_coding
ICAM5,protein_coding
ETFB,protein_coding
CD33,protein_coding
BABAM1,protein_coding
TYK2,protein_coding
CDC37,protein_coding
NAPA,protein_coding
RABAC1,protein_coding
ATP1A3,protein_coding
MEIS3,protein_coding
PTPRS,protein_coding
CNFN,protein_coding
MEGF8,protein_coding
KDELR1,protein_coding
CYTH2,protein_coding
GRWD1,protein_coding
GRIN2D,protein_coding
CLEC11A,protein_coding
CARD8,protein_coding
LIG1,protein_coding
ZNF175,protein_coding
PLA2G4C,protein_coding
RAB3D,protein_coding
DBP,protein_coding
TMEM205,protein_coding
CAPS,protein_coding
PLPPR2,protein_coding
RASIP1,protein_coding
BCAT2,protein_coding
MIER2,protein_coding
PLEKHA4,protein_coding
PPP2R1A,protein_coding
TNPO2,protein_coding
CACNG7,protein_coding
GCDH,protein_coding
DNASE2,protein_coding
MAST1,protein_coding
LENG1,protein_coding
PRPF31,protein_coding
TFPT,protein_coding
JAK3,protein_coding
RPL18A,protein_coding
KCNN1,protein_coding
ARRDC2,protein_coding
RAB3A,protein_coding
ISYNA1,protein_coding
ELL,protein_coding
CRTC1,protein_coding
COPE,protein_coding
DDX49,protein_coding
ETV2,protein_coding
ARMC6,protein_coding
TMEM147,protein_coding
ELOCP28,processed_pseudogene
MAG,protein_coding
TMEM59L,protein_coding
HAMP,protein_coding
USF2,protein_coding
LSR,protein_coding
KXD1,protein_coding
FKBP8,protein_coding
SUGP1,protein_coding
HPN,protein_coding
ZNF14,protein_coding
SCN1B,protein_coding
PBX4,protein_coding
ERF,protein_coding
GSK3A,protein_coding
ATP13A1,protein_coding
ZNF574,protein_coding
GRIK5,protein_coding
SIPA1L3,protein_coding
ZNF85,protein_coding
ETHE1,protein_coding
CADM4,protein_coding
SMG9,protein_coding
AVL9,protein_coding
RUNDC3B,protein_coding
CFAP69,protein_coding
GTPBP10,protein_coding
RASA4,protein_coding
CDK6,protein_coding
PMPCB,protein_coding
DNAJC2,protein_coding
TFPI2,protein_coding
BET1,protein_coding
NAMPT,protein_coding
POLR1F,protein_coding
PIK3CG,protein_coding
PON3,protein_coding
PON2,protein_coding
ITGB8,protein_coding
HBP1,protein_coding
DUS4L,protein_coding
SP4,protein_coding
WDR91,protein_coding
DNAH11,protein_coding
CBLL1,protein_coding
DLX5,protein_coding
MTPN,protein_coding
STEAP1B,protein_coding
PTN,protein_coding
MPP6,protein_coding
GSDME,protein_coding
ZC3HAV1,protein_coding
TTC26,protein_coding
OGDH,protein_coding
ADAP1,protein_coding
TFEC,protein_coding
H2AZ2,protein_coding
CAV2,protein_coding
CAV1,protein_coding
MET,protein_coding
RNF32,protein_coding
LMBR1,protein_coding
NHP2P1,processed_pseudogene
HOXA1,protein_coding
DNAJB6,protein_coding
HOXA2,protein_coding
HOXA3,protein_coding
LFNG,protein_coding
HOXA5,protein_coding
HOXA6,protein_coding
BRAT1,protein_coding
IQCE,protein_coding
ANKRD7,protein_coding
VIPR2,protein_coding
TSPAN12,protein_coding
SSBP1,protein_coding
HOXA13,protein_coding
CPED1,protein_coding
HIBADH,protein_coding
TAX1BP1,protein_coding
CPVL,protein_coding
GRB10,protein_coding
ABHD11,protein_coding
COBL,protein_coding
FKBP14,protein_coding
PLEKHA8,protein_coding
STX1A,protein_coding
NOD1,protein_coding
GARS1,protein_coding
EPHB6,protein_coding
GHRHR,protein_coding
NSUN5P2,transcribed_unprocessed_pseudogene
CASP2,protein_coding
CHCHD2,protein_coding
HSPB1,protein_coding
NPTX2,protein_coding
PDAP1,protein_coding
BUD31,protein_coding
PTCD1,protein_coding
CYP3A5,protein_coding
ZKSCAN1,protein_coding
EIF3B,protein_coding
SNX8,protein_coding
NUDT1,protein_coding
PTPRZ1,protein_coding
TAF6,protein_coding
WASL,protein_coding
AIMP2,protein_coding
TFR2,protein_coding
MOSPD3,protein_coding
PCOLCE,protein_coding
PPP1R17,protein_coding
RBM28,protein_coding
USP42,protein_coding
IMPDH1,protein_coding
AGFG2,protein_coding
LSM5,protein_coding
SERPINE1,protein_coding
AP1S1,protein_coding
C1GALT1,protein_coding
PLOD3,protein_coding
RPA3,protein_coding
ZNHIT1,protein_coding
CLDN15,protein_coding
GLCCI1,protein_coding
PHF14,protein_coding
NRF1,protein_coding
TMEM106B,protein_coding
EZH2,protein_coding
CEP41,protein_coding
ZNF862,protein_coding
SFRP4,protein_coding
MEST,protein_coding
MEOX2,protein_coding
ANKMY2,protein_coding
TSPAN13,protein_coding
RARRES2,protein_coding
AHR,protein_coding
CHCHD3,protein_coding
GIMAP2,protein_coding
TMEM176B,protein_coding
GLI3,protein_coding
MRPL32,protein_coding
COA1,protein_coding
BLVRA,protein_coding
URGCP,protein_coding
TMEM248,protein_coding
STAG3L4,transcribed_unprocessed_pseudogene
RHEB,protein_coding
PRKAG2,protein_coding
AEBP1,protein_coding
POLD2,protein_coding
GCK,protein_coding
BCL7B,protein_coding
YKT6,protein_coding
TBL2,protein_coding
CLIP2,protein_coding
EIF4H,protein_coding
LIMK1,protein_coding
SPATA6L,protein_coding
SLC1A1,protein_coding
LHX2,protein_coding
FKTN,protein_coding
FSD1L,protein_coding
CNTNAP3,protein_coding
SPIN1,protein_coding
NMRK1,protein_coding
TMEM245,protein_coding
PRUNE2,protein_coding
MEGF9,protein_coding
TRIM14,protein_coding
CORO2A,protein_coding
TGFBR1,protein_coding
SEC61B,protein_coding
C5,protein_coding
OGN,protein_coding
ASPN,protein_coding
ECM2,protein_coding
TLE4,protein_coding
LHX6,protein_coding
PTGR1,protein_coding
SUSD1,protein_coding
AKNA,protein_coding
TNFSF8,protein_coding
DNM1,protein_coding
ENG,protein_coding
AK1,protein_coding
CDC37L1,protein_coding
PLGRKT,protein_coding
TBC1D13,protein_coding
RIC1,protein_coding
KDM4C,protein_coding
DOCK8,protein_coding
KANK1,protein_coding
ELAVL2,protein_coding
NCS1,protein_coding
TESK1,protein_coding
KCNT1,protein_coding
CA9,protein_coding
FUBP3,protein_coding
CREB3,protein_coding
RGP1,protein_coding
MPDZ,protein_coding
DDX58,protein_coding
EDF1,protein_coding
PIP5K1B,protein_coding
GLIS3,protein_coding
BAG1,protein_coding
RAPGEF1,protein_coding
NPDC1,protein_coding
APBA1,protein_coding
SETX,protein_coding
SH3GL2,protein_coding
PTGDS,protein_coding
ABCA2,protein_coding
SHB,protein_coding
UBE2R2,protein_coding
ABHD17B,protein_coding
EXOSC3,protein_coding
ZFAND5,protein_coding
DVL1,protein_coding
PDLIM1,protein_coding
CCNJ,protein_coding
ATRNL1,protein_coding
HPS1,protein_coding
PHYH,protein_coding
RASSF4,protein_coding
DNMBP,protein_coding
RAB11FIP2,protein_coding
CXCL12,protein_coding
ERLIN1,protein_coding
EIF3A,protein_coding
PKD2L1,protein_coding
CUBN,protein_coding
TRDMT1,protein_coding
DDX50,protein_coding
MAPK8,protein_coding
SEC23IP,protein_coding
ATE1,protein_coding
NSMCE4A,protein_coding
PLEKHA1,protein_coding
PALD1,protein_coding
UNC5B,protein_coding
CDH23,protein_coding
VSIR,protein_coding
SPOCK2,protein_coding
MICU1,protein_coding
PPP3CB,protein_coding
CCSER2,protein_coding
BMPR1A,protein_coding
MINPP1,protein_coding
ACTA2,protein_coding
LIPA,protein_coding
TLX1,protein_coding
TWNK,protein_coding
LZTS2,protein_coding
SFXN3,protein_coding
KAZALD1,protein_coding
FBXW4,protein_coding
NPM3,protein_coding
TNKS2,protein_coding
GBF1,protein_coding
ARHGAP21,protein_coding
CPEB3,protein_coding
FBXL15,protein_coding
CUEDC2,protein_coding
SUFU,protein_coding
ANKRD26,protein_coding
ACBD5,protein_coding
LHPP,protein_coding
LARP4B,protein_coding
GTPBP4,protein_coding
EDRF1,protein_coding
BCCIP,protein_coding
MTPAP,protein_coding
NEURL1,protein_coding
SH3PXD2A,protein_coding
PITRM1,protein_coding
STN1,protein_coding
MAP3K8,protein_coding
DKK1,protein_coding
EBF3,protein_coding
GLRX3,protein_coding
SORCS1,protein_coding
TASOR2,protein_coding
XPNPEP1,protein_coding
SMC3,protein_coding
SHOC2,protein_coding
TFAM,protein_coding
CCDC6,protein_coding
CUL2,protein_coding
CCNY,protein_coding
UBE2S,protein_coding
RPL28,protein_coding
ZMIZ1,protein_coding
DNAJC12,protein_coding
PPIF,protein_coding
PBLD,protein_coding
TSPAN14,protein_coding
LGI1,protein_coding
TBC1D12,protein_coding
CRYBA1,protein_coding
NUFIP2,protein_coding
GIT1,protein_coding
RPL19,protein_coding
FBXL20,protein_coding
RUNDC3A,protein_coding
UBTF,protein_coding
CSF3,protein_coding
PSMD3,protein_coding
CASC3,protein_coding
RAPGEFL1,protein_coding
RGS9,protein_coding
WNT3,protein_coding
ASPA,protein_coding
RAD51C,protein_coding
SEPTIN4,protein_coding
MTMR4,protein_coding
TRIM37,protein_coding
DHX40,protein_coding
TUBD1,protein_coding
KPNB1,protein_coding
GOSR2,protein_coding
PNPO,protein_coding
RPS6KB1,protein_coding
TRIM16L,protein_coding
ZNF29P,unprocessed_pseudogene
CDK5RAP3,protein_coding
CBX1,protein_coding
RECQL5,protein_coding
PIGL,protein_coding
GALK1,protein_coding
INTS2,protein_coding
CAMTA2,protein_coding
MED13,protein_coding
ENO3,protein_coding
PFN1,protein_coding
RNF167,protein_coding
SLC25A11,protein_coding
RASD1,protein_coding
CHRNE,protein_coding
RAI1,protein_coding
NUP88,protein_coding
C1QBP,protein_coding
BLMH,protein_coding
CPD,protein_coding
GOSR1,protein_coding
CCDC47,protein_coding
MED31,protein_coding
DRG2,protein_coding
FTSJ3,protein_coding
AKAP10,protein_coding
ALDH3A1,protein_coding
SMARCD2,protein_coding
ICAM2,protein_coding
SYNGR2,protein_coding
B9D1,protein_coding
UTP6,protein_coding
DDX5,protein_coding
C17orf75,protein_coding
CYTH1,protein_coding
PSMD11,protein_coding
LGALS3BP,protein_coding
CCL7,protein_coding
CCL2,protein_coding
CCL8,protein_coding
PEX12,protein_coding
DHX58,protein_coding
KAT2A,protein_coding
RAB5C,protein_coding
NAGLU,protein_coding
HSD17B1P1,unprocessed_pseudogene
HSD17B1,protein_coding
MLX,protein_coding
CNTNAP1,protein_coding
ABI3,protein_coding
EZH1,protein_coding
PPP1R9B,protein_coding
COL1A1,protein_coding
SGCA,protein_coding
MRPL27,protein_coding
VAT1,protein_coding
LRRC59,protein_coding
RND2,protein_coding
ALOX12,protein_coding
HDAC5,protein_coding
ABCC3,protein_coding
LUC7L3,protein_coding
MPP2,protein_coding
SMURF2,protein_coding
DUSP3,protein_coding
CACNG1,protein_coding
EFTUD2,protein_coding
HLF,protein_coding
SLC16A6,protein_coding
PRKAR1A,protein_coding
EFNB3,protein_coding
FAM20A,protein_coding
YWHAE,protein_coding
AC130689.1,processed_pseudogene
MMD,protein_coding
RANGRF,protein_coding
DPH1,protein_coding
MAP2K6,protein_coding
DHRS7B,protein_coding
WSB1,protein_coding
SLC9A3R1,protein_coding
MYH3,protein_coding
NAT9,protein_coding
TMEM104,protein_coding
VTN,protein_coding
TNFAIP1,protein_coding
IFT20,protein_coding
TMEM97,protein_coding
CDR2L,protein_coding
PMP22,protein_coding
UNC119,protein_coding
ALDOC,protein_coding
SUPT6H,protein_coding
RAB34,protein_coding
PHF12,protein_coding
TMEM33,protein_coding
GABRA4,protein_coding
GNRHR,protein_coding
SLAIN2,protein_coding
OCIAD1,protein_coding
DCUN1D4,protein_coding
USP46,protein_coding
CHIC2,protein_coding
NMU,protein_coding
CRACD,protein_coding
LAMTOR3,protein_coding
NFKB1,protein_coding
AREG,protein_coding
MANBA,protein_coding
UBE2D3,protein_coding
MAPK10,protein_coding
ELF2,protein_coding
NDUFC1,protein_coding
TBC1D9,protein_coding
ZNF330,protein_coding
INPP4B,protein_coding
GAB1,protein_coding
KLHL2,protein_coding
CPE,protein_coding
RPL34,protein_coding
WFS1,protein_coding
GRPEL1,protein_coding
GAR1,protein_coding
FRG1,protein_coding
CLCN3,protein_coding
AADAT,protein_coding
GALNT7,protein_coding
DHX15,protein_coding
SOD3,protein_coding
SEPSECS,protein_coding
TRIM2,protein_coding
SLC2A9,protein_coding
FBXW7,protein_coding
NEIL3,protein_coding
TBC1D19,protein_coding
NSD2,protein_coding
SH3D19,protein_coding
STIM2,protein_coding
NKX3-2,protein_coding
MFSD10,protein_coding
GLRB,protein_coding
BST1,protein_coding
RAPGEF2,protein_coding
HGFAC,protein_coding
SNX25,protein_coding
LRP2BP,protein_coding
UFSP2,protein_coding
KLF3,protein_coding
KLHL5,protein_coding
FAM149A,protein_coding
NCAPG,protein_coding
UGDH,protein_coding
PPARGC1A,protein_coding
DDX25,protein_coding
CRYAB,protein_coding
HTATIP2,protein_coding
CTSC,protein_coding
CCDC34,protein_coding
ZBTB16,protein_coding
ELP4,protein_coding
ZPR1,protein_coding
MTCH2,protein_coding
FNBP4,protein_coding
TECTA,protein_coding
SC5D,protein_coding
JHY,protein_coding
B3GAT1,protein_coding
HSPA8,protein_coding
VWA5A,protein_coding
DNAJC4,protein_coding
SIAE,protein_coding
SNX15,protein_coding
LPXN,protein_coding
DTX4,protein_coding
ATG2A,protein_coding
EHD1,protein_coding
OSBP,protein_coding
UNC93B1,protein_coding
PUS3,protein_coding
DCPS,protein_coding
KMT5B,protein_coding
FOXRED1,protein_coding
PPP6R3,protein_coding
NRXN2,protein_coding
MS4A6A,protein_coding
MS4A4A,protein_coding
ST3GAL4,protein_coding
CPT1A,protein_coding
CCND1,protein_coding
CCDC86,protein_coding
PRPF19,protein_coding
TMEM109,protein_coding
CCKBR,protein_coding
HPX,protein_coding
TRIM3,protein_coding
CHORDC1,protein_coding
FOLR1,protein_coding
ANAPC15,protein_coding
PANX1,protein_coding
ARHGEF17,protein_coding
CEP164,protein_coding
RNF141,protein_coding
CEP126,protein_coding
EIF4G2,protein_coding
IL10RA,protein_coding
GALNT18,protein_coding
BIRC2,protein_coding
UBE4A,protein_coding
DDX6,protein_coding
UPK2,protein_coding
CBL,protein_coding
NECTIN1,protein_coding
HIPK3,protein_coding
KIAA1549L,protein_coding
FBXO3,protein_coding
PDHX,protein_coding
SLC1A2,protein_coding
COMMD9,protein_coding
SLC15A3,protein_coding
CD5,protein_coding
ACCS,protein_coding
MDK,protein_coding
AMBRA1,protein_coding
MADD,protein_coding
PTPMT1,protein_coding
NAA40,protein_coding
CARS1,protein_coding
SLC22A18,protein_coding
CD81,protein_coding
SLC35F2,protein_coding
ELMOD1,protein_coding
SOX6,protein_coding
C11orf58,protein_coding
PITPNM1,protein_coding
RPS13,protein_coding
AIP,protein_coding
NUP98,protein_coding
NDUFS8,protein_coding
TCIRG1,protein_coding
CHKA,protein_coding
EXPH5,protein_coding
HPS5,protein_coding
GTF2H1,protein_coding
PTPN5,protein_coding
VWF,protein_coding
PSMD9,protein_coding
P3H3,protein_coding
PPFIBP1,protein_coding
PRPF40B,protein_coding
CD69,protein_coding
PRDM4,protein_coding
CLEC2B,protein_coding
COQ5,protein_coding
SELPLG,protein_coding
CORO1C,protein_coding
ASIC1,protein_coding
CAPRIN2,protein_coding
TSPAN11,protein_coding
KCTD10,protein_coding
SLC11A2,protein_coding
MLEC,protein_coding
MVK,protein_coding
CSRNP2,protein_coding
CAMKK2,protein_coding
BIN2,protein_coding
IL23A,protein_coding
ATP5F1B,protein_coding
PTGES3,protein_coding
BCL7A,protein_coding
RSRC2,protein_coding
CYP27B1,protein_coding
LIN7A,protein_coding
KRT18,protein_coding
ACSS3,protein_coding
TNS2,protein_coding
GLI1,protein_coding
PPM1H,protein_coding
METAP2,protein_coding
LTA4H,protein_coding
ELK3,protein_coding
SLC6A12,protein_coding
WNT5B,protein_coding
MAGOHB,protein_coding
TRPV4,protein_coding
ITFG2,protein_coding
FOXM1,protein_coding
PRR4,protein_coding
PRMT8,protein_coding
PARP11,protein_coding
ARPC3,protein_coding
GPN3,protein_coding
VPS29,protein_coding
RAD51AP1,protein_coding
CUX2,protein_coding
SH2B3,protein_coding
AKAP3,protein_coding
MANSC1,protein_coding
KCNA1,protein_coding
DUSP16,protein_coding
CREBL2,protein_coding
ACAD10,protein_coding
ALDH2,protein_coding
CDKN1B,protein_coding
NAA25,protein_coding
LTBR,protein_coding
OGFOD2,protein_coding
CDK2AP1,protein_coding
OAS3,protein_coding
OAS2,protein_coding
MGP,protein_coding
RASAL1,protein_coding
ARHGDIB,protein_coding
GTF2H3,protein_coding
EIF2B1,protein_coding
DDX55,protein_coding
SLC38A1,protein_coding
RERGL,protein_coding
ENDOU,protein_coding
SPRING1,protein_coding
VDR,protein_coding
FZD10,protein_coding
RFC5,protein_coding
STX2,protein_coding
ADGRD1,protein_coding
COPZ1,protein_coding
CAND1,protein_coding
RAB5B,protein_coding
MDM1,protein_coding
NUP107,protein_coding
CNOT2,protein_coding
TIMELESS,protein_coding
CPSF6,protein_coding
KRR1,protein_coding
MRPL51,protein_coding
GAPDH,protein_coding
CHD4,protein_coding
ACRBP,protein_coding
UHRF1BP1L,protein_coding
COPS7A,protein_coding
ING4,protein_coding
GNB3,protein_coding
CDCA3,protein_coding
CHPT1,protein_coding
USP5,protein_coding
TPI1,protein_coding
GNPTAB,protein_coding
SPSB2,protein_coding
ENO2,protein_coding
ATN1,protein_coding
C12orf57,protein_coding
PTPN6,protein_coding
LPCAT3,protein_coding
NT5DC3,protein_coding
SUDS3,protein_coding
GOLT1B,protein_coding
LDHB,protein_coding
PRKAB1,protein_coding
CMAS,protein_coding
HCFC2,protein_coding
ST8SIA1,protein_coding
C2CD5,protein_coding
RAB35,protein_coding
PHC1,protein_coding
COX6A1,protein_coding
RFX4,protein_coding
RIC8B,protein_coding
SRSF9,protein_coding
AC009533.1,unprocessed_pseudogene
FGFR1OP2,protein_coding
KLRB1,protein_coding
COL12A1,protein_coding
BTN3A3,protein_coding
TDP2,protein_coding
DSE,protein_coding
RWDD1,protein_coding
RSPH4A,protein_coding
MAK,protein_coding
TMEM14C,protein_coding
PAK1IP1,protein_coding
GCNT2,protein_coding
SMIM8,protein_coding
NEDD9,protein_coding
CEP85L,protein_coding
ASF1A,protein_coding
MCM9,protein_coding
FAM184A,protein_coding
RNGTT,protein_coding
MAN1A1,protein_coding
GABRR2,protein_coding
SERINC1,protein_coding
HDDC2,protein_coding
TPD52L1,protein_coding
HINT3,protein_coding
NCOA7,protein_coding
RIPOR2,protein_coding
SASH1,protein_coding
UST,protein_coding
ULBP1,protein_coding
FBXO5,protein_coding
MTRF1L,protein_coding
PPARD,protein_coding
FANCE,protein_coding
MAPK14,protein_coding
KCTD20,protein_coding
STK38,protein_coding
SRSF3,protein_coding
SOD2,protein_coding
MRPL18,protein_coding
MCM3,protein_coding
RNF8,protein_coding
PHACTR1,protein_coding
MDGA1,protein_coding
CILK1,protein_coding
FBXO9,protein_coding
CD83,protein_coding
MDN1,protein_coding
SAYSD1,protein_coding
BACH2,protein_coding
RBM24,protein_coding
CAP2,protein_coding
ZNF451,protein_coding
BAG2,protein_coding
RAB23,protein_coding
TSPO2,protein_coding
FHL5,protein_coding
GPR63,protein_coding
KHDRBS2,protein_coding
FBXL4,protein_coding
CCNC,protein_coding
E2F3,protein_coding
ASCC3,protein_coding
BVES,protein_coding
COL9A1,protein_coding
MED23,protein_coding
WASF1,protein_coding
GPLD1,protein_coding
ALDH5A1,protein_coding
CRYBG1,protein_coding
VNN1,protein_coding
VNN2,protein_coding
ACOT13,protein_coding
SMAP1,protein_coding
RPS12,protein_coding
C6orf62,protein_coding
B3GAT2,protein_coding
GMNN,protein_coding
EYA4,protein_coding
SOBP,protein_coding
NR2E1,protein_coding
SNX3,protein_coding
HBS1L,protein_coding
TRIM38,protein_coding
PEX7,protein_coding
ZBTB24,protein_coding
FIG4,protein_coding
PERP,protein_coding
ARFGEF3,protein_coding
SLC16A10,protein_coding
HECA,protein_coding
ADGRG6,protein_coding
PHACTR2,protein_coding
EPM2A,protein_coding
SLC39A7,protein_coding
PHF1,protein_coding
CUTA,protein_coding
PACRG,protein_coding
QKI,protein_coding
C6orf118,protein_coding
PDE10A,protein_coding
MDFI,protein_coding
TFEB,protein_coding
SMOC2,protein_coding
CCND3,protein_coding
BYSL,protein_coding
FAM120B,protein_coding
TBP,protein_coding
GUCA1B,protein_coding
PRPH2,protein_coding
BICRAL,protein_coding
PPP2R5D,protein_coding
MRPL2,protein_coding
PTK7,protein_coding
SRF,protein_coding
CUL9,protein_coding
DNPH1,protein_coding
DUSP22,protein_coding
EXOC2,protein_coding
COX7A2,protein_coding
TMEM30A,protein_coding
GMDS,protein_coding
SENP6,protein_coding
VEGFA,protein_coding
PRPF4B,protein_coding
TTK,protein_coding
SLC29A1,protein_coding
BTN2A1,protein_coding
LAMA4,protein_coding
TENT5A,protein_coding
FBRSL1,protein_coding
ENPP5,protein_coding
LY86,protein_coding
TBX18,protein_coding
ERBIN,protein_coding
PCDHB2,protein_coding
HARS2,protein_coding
NUDT12,protein_coding
CEP72,protein_coding
MAN2A1,protein_coding
SEMA5A,protein_coding
C7,protein_coding
TENT4A,protein_coding
GHR,protein_coding
HMGCS1,protein_coding
DAP,protein_coding
NME5,protein_coding
BRD8,protein_coding
KIF20A,protein_coding
NNT,protein_coding
MRPS30,protein_coding
HSPA9,protein_coding
MRPS27,protein_coding
PFDN1,protein_coding
HBEGF,protein_coding
LOX,protein_coding
APBB3,protein_coding
TMCO6,protein_coding
SPARC,protein_coding
IK,protein_coding
HMGCR,protein_coding
CERT1,protein_coding
FAF2,protein_coding
PCDHB3,protein_coding
PCDHB5,protein_coding
PCDHB6,protein_coding
PCDHB7,protein_coding
PDE8B,protein_coding
CLK4,protein_coding
PCDHB15,protein_coding
GRM6,protein_coding
ITK,protein_coding
RNF130,protein_coding
THG1L,protein_coding
ARSB,protein_coding
CLINT1,protein_coding
THBS4,protein_coding
CNOT6,protein_coding
TTC1,protein_coding
MSH3,protein_coding
RASGRF2,protein_coding
GABRG2,protein_coding
CCNG1,protein_coding
POLR3G,protein_coding
DROSHA,protein_coding
CDH6,protein_coding
LMNB1,protein_coding
ARRDC3,protein_coding
GOLPH3,protein_coding
SUB1,protein_coding
NPR3,protein_coding
FAM172A,protein_coding
SLC27A6,protein_coding
TARS1,protein_coding
LNPEP,protein_coding
PDE4D,protein_coding
RAD1,protein_coding
BRIX1,protein_coding
SLC12A7,protein_coding
RAD50,protein_coding
ST8SIA4,protein_coding
GNPDA1,protein_coding
PCDH12,protein_coding
SKP1,protein_coding
NUP155,protein_coding
PPP2CA,protein_coding
FGF1,protein_coding
NR3C1,protein_coding
C5orf15,protein_coding
PPWD1,protein_coding
LIFR,protein_coding
TRIM23,protein_coding
TRAPPC13,protein_coding
SEC24A,protein_coding
TXNDC15,protein_coding
TTC33,protein_coding
RARS1,protein_coding
WWC1,protein_coding
MACROH2A1,protein_coding
TCERG1,protein_coding
DPYSL3,protein_coding
SMAD5,protein_coding
CSNK1A1,protein_coding
HMGXB3,protein_coding
ERGIC1,protein_coding
PDGFRB,protein_coding
ATP6V0E1,protein_coding
BNIP1,protein_coding
STC2,protein_coding
CPEB4,protein_coding
HRH2,protein_coding
DBN1,protein_coding
ZNF346,protein_coding
UNC5A,protein_coding
EHHADH,protein_coding
CNTN3,protein_coding
SMC4,protein_coding
SELENOK,protein_coding
ACTR8,protein_coding
TBCCD1,protein_coding
TIMMDC1,protein_coding
CRBN,protein_coding
BCL6,protein_coding
HGD,protein_coding
ARL6,protein_coding
NPHP3,protein_coding
CD86,protein_coding
AMOTL2,protein_coding
NIT2,protein_coding
FAM162A,protein_coding
OGG1,protein_coding
KPNA1,protein_coding
PCCB,protein_coding
UBE3A,protein_coding
ARMC8,protein_coding
CEP70,protein_coding
RBP2,protein_coding
RBP1,protein_coding
SLC25A36,protein_coding
RNF7,protein_coding
TFDP2,protein_coding
XRN1,protein_coding
KAT2B,protein_coding
BCHE,protein_coding
SERPINI2,protein_coding
PDCD10,protein_coding
WNT5A,protein_coding
PFKFB4,protein_coding
COL7A1,protein_coding
FGF12,protein_coding
PRKAR2A,protein_coding
HES1,protein_coding
USP4,protein_coding
ACAP2,protein_coding
ECT2,protein_coding
GNAI2,protein_coding
TFG,protein_coding
USP9Y,protein_coding
HYAL1,protein_coding
TUSC2,protein_coding
NPRL2,protein_coding
RPL24,protein_coding
CYB561D2,protein_coding
C3orf14,protein_coding
FXR1,protein_coding
CBLB,protein_coding
BBX,protein_coding
IFT57,protein_coding
GNB4,protein_coding
IQCG,protein_coding
GBE1,protein_coding
UMPS,protein_coding
NCBP2,protein_coding
SNX4,protein_coding
FRMD4B,protein_coding
SLC41A3,protein_coding
ROPN1B,protein_coding
PLXNA1,protein_coding
ATP6V1A,protein_coding
ABTB1,protein_coding
PODXL2,protein_coding
CSPG5,protein_coding
KLHL18,protein_coding
SCAP,protein_coding
EFCC1,protein_coding
CFAP92,protein_coding
NEK11,protein_coding
MRPL3,protein_coding
PLSCR4,protein_coding
HEMK1,protein_coding
CISH,protein_coding
MAPKAPK3,protein_coding
ACVR2B,protein_coding
WDR48,protein_coding
COMMD2,protein_coding
GORASP1,protein_coding
PEX5L,protein_coding
RRP9,protein_coding
ABCC5,protein_coding
ABHD14B,protein_coding
EIF1B,protein_coding
ARHGEF26,protein_coding
KLHL24,protein_coding
PLCH1,protein_coding
VIPR1,protein_coding
DNAH1,protein_coding
SSR3,protein_coding
ZBTB47,protein_coding
NKTR,protein_coding
CLCN2,protein_coding
FOXP1,protein_coding
EIF4G1,protein_coding
SPCS1,protein_coding
NEK4,protein_coding
SLC4A3,protein_coding
INO80D,protein_coding
EEF1B2,protein_coding
ADAM23,protein_coding
DGUOK,protein_coding
MOB1A,protein_coding
KANSL3,protein_coding
LMAN2L,protein_coding
RTKN,protein_coding
TTL,protein_coding
IL1A,protein_coding
CCL20,protein_coding
PIKFYVE,protein_coding
KCNIP3,protein_coding
FAHD2A,protein_coding
NCL,protein_coding
ACTR1B,protein_coding
SLC35F5,protein_coding
ZAP70,protein_coding
ACTR3,protein_coding
STEAP3,protein_coding
EPB41L5,protein_coding
TFCP2L1,protein_coding
SF3B6,protein_coding
TP53I3,protein_coding
DNAJC27,protein_coding
POMC,protein_coding
STAM2,protein_coding
GPD2,protein_coding
CENPA,protein_coding
CYTIP,protein_coding
ACVR1,protein_coding
TANC1,protein_coding
SLC30A3,protein_coding
MPV17,protein_coding
GTF3C2,protein_coding
EIF2B4,protein_coding
NRBP1,protein_coding
FNDC4,protein_coding
ITGA4,protein_coding
PSMD14,protein_coding
SNX17,protein_coding
ASB3,protein_coding
PPM1G,protein_coding
PDE1A,protein_coding
REEP6,protein_coding
PCSK4,protein_coding
APC2,protein_coding
IFIH1,protein_coding
RPS15,protein_coding
GCA,protein_coding
INO80B,protein_coding
MOGS,protein_coding
TTC31,protein_coding
NDUFS7,protein_coding
PCGF1,protein_coding
GRB14,protein_coding
CLIP4,protein_coding
SPTBN1,protein_coding
AUP1,protein_coding
RTN4,protein_coding
HTRA2,protein_coding
LOXL3,protein_coding
DOK1,protein_coding
GALNT3,protein_coding
POLE4,protein_coding
TACR1,protein_coding
CCDC88A,protein_coding
ACADL,protein_coding
EVA1A,protein_coding
MRPL19,protein_coding
LANCL1,protein_coding
WDR75,protein_coding
EFEMP1,protein_coding
FANCL,protein_coding
FN1,protein_coding
STAT1,protein_coding
GLS,protein_coding
PAPOLG,protein_coding
DNAH6,protein_coding
PECR,protein_coding
UNC50,protein_coding
IGFBP2,protein_coding
ELMOD3,protein_coding
IGFBP5,protein_coding
USP34,protein_coding
EFHD1,protein_coding
KCNJ13,protein_coding
CCT4,protein_coding
GGCX,protein_coding
EHBP1,protein_coding
OTX1,protein_coding
TXNDC9,protein_coding
COQ10B,protein_coding
GNLY,protein_coding
SF3B1,protein_coding
ST3GAL5,protein_coding
CHST10,protein_coding
PDCL3,protein_coding
MOB4,protein_coding
HSPE1,protein_coding
KDM3A,protein_coding
PLCD4,protein_coding
CHMP3,protein_coding
ZNF142,protein_coding
IL1R2,protein_coding
IL1R1,protein_coding
WNT6,protein_coding
IL1RL1,protein_coding
IL18R1,protein_coding
FHL2,protein_coding
CNPPD1,protein_coding
UXS1,protein_coding
ABCB6,protein_coding
STK16,protein_coding
HDLBP,protein_coding
PPP1R7,protein_coding
PASK,protein_coding
STK25,protein_coding
PROC,protein_coding
ID2,protein_coding
TAF1B,protein_coding
HPCAL1,protein_coding
ODC1,protein_coding
BIRC6,protein_coding
NOL10,protein_coding
PLEKHB2,protein_coding
GORASP2,protein_coding
STRN,protein_coding
CEBPZ,protein_coding
PRKD3,protein_coding
DCAF17,protein_coding
QPCT,protein_coding
RAB3GAP1,protein_coding
SLC25A12,protein_coding
RMDN2,protein_coding
DLX2,protein_coding
DARS1,protein_coding
SRSF7,protein_coding
SDC1,protein_coding
PLCL1,protein_coding
SLC1A4,protein_coding
SOS1,protein_coding
KYNU,protein_coding
WIPF1,protein_coding
ORC2,protein_coding
COX7A2L,protein_coding
PNO1,protein_coding
ORC4,protein_coding
PLEK,protein_coding
RND3,protein_coding
ATF2,protein_coding
THADA,protein_coding
AAK1,protein_coding
TRAK2,protein_coding
C2orf42,protein_coding
TIA1,protein_coding
PCYOX1,protein_coding
KISS1R,protein_coding
EPAS1,protein_coding
ARID3A,protein_coding
SUMO1,protein_coding
CD207,protein_coding
VAX2,protein_coding
NFE2L2,protein_coding
MSH6,protein_coding
PLEKHA3,protein_coding
SPR,protein_coding
EPHA4,protein_coding
PARD3B,protein_coding
FARSB,protein_coding
ALMS1,protein_coding
BCL9,protein_coding
PRRX1,protein_coding
DHCR24,protein_coding
DNAJC16,protein_coding
MARK1,protein_coding
TNR,protein_coding
MORN1,protein_coding
GPX7,protein_coding
CACYBP,protein_coding
SCP2,protein_coding
PAPPA2,protein_coding
RALGPS2,protein_coding
ANGPTL1,protein_coding
CEP104,protein_coding
FAM20B,protein_coding
TCEANC2,protein_coding
TMEM59,protein_coding
LRRC42,protein_coding
WRAP73,protein_coding
MRPL37,protein_coding
ICMT,protein_coding
RPL22,protein_coding
CHD5,protein_coding
QSOX1,protein_coding
STXBP3,protein_coding
PHF13,protein_coding
ERRFI1,protein_coding
PARK7,protein_coding
ELAPOR1,protein_coding
OPRD1,protein_coding
AMPD2,protein_coding
SRSF4,protein_coding
MECR,protein_coding
KCNC4,protein_coding
EDEM3,protein_coding
WDR77,protein_coding
ATP5PB,protein_coding
RAP1A,protein_coding
HDAC1,protein_coding
CAPZA1,protein_coding
S100PBP,protein_coding
RNF19B,protein_coding
SCAMP3,protein_coding
TRIM62,protein_coding
ASH1L,protein_coding
DLGAP3,protein_coding
SFPQ,protein_coding
RHOU,protein_coding
GON4L,protein_coding
ARHGEF2,protein_coding
LAMTOR2,protein_coding
MEF2D,protein_coding
DOCK7,protein_coding
SRM,protein_coding
DLEU2L,lncRNA
FBXO2,protein_coding
FBXO6,protein_coding
C1orf21,protein_coding
SWT1,protein_coding
MAD2L2,protein_coding
DNAJC6,protein_coding
LEPR,protein_coding
IVNS1ABP,protein_coding
KIAA2013,protein_coding
MFN2,protein_coding
MIIP,protein_coding
SMG7,protein_coding
NCF2,protein_coding
PDC,protein_coding
SLC35D1,protein_coding
PLA2G4A,protein_coding
GADD45A,protein_coding
WLS,protein_coding
PRDM2,protein_coding
RGS2,protein_coding
RPE65,protein_coding
RO60,protein_coding
UCHL5,protein_coding
BCAS2,protein_coding
SRSF11,protein_coding
CTH,protein_coding
AGMAT,protein_coding
OLFML3,protein_coding
PLEKHM2,protein_coding
CRYZ,protein_coding
PHTF1,protein_coding
ZBTB17,protein_coding
CD58,protein_coding
TFAP2E,protein_coding
CD2,protein_coding
TTF2,protein_coding
NR5A2,protein_coding
KIF21B,protein_coding
TMEM9,protein_coding
ADPRS,protein_coding
MAP7D1,protein_coding
WARS2,protein_coding
OSCP1,protein_coding
MRPS15,protein_coding
EXOC8,protein_coding
GNPAT,protein_coding
TSNAX,protein_coding
C1orf109,protein_coding
RRAGC,protein_coding
NID1,protein_coding
LGALS8,protein_coding
NT5C1A,protein_coding
HPCAL4,protein_coding
MTR,protein_coding
BMP8B,protein_coding
MYCL,protein_coding
SIPA1L2,protein_coding
RLF,protein_coding
KMO,protein_coding
ZNF684,protein_coding
KCNQ4,protein_coding
RIMS3,protein_coding
AKT3,protein_coding
ETV3,protein_coding
ACADM,protein_coding
ST6GALNAC5,protein_coding
CD48,protein_coding
ADGRL2,protein_coding
PADI2,protein_coding
SDHB,protein_coding
MFAP2,protein_coding
RPF1,protein_coding
KDM5B,protein_coding
UAP1,protein_coding
CTBS,protein_coding
RGS4,protein_coding
KLHL12,protein_coding
IGSF21,protein_coding
SSX2IP,protein_coding
ZNHIT6,protein_coding
RBBP5,protein_coding
GBP3,protein_coding
GBP1,protein_coding
PINK1-AS,lncRNA
KIF17,protein_coding
GPR89A,protein_coding
CDK18,protein_coding
RAB29,protein_coding
CD160,protein_coding
ECE1,protein_coding
HMGCL,protein_coding
GALE,protein_coding
ID3,protein_coding
CD46,protein_coding
PRPF3,protein_coding
APH1A,protein_coding
P3H1,protein_coding
SLC2A1,protein_coding
EBNA1BP2,protein_coding
CDC20,protein_coding
ARTN,protein_coding
IPO13,protein_coding
ATP6V0B,protein_coding
B4GALT2,protein_coding
ERI3,protein_coding
PTCH2,protein_coding
AKR1A1,protein_coding
PRDX1,protein_coding
PIK3R3,protein_coding
TSPAN1,protein_coding
BLZF1,protein_coding
CCDC181,protein_coding
SLC19A2,protein_coding
FAAH,protein_coding
NSUN4,protein_coding
TMED5,protein_coding
DR1,protein_coding
CNN3,protein_coding
PRRC2C,protein_coding
F3,protein_coding
ABCD3,protein_coding
VAMP4,protein_coding
DPH5,protein_coding
PTBP2,protein_coding
TNFSF4,protein_coding
PRDX6,protein_coding
DARS2,protein_coding
HSD11B1,protein_coding
IRF6,protein_coding
UTP25,protein_coding
PLPPR5,protein_coding
PLPPR4,protein_coding
RCAN3,protein_coding
SYF2,protein_coding
RSRP1,protein_coding
SLC35A3,protein_coding
RCOR3,protein_coding
STMN1,protein_coding
MTFR1L,protein_coding
MAN1C1,protein_coding
NEK2,protein_coding
RPS6KA1,protein_coding
DHDDS,protein_coding
NENF,protein_coding
NSL1,protein_coding
PROX1,protein_coding
ARID1A,protein_coding
CENPF,protein_coding
RPA2,protein_coding
PPP1R8,protein_coding
STX12,protein_coding
MTARC2,protein_coding
SLC5A9,protein_coding
OSBPL9,protein_coding
TXNDC12,protein_coding
ESYT2,protein_coding
POLR1G,protein_coding
MESD,protein_coding
RCN2,protein_coding
CTSD,protein_coding
COLEC11,protein_coding
STAG1,protein_coding
STK11,protein_coding
KMT2A,protein_coding
TREH,protein_coding
IFT46,protein_coding
SLC8A2,protein_coding
KPTN,protein_coding
RPS25,protein_coding
KIF14,protein_coding
DDX59,protein_coding
CAMSAP2,protein_coding
ATF6,protein_coding
CRYGD,protein_coding
MREG,protein_coding
FASTKD2,protein_coding
NRP2,protein_coding
CREB1,protein_coding
KLF7,protein_coding
B4GALT6,protein_coding
C1orf54,protein_coding
CA14,protein_coding
CFAP94,protein_coding
IRAG2,protein_coding
ATP10B,protein_coding
SPCS2,protein_coding
USP35,protein_coding
ELOVL4,protein_coding
FILIP1,protein_coding
CASP8AP2,protein_coding
HMGN3,protein_coding
UBE3D,protein_coding
CNR1,protein_coding
ANKRD13C,protein_coding
SGIP1,protein_coding
PHF3,protein_coding
PLAGL1,protein_coding
FBXO30,protein_coding
TNFAIP3,protein_coding
AKAP7,protein_coding
RAB32,protein_coding
MYB,protein_coding
ALDH8A1,protein_coding
SGK1,protein_coding
RNF146,protein_coding
ARG1,protein_coding
CCN2,protein_coding
PMFBP1,protein_coding
FBXL5,protein_coding
MED28,protein_coding
SLC16A7,protein_coding
RXYLT1,protein_coding
ZNF430,protein_coding
VAMP8,protein_coding
DCLRE1B,protein_coding
MYL12B,protein_coding
FOXO3,protein_coding
ARMC2,protein_coding
RPN2,protein_coding
TGIF2,protein_coding
CASQ2,protein_coding
OLFM3,protein_coding
PKD2,protein_coding
ABCG2,protein_coding
SPP1,protein_coding
STBD1,protein_coding
CCNI,protein_coding
RARRES1,protein_coding
MFSD1,protein_coding
RAB3GAP2,protein_coding
EEF2KMT,protein_coding
PPL,protein_coding
UBN1,protein_coding
KLF12,protein_coding
UCHL3,protein_coding
PCDH17,protein_coding
HS1BP3,protein_coding
LDAH,protein_coding
WDR35,protein_coding
CCND2,protein_coding
OTUD4P1,processed_pseudogene
ELL2,protein_coding
DNAH7,protein_coding
CYP20A1,protein_coding
NDUFB3,protein_coding
GTF3C3,protein_coding
SATB2,protein_coding
UBE2B,protein_coding
GDA,protein_coding
KLF9,protein_coding
ECRG4,protein_coding
ITGB1BP1,protein_coding
CPSF3,protein_coding
PIGZ,protein_coding
SENP5,protein_coding
CCDC92,protein_coding
C1orf198,protein_coding
TRIM67,protein_coding
HEATR1,protein_coding
PTBP3,protein_coding
RAD23B,protein_coding
FKBP15,protein_coding
CTNNAL1,protein_coding
ABITRAM,protein_coding
DYNC2I2,protein_coding
SET,protein_coding
PTPA,protein_coding
GLE1,protein_coding
RAB14,protein_coding
CNTRL,protein_coding
TRIM32,protein_coding
FBXW2,protein_coding
PHF19,protein_coding
NEK6,protein_coding
BSPRY,protein_coding
PPP6C,protein_coding
NDUFA8,protein_coding
HDHD3,protein_coding
RBM18,protein_coding
HSDL2,protein_coding
MAPKAP1,protein_coding
NR4A3,protein_coding
INVS,protein_coding
GALNT12,protein_coding
DENND1A,protein_coding
ALG2,protein_coding
CSF3R,protein_coding
KDSR,protein_coding
VPS4B,protein_coding
ONECUT2,protein_coding
C19orf25,protein_coding
ZBTB45,protein_coding
YLPM1,protein_coding
DCAF4,protein_coding
PROX2,protein_coding
FCF1,protein_coding
PGF,protein_coding
IFI27L2,protein_coding
BBOF1,protein_coding
NEK9,protein_coding
ACYP1,protein_coding
IFT43,protein_coding
NPC2,protein_coding
DNAL1,protein_coding
IRF2BPL,protein_coding
ACOT2,protein_coding
LTBP2,protein_coding
AREL1,protein_coding
MLH3,protein_coding
TTLL5,protein_coding
FLVCR2,protein_coding
ABCD4,protein_coding
DLST,protein_coding
PPP4R4,protein_coding
TGFB3,protein_coding
ZC2HC1C,protein_coding
SLIRP,protein_coding
RBM25,protein_coding
ALDH6A1,protein_coding
GPR68,protein_coding
EIF2B2,protein_coding
NRDE2,protein_coding
COQ6,protein_coding
ZNF410,protein_coding
RHOQ,protein_coding
GPR75,protein_coding
SUPT7L,protein_coding
KLHL29,protein_coding
DNMT3A,protein_coding
TMEM214,protein_coding
ATAD2B,protein_coding
FKBP1B,protein_coding
ATL2,protein_coding
YPEL5,protein_coding
FAM98A,protein_coding
YIPF4,protein_coding
AFTPH,protein_coding
LGALSL,protein_coding
CNRIP1,protein_coding
BCL11A,protein_coding
CRIPT,protein_coding
SLC17A5,protein_coding
OGFRL1,protein_coding
SLF2,protein_coding
IDE,protein_coding
IFIT3,protein_coding
IFIT2,protein_coding
GPAM,protein_coding
CUTC,protein_coding
PPP1R3C,protein_coding
PYROXD2,protein_coding
CNNM1,protein_coding
MXI1,protein_coding
SMNDC1,protein_coding
C10orf88,protein_coding
HELLS,protein_coding
TCTN3,protein_coding
DENND10,protein_coding
AVPI1,protein_coding
WDR11,protein_coding
ARMH3,protein_coding
KCNIP2,protein_coding
GOT1,protein_coding
SFRP5,protein_coding
GNA13,protein_coding
KANSL1,protein_coding
HOXB3,protein_coding
DUSP1,protein_coding
PANK3,protein_coding
MSX2,protein_coding
TEK,protein_coding
RCL1,protein_coding
CAAP1,protein_coding
MOB3B,protein_coding
MLANA,protein_coding
CD274,protein_coding
GRIA2,protein_coding
NUP43,protein_coding
MTHFD1L,protein_coding
CCDC170,protein_coding
PCMT1,protein_coding
PLEKHG1,protein_coding
MYCT1,protein_coding
CXorf21,protein_coding
CYSTM1,protein_coding
WDR55,protein_coding
ARAP3,protein_coding
PCDHB8,protein_coding
PCDHB10,protein_coding
PCDHB14,protein_coding
PCDHB12,protein_coding
SLC25A2,protein_coding
TNN,protein_coding
MRPS14,protein_coding
CENPL,protein_coding
TNFSF18,protein_coding
GORAB,protein_coding
ACAT2,protein_coding
TCP1,protein_coding
SNX19,protein_coding
KCNJ5,protein_coding
MSANTD2,protein_coding
TP53AIP1,protein_coding
ARR3,protein_coding
PDZD11,protein_coding
SLC10A7,protein_coding
NUDCD1,protein_coding
ENY2,protein_coding
MASTL,protein_coding
KIAA1217,protein_coding
SEPTIN7P9,transcribed_unprocessed_pseudogene
PLXDC2,protein_coding
EPC1,protein_coding
IQSEC3,protein_coding
CCDC77,protein_coding
TAF12,protein_coding
ENOX1,protein_coding
MTRF1,protein_coding
SOHLH2,protein_coding
DNAJC15,protein_coding
PROSER1,protein_coding
UFM1,protein_coding
WBP4,protein_coding
ELF1,protein_coding
SMAD9,protein_coding
HSPH1,protein_coding
KBTBD7,protein_coding
ALG5,protein_coding
EXOSC8,protein_coding
ETF1,protein_coding
TGFBI,protein_coding
FAM53C,protein_coding
SIL1,protein_coding
PAIP2,protein_coding
KDM3B,protein_coding
EGR1,protein_coding
SERP1,protein_coding
PLS1,protein_coding
ZFP30,protein_coding
NR2C1,protein_coding
UTP20,protein_coding
TMPO,protein_coding
ARL1,protein_coding
GLT8D2,protein_coding
MTERF2,protein_coding
SOCS2,protein_coding
NFYB,protein_coding
WASHC3,protein_coding
APAF1,protein_coding
DUSP4,protein_coding
CLU,protein_coding
TNFRSF10B,protein_coding
SORBS3,protein_coding
PTK2B,protein_coding
ADRA1A,protein_coding
PPP3CC,protein_coding
PDLIM2,protein_coding
EPHX2,protein_coding
RNF170,protein_coding
NPPB,protein_coding
UBIAD1,protein_coding
TARDBP,protein_coding
TNFRSF8,protein_coding
ZNF706,protein_coding
LYPLA1,protein_coding
CRISPLD1,protein_coding
COPS5,protein_coding
RDH10,protein_coding
EPX,protein_coding
AKAP1,protein_coding
COIL,protein_coding
TRIM25,protein_coding
SCPEP1,protein_coding
SPOP,protein_coding
TBX2,protein_coding
SLC35B1,protein_coding
NACA3P,processed_pseudogene
FAM117A,protein_coding
NCAPH,protein_coding
LRAT,protein_coding
TMEM131L,protein_coding
TRIM6,protein_coding
TENT4B,protein_coding
ADCY7,protein_coding
CEP89,protein_coding
TSHZ3,protein_coding
ECHDC2,protein_coding
PLBD1,protein_coding
TAS2R10,protein_coding
PYROXD1,protein_coding
KCNJ8,protein_coding
BCL2L14,protein_coding
PSPC1,protein_coding
ZNF549,protein_coding
ZSCAN18,protein_coding
ZNF211,protein_coding
PDZRN3,protein_coding
LHX4,protein_coding
RNF2,protein_coding
TRMT1L,protein_coding
SEC22A,protein_coding
CSTA,protein_coding
POPDC2,protein_coding
B4GALT4,protein_coding
NAA50,protein_coding
CD80,protein_coding
KIF18A,protein_coding
DESI2,protein_coding
MAPK8IP1,protein_coding
CRY2,protein_coding
PEX16,protein_coding
DEPDC7,protein_coding
CAT,protein_coding
PILRB,protein_coding
ZMYM2,protein_coding
GJB6,protein_coding
GJA3,protein_coding
TBC1D15,protein_coding
ADGRB2,protein_coding
ZCCHC17,protein_coding
FABP3,protein_coding
KHDRBS1,protein_coding
TMEM39B,protein_coding
CCRL2,protein_coding
CCR2,protein_coding
POLR3GL,protein_coding
TNFSF10,protein_coding
ZNF639,protein_coding
SLITRK3,protein_coding
PIK3CA,protein_coding
PDS5A,protein_coding
TMEM156,protein_coding
LIAS,protein_coding
CPXM2,protein_coding
TMEM54,protein_coding
ZSCAN20,protein_coding
CSMD2,protein_coding
HPCA,protein_coding
LRIF1,protein_coding
TMIGD3,protein_coding
CLCC1,protein_coding
GPSM2,protein_coding
GTDC1,protein_coding
CXCR4,protein_coding
ZRANB3,protein_coding
ACVR2A,protein_coding
POLK,protein_coding
RPL21,protein_coding
MTIF3,protein_coding
GTF3A,protein_coding
RASL11A,protein_coding
UBL3,protein_coding
FYTTD1,protein_coding
MTERF4,protein_coding
XPNPEP2,protein_coding
SASH3,protein_coding
OCRL,protein_coding
MRPS2,protein_coding
FMOD,protein_coding
KIAA1191,protein_coding
COPA,protein_coding
CD244,protein_coding
HS3ST2,protein_coding
RBBP6,protein_coding
ZC3H7A,protein_coding
SERAC1,protein_coding
ANXA11,protein_coding
LDB3,protein_coding
SHLD2,protein_coding
PRXL2A,protein_coding
ZNF205,protein_coding
NAA60,protein_coding
RPL5,protein_coding
ODF2L,protein_coding
SPATA1,protein_coding
TRMT13,protein_coding
LRRC39,protein_coding
RWDD3,protein_coding
ZNF644,protein_coding
CCDC18,protein_coding
RPAP2,protein_coding
SLC66A2,protein_coding
BBS9,protein_coding
PMS2,protein_coding
ZMIZ2,protein_coding
OCM,protein_coding
SEPTIN7,protein_coding
EEPD1,protein_coding
KLHL7,protein_coding
HERPUD2,protein_coding
CBX3,protein_coding
HNRNPA2B1,protein_coding
WIPF3,protein_coding
NXPH1,protein_coding
NPY,protein_coding
FAM126A,protein_coding
HOXA7,protein_coding
INHBA,protein_coding
FKBP9,protein_coding
NT5C3A,protein_coding
ARL4A,protein_coding
CCZ1,protein_coding
POLM,protein_coding
RAMP3,protein_coding
TWIST1,protein_coding
SMU1,protein_coding
GLIPR2,protein_coding
SLC25A51,protein_coding
CLTA,protein_coding
RECK,protein_coding
ACO1,protein_coding
PHF24,protein_coding
DNAI1,protein_coding
DCAF10,protein_coding
CNTFR,protein_coding
KIAA1549,protein_coding
TRIM24,protein_coding
CYREN,protein_coding
CALD1,protein_coding
NUDT10,protein_coding
PLAU,protein_coding
SRGN,protein_coding
CHST3,protein_coding
BICC1,protein_coding
CISD1,protein_coding
EGR2,protein_coding
ECD,protein_coding
P4HA1,protein_coding
SLC25A16,protein_coding
ZWINT,protein_coding
VPS26A,protein_coding
RBM19,protein_coding
CIT,protein_coding
IFT81,protein_coding
ACADS,protein_coding
HVCN1,protein_coding
NME2P1,processed_pseudogene
DDX54,protein_coding
MED13L,protein_coding
CDKN2C,protein_coding
RNF11,protein_coding
RASSF8,protein_coding
BHLHE41,protein_coding
SSPN,protein_coding
ITPR2,protein_coding
CCDC91,protein_coding
NECAB1,protein_coding
WWP1,protein_coding
ACOT9,protein_coding
PRDX4,protein_coding
DDX39A,protein_coding
PKN1,protein_coding
TRIR,protein_coding
ADGRE5,protein_coding
WDR83,protein_coding
GIPC1,protein_coding
SPRYD7,protein_coding
EBPL,protein_coding
ATP7B,protein_coding
ZC3H13,protein_coding
NLN,protein_coding
CENPK,protein_coding
OPTN,protein_coding
ITIH5,protein_coding
ATF1,protein_coding
TSFM,protein_coding
ARHGAP9,protein_coding
NCKAP1L,protein_coding
MMP19,protein_coding
PFDN5,protein_coding
SPATS2,protein_coding
ORMDL2,protein_coding
NR4A1,protein_coding
PDE1B,protein_coding
HOXC13,protein_coding
CDK2,protein_coding
LRP1,protein_coding
HOXC11,protein_coding
ATG101,protein_coding
NFE2,protein_coding
IKZF4,protein_coding
SMUG1,protein_coding
TUBA1B,protein_coding
EEF1AKMT3,protein_coding
KBTBD4,protein_coding
SARDH,protein_coding
ATPAF1,protein_coding
STIL,protein_coding
HJURP,protein_coding
IL13RA2,protein_coding
COL10A1,protein_coding
AMD1,protein_coding
NDUFAF4,protein_coding
USP45,protein_coding
PLP1,protein_coding
MORF4L2,protein_coding
RAB9B,protein_coding
FAM199X,protein_coding
RAB9A,protein_coding
METTL8,protein_coding
TTC21B,protein_coding
NMI,protein_coding
TNFAIP6,protein_coding
BAZ2B,protein_coding
SLC36A1,protein_coding
LPGAT1,protein_coding
BATF3,protein_coding
G0S2,protein_coding
KCNJ2,protein_coding
RAP2C,protein_coding
EXOSC9,protein_coding
PLA2G12A,protein_coding
B9D2,protein_coding
COQ8B,protein_coding
PFKFB2,protein_coding
ZNF137P,transcribed_unprocessed_pseudogene
RAB38,protein_coding
AGO2,protein_coding
MXD4,protein_coding
PMS2P5,unprocessed_pseudogene
CKS2,protein_coding
ACSL3,protein_coding
CHPF,protein_coding
DNPEP,protein_coding
INHA,protein_coding
OBSL1,protein_coding
FAM124B,protein_coding
SLC12A4,protein_coding
ENKD1,protein_coding
GCNT7,protein_coding
HMGB1P1,processed_pseudogene
FAM210B,protein_coding
PI3,protein_coding
SNX21,protein_coding
SLPI,protein_coding
WFDC3,protein_coding
TTPAL,protein_coding
PREX1,protein_coding
KCNS1,protein_coding
SLC12A5,protein_coding
SDC4,protein_coding
NCOA3,protein_coding
PIGT,protein_coding
MATN4,protein_coding
NCOA5,protein_coding
VAPB,protein_coding
PARD6B,protein_coding
ATP5F1E,protein_coding
CHD6,protein_coding
PLCG1,protein_coding
TOX2,protein_coding
SRSF6,protein_coding
GDAP1L1,protein_coding
ARFGEF2,protein_coding
ZNFX1,protein_coding
EDN3,protein_coding
CSE1L,protein_coding
RAB22A,protein_coding
PTGIS,protein_coding
STAU1,protein_coding
CDH26,protein_coding
SNAI1,protein_coding
MOCS3,protein_coding
STX16,protein_coding
PPP4R1L,transcribed_unprocessed_pseudogene
PMEPA1,protein_coding
RNF114,protein_coding
DDX27,protein_coding
BCAS4,protein_coding
TP53TG5,protein_coding
NEURL2,protein_coding
MTRR,protein_coding
FASTKD3,protein_coding
PEPD,protein_coding
CHST8,protein_coding
IQSEC2,protein_coding
VAMP7,protein_coding
STAMBP,protein_coding
NAGK,protein_coding
MCEE,protein_coding
PAIP2B,protein_coding
SNRNP27,protein_coding
MPHOSPH10,protein_coding
NDUFB4P12,processed_pseudogene
ATP8A1,protein_coding
USP22,protein_coding
HIF3A,protein_coding
ZNF576,protein_coding
ZNF45,protein_coding
NDP,protein_coding
USP9X,protein_coding
F13A1,protein_coding
TRERF1,protein_coding
PACSIN1,protein_coding
BTN2A2,protein_coding
SIRT5,protein_coding
MRS2,protein_coding
WRNIP1,protein_coding
RRP36,protein_coding
BTN2A3P,transcribed_unprocessed_pseudogene
SNRPC,protein_coding
SERPINB6,protein_coding
XPO5,protein_coding
ABCC10,protein_coding
PEX6,protein_coding
NQO2,protein_coding
OARD1,protein_coding
UNC5CL,protein_coding
AARS2,protein_coding
ZNF391,protein_coding
RPS10,protein_coding
MOCS1,protein_coding
MED20,protein_coding
TBCC,protein_coding
MAD2L1BP,protein_coding
APOBEC2,protein_coding
KLHDC3,protein_coding
GNMT,protein_coding
TREM1,protein_coding
MEA1,protein_coding
COL21A1,protein_coding
CDKN1A,protein_coding
SOX4,protein_coding
GLO1,protein_coding
CPNE5,protein_coding
RREB1,protein_coding
SSR1,protein_coding
RIOK1,protein_coding
NRN1,protein_coding
SLC35B3,protein_coding
RPP40,protein_coding
ATXN1,protein_coding
NUP153,protein_coding
DEK,protein_coding
EEF1E1,protein_coding
RUNX2,protein_coding
LRRFIP1,protein_coding
CXCL6,protein_coding
MYRF,protein_coding
SCGB1D2,protein_coding
AHNAK,protein_coding
EMC3,protein_coding
SH3TC1,protein_coding
CNOT1,protein_coding
LRRC29,protein_coding
BBS2,protein_coding
MT1G,protein_coding
MT2A,protein_coding
C16orf70,protein_coding
GOT2,protein_coding
DOK4,protein_coding
GPR18,protein_coding
CLYBL,protein_coding
TMTC4,protein_coding
RAP2A,protein_coding
ABCC4,protein_coding
EFNB2,protein_coding
SOX21,protein_coding
TM9SF2,protein_coding
HROB,protein_coding
IRF1,protein_coding
UPF3B,protein_coding
RNF113A,protein_coding
SEPTIN6,protein_coding
TMEM255A,protein_coding
NDUFA1,protein_coding
DMAC2L,protein_coding
BMP4,protein_coding
FAM193A,protein_coding
GRK4,protein_coding
SOX9,protein_coding
TEKT3,protein_coding
HS3ST3B1,protein_coding
SLC25A35,protein_coding
MRPS7,protein_coding
GGA3,protein_coding
ARMC7,protein_coding
NUP85,protein_coding
SLC25A19,protein_coding
MIF4GD,protein_coding
NT5C,protein_coding
MSTO1,protein_coding
MIR9-1HG,lncRNA
TTF1,protein_coding
GTF3C4,protein_coding
DDX31,protein_coding
PPP1R12C,protein_coding
MBOAT7,protein_coding
OPRL1,protein_coding
SLC2A4RG,protein_coding
FNDC11,protein_coding
PPDPF,protein_coding
IL1B,protein_coding
CHCHD5,protein_coding
PAX8,protein_coding
INSIG2,protein_coding
POLR1B,protein_coding
CCDC93,protein_coding
PSD4,protein_coding
SLC25A23,protein_coding
PSPN,protein_coding
GTF2F1,protein_coding
ALKBH7,protein_coding
CLPP,protein_coding
TNFSF9,protein_coding
GRIA3,protein_coding
THOC2,protein_coding
MED1,protein_coding
RPL23,protein_coding
ATG4C,protein_coding
CD70,protein_coding
C3,protein_coding
TRIP10,protein_coding
GPR108,protein_coding
TNFSF14,protein_coding
FOSB,protein_coding
OPA3,protein_coding
SNRPD2,protein_coding
RTN2,protein_coding
EML2,protein_coding
VASP,protein_coding
SYMPK,protein_coding
GPCPD1,protein_coding
SDCBP2,protein_coding
PANK2,protein_coding
GNRH2,protein_coding
FAM182A,lncRNA
CD93,protein_coding
GZF1,protein_coding
NAPB,protein_coding
CENPB,protein_coding
PSMF1,protein_coding
NKX2-2,protein_coding
DTD1,protein_coding
RBCK1,protein_coding
TMX4,protein_coding
STK35,protein_coding
SNRPB,protein_coding
NRSN2,protein_coding
AP5S1,protein_coding
RRBP1,protein_coding
BMP2,protein_coding
ZNF133,protein_coding
FLRT3,protein_coding
PCSK2,protein_coding
MKKS,protein_coding
BFSP1,protein_coding
DSTN,protein_coding
LAMP5,protein_coding
SNRPB2,protein_coding
MGME1,protein_coding
LRRN4,protein_coding
TBC1D20,protein_coding
ITPA,protein_coding
MCM8,protein_coding
TMEM74B,protein_coding
FAM110A,protein_coding
MRPS26,protein_coding
S1PR4,protein_coding
NCLN,protein_coding
CITED1,protein_coding
HNRNPR,protein_coding
ZNF436,protein_coding
MAX,protein_coding
ARMCX5,protein_coding
GDF5,protein_coding
MMP24,protein_coding
NECAB3,protein_coding
ID1,protein_coding
RALY,protein_coding
DYNLRB1,protein_coding
EIF2S2,protein_coding
ERGIC3,protein_coding
ROMO1,protein_coding
BPIFB9P,transcribed_unitary_pseudogene
CEP250,protein_coding
PLAGL2,protein_coding
MMP24OS,protein_coding
GRPR,protein_coding
KDM5C,protein_coding
AMOT,protein_coding
TMEM115,protein_coding
PSMB2,protein_coding
AGO3,protein_coding
UROD,protein_coding
ST3GAL3,protein_coding
TMEM53,protein_coding
HECTD3,protein_coding
KLC1,protein_coding
XRCC3,protein_coding
TUBGCP3,protein_coding
MCF2L,protein_coding
F10,protein_coding
PCID2,protein_coding
LRFN3,protein_coding
IGFLR1,protein_coding
CAPNS1,protein_coding
PDCD2L,protein_coding
RBM42,protein_coding
KIRREL2,protein_coding
UBA2,protein_coding
HCST,protein_coding
COX6B1,protein_coding
THRA,protein_coding
CCR7,protein_coding
NR1D1,protein_coding
FRMD8,protein_coding
PRDX5,protein_coding
BCL2L12,protein_coding
IRF3,protein_coding
PRMT1,protein_coding
RRAS,protein_coding
PRRG2,protein_coding
SCAF1,protein_coding
PRR12,protein_coding
FLRT1,protein_coding
ASL,protein_coding
SBDS,protein_coding
STAT5A,protein_coding
WNK4,protein_coding
BECN1,protein_coding
PRKCG,protein_coding
TRAP1,protein_coding
GLIS2,protein_coding
NSRP1,protein_coding
DNAJC8,protein_coding
AHDC1,protein_coding
IFI6,protein_coding
ZNF384,protein_coding
EMG1,protein_coding
UXT,protein_coding
ELK1,protein_coding
TIMM17B,protein_coding
PCNX4,protein_coding
ATG14,protein_coding
KTN1,protein_coding
SIX1,protein_coding
RHOJ,protein_coding
DLGAP5,protein_coding
L3HYPDH,protein_coding
HSPA2,protein_coding
ZBTB1,protein_coding
TRMT5,protein_coding
SGPP1,protein_coding
PLEKHG3,protein_coding
PZP,protein_coding
RHOT1,protein_coding
EVI2A,protein_coding
OMG,protein_coding
DYNC2I1,protein_coding
AIF1L,protein_coding
FAM78A,protein_coding
NUP214,protein_coding
SLC10A3,protein_coding
MAP2K2,protein_coding
HNRNPH2,protein_coding
ARMCX1,protein_coding
TMEM35A,protein_coding
TIMM8A,protein_coding
ZC4H2,protein_coding
CANX,protein_coding
INTS11,protein_coding
IPPK,protein_coding
ZNF484,protein_coding
OMD,protein_coding
FGD3,protein_coding
HIVEP3,protein_coding
PPCS,protein_coding
BCL11B,protein_coding
COX7C,protein_coding
TRAF2,protein_coding
ABHD8,protein_coding
MASP1,protein_coding
ATP13A4,protein_coding
PLAAT1,protein_coding
HELB,protein_coding
RAP1B,protein_coding
BEST3,protein_coding
RAB3IP,protein_coding
PTPRB,protein_coding
DYRK2,protein_coding
YEATS4,protein_coding
TAS2R3,protein_coding
TAS2R4,protein_coding
TAS2R5,protein_coding
LRRC61,protein_coding
IDUA,protein_coding
FGFRL1,protein_coding
TMEM175,protein_coding
AUNIP,protein_coding
PIN1,protein_coding
FBXL12,protein_coding
EMC1,protein_coding
PLA2G5,protein_coding
UBR4,protein_coding
HP1BP3,protein_coding
ADGRE2,protein_coding
SIN3B,protein_coding
SLC35E1,protein_coding
EPS15L1,protein_coding
KLF2,protein_coding
F2RL3,protein_coding
UQCR11,protein_coding
GFER,protein_coding
SYNGR3,protein_coding
PKMYT1,protein_coding
WFIKKN1,protein_coding
WDR24,protein_coding
FBXL16,protein_coding
CHTF18,protein_coding
GNG13,protein_coding
TUBBP1,transcribed_processed_pseudogene
MACF1,protein_coding
SMARCA4,protein_coding
KDM4B,protein_coding
TICAM1,protein_coding
METTL25,protein_coding
EMC6,protein_coding
METTL16,protein_coding
TUBA4A,protein_coding
AAMP,protein_coding
PNKD,protein_coding
TNFRSF19,protein_coding
RNF6,protein_coding
ECHS1,protein_coding
ZNF835,protein_coding
AKAP9,protein_coding
GNG11,protein_coding
SEM1,protein_coding
HIP1,protein_coding
PTPN12,protein_coding
POR,protein_coding
FGL2,protein_coding
STYXL1,protein_coding
STEAP4,protein_coding
GNAI1,protein_coding
PMS2P3,transcribed_unprocessed_pseudogene
PEX1,protein_coding
MTERF1,protein_coding
SGCE,protein_coding
RBM48,protein_coding
CASD1,protein_coding
ZNF780B,protein_coding
LRFN1,protein_coding
ZFP36,protein_coding
SRD5A3,protein_coding
PAICS,protein_coding
KDR,protein_coding
PPAT,protein_coding
TUBGCP6,protein_coding
ADM2,protein_coding
DGCR6L,protein_coding
DGCR8,protein_coding
ASPHD2,protein_coding
VPREB3,protein_coding
SDF2L1,protein_coding
GAL3ST1,protein_coding
YWHAH,protein_coding
POM121L9P,transcribed_unprocessed_pseudogene
GNAZ,protein_coding
MGAT3,protein_coding
ATF4,protein_coding
A4GALT,protein_coding
CDC42EP1,protein_coding
APOL3,protein_coding
MCHR1,protein_coding
TPST2,protein_coding
BAIAP2L2,protein_coding
MPST,protein_coding
TST,protein_coding
APOL2,protein_coding
RAC2,protein_coding
LIF,protein_coding
C22orf23,protein_coding
APOBEC3F,protein_coding
RIBC2,protein_coding
KRT17,protein_coding
EMC4,protein_coding
RNF112,protein_coding
SPECC1,protein_coding
CPA4,protein_coding
DOCK4,protein_coding
POT1,protein_coding
ATP6V1F,protein_coding
LSM8,protein_coding
CDHR3,protein_coding
PRKRIP1,protein_coding
VGF,protein_coding
PODXL,protein_coding
FOXP2,protein_coding
STRIP2,protein_coding
IFT22,protein_coding
MKLN1,protein_coding
DNAJB9,protein_coding
FLNC,protein_coding
LRRC4,protein_coding
CALU,protein_coding
CCDC136,protein_coding
SMO,protein_coding
IRF5,protein_coding
LRRC17,protein_coding
KLHDC10,protein_coding
NDUFA5,protein_coding
FEZF1,protein_coding
OPN1SW,protein_coding
MRPS12,protein_coding
MYO1B,protein_coding
HOXD3,protein_coding
MTX2,protein_coding
CHN1,protein_coding
GAD1,protein_coding
EIF2S2P4,processed_pseudogene
OSGEPL1,protein_coding
ORMDL1,protein_coding
HAT1,protein_coding
HOXD9,protein_coding
HOXD10,protein_coding
HOXD11,protein_coding
HOXD13,protein_coding
HERC2,protein_coding
SNRPN,protein_coding
PSMG2,protein_coding
TWSG1,protein_coding
ARHGAP22,protein_coding
WDFY4,protein_coding
EIF2AK4,protein_coding
MYO5C,protein_coding
CGNL1,protein_coding
TMOD2,protein_coding
TTBK2,protein_coding
CCDC32,protein_coding
INO80,protein_coding
ICE2,protein_coding
DLL4,protein_coding
ALDH1A2,protein_coding
MINDY2,protein_coding
IVD,protein_coding
KNSTRN,protein_coding
DUT,protein_coding
CHAC1,protein_coding
CLN6,protein_coding
ARPP19,protein_coding
VPS13C,protein_coding
ISLR,protein_coding
THAP10,protein_coding
LOXL1,protein_coding
ACKR4,protein_coding
ANAPC13,protein_coding
MBD4,protein_coding
COPB1,protein_coding
PSMA1,protein_coding
SUMF2,protein_coding
PALLD,protein_coding
SPCS3,protein_coding
BBOX1,protein_coding
SERGEF,protein_coding
KCNC1,protein_coding
TPH1,protein_coding
E2F8,protein_coding
DCTD,protein_coding
SOX15,protein_coding
PIMREG,protein_coding
RPAIN,protein_coding
SHBG,protein_coding
PLD2,protein_coding
TXNDC17,protein_coding
ATP1B2,protein_coding
FXR2,protein_coding
KIF1C,protein_coding
MPDU1,protein_coding
PHF20L1,protein_coding
LRRC6,protein_coding
CCNT1,protein_coding
PUS7L,protein_coding
KRI1,protein_coding
ILF3,protein_coding
SLC44A2,protein_coding
CDKN2D,protein_coding
MTUS1,protein_coding
KLK14,protein_coding
SIGLEC9,protein_coding
NGDN,protein_coding
RIPK3,protein_coding
ADCY4,protein_coding
RAB2B,protein_coding
BCL2L2,protein_coding
AJUBA,protein_coding
DTD2,protein_coding
PARP2,protein_coding
HEATR5A,protein_coding
SNX6,protein_coding
EAPP,protein_coding
EGLN3,protein_coding
MIS18BP1,protein_coding
NRL,protein_coding
RNASE1,protein_coding
NEDD8,protein_coding
DAD1,protein_coding
TEP1,protein_coding
EPB41L4A,protein_coding
CDO1,protein_coding
REEP5,protein_coding
ITFG1,protein_coding
QRICH2,protein_coding
FOXJ1,protein_coding
SEC14L1,protein_coding
RHBDF2,protein_coding
AANAT,protein_coding
ARHGEF6,protein_coding
MAP7D3,protein_coding
FGF13,protein_coding
ASH2L,protein_coding
TTI2,protein_coding
CHRNA10,protein_coding
CDKN1C,protein_coding
SGO1,protein_coding
RPS4Y1,protein_coding
CDH15,protein_coding
KLF16,protein_coding
PGAP6,protein_coding
DOHH,protein_coding
MAU2,protein_coding
SHC2,protein_coding
PLPPR3,protein_coding
ABHD17A,protein_coding
LBP,protein_coding
SYT5,protein_coding
CBFA2T3,protein_coding
GAMT,protein_coding
PUDP,protein_coding
ERMARD,protein_coding
PHF10,protein_coding
PRRG3,protein_coding
GALNT8,protein_coding
KCNA5,protein_coding
STARD8,protein_coding
FAM155B,protein_coding
GDPD2,protein_coding
SAT1,protein_coding
GNL3L,protein_coding
SH3BP4,protein_coding
MOSPD2,protein_coding
DOCK6,protein_coding
ECSIT,protein_coding
LDLR,protein_coding
ELOF1,protein_coding
ANGPTL8,protein_coding
PRKCSH,protein_coding
CNN1,protein_coding
CDC16,protein_coding
THEM6,protein_coding
NECTIN2,protein_coding
APOE,protein_coding
TOMM40,protein_coding
APOC1,protein_coding
GADD45G,protein_coding
LRCH2,protein_coding
DPP6,protein_coding
XPO7,protein_coding
FAM98C,protein_coding
SAFB2,protein_coding
RPL36,protein_coding
ATP8B3,protein_coding
NCAN,protein_coding
KIF1A,protein_coding
GTPBP3,protein_coding
PLVAP,protein_coding
BST2,protein_coding
SLC27A1,protein_coding
NSUN5,protein_coding
USHBP1,protein_coding
COLGALT1,protein_coding
DDA1,protein_coding
MRPL34,protein_coding
PGLS,protein_coding
LSM7,protein_coding
TULP4,protein_coding
SNX9,protein_coding
RTN4IP1,protein_coding
QRSL1,protein_coding
MTRES1,protein_coding
RSPH3,protein_coding
ACSBG2,protein_coding
MLLT1,protein_coding
AFDN,protein_coding
ACTN4,protein_coding
STK33,protein_coding
NDUFA10,protein_coding
ARPC1B,protein_coding
CACNG6,protein_coding
ZSWIM6,protein_coding
FCHO1,protein_coding
UNC13A,protein_coding
MAP1S,protein_coding
PXDN,protein_coding
SSBP4,protein_coding
GDF15,protein_coding
PGPEP1,protein_coding
IQCN,protein_coding
LSM4,protein_coding
JUND,protein_coding
HRC,protein_coding
TRPM4,protein_coding
SULT4A1,protein_coding
ZNF557,protein_coding
OLFM1,protein_coding
CAMSAP1,protein_coding
UBAC1,protein_coding
ZBTB46,protein_coding
HELZ2,protein_coding
SAMD10,protein_coding
LSP1,protein_coding
TNNI2,protein_coding
H19,lncRNA
COL5A1,protein_coding
ATXN10,protein_coding
TUBGCP2,protein_coding
CALY,protein_coding
PNPLA7,protein_coding
PAK4,protein_coding
MNX1,protein_coding
ZNF337,protein_coding
CEP85,protein_coding
TAF4,protein_coding
LAMA5,protein_coding
OSBPL2,protein_coding
ADRM1,protein_coding
ASS1,protein_coding
EXOSC2,protein_coding
POMT1,protein_coding
UCK1,protein_coding
FIBCD1,protein_coding
PRRC2B,protein_coding
CHMP2A,protein_coding
UBE2M,protein_coding
TRIM28,protein_coding
METTL26,protein_coding
YIPF2,protein_coding
ATG4D,protein_coding
EIF2S3,protein_coding
TMEM160,protein_coding
ZC3H4,protein_coding
NPAS1,protein_coding
GMFG,protein_coding
MAP3K10,protein_coding
ARHGEF16,protein_coding
LRRC47,protein_coding
SESN2,protein_coding
ATP5IF1,protein_coding
MED18,protein_coding
THEMIS2,protein_coding
CLIP1,protein_coding
CCDC62,protein_coding
HIP1R,protein_coding
ZNF317,protein_coding
PPAN,protein_coding
EIF3G,protein_coding
ANGPTL6,protein_coding
SHFL,protein_coding
DNMT1,protein_coding
ZNF426,protein_coding
SLC6A8,protein_coding
PNCK,protein_coding
DKC1,protein_coding
PLXNA3,protein_coding
DUSP9,protein_coding
MPP1,protein_coding
ZNF331,protein_coding
ZNF236,protein_coding
SLC7A10,protein_coding
LRP3,protein_coding
C12orf65,protein_coding
NOL11,protein_coding
UBE4B,protein_coding
CASZ1,protein_coding
HABP4,protein_coding
SLC35D2,protein_coding
PRRG1,protein_coding
UBA1,protein_coding
RGN,protein_coding
TXLNGY,transcribed_unprocessed_pseudogene
PPIL4,protein_coding
ULBP2,protein_coding
AKAP12,protein_coding
SYNE1,protein_coding
ULBP3,protein_coding
LATS1,protein_coding
LILRB2,protein_coding
AAR2,protein_coding
TTLL9,protein_coding
RBM39,protein_coding
COX4I2,protein_coding
ZNF341,protein_coding
GGT7,protein_coding
ACSS2,protein_coding
EDA2R,protein_coding
ARHGEF9,protein_coding
C1QL1,protein_coding
GFAP,protein_coding
HIGD1B,protein_coding
ATP6V1E1,protein_coding
ZNF227,protein_coding
ZNF428,protein_coding
ZNF141,protein_coding
CCL25,protein_coding
COX4I1,protein_coding
EMC8,protein_coding
GSE1,protein_coding
GINS2,protein_coding
CHMP1A,protein_coding
SH3BGRL,protein_coding
COX7B,protein_coding
F12,protein_coding
PRR7,protein_coding
NFATC1,protein_coding
IDO1,protein_coding
CAP1,protein_coding
PPT1,protein_coding
RAB11FIP4,protein_coding
RLIM,protein_coding
ABCB7,protein_coding
TRAF3,protein_coding
HAUS8,protein_coding
MRPS25,protein_coding
SH3BP5,protein_coding
HACL1,protein_coding
TBC1D5,protein_coding
CAPN7,protein_coding
RFTN1,protein_coding
C3orf20,protein_coding
RBSN,protein_coding
GALNT15,protein_coding
SLC6A6,protein_coding
KCNC3,protein_coding
NAPSB,transcribed_unprocessed_pseudogene
NR1H2,protein_coding
LRRC4B,protein_coding
PDLIM4,protein_coding
KIF3A,protein_coding
MGAT1,protein_coding
GFPT2,protein_coding
TUBG1,protein_coding
PSME3,protein_coding
RPL27,protein_coding
PSMC3IP,protein_coding
AOC3,protein_coding
ACLY,protein_coding
VPS25,protein_coding
RAMP2,protein_coding
AOC2,protein_coding
AC091132.1,lncRNA
NDUFA2,protein_coding
ANKHD1,protein_coding
DIAPH1,protein_coding
NDFIP1,protein_coding
UBE2D2,protein_coding
EXOC4,protein_coding
ACAP3,protein_coding
C1orf159,protein_coding
ANO1,protein_coding
PPFIA1,protein_coding
TMEM204,protein_coding
KREMEN2,protein_coding
THOC6,protein_coding
TRAF7,protein_coding
BARX1,protein_coding
NINJ1,protein_coding
NPHP4,protein_coding
MAP1B,protein_coding
IL13RA1,protein_coding
WDR44,protein_coding
CKMT2,protein_coding
ZCCHC9,protein_coding
TOP2A,protein_coding
STARD3,protein_coding
RARA,protein_coding
PPP1R1B,protein_coding
KHDRBS3,protein_coding
CHD1L,protein_coding
PEX11B,protein_coding
FMO5,protein_coding
PIAS3,protein_coding
PRKAB2,protein_coding
CLUHP3,transcribed_unprocessed_pseudogene
PDHA1,protein_coding
RAI2,protein_coding
MCCC2,protein_coding
ZNF304,protein_coding
ZSCAN5A,protein_coding
ZNF132,protein_coding
SELENOS,protein_coding
CHSY1,protein_coding
SNRPA1,protein_coding
LLGL1,protein_coding
THAP1,protein_coding
RHPN2,protein_coding
C19orf12,protein_coding
FAAP24,protein_coding
ACTR10,protein_coding
ABHD12B,protein_coding
GCH1,protein_coding
LGALS3,protein_coding
UBE2L2,processed_pseudogene
PODNL1,protein_coding
DNAJB1,protein_coding
ZSWIM4,protein_coding
FBXW9,protein_coding
RFX1,protein_coding
C19orf57,protein_coding
DCAF15,protein_coding
CC2D1A,protein_coding
MATN3,protein_coding
TRIM21,protein_coding
SPATA6,protein_coding
LRRC41,protein_coding
CCT6B,protein_coding
DHX30,protein_coding
RAF1,protein_coding
SLC6A11,protein_coding
PPARG,protein_coding
NUP210,protein_coding
FCRLA,protein_coding
HSD17B7,protein_coding
ENOSF1,protein_coding
EMILIN2,protein_coding
ARFIP2,protein_coding
TRIM5,protein_coding
TRIM22,protein_coding
RRP8,protein_coding
TIMM10B,protein_coding
EFR3A,protein_coding
PTCD3,protein_coding
IMMT,protein_coding
MRPL35,protein_coding
IQCA1,protein_coding
ILKAP,protein_coding
PER2,protein_coding
RAMP1,protein_coding
SCLY,protein_coding
PTPRE,protein_coding
RAN,protein_coding
PRKAA1,protein_coding
CARD6,protein_coding
RAP1GAP2,protein_coding
CLUH,protein_coding
INPP5K,protein_coding
MYBBP1A,protein_coding
RPA1,protein_coding
SERPINF1,protein_coding
UBE2G1,protein_coding
EEFSEC,protein_coding
TBC1D14,protein_coding
TMEM128,protein_coding
COQ3,protein_coding
PNISR,protein_coding
POPDC3,protein_coding
SEC61G,protein_coding
LANCL2,protein_coding
FIGNL1,protein_coding
GRSF1,protein_coding
JCHAIN,protein_coding
ANKRD17,protein_coding
UTP3,protein_coding
ITGB4,protein_coding
WBP2,protein_coding
H3-3B,protein_coding
UNK,protein_coding
TRIM47,protein_coding
ZRANB2,protein_coding
EIF5A,protein_coding
KDM6B,protein_coding
CLEC10A,protein_coding
GPS2,protein_coding
XAF1,protein_coding
DLG4,protein_coding
RIDA,protein_coding
VPS13B,protein_coding
RGS22,protein_coding
MATN2,protein_coding
REEP2,protein_coding
PCBD2,protein_coding
SDF2,protein_coding
FLOT2,protein_coding
ERAL1,protein_coding
PRMT7,protein_coding
NIP7,protein_coding
TERF2,protein_coding
VPS4A,protein_coding
MTSS2,protein_coding
HSPA12B,protein_coding
ANKEF1,protein_coding
PCED1A,protein_coding
SNAP25,protein_coding
BTBD3,protein_coding
PCNA,protein_coding
NXT1,protein_coding
POLR3F,protein_coding
RIN2,protein_coding
PTPRA,protein_coding
DAP3,protein_coding
RHBG,protein_coding
KHDC4,protein_coding
NES,protein_coding
BCAN,protein_coding
ARHGEF11,protein_coding
HAPLN2,protein_coding
DCAF8,protein_coding
SYT11,protein_coding
IGHMBP2,protein_coding
ACY3,protein_coding
MMACHC,protein_coding
DPH2,protein_coding
TOE1,protein_coding
NASP,protein_coding
CTNNBL1,protein_coding
LPIN3,protein_coding
ZSWIM3,protein_coding
RBM38,protein_coding
VSTM2L,protein_coding
OSER1,protein_coding
SERINC3,protein_coding
PPP1R3D,protein_coding
DMGDH,protein_coding
BHMT2,protein_coding
AP3B1,protein_coding
ZBED3,protein_coding
PATJ,protein_coding
ANGPTL3,protein_coding
SYT4,protein_coding
FBXO44,protein_coding
CPLANE2,protein_coding
CASP9,protein_coding
DCTN4,protein_coding
ATP8A2,protein_coding
ZMYM5,protein_coding
USPL1,protein_coding
XPO4,protein_coding
POMP,protein_coding
CDK8,protein_coding
ALOX5AP,protein_coding
HMGB1P5,transcribed_processed_pseudogene
WASF3,protein_coding
GPR12,protein_coding
CHRM3,protein_coding
MYH10,protein_coding
PEMT,protein_coding
SCO1,protein_coding
MPRIP,protein_coding
CHI3L1,protein_coding
MYBPH,protein_coding
PIK3C2B,protein_coding
DSTYK,protein_coding
CHIT1,protein_coding
SLC41A1,protein_coding
LGR6,protein_coding
TMCC2,protein_coding
DCLK1,protein_coding
CCNA1,protein_coding
COG6,protein_coding
SPART,protein_coding
EPSTI1,protein_coding
TRPC4,protein_coding
POSTN,protein_coding
RFXAP,protein_coding
TPT1,protein_coding
GPALPP1,protein_coding
RFC3,protein_coding
STARD13,protein_coding
MORC4,protein_coding
BEX2,protein_coding
RNF128,protein_coding
GNG5P2,processed_pseudogene
TBC1D8B,protein_coding
TCEAL4,protein_coding
BEX1,protein_coding
FAM104A,protein_coding
SLC39A11,protein_coding
EPHB2,protein_coding
SRRM1,protein_coding
BTBD2,protein_coding
PRAM1,protein_coding
KMT5C,protein_coding
ZNF414,protein_coding
PDE6B,protein_coding
HSPBP1,protein_coding
CSNK1G2,protein_coding
SLF1,protein_coding
CNDP2,protein_coding
MACROD1,protein_coding
WDR74,protein_coding
RTN3,protein_coding
PLAAT4,protein_coding
MYH11,protein_coding
CEP20,protein_coding
MED10,protein_coding
PDZD2,protein_coding
MORC2,protein_coding
LARGE1,protein_coding
GSTT2B,protein_coding
SLC2A11,protein_coding
C1QTNF6,protein_coding
ZDHHC8P1,transcribed_unprocessed_pseudogene
GIMAP6,protein_coding
GIMAP4,protein_coding
ADCK2,protein_coding
MKRN1,protein_coding
AGAP3,protein_coding
KRBA1,protein_coding
ZNF767P,transcribed_unprocessed_pseudogene
ACTR3B,protein_coding
BTG1,protein_coding
C12orf29,protein_coding
ATP13A3,protein_coding
TMEM254,protein_coding
TMTC1,protein_coding
KRAS,protein_coding
IPO8,protein_coding
LARS1,protein_coding
IMPA1,protein_coding
LRRCC1,protein_coding
E2F5,protein_coding
CA1,protein_coding
CCDC59,protein_coding
SWAP70,protein_coding
ARNTL,protein_coding
LYVE1,protein_coding
AMPD3,protein_coding
SBF2,protein_coding
MICAL2,protein_coding
RRAS2,protein_coding
HSD17B4,protein_coding
ZFC3H1,protein_coding
SARAF,protein_coding
RNF122,protein_coding
DUSP26,protein_coding
DPF2,protein_coding
MEN1,protein_coding
ERG28,protein_coding
GSC,protein_coding
DGLUCY,protein_coding
UNC79,protein_coding
NUMB,protein_coding
COX16,protein_coding
TTC9,protein_coding
MED6,protein_coding
EIF2S1,protein_coding
ADAM20,protein_coding
LOXL2,protein_coding
ELP3,protein_coding
PEBP4,protein_coding
ADAMDEC1,protein_coding
CTIF,protein_coding
MRO,protein_coding
MBD2,protein_coding
IER3IP1,protein_coding
MRPS36,protein_coding
CCNB1,protein_coding
CDK7,protein_coding
CD180,protein_coding
IRAK2,protein_coding
CAMK1,protein_coding
THUMPD3,protein_coding
VHL,protein_coding
BHLHE40,protein_coding
ARL8B,protein_coding
EDEM1,protein_coding
CHL1,protein_coding
MEIS2,protein_coding
DPH6,protein_coding
KATNBL1,protein_coding
EMC7,protein_coding
GNAT2,protein_coding
GSTM1,protein_coding
PRPF38B,protein_coding
TSPAN2,protein_coding
GSTM5,protein_coding
GSTM3,protein_coding
SYT6,protein_coding
VAV3,protein_coding
PSRC1,protein_coding
PTPN22,protein_coding
SORT1,protein_coding
WNT2B,protein_coding
PTGFRN,protein_coding
LAMTOR5,protein_coding
NOTCH2,protein_coding
TRIM45,protein_coding
CEPT1,protein_coding
CD101,protein_coding
NGF,protein_coding
AP4B1,protein_coding
NAPG,protein_coding
SPIRE1,protein_coding
PPHLN1,protein_coding
FKBP11,protein_coding
ARF3,protein_coding
TMEM106C,protein_coding
SLC38A2,protein_coding
PLEKHA8P1,transcribed_processed_pseudogene
YWHAQ,protein_coding
KIDINS220,protein_coding
GRHL1,protein_coding
ROCK2,protein_coding
RSAD2,protein_coding
MYCN,protein_coding
LPIN1,protein_coding
CMPK2,protein_coding
IAH1,protein_coding
LDHA,protein_coding
SAA2,protein_coding
ANO3,protein_coding
IL6ST,protein_coding
FST,protein_coding
NAV1,protein_coding
CDC73,protein_coding
TIMM17A,protein_coding
CRB1,protein_coding
RPS15A,protein_coding
NARS1,protein_coding
RELCH,protein_coding
FBH1,protein_coding
RBM17,protein_coding
IL2RA,protein_coding
ANKRD16,protein_coding
ECHDC3,protein_coding
IL15RA,protein_coding
CCNH,protein_coding
TMEM241,protein_coding
KCTD1,protein_coding
CABLES1,protein_coding
DOCK2,protein_coding
EMP1,protein_coding
SOX5,protein_coding
RERG,protein_coding
SPX,protein_coding
PRH2,protein_coding
LRP4,protein_coding
DDB2,protein_coding
ACP2,protein_coding
RTL8C,protein_coding
RAB33A,protein_coding
SOX3,protein_coding
RBMX2,protein_coding
STK26,protein_coding
PIWIL4,protein_coding
PUM1,protein_coding
SPOCD1,protein_coding
YARS1,protein_coding
PHC2,protein_coding
CDCA8,protein_coding
GNL2,protein_coding
AGO4,protein_coding
CYP2J2,protein_coding
BTF3L4,protein_coding
TUT4,protein_coding
PRPF38A,protein_coding
DSC2,protein_coding
RNF138,protein_coding
ELP2,protein_coding
DTNA,protein_coding
FHOD3,protein_coding
TPGS2,protein_coding
DAGLA,protein_coding
SLC43A3,protein_coding
TIMM10,protein_coding
DHX34,protein_coding
APLNR,protein_coding
FADS2,protein_coding
TMEM258,protein_coding
C5AR2,protein_coding
TMEM165,protein_coding
CLOCK,protein_coding
PDGFRA,protein_coding
GGACT,protein_coding
COL4A2,protein_coding
CLDN10,protein_coding
DZIP1,protein_coding
UBAC2,protein_coding
ARGLU1,protein_coding
BIVM,protein_coding
ERCC5,protein_coding
TPP2,protein_coding
POGLUT2,protein_coding
CARS2,protein_coding
ARHGAP32,protein_coding
STT3A,protein_coding
ADAMTS8,protein_coding
ACRV1,protein_coding
ETS1,protein_coding
SLC37A2,protein_coding
TMED7,protein_coding
APC,protein_coding
NREP,protein_coding
WDR36,protein_coding
OSTF1,protein_coding
RFK,protein_coding
UBQLN1,protein_coding
NAA35,protein_coding
C9orf40,protein_coding
ANXA1,protein_coding
CTSL,protein_coding
CEMIP2,protein_coding
AGTPBP1,protein_coding
GOLM1,protein_coding
FAM189A2,protein_coding
PSAT1,protein_coding
ISCA1,protein_coding
ADAM19,protein_coding
HAVCR2,protein_coding
CCNJL,protein_coding
TAOK3,protein_coding
USP30,protein_coding
SDS,protein_coding
MSI1,protein_coding
FBXO21,protein_coding
TBX3,protein_coding
OASL,protein_coding
HRK,protein_coding
RNFT2,protein_coding
P2RX4,protein_coding
BICDL1,protein_coding
DTX1,protein_coding
TRAFD1,protein_coding
DMTF1,protein_coding
TMEM243,protein_coding
CCDC146,protein_coding
TMEM60,protein_coding
CD36,protein_coding
PNPLA8,protein_coding
HILPDA,protein_coding
FAM71F1,protein_coding
RINT1,protein_coding
SRPK2,protein_coding
KCP,protein_coding
TES,protein_coding
MDFIC,protein_coding
MTO1,protein_coding
ADGRB3,protein_coding
ANKRD6,protein_coding
KHDC1,protein_coding
CEP162,protein_coding
SYNCRIP,protein_coding
SNX14,protein_coding
NT5E,protein_coding
MRAP2,protein_coding
EPHA7,protein_coding
AKIRIN2,protein_coding
ORC3,protein_coding
LCA5,protein_coding
MAP3K7,protein_coding
PRR5L,protein_coding
LMO2,protein_coding
PHF21A,protein_coding
NAT10,protein_coding
PRRG4,protein_coding
CAPRIN1,protein_coding
ATP5MC2,protein_coding
DNAJC14,protein_coding
CD63,protein_coding
PRPH,protein_coding
AVIL,protein_coding
GDF11,protein_coding
ITGA7,protein_coding
TESPA1,protein_coding
FAM186B,protein_coding
RDH5,protein_coding
AGAP2,protein_coding
BLOC1S1,protein_coding
CDK4,protein_coding
PPP1R1A,protein_coding
TROAP,protein_coding
TSPAN31,protein_coding
B4GALNT1,protein_coding
TFCP2,protein_coding
COQ10A,protein_coding
FAIM2,protein_coding
PAN2,protein_coding
ESPL1,protein_coding
ZC3H10,protein_coding
HNRNPA1,protein_coding
ACVR1B,protein_coding
OS9,protein_coding
KCNH3,protein_coding
LTV1,protein_coding
MAP7,protein_coding
CD164,protein_coding
AFG1L,protein_coding
NHSL1,protein_coding
AHI1,protein_coding
HEY2,protein_coding
PKIB,protein_coding
SMPD2,protein_coding
MICAL1,protein_coding
REPS1,protein_coding
STX11,protein_coding
TEC,protein_coding
PRADC1,protein_coding
SEMA4F,protein_coding
CCT7,protein_coding
RAB11FIP5,protein_coding
SMYD5,protein_coding
DYSF,protein_coding
CCDC142,protein_coding
EMX1,protein_coding
KCNMB4,protein_coding
USP15,protein_coding
GNS,protein_coding
CPM,protein_coding
MDM2,protein_coding
KLHL36,protein_coding
BCO1,protein_coding
MPHOSPH6,protein_coding
KIAA0513,protein_coding
DYNC1LI2,protein_coding
FBXL8,protein_coding
FHOD1,protein_coding
CCDC102A,protein_coding
SLC9A5,protein_coding
AGT,protein_coding
PCNX2,protein_coding
KCNK1,protein_coding
URB2,protein_coding
EGLN1,protein_coding
CAPN9,protein_coding
COG2,protein_coding
ABCB10,protein_coding
NTPCR,protein_coding
TAF5L,protein_coding
GLUL,protein_coding
STX6,protein_coding
RGS8,protein_coding
RNASEL,protein_coding
DHX9,protein_coding
KIAA1614,protein_coding
CEP350,protein_coding
NPL,protein_coding
NIBAN1,protein_coding
PIGC,protein_coding
LAMC1,protein_coding
RC3H1,protein_coding
SP110,protein_coding
MRPL44,protein_coding
PAX3,protein_coding
DOCK10,protein_coding
TTLL4,protein_coding
USP37,protein_coding
HTR2B,protein_coding
ITM2C,protein_coding
SLC19A3,protein_coding
SERPINE2,protein_coding
DNAJB2,protein_coding
WNT10A,protein_coding
TMBIM1,protein_coding
CYP27A1,protein_coding
EIF4E2,protein_coding
ARMC9,protein_coding
CAB39,protein_coding
COX5B,protein_coding
REV1,protein_coding
TSGA10,protein_coding
MFSD9,protein_coding
TMEM127,protein_coding
TGFBRAP1,protein_coding
GCC2,protein_coding
MRPS9,protein_coding
GPR45,protein_coding
C2orf49,protein_coding
ANKRD36,protein_coding
EPC2,protein_coding
ARHGEF4,protein_coding
ISCU,protein_coding
ALDH1L2,protein_coding
SCYL2,protein_coding
CKAP4,protein_coding
PLXNC1,protein_coding
APPL2,protein_coding
PWP1,protein_coding
DRAM1,protein_coding
WASHC4,protein_coding
SLC41A2,protein_coding
VILL,protein_coding
FLNB,protein_coding
NEK3,protein_coding
PCDH8,protein_coding
VPS36,protein_coding
RNASEH2B,protein_coding
CKAP2,protein_coding
CNMD,protein_coding
TBC1D4,protein_coding
THSD1,protein_coding
BORA,protein_coding
LRCH1,protein_coding
SUCLA2,protein_coding
RCBTB1,protein_coding
MED4,protein_coding
PHF11,protein_coding
RPL13AP25,processed_pseudogene
COG3,protein_coding
LMO7,protein_coding
ITM2B,protein_coding
SPRY2,protein_coding
NUDT15,protein_coding
EDNRB,protein_coding
RCBTB2,protein_coding
LCP1,protein_coding
SETDB2,protein_coding
SCRN1,protein_coding
TNS3,protein_coding
SPDYE1,protein_coding
CHST12,protein_coding
IGF2BP3,protein_coding
GPNMB,protein_coding
RAPGEF5,protein_coding
RAC1,protein_coding
KDELR2,protein_coding
NUP42,protein_coding
IL6,protein_coding
ZDHHC4,protein_coding
AOAH,protein_coding
BZW2,protein_coding
DGKB,protein_coding
TBRG4,protein_coding
DDX56,protein_coding
HUS1,protein_coding
NACAD,protein_coding
DBNL,protein_coding
CCM2,protein_coding
MYO1G,protein_coding
TTYH3,protein_coding
MMD2,protein_coding
AL355922.1,lncRNA
TTC5,protein_coding
ZFHX2,protein_coding
MTHFS,protein_coding
ADAMTS7,protein_coding
ABHD17C,protein_coding
IREB2,protein_coding
ALPK3,protein_coding
TM6SF1,protein_coding
CIB2,protein_coding
CALCOCO2,protein_coding
RSAD1,protein_coding
NMT1,protein_coding
MYCBPAP,protein_coding
SRSF1,protein_coding
VEZF1,protein_coding
CHAD,protein_coding
TACO1,protein_coding
TEX2,protein_coding
DCAF7,protein_coding
LIMD2,protein_coding
BRIP1,protein_coding
KAT7,protein_coding
RTP4,protein_coding
ACTL6A,protein_coding
NDUFB5,protein_coding
MRPL47,protein_coding
TRA2B,protein_coding
SCN2A,protein_coding
MARCHF7,protein_coding
ERMN,protein_coding
GALNT5,protein_coding
SCN7A,protein_coding
TANK,protein_coding
SKIL,protein_coding
EPRS1,protein_coding
HLX,protein_coding
VPS45,protein_coding
IL10,protein_coding
KCTD3,protein_coding
RPS6KC1,protein_coding
CBWD2,protein_coding
IL1RN,protein_coding
SMPD4,protein_coding
WDR33,protein_coding
CCDC115,protein_coding
SAP130,protein_coding
BIN1,protein_coding
IMP4,protein_coding
HS6ST1,protein_coding
UGGT1,protein_coding
GYPC,protein_coding
STAM,protein_coding
GAD2,protein_coding
ABI1,protein_coding
YME1L1,protein_coding
DNAJC1,protein_coding
NIPSNAP3A,protein_coding
LRRC8A,protein_coding
CDK9,protein_coding
TXN,protein_coding
ODF2,protein_coding
ECPAS,protein_coding
TOR1B,protein_coding
C9orf78,protein_coding
SMC2,protein_coding
KLF4,protein_coding
TOR1A,protein_coding
RALGPS1,protein_coding
NIBAN2,protein_coding
ST6GALNAC4,protein_coding
TMOD1,protein_coding
DAB2IP,protein_coding
STXBP1,protein_coding
SLC2A8,protein_coding
ANGPTL2,protein_coding
CDK5RAP2,protein_coding
ZFP37,protein_coding
SLC31A2,protein_coding
SLC31A1,protein_coding
TLR4,protein_coding
ZNF189,protein_coding
STX17,protein_coding
PRPF4,protein_coding
FPGS,protein_coding
USP20,protein_coding
ATP6V1G1,protein_coding
TEX10,protein_coding
GARNL3,protein_coding
MRPL50,protein_coding
DPM2,protein_coding
WDR38,protein_coding
TSTD2,protein_coding
GABBR2,protein_coding
PSMB7,protein_coding
TRMO,protein_coding
RABEPK,protein_coding
GOLGA1,protein_coding
XPA,protein_coding
NCBP1,protein_coding
ANP32B,protein_coding
PDCL,protein_coding
RPL35,protein_coding
CTSV,protein_coding
ARPC5L,protein_coding
ENPP2,protein_coding
DSCC1,protein_coding
DERL1,protein_coding
MYC,protein_coding
CCN3,protein_coding
IL33,protein_coding
DMAC1,protein_coding
RANBP6,protein_coding
POLR1E,protein_coding
PLAA,protein_coding
IL11RA,protein_coding
UBAP2,protein_coding
APTX,protein_coding
RNF38,protein_coding
TLN1,protein_coding
SIT1,protein_coding
DNAJB5,protein_coding
SPAG8,protein_coding
DCTN3,protein_coding
CD72,protein_coding
TMEM8B,protein_coding
GRHPR,protein_coding
ALDH1B1,protein_coding
ARHGEF39,protein_coding
IGFBPL1,protein_coding
DENND4C,protein_coding
RPS6,protein_coding
CNPY3,protein_coding
FOXP4,protein_coding
PPIL1,protein_coding
KLC4,protein_coding
KIF13A,protein_coding
ZSCAN9,protein_coding
PIM1,protein_coding
GMPR,protein_coding
CMTR1,protein_coding
TFAP2A,protein_coding
YIPF3,protein_coding
TMEM14B,protein_coding
TMEM63B,protein_coding
FRS3,protein_coding
TJAP1,protein_coding
KIAA0319,protein_coding
SLC22A23,protein_coding
TUBB2A,protein_coding
LRRC1,protein_coding
FOXF2,protein_coding
BPHL,protein_coding
RIPK1,protein_coding
TUBB2B,protein_coding
UQCC2,protein_coding
HMGA1,protein_coding
TCF19,protein_coding
FLOT1,protein_coding
IER3,protein_coding
MDC1,protein_coding
PGBD1,protein_coding
ATAT1,protein_coding
TPMT,protein_coding
RNF144B,protein_coding
NRM,protein_coding
MTCH1,protein_coding
TAF8,protein_coding
FAM8A1,protein_coding
C6orf52,protein_coding
FGFBP2,protein_coding
CPEB2,protein_coding
FHDC1,protein_coding
TLR2,protein_coding
MGARP,protein_coding
MYO7A,protein_coding
FCHSD2,protein_coding
ARRB1,protein_coding
SLCO2B1,protein_coding
THAP12,protein_coding
ANKRD42,protein_coding
IL18BP,protein_coding
NUMA1,protein_coding
CCDC90B,protein_coding
SYTL2,protein_coding
RAB30,protein_coding
CREBZF,protein_coding
LRRC32,protein_coding
PRCP,protein_coding
NARS2,protein_coding
RNF121,protein_coding
MRPL15,protein_coding
PI15,protein_coding
TTPA,protein_coding
GGH,protein_coding
SLCO5A1,protein_coding
SULF1,protein_coding
TGS1,protein_coding
SDCBP,protein_coding
NEK1,protein_coding
DDX60,protein_coding
SORL1,protein_coding
BUD13,protein_coding
TRPC6,protein_coding
MMP7,protein_coding
CFAP300,protein_coding
DCUN1D5,protein_coding
YAP1,protein_coding
SLC37A4,protein_coding
RDX,protein_coding
PPP2R1B,protein_coding
FDX1,protein_coding
C11orf1,protein_coding
FXYD6,protein_coding
ARHGAP20,protein_coding
CASP1,protein_coding
CASP5,protein_coding
ALKBH8,protein_coding
MAP2K5,protein_coding
UNC13C,protein_coding
SQOR,protein_coding
CTDSPL2,protein_coding
SLTM,protein_coding
THBS1,protein_coding
MAPKBP1,protein_coding
NDUFAF1,protein_coding
KIF23,protein_coding
ITGA11,protein_coding
KNL1,protein_coding
HAUS2,protein_coding
RTF1,protein_coding
PARP6,protein_coding
RPLP1,protein_coding
PAQR5,protein_coding
LRRC49,protein_coding
TUBGCP4,protein_coding
RMDN3,protein_coding
ITPKA,protein_coding
UACA,protein_coding
SMAD6,protein_coding
PLCB2,protein_coding
TMEM62,protein_coding
PAK6,protein_coding
ADAM10,protein_coding
DUOX1,protein_coding
STRA6,protein_coding
CYP19A1,protein_coding
ZNF280D,protein_coding
SEMA6D,protein_coding
RSL24D1,protein_coding
SPTBN5,protein_coding
BCAR3,protein_coding
TTLL7,protein_coding
FNBP1L,protein_coding
KYAT3,protein_coding
GTF2B,protein_coding
RABGGTB,protein_coding
IFI44L,protein_coding
ARHGAP29,protein_coding
IFI44,protein_coding
SLC44A5,protein_coding
RPL7P9,processed_pseudogene
DNASE2B,protein_coding
DBT,protein_coding
RTCA,protein_coding
IFT172,protein_coding
SELENOI,protein_coding
CGREF1,protein_coding
HADHB,protein_coding
KHK,protein_coding
ADCY3,protein_coding
PPM1B,protein_coding
PNPT1,protein_coding
DYNC2LI1,protein_coding
THUMPD2,protein_coding
CYP1B1,protein_coding
RAB1A,protein_coding
ACTR2,protein_coding
PREB,protein_coding
SLC5A6,protein_coding
PREPL,protein_coding
EMILIN1,protein_coding
FBXO11,protein_coding
ATRAID,protein_coding
CENPO,protein_coding
LRPPRC,protein_coding
DTNB,protein_coding
ACTR1A,protein_coding
MFSD13A,protein_coding
CYP2C8,protein_coding
MYOF,protein_coding
LOXL4,protein_coding
STAMBPL1,protein_coding
CH25H,protein_coding
ATAD1,protein_coding
KIF11,protein_coding
TACC2,protein_coding
DUSP5,protein_coding
CALHM2,protein_coding
ARL3,protein_coding
CEP55,protein_coding
KIF20B,protein_coding
ENTPD1,protein_coding
EXOC6,protein_coding
PLCE1,protein_coding
RBP4,protein_coding
DBR1,protein_coding
DNAJC13,protein_coding
ANXA7,protein_coding
FAM149B1,protein_coding
ASCC1,protein_coding
ZNF365,protein_coding
ADAMTS14,protein_coding
RPS24,protein_coding
TET1,protein_coding
DNA2,protein_coding
AOX1,protein_coding
ATIC,protein_coding
SMARCAL1,protein_coding
BARD1,protein_coding
STAT4,protein_coding
MSTN,protein_coding
CARF,protein_coding
ASNSD1,protein_coding
METTL5,protein_coding
SSB,protein_coding
NAB1,protein_coding
PPIG,protein_coding
FASTKD1,protein_coding
MDH1B,protein_coding
HECW2,protein_coding
IDH1,protein_coding
OLA1,protein_coding
CIR1,protein_coding
ITPRID2,protein_coding
CHRNA1,protein_coding
FAM117B,protein_coding
WDR12,protein_coding
ABI2,protein_coding
ITGAV,protein_coding
SLC40A1,protein_coding
SLC35A5,protein_coding
SLC49A4,protein_coding
SENP7,protein_coding
COX17,protein_coding
PARP9,protein_coding
MNS1,protein_coding
USP8,protein_coding
SECISBP2L,protein_coding
TMOD3,protein_coding
SPPL2A,protein_coding
GLCE,protein_coding
SHF,protein_coding
APH1B,protein_coding
INTS14,protein_coding
CILP,protein_coding
PARP16,protein_coding
PPCDC,protein_coding
SEMA7A,protein_coding
UBL7,protein_coding
ARHGAP24,protein_coding
FAM13A,protein_coding
HERC6,protein_coding
HERC5,protein_coding
PCDH10,protein_coding
ZGRF1,protein_coding
AP1AR,protein_coding
COPS4,protein_coding
HNRNPD,protein_coding
RASGEF1B,protein_coding
SEC31A,protein_coding
GPAT3,protein_coding
FGF2,protein_coding
BBS7,protein_coding
KIAA1109,protein_coding
BMPR1B,protein_coding
RAP1GDS1,protein_coding
LARP1B,protein_coding
MMRN1,protein_coding
PDE5A,protein_coding
PRDM5,protein_coding
TRPC3,protein_coding
NAAA,protein_coding
NUP54,protein_coding
CXCL9,protein_coding
BMP2K,protein_coding
G3BP2,protein_coding
SEPTIN11,protein_coding
FRAS1,protein_coding
SCARB2,protein_coding
CCNG2,protein_coding
CNOT6L,protein_coding
USO1,protein_coding
CDKL2,protein_coding
SHROOM3,protein_coding
ANXA3,protein_coding
PPA2,protein_coding
CENPE,protein_coding
GSTCD,protein_coding
INTS12,protein_coding
ENPEP,protein_coding
CASP6,protein_coding
LEF1,protein_coding
HADH,protein_coding
EGF,protein_coding
PAPSS1,protein_coding
SEC24B,protein_coding
PPP3CA,protein_coding
SLC39A8,protein_coding
MTTP,protein_coding
FBN2,protein_coding
MAPK8IP3,protein_coding
RGS3,protein_coding
GUCD1,protein_coding
RNF185,protein_coding
SHISAL1,protein_coding
PARVG,protein_coding
B4GALNT3,protein_coding
ERP27,protein_coding
ETV6,protein_coding
GABARAPL1,protein_coding
KIF21A,protein_coding
CPNE8,protein_coding
YARS2,protein_coding
FGD4,protein_coding
ALG10,protein_coding
SINHCAF,protein_coding
AEBP2,protein_coding
SLCO1C1,protein_coding
ETFBKMT,protein_coding
ETNK1,protein_coding
ZCRB1,protein_coding
TMEM117,protein_coding
PRICKLE1,protein_coding
C1RL,protein_coding
NDUFA9,protein_coding
CLSTN3,protein_coding
KLRG1,protein_coding
VAMP1,protein_coding
TAPBPL,protein_coding
CD27,protein_coding
RBP5,protein_coding
PEX5,protein_coding
PIANP,protein_coding
AMIGO2,protein_coding
SCAF11,protein_coding
COL2A1,protein_coding
PPFIA2,protein_coding
LLPH,protein_coding
RPL14P1,processed_pseudogene
LRIG3,protein_coding
MARCHF9,protein_coding
GLIPR1,protein_coding
PHLDA1,protein_coding
TMEM19,protein_coding
LGR5,protein_coding
DUSP6,protein_coding
POC1B,protein_coding
TMTC3,protein_coding
LUM,protein_coding
SNRPF,protein_coding
AMDHD1,protein_coding
NEDD1,protein_coding
SYCP3,protein_coding
ASCL1,protein_coding
GAS2L3,protein_coding
TMEM132B,protein_coding
SLC15A4,protein_coding
TDG,protein_coding
RITA1,protein_coding
SDSL,protein_coding
MMAB,protein_coding
GLTP,protein_coding
GIT2,protein_coding
TCHP,protein_coding
FAM222A,protein_coding
FOXN4,protein_coding
NUP58,protein_coding
MTMR6,protein_coding
SLC46A3,protein_coding
SLC7A1,protein_coding
LNX2,protein_coding
SUOX,protein_coding
CCDC65,protein_coding
TARBP2,protein_coding
RDH16,protein_coding
ACVRL1,protein_coding
GPR84,protein_coding
NABP2,protein_coding
N4BP2L1,protein_coding
SMARCC2,protein_coding
BRCA2,protein_coding
KANSL2,protein_coding
CERS5,protein_coding
MAP3K12,protein_coding
ITGB7,protein_coding
GALNT6,protein_coding
CSAD,protein_coding
LMBR1L,protein_coding
ESYT1,protein_coding
TMBIM6,protein_coding
ANKRD52,protein_coding
ZNF740,protein_coding
WDFY2,protein_coding
HNRNPA1L2,protein_coding
LPAR6,protein_coding
ESD,protein_coding
RB1,protein_coding
SBNO1,protein_coding
MORN3,protein_coding
SETD1B,protein_coding
VPS33A,protein_coding
VPS37B,protein_coding
DENR,protein_coding
DIAPH3,protein_coding
SLAIN1,protein_coding
RBM26,protein_coding
SRRM4,protein_coding
MBNL2,protein_coding
ZIC5,protein_coding
ABHD13,protein_coding
RAB20,protein_coding
GRTP1,protein_coding
CUL4A,protein_coding
SSTR1,protein_coding
CDH24,protein_coding
REM2,protein_coding
CBLN3,protein_coding
TSSK4,protein_coding
NOVA1,protein_coding
MDGA2,protein_coding
TMX1,protein_coding
FRMD6,protein_coding
PELI2,protein_coding
RTN1,protein_coding
ARMH4,protein_coding
SYT16,protein_coding
SLC38A6,protein_coding
NAA30,protein_coding
ADAM21,protein_coding
RDH12,protein_coding
DCAF5,protein_coding
RAB15,protein_coding
WDR89,protein_coding
ESR2,protein_coding
STON2,protein_coding
EFCAB11,protein_coding
GPR65,protein_coding
PTGR2,protein_coding
JDP2,protein_coding
FAM181A,protein_coding
SLC24A4,protein_coding
FBLN5,protein_coding
CLBA1,protein_coding
WARS1,protein_coding
WDR20,protein_coding
NIPA2,protein_coding
SLC12A6,protein_coding
MFAP1,protein_coding
TCF12,protein_coding
SORD,protein_coding
SERF2,protein_coding
ZSCAN29,protein_coding
LYSMD2,protein_coding
BNIP2,protein_coding
GTF2A2,protein_coding
SRP14,protein_coding
BAHD1,protein_coding
DISP2,protein_coding
CDAN1,protein_coding
TLE3,protein_coding
ANP32A,protein_coding
COMMD4,protein_coding
UBE2Q2,protein_coding
PSTPIP1,protein_coding
ETFA,protein_coding
BCL2A1,protein_coding
HMG20A,protein_coding
SCAPER,protein_coding
TSPAN3,protein_coding
WDR61,protein_coding
NCOA2,protein_coding
NEIL1,protein_coding
MAN2C1,protein_coding
DNAJA4,protein_coding
TLNRD1,protein_coding
TPM1,protein_coding
IGF1R,protein_coding
ARRDC4,protein_coding
PIF1,protein_coding
USP3,protein_coding
CYP11A1,protein_coding
BBS4,protein_coding
PML,protein_coding
ADAMTS17,protein_coding
LINS1,protein_coding
ULK3,protein_coding
PCSK6,protein_coding
SCAMP2,protein_coding
HAPLN3,protein_coding
RHCG,protein_coding
POLG,protein_coding
RLBP1,protein_coding
FANCI,protein_coding
ABHD2,protein_coding
WDR93,protein_coding
TICRR,protein_coding
NTRK3,protein_coding
MFGE8,protein_coding
ZNF710,protein_coding
UNC45A,protein_coding
ST8SIA2,protein_coding
FURIN,protein_coding
IQGAP1,protein_coding
CRTC3,protein_coding
EFL1,protein_coding
SH3GL3,protein_coding
SEC11A,protein_coding
GLYR1,protein_coding
PMM2,protein_coding
ITGAX,protein_coding
TGFB1I1,protein_coding
RUSF1,protein_coding
ARMC5,protein_coding
PARN,protein_coding
FTO,protein_coding
UQCRC2,protein_coding
CDR2,protein_coding
IGSF6,protein_coding
ARHGAP17,protein_coding
NKD1,protein_coding
DHX38,protein_coding
TXNL4B,protein_coding
MARVELD3,protein_coding
ZFHX3,protein_coding
CLEC18B,protein_coding
CPNE2,protein_coding
NLRC5,protein_coding
KATNB1,protein_coding
KIFC3,protein_coding
ADAMTS18,protein_coding
NUDT7,protein_coding
GCSH,protein_coding
CMTM3,protein_coding
CMTM2,protein_coding
CDH11,protein_coding
NOL3,protein_coding
MAP1LC3B,protein_coding
MBTPS1,protein_coding
CDH13,protein_coding
ZCCHC14,protein_coding
MEAK7,protein_coding
OSGIN1,protein_coding
IRF8,protein_coding
RHOT2,protein_coding
ZSCAN32,protein_coding
RPS2,protein_coding
NDUFB10,protein_coding
PDPK1,protein_coding
TIGD7,protein_coding
DEF8,protein_coding
TCF25,protein_coding
GALNS,protein_coding
GAS8,protein_coding
MED9,protein_coding
NCOR1,protein_coding
CDRT15P1,unprocessed_pseudogene
COPS3,protein_coding
GID4,protein_coding
ZNF287,protein_coding
KSR1,protein_coding
UTP4,protein_coding
RANBP10,protein_coding
GFOD2,protein_coding
NOB1,protein_coding
PRPSAP2,protein_coding
PCTP,protein_coding
TOM1L1,protein_coding
C17orf80,protein_coding
TOB1,protein_coding
VPS53,protein_coding
SGSM2,protein_coding
NPEPPS,protein_coding
LRRC46,protein_coding
SCRN2,protein_coding
SSH2,protein_coding
RHBDL3,protein_coding
ARSG,protein_coding
ABCA8,protein_coding
G6PC3,protein_coding
CLTC,protein_coding
BCAS3,protein_coding
PTRH2,protein_coding
SS18,protein_coding
TAF4B,protein_coding
AFG3L2,protein_coding
PRELID3A,protein_coding
IMPA2,protein_coding
GNAL,protein_coding
SLC39A6,protein_coding
RPRD1A,protein_coding
C18orf21,protein_coding
GALNT1,protein_coding
ASXL3,protein_coding
ADCYAP1,protein_coding
GAREM1,protein_coding
ESCO1,protein_coding
OSBPL1A,protein_coding
GREB1L,protein_coding
RMC1,protein_coding
PELP1,protein_coding
NPC1,protein_coding
SLC14A1,protein_coding
ARRB2,protein_coding
SLC13A5,protein_coding
ZMYND15,protein_coding
WRAP53,protein_coding
MINK1,protein_coding
SAT2,protein_coding
ASGR1,protein_coding
PIK3R5,protein_coding
TP53,protein_coding
CCDC40,protein_coding
ARHGDIA,protein_coding
TMC6,protein_coding
SLC16A3,protein_coding
TTYH2,protein_coding
RAB40B,protein_coding
EIF4A3,protein_coding
CSNK1D,protein_coding
ANAPC11,protein_coding
TBCD,protein_coding
FN3KRP,protein_coding
NARF,protein_coding
RPTOR,protein_coding
FOXK2,protein_coding
TRIM65,protein_coding
CBX8,protein_coding
SECTM1,protein_coding
RNF157,protein_coding
CEP131,protein_coding
ZNF750,protein_coding
WDR45B,protein_coding
CBX4,protein_coding
RNF165,protein_coding
DYM,protein_coding
MAPK4,protein_coding
ELAC1,protein_coding
MBD1,protein_coding
SMAD4,protein_coding
TNFRSF11A,protein_coding
ZCCHC2,protein_coding
FBXO15,protein_coding
CBLN2,protein_coding
PMAIP1,protein_coding
P3H4,protein_coding
NT5C3B,protein_coding
RETREG3,protein_coding
ERBB2,protein_coding
MIEN1,protein_coding
PNMT,protein_coding
STAC2,protein_coding
IGFBP4,protein_coding
FKBP10,protein_coding
TXNL4A,protein_coding
CACNA1A,protein_coding
MISP3,protein_coding
SAMD1,protein_coding
BRD4,protein_coding
SLC39A3,protein_coding
NFIC,protein_coding
TPGS1,protein_coding
PLPP2,protein_coding
PRDM15,protein_coding
PFKL,protein_coding
FEM1A,protein_coding
VAV1,protein_coding
MVB12A,protein_coding
SH3GL1,protein_coding
DUS3L,protein_coding
DPP9,protein_coding
CCDC97,protein_coding
TMEM91,protein_coding
ZFP14,protein_coding
SIRT3,protein_coding
IFITM3,protein_coding
PGGHG,protein_coding
HUNK,protein_coding
COL6A1,protein_coding
IFNAR1,protein_coding
SOD1,protein_coding
COL6A2,protein_coding
SIK1,protein_coding
TRPM2,protein_coding
SCYL1,protein_coding
TMEM50B,protein_coding
APP,protein_coding
DOP1B,protein_coding
URB1,protein_coding
AKT1,protein_coding
EMP3,protein_coding
SAE1,protein_coding
NTN5,protein_coding
LMTK3,protein_coding
GEMIN7,protein_coding
WTIP,protein_coding
ADAMTS10,protein_coding
RNPEPL1,protein_coding
CAPN10,protein_coding
MYO1F,protein_coding
ERVK3-1,protein_coding
CACNG8,protein_coding
ZNF787,protein_coding
TIMM29,protein_coding
FBN3,protein_coding
CARM1,protein_coding
EVI5L,protein_coding
SLC47A1,protein_coding
PSMB6,protein_coding
SIGLEC10,protein_coding
ACP4,protein_coding
ZNF473,protein_coding
FAM71E1,protein_coding
RPS11,protein_coding
RPL13A,protein_coding
CTU1,protein_coding
NOSIP,protein_coding
IGLON5,protein_coding
RCN3,protein_coding
ZNF614,protein_coding
SLC2A5,protein_coding
RERE,protein_coding
MMEL1,protein_coding
PRDM16,protein_coding
FHAD1,protein_coding
EPHA2,protein_coding
ARHGEF19,protein_coding
EFHD2,protein_coding
PEX14,protein_coding
PGD,protein_coding
SH3BGRL3,protein_coding
CNKSR1,protein_coding
RPL11,protein_coding
C1orf216,protein_coding
KIAA0319L,protein_coding
C1orf94,protein_coding
DMRTA2,protein_coding
PLK4,protein_coding
MAP3K6,protein_coding
FCN3,protein_coding
GPN2,protein_coding
SYTL1,protein_coding
WDTC1,protein_coding
NBPF3,protein_coding
HSPG2,protein_coding
ITGB3BP,protein_coding
SERBP1,protein_coding
BCL10,protein_coding
CCN1,protein_coding
PRKACB,protein_coding
PIGK,protein_coding
TINAGL1,protein_coding
AZIN2,protein_coding
RPS8,protein_coding
KIF2C,protein_coding
PTPRF,protein_coding
BEST4,protein_coding
MOB3C,protein_coding
LMO4,protein_coding
SYPL2,protein_coding
MTF2,protein_coding
SLC44A3,protein_coding
IGSF3,protein_coding
ZNF697,protein_coding
CTTNBP2NL,protein_coding
STRIP1,protein_coding
PSMA5,protein_coding
FNDC7,protein_coding
C1orf162,protein_coding
CD53,protein_coding
PROK1,protein_coding
CELSR2,protein_coding
ITGA10,protein_coding
GPR161,protein_coding
ALDH9A1,protein_coding
ATP1B1,protein_coding
TIPRL,protein_coding
NME7,protein_coding
POGK,protein_coding
MPC2,protein_coding
CREG1,protein_coding
DCAF6,protein_coding
RXRG,protein_coding
TBX19,protein_coding
UCK2,protein_coding
TMCO1,protein_coding
XCL2,protein_coding
POU2F1,protein_coding
MAEL,protein_coding
ILDR2,protein_coding
MGST3,protein_coding
COP1,protein_coding
UFC1,protein_coding
PPOX,protein_coding
FCGR2A,protein_coding
NUF2,protein_coding
RGS5,protein_coding
SDHC,protein_coding
PFDN2,protein_coding
NR1I3,protein_coding
USP21,protein_coding
PRCC,protein_coding
RRNAD1,protein_coding
MRPL24,protein_coding
PIGM,protein_coding
CASQ1,protein_coding
ISG20L2,protein_coding
CRABP2,protein_coding
HDGF,protein_coding
ABL2,protein_coding
XPR1,protein_coding
RGS16,protein_coding
TOR1AIP1,protein_coding
HMCN1,protein_coding
RGL1,protein_coding
LYPLAL1,protein_coding
LHX9,protein_coding
PRUNE1,protein_coding
TUFT1,protein_coding
SF3B4,protein_coding
ECM1,protein_coding
ZNF687,protein_coding
TARS2,protein_coding
CGN,protein_coding
SNX27,protein_coding
SETDB1,protein_coding
ADAMTSL4,protein_coding
MCL1,protein_coding
CTSK,protein_coding
RFX5,protein_coding
PI4KB,protein_coding
PIP5K1A,protein_coding
ANP32E,protein_coding
MINDY1,protein_coding
ANXA9,protein_coding
SELENBP1,protein_coding
CERS2,protein_coding
ENSA,protein_coding
LSP1P4,transcribed_unprocessed_pseudogene
SEMA6C,protein_coding
MRPL9,protein_coding
ARNT,protein_coding
POGZ,protein_coding
C1orf56,protein_coding
GOLPH3L,protein_coding
GABPB2,protein_coding
SYT14,protein_coding
KCNH1,protein_coding
DTL,protein_coding
DYRK3,protein_coding
EIF2D,protein_coding
INTS7,protein_coding
VASH2,protein_coding
TAF1A,protein_coding
SMYD2,protein_coding
SUSD4,protein_coding
DUSP10,protein_coding
TP53BP2,protein_coding
ATP8B2,protein_coding
ADAM15,protein_coding
JTB,protein_coding
RAB13,protein_coding
S100A8,protein_coding
TPM3,protein_coding
NUP210L,protein_coding
SNAPIN,protein_coding
SLC27A3,protein_coding
UBAP2L,protein_coding
SLC39A1,protein_coding
HAX1,protein_coding
CREB3L4,protein_coding
EFNA3,protein_coding
KCNN3,protein_coding
C1orf43,protein_coding
GATAD2B,protein_coding
ILF2,protein_coding
RIT1,protein_coding
INTS3,protein_coding
HCN3,protein_coding
ACTA1,protein_coding
C1orf131,protein_coding
GALNT2,protein_coding
TTC13,protein_coding
SCCPDH,protein_coding
LYST,protein_coding
CEP170,protein_coding
ACP1,protein_coding
SNAP47,protein_coding
SRP9,protein_coding
NVL,protein_coding
SDE2,protein_coding
DEGS1,protein_coding
FBXO28,protein_coding
ARF1,protein_coding
LEFTY2,protein_coding
CNIH4,protein_coding
ITPKB,protein_coding
GUK1,protein_coding
CDC42BPA,protein_coding
CNIH3,protein_coding
C1orf35,protein_coding
MBOAT2,protein_coding
PARP1,protein_coding
PYCR2,protein_coding
LBR,protein_coding
WNT9A,protein_coding
EPHX1,protein_coding
SOX13,protein_coding
ETNK2,protein_coding
PPFIA4,protein_coding
PLEKHA6,protein_coding
PTPN7,protein_coding
SYT2,protein_coding
ARL8A,protein_coding
OSR1,protein_coding
GDF7,protein_coding
PDIA6,protein_coding
RHOB,protein_coding
ATP6V1C2,protein_coding
HNRNPLL,protein_coding
GALM,protein_coding
CAMKMT,protein_coding
EML4,protein_coding
CALM2,protein_coding
CHAC2,protein_coding
RPS27A,protein_coding
WDPCP,protein_coding
VPS54,protein_coding
ASXL2,protein_coding
ETAA1,protein_coding
SNRPG,protein_coding
ABHD1,protein_coding
MEIS1,protein_coding
CIAO1,protein_coding
ZNF514,protein_coding
SNRNP200,protein_coding
MRPS5,protein_coding
ANKRD53,protein_coding
TPRKB,protein_coding
EXOC6B,protein_coding
SFXN5,protein_coding
TEX261,protein_coding
DUSP11,protein_coding
ST6GAL2,protein_coding
NPHP1,protein_coding
THNSL2,protein_coding
RALB,protein_coding
C1QL2,protein_coding
TMEM177,protein_coding
RABL2A,protein_coding
SLC20A1,protein_coding
FBLN7,protein_coding
SNRPA1P1,processed_pseudogene
ZC3H8,protein_coding
LIPT1,protein_coding
CNGA3,protein_coding
FAHD2B,protein_coding
LYG1,protein_coding
AFF3,protein_coding
UBXN4,protein_coding
NXPH2,protein_coding
SPOPL,protein_coding
GPR17,protein_coding
POLR2D,protein_coding
AMMECR1L,protein_coding
GALNT13,protein_coding
PKP4,protein_coding
SCN1A,protein_coding
SLC4A10,protein_coding
SCRN3,protein_coding
LNPK,protein_coding
ZNF385B,protein_coding
TMEFF2,protein_coding
CDCA7,protein_coding
DLX1,protein_coding
UBR3,protein_coding
PHOSPHO2,protein_coding
GULP1,protein_coding
FAM171B,protein_coding
HSPD1,protein_coding
CCDC150,protein_coding
METTL21A,protein_coding
UNC80,protein_coding
CPO,protein_coding
NBEAL1,protein_coding
KANSL1L,protein_coding
SPAG16,protein_coding
ABCA12,protein_coding
SUMF1,protein_coding
RHBDD1,protein_coding
ACKR3,protein_coding
TRPM8,protein_coding
HES6,protein_coding
ESPNL,protein_coding
ANKMY1,protein_coding
COPS7B,protein_coding
DIS3L2,protein_coding
CPNE9,protein_coding
FANCD2,protein_coding
TAMM41,protein_coding
VGLL4,protein_coding
RAB5A,protein_coding
RETREG2,protein_coding
CTDSP1,protein_coding
CNOT9,protein_coding
MARCHF4,protein_coding
STK11IP,protein_coding
GMPPA,protein_coding
GRIP2,protein_coding
EAF1,protein_coding
CNTN4,protein_coding
DYNC1LI1,protein_coding
RBMS3,protein_coding
OSBPL10,protein_coding
POMGNT2,protein_coding
GASK1A,protein_coding
CSRNP1,protein_coding
SLC25A38,protein_coding
ITGA9,protein_coding
GOLGA4,protein_coding
CTDSPL,protein_coding
STAC,protein_coding
IQSEC1,protein_coding
CAND2,protein_coding
RPL32,protein_coding
PTPRG,protein_coding
IL17RD,protein_coding
SHQ1,protein_coding
SLC25A26,protein_coding
UBA3,protein_coding
ARL6IP5,protein_coding
TMF1,protein_coding
LRIG1,protein_coding
LIMD1,protein_coding
ZNF660,protein_coding
NFKBIZ,protein_coding
COL8A1,protein_coding
NXPE3,protein_coding
MYH15,protein_coding
PHLDB2,protein_coding
ABHD10,protein_coding
TAGLN3,protein_coding
PLA1A,protein_coding
RABL3,protein_coding
ADPRH,protein_coding
IGSF11,protein_coding
ATG3,protein_coding
BOC,protein_coding
SRPRB,protein_coding
TMEM108,protein_coding
AGTR1,protein_coding
MED12L,protein_coding
EIF2A,protein_coding
ALDH1L1,protein_coding
OSBPL11,protein_coding
TRPC1,protein_coding
NCEH1,protein_coding
FAM86B2,protein_coding
LPP,protein_coding
TMEM44,protein_coding
RUBCN,protein_coding
TCTA,protein_coding
UCN2,protein_coding
DCAF1,protein_coding
MANF,protein_coding
STXBP5L,protein_coding
EAF2,protein_coding
SLIT2,protein_coding
EIF2B5,protein_coding
VWA5B2,protein_coding
DGKQ,protein_coding
FIP1L1,protein_coding
SLC26A1,protein_coding
LYAR,protein_coding
CENPC,protein_coding
EPHA5,protein_coding
ATP10D,protein_coding
OCIAD2,protein_coding
SLC10A4,protein_coding
SLC10A6,protein_coding
SCD5,protein_coding
PLAC8,protein_coding
ENOPH1,protein_coding
TRMT10A,protein_coding
KLHL8,protein_coding
SNCA,protein_coding
TBCK,protein_coding
CAMK2D,protein_coding
CISD2,protein_coding
DDIT4L,protein_coding
ANK2,protein_coding
TIFA,protein_coding
SPATA5,protein_coding
CCNA2,protein_coding
METTL14,protein_coding
USP53,protein_coding
SETD7,protein_coding
NAF1,protein_coding
MARCHF1,protein_coding
SFRP2,protein_coding
RPS3A,protein_coding
RNF175,protein_coding
PDGFC,protein_coding
CBR4,protein_coding
CYP4V2,protein_coding
ROPN1L,protein_coding
NDUFS6,protein_coding
MARCHF6,protein_coding
NKD2,protein_coding
CDH18,protein_coding
ADAMTS16,protein_coding
SRD5A1,protein_coding
MYO10,protein_coding
OTULINL,protein_coding
RPL37,protein_coding
SKP2,protein_coding
OSMR,protein_coding
PLK2,protein_coding
SHISAL2B,protein_coding
GZMA,protein_coding
PIK3R1,protein_coding
HAPLN1,protein_coding
LHFPL2,protein_coding
SSBP2,protein_coding
IQGAP2,protein_coding
CRHBP,protein_coding
RASA1,protein_coding
LIX1,protein_coding
GIN1,protein_coding
PPIP5K2,protein_coding
PAM,protein_coding
BDP1,protein_coding
GTF2H2,protein_coding
SLC30A5,protein_coding
BTF3,protein_coding
FBXL17,protein_coding
SPATA9,protein_coding
TNFAIP8,protein_coding
FEM1C,protein_coding
COMMD10,protein_coding
ATG12,protein_coding
MEGF10,protein_coding
YIPF5,protein_coding
ARHGAP26,protein_coding
CXCL14,protein_coding
SLC25A48,protein_coding
DDX46,protein_coding
TIMD4,protein_coding
RNF145,protein_coding
C1QTNF2,protein_coding
GABRB2,protein_coding
FBXO38,protein_coding
SPINK7,protein_coding
PCYOX1L,protein_coding
TNIP1,protein_coding
G3BP1,protein_coding
ZNF300,protein_coding
N4BP3,protein_coding
NHP2,protein_coding
RMND5B,protein_coding
BOD1,protein_coding
CPLX2,protein_coding
TENM2,protein_coding
KCNMB1,protein_coding
FAM50B,protein_coding
MYLK4,protein_coding
TBC1D7,protein_coding
FARS2,protein_coding
GFOD1,protein_coding
CDKAL1,protein_coding
PCDHB18P,transcribed_unprocessed_pseudogene
PSD2,protein_coding
LRRTM2,protein_coding
ZMAT2,protein_coding
KLHL3,protein_coding
DCDC2,protein_coding
TRIM41,protein_coding
HIGD2A,protein_coding
FAM193B,protein_coding
PLA2G7,protein_coding
TNFRSF21,protein_coding
RNF44,protein_coding
MMUT,protein_coding
RASGEF1C,protein_coding
DOK3,protein_coding
ABT1,protein_coding
PPP1R18,protein_coding
DAAM2,protein_coding
PRIM2,protein_coding
MLIP,protein_coding
HMGCLL1,protein_coding
FGD2,protein_coding
SCUBE3,protein_coding
ANO7,protein_coding
CRIP3,protein_coding
TTBK1,protein_coding
RPL7L1,protein_coding
NFKBIE,protein_coding
CYP39A1,protein_coding
TPBG,protein_coding
IRAK1BP1,protein_coding
PHIP,protein_coding
PRSS35,protein_coding
MMS22L,protein_coding
FAXC,protein_coding
PNRC1,protein_coding
PM20D2,protein_coding
RARS2,protein_coding
TBC1D32,protein_coding
CLVS2,protein_coding
RNF217,protein_coding
ARHGAP18,protein_coding
ABRACL,protein_coding
SLC18B1,protein_coding
MTFR2,protein_coding
SLC2A12,protein_coding
SHPRH,protein_coding
AIG1,protein_coding
DYNLT1,protein_coding
TIAM2,protein_coding
TMEM181,protein_coding
WTAP,protein_coding
ZMYM4,protein_coding
ARMT1,protein_coding
SLC22A3,protein_coding
GNA12,protein_coding
C7orf50,protein_coding
SDK1,protein_coding
WASH2P,transcribed_unprocessed_pseudogene
CCZ1B,protein_coding
C7orf26,protein_coding
RBAK,protein_coding
CREB5,protein_coding
EGFR,protein_coding
CDCA5,protein_coding
IGFBP3,protein_coding
PURB,protein_coding
AC004453.1,processed_pseudogene
IGFBP1,protein_coding
SSC4D,protein_coding
MDH2,protein_coding
POMZP3,protein_coding
NIPSNAP2,protein_coding
CCT6A,protein_coding
PSPH,protein_coding
ZNF92,protein_coding
ATXN7L1,protein_coding
TMEM168,protein_coding
MAP11,protein_coding
SLC12A9,protein_coding
GIGYF1,protein_coding
TRIM4,protein_coding
MEPCE,protein_coding
TMEM209,protein_coding
AGBL3,protein_coding
ZC3HAV1L,protein_coding
TMEM140,protein_coding
TLK2,protein_coding
EPHA1,protein_coding
NOM1,protein_coding
NCAPG2,protein_coding
NLGN4X,protein_coding
SHROOM2,protein_coding
LUC7L2,protein_coding
DENND2A,protein_coding
CLTRN,protein_coding
SH3KBP1,protein_coding
TMEM47,protein_coding
LANCL3,protein_coding
SYTL5,protein_coding
CASK,protein_coding
KDM6A,protein_coding
MSN,protein_coding
HDAC8,protein_coding
SLC16A2,protein_coding
DIPK2B,protein_coding
ZNF157,protein_coding
ZNF182,protein_coding
CHST7,protein_coding
KRBOX4,protein_coding
NDUFB11,protein_coding
ZNF41,protein_coding
RAB41,protein_coding
ZMYM3,protein_coding
TAF1,protein_coding
NONO,protein_coding
CCDC120,protein_coding
LPAR4,protein_coding
EBP,protein_coding
OGT,protein_coding
SNX12,protein_coding
ITGB1BP2,protein_coding
IL2RG,protein_coding
GCNA,protein_coding
ZNF711,protein_coding
DIAPH2,protein_coding
PRPS1,protein_coding
RADX,protein_coding
FRMPD3,protein_coding
DOCK11,protein_coding
IGSF1,protein_coding
ARHGAP36,protein_coding
GPC3,protein_coding
RBMX,protein_coding
MCPH1,protein_coding
MFHAS1,protein_coding
FBXO25,protein_coding
NSDHL,protein_coding
ZNF185,protein_coding
CETN2,protein_coding
RPL10,protein_coding
CSGALNACT1,protein_coding
ATP6V1B2,protein_coding
CCDC25,protein_coding
HMBOX1,protein_coding
CHRNA6,protein_coding
GNRH1,protein_coding
BIN3,protein_coding
DOK2,protein_coding
SLC25A37,protein_coding
CHMP7,protein_coding
DOCK5,protein_coding
PLPBP,protein_coding
ERLIN2,protein_coding
SNTG1,protein_coding
PXDNL,protein_coding
ST18,protein_coding
RGS20,protein_coding
TACC1,protein_coding
GOLGA7,protein_coding
PLPP5,protein_coding
GINS4,protein_coding
NSD3,protein_coding
ADHFE1,protein_coding
MRPS28,protein_coding
PMP2,protein_coding
LACTB2,protein_coding
TERF1,protein_coding
RPL7,protein_coding
SLC26A7,protein_coding
SYBU,protein_coding
MTDH,protein_coding
LRP12,protein_coding
EBAG9,protein_coding
RSPO2,protein_coding
POLR2K,protein_coding
MAL2,protein_coding
EIF3H,protein_coding
UTP23,protein_coding
NDUFB9,protein_coding
TATDN1,protein_coding
FAM135B,protein_coding
ZNF7,protein_coding
ARHGAP39,protein_coding
SLC39A4,protein_coding
NAPRT,protein_coding
VLDLR,protein_coding
AK3,protein_coding
UHRF2,protein_coding
NFIB,protein_coding
PLIN2,protein_coding
HAUS6,protein_coding
CDKN2B,protein_coding
CDKN2A,protein_coding
C9orf72,protein_coding
IFNK,protein_coding
ZCCHC7,protein_coding
FBXO10,protein_coding
SIGMAR1,protein_coding
CBWD5,protein_coding
CEP78,protein_coding
NTRK2,protein_coding
IDNK,protein_coding
SHC3,protein_coding
AUH,protein_coding
MFSD14B,protein_coding
AOPEP,protein_coding
PLPPR1,protein_coding
ZNF462,protein_coding
INIP,protein_coding
UGCG,protein_coding
SNX30,protein_coding
STOM,protein_coding
GSN,protein_coding
MRRF,protein_coding
NR6A1,protein_coding
CRB2,protein_coding
ALAD,protein_coding
ASTN2,protein_coding
WDR31,protein_coding
POLE3,protein_coding
SURF4,protein_coding
GBGT1,protein_coding
SURF1,protein_coding
SURF2,protein_coding
SURF6,protein_coding
MED22,protein_coding
REXO4,protein_coding
RPL7A,protein_coding
GTF3C5,protein_coding
ASB6,protein_coding
PTGES2,protein_coding
NTMT1,protein_coding
CIZ1,protein_coding
SLC25A25,protein_coding
SH3GLB2,protein_coding
MIGA2,protein_coding
PTGES,protein_coding
LRSAM1,protein_coding
HMCN2,protein_coding
GPR107,protein_coding
PAXX,protein_coding
INPP5E,protein_coding
SEC16A,protein_coding
DPH7,protein_coding
NOTCH1,protein_coding
CACNA1B,protein_coding
NACC2,protein_coding
PROSER2,protein_coding
USP6NL,protein_coding
COMMD3,protein_coding
MSRB2,protein_coding
PDSS1,protein_coding
FAM171A1,protein_coding
MINDY3,protein_coding
SLC39A12,protein_coding
RSU1,protein_coding
ST8SIA6,protein_coding
PARD3,protein_coding
ZEB1,protein_coding
FAM13C,protein_coding
NRBF2,protein_coding
CDHR1,protein_coding
RGR,protein_coding
POLR3A,protein_coding
HERC4,protein_coding
LRMDA,protein_coding
CAMK2G,protein_coding
GLUD1,protein_coding
HTR7,protein_coding
RPP30,protein_coding
FRA10AC1,protein_coding
ADD3,protein_coding
DNAJB12,protein_coding
EIF4EBP2,protein_coding
PLEKHS1,protein_coding
TCF7L2,protein_coding
MKI67,protein_coding
INA,protein_coding
FUOM,protein_coding
LRRC27,protein_coding
MTG1,protein_coding
NKX6-2,protein_coding
GSTO1,protein_coding
TAF5,protein_coding
PPRC1,protein_coding
ITPRIP,protein_coding
CNNM2,protein_coding
PDCD11,protein_coding
ADAM12,protein_coding
RGS10,protein_coding
BTBD10,protein_coding
ADM,protein_coding
GAS2,protein_coding
LIN7C,protein_coding
LRRC4C,protein_coding
IMMP1L,protein_coding
PGAP2,protein_coding
TUT1,protein_coding
ZNF214,protein_coding
HSD17B12,protein_coding
APIP,protein_coding
PAMR1,protein_coding
DGKZ,protein_coding
EIF3M,protein_coding
TNKS1BP1,protein_coding
SERPING1,protein_coding
SSRP1,protein_coding
SLC43A1,protein_coding
PTPRJ,protein_coding
C11orf49,protein_coding
ARFGAP2,protein_coding
CELF1,protein_coding
HIKESHI,protein_coding
CCDC81,protein_coding
SESN3,protein_coding
ENDOD1,protein_coding
CCDC82,protein_coding
KLHL35,protein_coding
TENM4,protein_coding
SERPINH1,protein_coding
CAPN5,protein_coding
INTS4,protein_coding
PAK1,protein_coding
RPS3,protein_coding
ZC3H12C,protein_coding
TTC12,protein_coding
NCAM1,protein_coding
DRD2,protein_coding
NPAT,protein_coding
ATM,protein_coding
AASDHPPT,protein_coding
GLB1L2,protein_coding
SLX4IP,protein_coding
LAMTOR1,protein_coding
P4HA3,protein_coding
GRIK4,protein_coding
ST14,protein_coding
HYOU1,protein_coding
ADAM33,protein_coding
KAT14,protein_coding
TKFC,protein_coding
MTA2,protein_coding
TMEM138,protein_coding
FADS1,protein_coding
ROM1,protein_coding
EML3,protein_coding
INCENP,protein_coding
PLCH2,protein_coding
FRG1BP,unprocessed_pseudogene
CPSF7,protein_coding
B3GAT3,protein_coding
EI24,protein_coding
CCDC15,protein_coding
CHEK1,protein_coding
FEZ1,protein_coding
ESAM,protein_coding
KIRREL3,protein_coding
MPZL2,protein_coding
SCN2B,protein_coding
SIDT2,protein_coding
TMEM25,protein_coding
TAGLN,protein_coding
JPH2,protein_coding
DUSP15,protein_coding
COMMD7,protein_coding
C20orf144,protein_coding
KIAA1755,protein_coding
SPATA25,protein_coding
DSN1,protein_coding
SOGA1,protein_coding
CDH22,protein_coding
LSM14B,protein_coding
YTHDF1,protein_coding
CABLES2,protein_coding
LTO1,protein_coding
GPHA2,protein_coding
TRPT1,protein_coding
NUDT22,protein_coding
FERMT3,protein_coding
PLCB3,protein_coding
MRPL49,protein_coding
FAU,protein_coding
TM7SF2,protein_coding
VPS51,protein_coding
TBX6,protein_coding
PPP4C,protein_coding
ALDOA,protein_coding
TLCD3B,protein_coding
DOC2A,protein_coding
HIRIP3,protein_coding
TAOK2,protein_coding
TMEM219,protein_coding
HMGA2,protein_coding
CNKSR2,protein_coding
CNTN5,protein_coding
CLEC1A,protein_coding
MKX,protein_coding
ITGB1,protein_coding
PCDH15,protein_coding
CTF1,protein_coding
CWC15,protein_coding
FCGR1A,protein_coding
ARID5B,protein_coding
CDH8,protein_coding
DCUN1D2,protein_coding
TMCO3,protein_coding
TMEM218,protein_coding
TIRAP,protein_coding
EEF1AKMT1,protein_coding
LATS2,protein_coding
SAP18,protein_coding
ADGRL3,protein_coding
KIAA1328,protein_coding
FAM124A,protein_coding
MIA2,protein_coding
HNMT,protein_coding
LYPD1,protein_coding
PDCD4,protein_coding
ADRA2A,protein_coding
GPM6A,protein_coding
WDR17,protein_coding
SPATA4,protein_coding
VEGFC,protein_coding
CCDC102B,protein_coding
CD226,protein_coding
CNDP1,protein_coding
FSIP1,protein_coding
DLG2,protein_coding
RGS18,protein_coding
PRSS23,protein_coding
MTMR12,protein_coding
PPP1R1C,protein_coding
CCT5,protein_coding
ATPSCKMT,protein_coding
DOCK1,protein_coding
DIXDC1,protein_coding
DLAT,protein_coding
PIH1D2,protein_coding
NKAPD1,protein_coding
TIMM8B,protein_coding
IL18,protein_coding
PTS,protein_coding
PIP4K2A,protein_coding
C2orf50,protein_coding
FREM2,protein_coding
FOXO1,protein_coding
CRIM1,protein_coding
SEC24D,protein_coding
ABCB9,protein_coding
RILPL2,protein_coding
DHX37,protein_coding
UBC,protein_coding
ITPR1,protein_coding
PRSS53,protein_coding
SLC7A11,protein_coding
NOCT,protein_coding
ENKUR,protein_coding
GPR158,protein_coding
CACNA2D4,protein_coding
DCP1B,protein_coding
CACNA1C,protein_coding
KCNA6,protein_coding
THRB,protein_coding
NGLY1,protein_coding
OXSM,protein_coding
UEVLD,protein_coding
TMEM86A,protein_coding
C12orf45,protein_coding
TMEM263,protein_coding
BTBD11,protein_coding
UBE3B,protein_coding
ANK3,protein_coding
IPMK,protein_coding
RAD9B,protein_coding
PLBD2,protein_coding
DLG5,protein_coding
SLC2A13,protein_coding
GXYLT1,protein_coding
TWF1,protein_coding
DIP2C,protein_coding
EIF4E,protein_coding
MAGI1,protein_coding
TEX30,protein_coding
CSNK1G3,protein_coding
SRFBP1,protein_coding
AKAP6,protein_coding
NPAS3,protein_coding
FAM177A1,protein_coding
MBIP,protein_coding
EXT2,protein_coding
TMEM18,protein_coding
KCTD14,protein_coding
THRSP,protein_coding
NDUFC2,protein_coding
ME3,protein_coding
ADAMTS12,protein_coding
NUBPL,protein_coding
NEK7,protein_coding
FER,protein_coding
VIPAS39,protein_coding
ANKRD50,protein_coding
UPF2,protein_coding
CDC123,protein_coding
SCLT1,protein_coding
CCDC3,protein_coding
C4orf33,protein_coding
FRMD4A,protein_coding
PTPRO,protein_coding
EPS8,protein_coding
ACAD8,protein_coding
THYN1,protein_coding
VPS26B,protein_coding
NCAPD3,protein_coding
VTI1A,protein_coding
QDPR,protein_coding
FAM160B1,protein_coding
ANO4,protein_coding
TEX9,protein_coding
QTRT2,protein_coding
MMAA,protein_coding
ZNF827,protein_coding
EDNRA,protein_coding
NR3C2,protein_coding
DPYSL4,protein_coding
VENTX,protein_coding
ADAM8,protein_coding
ITIH2,protein_coding
KIN,protein_coding
PIGF,protein_coding
ANKAR,protein_coding
INPP1,protein_coding
MFSD6,protein_coding
RNF144A,protein_coding
ASAP2,protein_coding
ADAM17,protein_coding
FLI1,protein_coding
TMEM45B,protein_coding
WWC2,protein_coding
CENPU,protein_coding
ACSL1,protein_coding
SLC25A4,protein_coding
AMN1,protein_coding
BICD1,protein_coding
SAV1,protein_coding
CCDC122,protein_coding
SERP2,protein_coding
NBAS,protein_coding
ZNF385D,protein_coding
TDO2,protein_coding
GUF1,protein_coding
GABRA2,protein_coding
SACS,protein_coding
PABPC3,protein_coding
CENPJ,protein_coding
FBXO4,protein_coding
TMEM267,protein_coding
PARP8,protein_coding
GFRA1,protein_coding
CACUL1,protein_coding
DST,protein_coding
BEND6,protein_coding
TIAL1,protein_coding
BAG3,protein_coding
GLT1D1,protein_coding
ZNF37CP,unprocessed_pseudogene
SCHIP1,protein_coding
KCNE4,protein_coding
AP1S3,protein_coding
RABGAP1L,protein_coding
CCDC74B,protein_coding
TLCD4,protein_coding
MZT2B,protein_coding
ASTN1,protein_coding
FAM168B,protein_coding
PTPN14,protein_coding
SMPD4BP,transcribed_processed_pseudogene
MGAT5,protein_coding
TMEM163,protein_coding
GPATCH11,protein_coding
HSPB8,protein_coding
GEMIN6,protein_coding
TMEM178A,protein_coding
POU4F1,protein_coding
OBI1,protein_coding
CYSLTR2,protein_coding
GRID2,protein_coding
ARL11,protein_coding
RIT2,protein_coding
SETBP1,protein_coding
ARL14EP,protein_coding
EPG5,protein_coding
PSTPIP2,protein_coding
ATP5F1A,protein_coding
HAUS1,protein_coding
C18orf25,protein_coding
SPC25,protein_coding
PDK1,protein_coding
PDE3B,protein_coding
TCF7L1,protein_coding
TGOLN2,protein_coding
SH2D6,protein_coding
KCNK13,protein_coding
UHMK1,protein_coding
ATG10,protein_coding
POC5,protein_coding
SPOCK1,protein_coding
FAM151B,protein_coding
TADA1,protein_coding
GUCY1A2,protein_coding
CWF19L2,protein_coding
JMY,protein_coding
HOMER1,protein_coding
XRCC4,protein_coding
ZNF547,protein_coding
ZNF773,protein_coding
ZNF776,protein_coding
ZNF256,protein_coding
SUV39H2,protein_coding
DCLRE1C,protein_coding
RPP38,protein_coding
NMT2,protein_coding
ZSCAN1,protein_coding
ZNF837,protein_coding
USP12,protein_coding
CCDC50,protein_coding
CAMK4,protein_coding
TRIM36,protein_coding
ZFP36L2,protein_coding
PAN3,protein_coding
PLEKHH2,protein_coding
PFKM,protein_coding
TMEM123,protein_coding
GRIA4,protein_coding
SPEF2,protein_coding
SPARCL1,protein_coding
MEPE,protein_coding
MBNL1,protein_coding
NADK2,protein_coding
GPD1L,protein_coding
GJA1,protein_coding
CCNO,protein_coding
CLEC4F,protein_coding
SLC30A6,protein_coding
PELO,protein_coding
RASGRP3,protein_coding
SAR1B,protein_coding
CATSPER3,protein_coding
GPR180,protein_coding
TCTEX1D1,protein_coding
DNAI4,protein_coding
ANKRD22,protein_coding
FARP1,protein_coding
IFIT5,protein_coding
PANK1,protein_coding
PRDM8,protein_coding
HNRNPDL,protein_coding
HHEX,protein_coding
UTRN,protein_coding
GRM1,protein_coding
PTPRK,protein_coding
GGPS1,protein_coding
CNTNAP4,protein_coding
ZNF117,protein_coding
RAB3C,protein_coding
LMNTD1,protein_coding
MARVELD2,protein_coding
RAD17,protein_coding
MED21,protein_coding
PLOD2,protein_coding
STK32B,protein_coding
NRSN1,protein_coding
ZIC1,protein_coding
ADGRA3,protein_coding
SREK1IP1,protein_coding
LGI2,protein_coding
CWC27,protein_coding
MR1,protein_coding
SRP19,protein_coding
CENPH,protein_coding
CDYL,protein_coding
CARHSP1,protein_coding
BANK1,protein_coding
TXNDC11,protein_coding
DAB2,protein_coding
ACMSD,protein_coding
BCL2L11,protein_coding
ANAPC1,protein_coding
CAST,protein_coding
SCOC,protein_coding
CLGN,protein_coding
CETN3,protein_coding
SMARCA5,protein_coding
SYCP2L,protein_coding
BMP6,protein_coding
RASSF3,protein_coding
HNRNPU,protein_coding
RANBP2,protein_coding
AHCTF1,protein_coding
MERTK,protein_coding
TMEM87B,protein_coding
PTPRR,protein_coding
NR4A2,protein_coding
CCDC148,protein_coding
PLA2R1,protein_coding
RBMS1,protein_coding
SCN3A,protein_coding
FEZF2,protein_coding
SLC25A27,protein_coding
CYRIB,protein_coding
ASAP1,protein_coding
TRAPPC8,protein_coding
FAM81B,protein_coding
LINC00467,lncRNA
INO80C,protein_coding
LPCAT1,protein_coding
PLEKHG4B,protein_coding
NMRAL1,protein_coding
UBALD1,protein_coding
C16orf89,protein_coding
TMEM251,protein_coding
ING1,protein_coding
TEX29,protein_coding
ADPRHL1,protein_coding
CMTM7,protein_coding
FBXL2,protein_coding
UBP1,protein_coding
RMND5A,protein_coding
CD8A,protein_coding
RPIA,protein_coding
PTPRD,protein_coding
LURAP1L,protein_coding
CNKSR3,protein_coding
GTF2E1,protein_coding
CFDP1,protein_coding
ZDHHC7,protein_coding
C7orf31,protein_coding
JAZF1,protein_coding
CMIP,protein_coding
SPHKAP,protein_coding
KCNJ16,protein_coding
PID1,protein_coding
TRIP12,protein_coding
FBXO36,protein_coding
CEBPG,protein_coding
KCTD15,protein_coding
ZNF599,protein_coding
MCOLN2,protein_coding
LGI4,protein_coding
DDAH1,protein_coding
SREK1,protein_coding
CHD1,protein_coding
ANKFN1,protein_coding
DGKE,protein_coding
HS2ST1,protein_coding
MSI2,protein_coding
CACNA2D1,protein_coding
ZUP1,protein_coding
HS3ST3A1,protein_coding
GDPD1,protein_coding
NUS1,protein_coding
SEMA3D,protein_coding
PPP2R5E,protein_coding
GRAP,protein_coding
AK5,protein_coding
CABYR,protein_coding
IMPACT,protein_coding
ANKRD29,protein_coding
SDHAF4,protein_coding
CHST9,protein_coding
THY1,protein_coding
DNAAF1,protein_coding
C16orf74,protein_coding
TBCEL,protein_coding
JPH3,protein_coding
ANKH,protein_coding
OTULIN,protein_coding
UBASH3B,protein_coding
ROBO4,protein_coding
ROBO3,protein_coding
TBRG1,protein_coding
NRGN,protein_coding
RETREG1,protein_coding
TOMM70,protein_coding
ABI3BP,protein_coding
ANGPT1,protein_coding
PITPNC1,protein_coding
CC2D1B,protein_coding
PRKCA,protein_coding
LRRK1,protein_coding
CEP112,protein_coding
GAL3ST2,protein_coding
ABCA9,protein_coding
ABCA6,protein_coding
ABCA5,protein_coding
C4orf19,protein_coding
UCHL1,protein_coding
MIA3,protein_coding
DISP1,protein_coding
TNIK,protein_coding
TDH,transcribed_unitary_pseudogene
FAM167A,protein_coding
NEIL2,protein_coding
PGM5,protein_coding
OBSCN,protein_coding
LONRF1,protein_coding
TRIM11,protein_coding
ENAH,protein_coding
CCSAP,protein_coding
SH3RF1,protein_coding
GBP5,protein_coding
BUB3,protein_coding
CCDC173,protein_coding
C10orf90,protein_coding
DIPK1A,protein_coding
ATP5MC3,protein_coding
CNTNAP3B,protein_coding
MAGED4,protein_coding
SRSF12,protein_coding
PDLIM3,protein_coding
SORBS2,protein_coding
ELOC,protein_coding
LY96,protein_coding
CEP170P1,transcribed_unprocessed_pseudogene
TMSB4Y,protein_coding
CXADR,protein_coding
BTG3,protein_coding
C21orf91,protein_coding
CHODL,protein_coding
NCAM2,protein_coding
L3MBTL4,protein_coding
PDE1C,protein_coding
RABGEF1,protein_coding
MRPL39,protein_coding
JAM2,protein_coding
ATP5PF,protein_coding
GABPA,protein_coding
ADAMTS1,protein_coding
ADAMTS5,protein_coding
TSEN2,protein_coding
SLFN13,protein_coding
WNT7A,protein_coding
XPC,protein_coding
CCDC174,protein_coding
FGD5,protein_coding
FLCN,protein_coding
DPH3,protein_coding
OXNAD1,protein_coding
PLCL2,protein_coding
CXXC1,protein_coding
SKA1,protein_coding
PPP4R1,protein_coding
APCDD1,protein_coding
PIEZO2,protein_coding
CCDC144B,transcribed_unprocessed_pseudogene
MPPE1,protein_coding
CCDC144CP,transcribed_processed_pseudogene
USP43,protein_coding
RAB6B,protein_coding
EME1,protein_coding
EPHB1,protein_coding
ACSS1,protein_coding
ANKRD40,protein_coding
ZNF18,protein_coding
CA10,protein_coding
VOPP1,protein_coding
APOOL,protein_coding
CYP2U1,protein_coding
FBXL18,protein_coding
CNTNAP5,protein_coding
PROM2,protein_coding
AK9,protein_coding
KLF10,protein_coding
PTPRN2,protein_coding
AZIN1,protein_coding
ATP6V1C1,protein_coding
PIP4P2,protein_coding
OTUD6B,protein_coding
CDK19,protein_coding
GTF3C6,protein_coding
TTC39B,protein_coding
AGPAT5,protein_coding
MMS19,protein_coding
PI4K2A,protein_coding
MARVELD1,protein_coding
ZFYVE27,protein_coding
GOLGA7B,protein_coding
TRMT44,protein_coding
SLC25A28,protein_coding
HSPA13,protein_coding
SAMSN1,protein_coding
USP25,protein_coding
GRAMD2B,protein_coding
ZCCHC10,protein_coding
C16orf87,protein_coding
MOV10,protein_coding
RHOC,protein_coding
PPM1J,protein_coding
DBI,protein_coding
SLC16A1,protein_coding
HEATR3,protein_coding
TRIM74,protein_coding
NIFK,protein_coding
OXA1L,protein_coding
SLC7A7,protein_coding
LARP1,protein_coding
CNOT8,protein_coding
GRIA1,protein_coding
LRGUK,protein_coding
SETD9,protein_coding
MIER3,protein_coding
NUP205,protein_coding
ZKSCAN2,protein_coding
C9orf85,protein_coding
PIK3AP1,protein_coding
RBM45,protein_coding
TTN,protein_coding
VSIG4,protein_coding
PDIA4,protein_coding
KDM8,protein_coding
PDZD9,protein_coding
KCTD18,protein_coding
FAM126B,protein_coding
FLACC1,protein_coding
TMEM237,protein_coding
FZD7,protein_coding
DEPTOR,protein_coding
FMN2,protein_coding
RNF20,protein_coding
PPARGC1B,protein_coding
ELMO1,protein_coding
SLC26A2,protein_coding
LSM11,protein_coding
MED7,protein_coding
RRAGA,protein_coding
SLC24A2,protein_coding
PXYLP1,protein_coding
ADCY8,protein_coding
RASA2,protein_coding
RMND1,protein_coding
SLA,protein_coding
TMBIM4,protein_coding
VBP1,protein_coding
RAB39B,protein_coding
CLIC2,protein_coding
AFF2,protein_coding
MICU3,protein_coding
GRIP1,protein_coding
VPS37A,protein_coding
KIF5A,protein_coding
NAT2,protein_coding
PSD3,protein_coding
CARNMT1,protein_coding
MCU,protein_coding
MIDEAS,protein_coding
CFAP70,protein_coding
GNA14,protein_coding
FAM161B,protein_coding
GNAQ,protein_coding
WIF1,protein_coding
MMP16,protein_coding
ADK,protein_coding
KCNMA1,protein_coding
BATF,protein_coding
DCK,protein_coding
ADAMTS3,protein_coding
DPY19L4,protein_coding
NDUFAF6,protein_coding
DRAM2,protein_coding
C8orf37,protein_coding
CFAP161,protein_coding
ADAMTSL3,protein_coding
ART3,protein_coding
SLC28A1,protein_coding
WHAMM,protein_coding
CXCL13,protein_coding
N6AMT1,protein_coding
RWDD2B,protein_coding
USP16,protein_coding
CCT8,protein_coding
MAP3K7CL,protein_coding
BACH1,protein_coding
TSPAN7,protein_coding
TIAM1,protein_coding
SCAF4,protein_coding
RPGR,protein_coding
CDK20,protein_coding
PCGF6,protein_coding
ANKRD9,protein_coding
SFR1,protein_coding
SORCS3,protein_coding
SFXN2,protein_coding
ATP5MPL,protein_coding
TDRD9,protein_coding
PCDH1,protein_coding
UQCRB,protein_coding
MTERF3,protein_coding
PTDSS1,protein_coding
PPP2R2B,protein_coding
RPL30,protein_coding
KCNS2,protein_coding
FAM122C,protein_coding
SUPV3L1,protein_coding
FAM122B,protein_coding
EEF1A1,protein_coding
FBXO43,protein_coding
HKDC1,protein_coding
HK1,protein_coding
TYSND1,protein_coding
PHF6,protein_coding
CD109,protein_coding
LRFN2,protein_coding
NODAL,protein_coding
UBE2L6,protein_coding
ZDHHC5,protein_coding
MED19,protein_coding
ZFAND3,protein_coding
NPTN,protein_coding
KAT6B,protein_coding
SAMD8,protein_coding
RAB11FIP1,protein_coding
UNC5D,protein_coding
GLYATL2,protein_coding
UTP14A,protein_coding
AIFM1,protein_coding
MAPK13,protein_coding
BAG4,protein_coding
TBC1D31,protein_coding
NTAQ1,protein_coding
ATAD2,protein_coding
FBXO32,protein_coding
NSMCE2,protein_coding
ZNF689,protein_coding
PRR14,protein_coding
FBRS,protein_coding
FRRS1,protein_coding
PHKG2,protein_coding
MFSD14A,protein_coding
SASS6,protein_coding
ZIC3,protein_coding
MALSU1,protein_coding
VPS8,protein_coding
GALK2,protein_coding
LHFPL4,protein_coding
B3GNT7,protein_coding
MPV17L,protein_coding
BUB1B,protein_coding
PDE6D,protein_coding
EIF4A2,protein_coding
BRPF1,protein_coding
RPUSD3,protein_coding
SST,protein_coding
TATDN2,protein_coding
GHRL,protein_coding
SEC13,protein_coding
CIBAR1P1,unprocessed_pseudogene
EXOG,protein_coding
NTAN1,protein_coding
NMNAT2,protein_coding
ZFYVE9,protein_coding
ATP2B2,protein_coding
SLC6A1,protein_coding
SMG1,protein_coding
FCHO2,protein_coding
RBPMS,protein_coding
TIMP4,protein_coding
SYN2,protein_coding
NRG1,protein_coding
ODR4,protein_coding
CPT2,protein_coding
NECAP2,protein_coding
LRP8,protein_coding
PAXIP1,protein_coding
STEAP2,protein_coding
SSBP3,protein_coding
CLDN12,protein_coding
MMP14,protein_coding
FZD1,protein_coding
GATAD1,protein_coding
SUSD3,protein_coding
ZFHX2-AS1,lncRNA
TMED6,protein_coding
CLEC18A,protein_coding
DHRS4,protein_coding
C1orf158,protein_coding
ARMC12,protein_coding
DDX19B,protein_coding
ST3GAL2,protein_coding
FCSK,protein_coding
IL34,protein_coding
DHRS1,protein_coding
CACNA1D,protein_coding
ARSL,protein_coding
KIT,protein_coding
HYDIN,protein_coding
AASDH,protein_coding
ZNF19,protein_coding
CACNA2D3,protein_coding
RNF111,protein_coding
CCNB2,protein_coding
FAM81A,protein_coding
MYO1E,protein_coding
APPL1,protein_coding
PWWP3B,protein_coding
AFAP1L1,protein_coding
TSC22D3,protein_coding
VPS26C,protein_coding
DYRK1A,protein_coding
KCNJ6,protein_coding
ERG,protein_coding
ETS2,protein_coding
TSPAN18,protein_coding
LCA5L,protein_coding
SLC35B2,protein_coding
TMEM164,protein_coding
MX1,protein_coding
CREB3L1,protein_coding
C2CD2,protein_coding
TAB3,protein_coding
SLC38A10,protein_coding
C9orf43,protein_coding
PALM2AKAP2,protein_coding
ZNF618,protein_coding
DGKI,protein_coding
TMEM268,protein_coding
SNX22,protein_coding
UBN2,protein_coding
BRAF,protein_coding
SLC34A2,protein_coding
ACAN,protein_coding
PSMG3,protein_coding
CABP1,protein_coding
WDR19,protein_coding
SLC37A3,protein_coding
AP3S2,protein_coding
FMNL2,protein_coding
GAREM2,protein_coding
SPPL3,protein_coding
DPYSL5,protein_coding
DRC1,protein_coding
RAB28,protein_coding
PRXL2B,protein_coding
TNFRSF14,protein_coding
PANK4,protein_coding
MEGF11,protein_coding
C12orf43,protein_coding
PEX10,protein_coding
RER1,protein_coding
RADIL,protein_coding
SKI,protein_coding
WIPI2,protein_coding
LDLRAP1,protein_coding
AGAP1,protein_coding
KRTCAP3,protein_coding
ANKRD61,protein_coding
PAFAH2,protein_coding
EXTL1,protein_coding
BABAM2,protein_coding
CFAP251,protein_coding
MRPL17,protein_coding
DUSP2,protein_coding
GRHL3,protein_coding
UBXN11,protein_coding
PTPDC1,protein_coding
GALNT14,protein_coding
NCK1,protein_coding
HPD,protein_coding
RHPN1,protein_coding
TPRG1L,protein_coding
LRRC43,protein_coding
PRXL2C,protein_coding
XKR8,protein_coding
CNNM4,protein_coding
EYA3,protein_coding
DZIP1L,protein_coding
TMSB15A,protein_coding
FANCC,protein_coding
MRAS,protein_coding
WASF2,protein_coding
ABHD3,protein_coding
ESYT3,protein_coding
FAIM,protein_coding
TENT5B,protein_coding
CLSTN2,protein_coding
COLEC12,protein_coding
RNF207,protein_coding
CUL4B,protein_coding
GPR153,protein_coding
SLC13A3,protein_coding
GPRASP2,protein_coding
RHBDL2,protein_coding
AUTS2,protein_coding
SHROOM4,protein_coding
CDC25C,protein_coding
MITD1,protein_coding
EIF5B,protein_coding
RIBC1,protein_coding
CNOT11,protein_coding
KCNB1,protein_coding
TSPAN33,protein_coding
NRG2,protein_coding
AHCYL2,protein_coding
B4GALT5,protein_coding
CD1D,protein_coding
SPATA2,protein_coding
FAM86C1P,transcribed_unprocessed_pseudogene
CPA2,protein_coding
NCF1,protein_coding
TSR2,protein_coding
PPP1R9A,protein_coding
ZC3H18,protein_coding
ZFAND2B,protein_coding
GDPD5,protein_coding
DYNC1I1,protein_coding
PFKFB1,protein_coding
ALAS2,protein_coding
TMED4,protein_coding
PPP1R15B,protein_coding
COPG2,protein_coding
EMSY,protein_coding
GPAT4,protein_coding
PKD1L1,protein_coding
ZSCAN12,protein_coding
TAGLN2,protein_coding
ELK4,protein_coding
SLAMF8,protein_coding
SLC45A3,protein_coding
DUSP23,protein_coding
RNF166,protein_coding
NBL1,protein_coding
F11R,protein_coding
USF1,protein_coding
SPATA2L,protein_coding
NIT1,protein_coding
DEDD,protein_coding
ZNF276,protein_coding
NPM2,protein_coding
EDA,protein_coding
FGF17,protein_coding
CDA,protein_coding
PINK1,protein_coding
B4GALT3,protein_coding
DMTN,protein_coding
ADAMTS4,protein_coding
FAM160B2,protein_coding
NDUFS2,protein_coding
SLC5A11,protein_coding
FCER1G,protein_coding
TOMM40L,protein_coding
MPZ,protein_coding
CCAR2,protein_coding
CACHD1,protein_coding
CDC42SE2,protein_coding
RAPGEF6,protein_coding
EPB41,protein_coding
MIS18A,protein_coding
ALG8,protein_coding
FBXW5,protein_coding
CFAP298,protein_coding
SYNJ1,protein_coding
PAXBP1,protein_coding
IFNAR2,protein_coding
MRPL10,protein_coding
IFNGR2,protein_coding
GART,protein_coding
SON,protein_coding
DONSON,protein_coding
SV2A,protein_coding
STC1,protein_coding
CSRP1,protein_coding
HOXB13,protein_coding
C1QC,protein_coding
ATP5MC1,protein_coding
RCAN1,protein_coding
UBE2Z,protein_coding
CIART,protein_coding
SNF8,protein_coding
CLIC6,protein_coding
CCDC24,protein_coding
RUNX1,protein_coding
CBR1,protein_coding
CBR3,protein_coding
ACTC1,protein_coding
MORC3,protein_coding
CHAF1B,protein_coding
SIM2,protein_coding
HLCS,protein_coding
ARHGAP27,protein_coding
ADPGK,protein_coding
PTMS,protein_coding
ADIPOR1,protein_coding
CYB5R1,protein_coding
PSMD4,protein_coding
ATP13A2,protein_coding
M1AP,protein_coding
PSMB4,protein_coding
BTG2,protein_coding
HK2,protein_coding
C1R,protein_coding
CELF3,protein_coding
ALDH4A1,protein_coding
STARD9,protein_coding
THEM4,protein_coding
UBR1,protein_coding
AMFR,protein_coding
MED8,protein_coding
RGL4,protein_coding
ISL2,protein_coding
RSPRY1,protein_coding
CCDC17,protein_coding
GPBP1L1,protein_coding
NAE1,protein_coding
TMEM69,protein_coding
ADGRG5,protein_coding
DRC7,protein_coding
ACE,protein_coding
EFCAB14,protein_coding
SPON2,protein_coding
CHCHD6,protein_coding
CTBP1,protein_coding
LRRC36,protein_coding
ANKRD18CP,unprocessed_pseudogene
TPPP3,protein_coding
ZDHHC1,protein_coding
ATP6V0D1,protein_coding
AGRP,protein_coding
ZFYVE28,protein_coding
CARMIL2,protein_coding
C16orf86,protein_coding
FAM131B,protein_coding
RGS12,protein_coding
PSKH1,protein_coding
ZYX,protein_coding
ABR,protein_coding
LYPD5,protein_coding
CCDC117,protein_coding
ZNF230,protein_coding
CCDC107,protein_coding
ZNF222,protein_coding
NPR2,protein_coding
ZNF221,protein_coding
ZNF233,protein_coding
ZNF235,protein_coding
GNE,protein_coding
TNFRSF13C,protein_coding
ARHGAP35,protein_coding
PTGIR,protein_coding
CALM3,protein_coding
DFFA,protein_coding
CCDC28B,protein_coding
IQCC,protein_coding
TMEM234,protein_coding
BSDC1,protein_coding
ZBTB8A,protein_coding
ATAD3B,protein_coding
SSU72,protein_coding
UBE2J2,protein_coding
ZNF362,protein_coding
FNDC5,protein_coding
NR2F6,protein_coding
ANKLE1,protein_coding
CCDC58,protein_coding
VMA21,protein_coding
KALRN,protein_coding
FAM86C2P,transcribed_unprocessed_pseudogene
ABCG1,protein_coding
RSPH1,protein_coding
SLC37A1,protein_coding
PDE9A,protein_coding
WDR4,protein_coding
NDUFV3,protein_coding
PKNOX1,protein_coding
CBS,protein_coding
HSF2BP,protein_coding
RRP1B,protein_coding
PDXK,protein_coding
G6PD,protein_coding
CSTB,protein_coding
RRP1,protein_coding
AGPAT3,protein_coding
TRAPPC10,protein_coding
GAB3,protein_coding
GATD3A,protein_coding
ICOSLG,protein_coding
AIRE,protein_coding
CFAP410,protein_coding
ZNF66,protein_coding
ITGB2,protein_coding
FAM207A,protein_coding
RALGDS,protein_coding
FTCD,protein_coding
SPATC1L,protein_coding
LSS,protein_coding
VAV2,protein_coding
MCM3AP,protein_coding
C21orf58,protein_coding
PCNT,protein_coding
DIP2A,protein_coding
S100B,protein_coding
PRMT2,protein_coding
CLDND2,protein_coding
ADAMTS13,protein_coding
CACFD1,protein_coding
SLC2A6,protein_coding
ZNF761,protein_coding
C9orf116,protein_coding
ZNF714,protein_coding
GPSM1,protein_coding
C19orf47,protein_coding
CFAP157,protein_coding
TOR2A,protein_coding
SHKBP1,protein_coding
RDH13,protein_coding
ZER1,protein_coding
ZDHHC12,protein_coding
PKN3,protein_coding
SPTBN4,protein_coding
BRSK1,protein_coding
PLPP7,protein_coding
TAOK1,protein_coding
MED27,protein_coding
DEDD2,protein_coding
SIK3,protein_coding
MPZL3,protein_coding
JAML,protein_coding
NEK8,protein_coding
TLCD1,protein_coding
PCSK7,protein_coding
SAFB,protein_coding
S100A1,protein_coding
CHTOP,protein_coding
ZBTB7B,protein_coding
FLAD1,protein_coding
SHC1,protein_coding
VPS11,protein_coding
NLRX1,protein_coding
ADAR,protein_coding
IL6R,protein_coding
UBE2Q1,protein_coding
CHRNB2,protein_coding
CRTC2,protein_coding
ANO10,protein_coding
FDPS,protein_coding
RUSC1,protein_coding
GBAP1,transcribed_unprocessed_pseudogene
FAM189B,protein_coding
PAQR6,protein_coding
PMF1,protein_coding
SLC25A44,protein_coding
LMNA,protein_coding
CCR5,protein_coding
NBEAL2,protein_coding
CCDC12,protein_coding
PTH1R,protein_coding
UBQLN4,protein_coding
MYL3,protein_coding
PPP1R35,protein_coding
GPATCH4,protein_coding
LRRC71,protein_coding
AZGP1,protein_coding
FGFR4,protein_coding
NACC1,protein_coding
HK3,protein_coding
IER2,protein_coding
ZNF394,protein_coding
CPSF4,protein_coding
LY6E,protein_coding
VPS28,protein_coding
TONSL,protein_coding
PWWP3A,protein_coding
RECQL4,protein_coding
LRRC14,protein_coding
ZNF333,protein_coding
COL26A1,protein_coding
PPP1R16A,protein_coding
ORAI2,protein_coding
ALKBH4,protein_coding
SH2B2,protein_coding
MRNIP,protein_coding
SQSTM1,protein_coding
MGAT4B,protein_coding
RPL8,protein_coding
MAML1,protein_coding
LRWD1,protein_coding
FBXL13,protein_coding
NAPEPLD,protein_coding
PSMC2,protein_coding
CELF5,protein_coding
MFSD12,protein_coding
AC007663.1,unprocessed_pseudogene
YDJC,protein_coding
DVL3,protein_coding
AP2M1,protein_coding
ABCF3,protein_coding
PCYT1A,protein_coding
FBXO27,protein_coding
U2AF1L4,protein_coding
BDH1,protein_coding
THAP8,protein_coding
COX7A1,protein_coding
ZNF382,protein_coding
LRRC56,protein_coding
PLXDC1,protein_coding
PGAP3,protein_coding
GRIN2C,protein_coding
FDXR,protein_coding
SAP30BP,protein_coding
ACOX1,protein_coding
PRPSAP1,protein_coding
CYGB,protein_coding
SRSF2,protein_coding
ZNF577,protein_coding
TMEM143,protein_coding
ALDH16A1,protein_coding
ITGA5,protein_coding
SIGLEC11,protein_coding
ZNF385A,protein_coding
SIGLEC16,polymorphic_pseudogene
MPP3,protein_coding
NAGS,protein_coding
LSM12,protein_coding
ASB16,protein_coding
EMC10,protein_coding
JOSD2,protein_coding
SHANK1,protein_coding
FAM171A2,protein_coding
DBF4B,protein_coding
PLCD3,protein_coding
FMNL3,protein_coding
AQP5,protein_coding
RACGAP1,protein_coding
LARP4,protein_coding
TAMALIN,protein_coding
RAVER1,protein_coding
SYCE2,protein_coding
SPC24,protein_coding
IP6K3,protein_coding
LEMD2,protein_coding
TREML1,protein_coding
ADCY10P1,transcribed_unprocessed_pseudogene
ZNF653,protein_coding
MED11,protein_coding
CXCL16,protein_coding
SCIMP,protein_coding
BCL6B,protein_coding
ASGR2,protein_coding
TNFSF13,protein_coding
SENP3,protein_coding
EIF4A1,protein_coding
RPL26,protein_coding
POLR3K,protein_coding
SNRNP25,protein_coding
WDR90,protein_coding
JMJD8,protein_coding
CCDC78,protein_coding
TEDC2,protein_coding
CCNF,protein_coding
TBC1D24,protein_coding
AMDHD2,protein_coding
NTN3,protein_coding
PAQR4,protein_coding
FLYWCH2,protein_coding
ZNF75A,protein_coding
ADCY9,protein_coding
SHANK2,protein_coding
CLPB,protein_coding
NEU3,protein_coding
CYB561A3,protein_coding
PPP1R32,protein_coding
ASRGL1,protein_coding
GNG3,protein_coding
UBXN1,protein_coding
LBHD1,protein_coding
TTC9C,protein_coding
TAF6L,protein_coding
NXF1,protein_coding
STX5,protein_coding
SLC25A45,protein_coding
RPL29,protein_coding
SYVN1,protein_coding
ZFPL1,protein_coding
RPS6KA4,protein_coding
LRP5,protein_coding
TPCN2,protein_coding
PDZK1IP1,protein_coding
TAL1,protein_coding
CMPK1,protein_coding
BEND5,protein_coding
ELAVL4,protein_coding
COA7,protein_coding
ZYG11B,protein_coding
SLC1A7,protein_coding
CZIB,protein_coding
MAGOH,protein_coding
ACOT11,protein_coding
FAM151A,protein_coding
PARS2,protein_coding
USP24,protein_coding
PLPP3,protein_coding
NOL9,protein_coding
PRKAA2,protein_coding
KLHL21,protein_coding
ZSWIM5,protein_coding
GMEB1,protein_coding
SLC45A1,protein_coding
SELENON,protein_coding
AK4,protein_coding
JAK1,protein_coding
RAVER2,protein_coding
LZIC,protein_coding
RBP7,protein_coding
FBLIM1,protein_coding
SLC25A34,protein_coding
AKR7A3,protein_coding
DRAXIN,protein_coding
PDPN,protein_coding
DHRS3,protein_coding
LAPTM5,protein_coding
SDC3,protein_coding
PEF1,protein_coding
SYNC,protein_coding
RBBP4,protein_coding
KIAA1522,protein_coding
TSSK3,protein_coding
TMCO4,protein_coding
UBXN10,protein_coding
CAMK2N1,protein_coding
ALPL,protein_coding
WNT4,protein_coding
SCNN1D,protein_coding
MXRA8,protein_coding
FAAP20,protein_coding
MEGF6,protein_coding
DIRAS3,protein_coding
NFIA,protein_coding
OMA1,protein_coding
MYSM1,protein_coding
TM2D1,protein_coding
USP1,protein_coding
FUBP1,protein_coding
NEXN,protein_coding
DNAJB4,protein_coding
ADGRL4,protein_coding
TYW3,protein_coding
SNX7,protein_coding
B3GALT2,protein_coding
NTNG1,protein_coding
FAM102B,protein_coding
HENMT1,protein_coding
AKNAD1,protein_coding
C1orf52,protein_coding
DNAI3,protein_coding
GBP2,protein_coding
ATXN7L2,protein_coding
GBP4,protein_coding
ZNF326,protein_coding
HFM1,protein_coding
BRINP3,protein_coding
KCNT2,protein_coding
AGL,protein_coding
VCAM1,protein_coding
EXTL2,protein_coding
SLC30A7,protein_coding
ZNF281,protein_coding
ARPC5,protein_coding
CADM3,protein_coding
NLRP3,protein_coding
ZNF496,protein_coding
SLAMF9,protein_coding
KCNJ9,protein_coding
IGSF8,protein_coding
DDR2,protein_coding
PEA15,protein_coding
PEX19,protein_coding
NCSTN,protein_coding
VANGL2,protein_coding
SLAMF6,protein_coding
OLFML2B,protein_coding
FCRLB,protein_coding
FCGR3B,protein_coding
KLHDC9,protein_coding
C1orf74,protein_coding
FLVCR1,protein_coding
ATF3,protein_coding
RBM15,protein_coding
DENND2D,protein_coding
IER5,protein_coding
SNED1,protein_coding
BPNT1,protein_coding
SPATA17,protein_coding
C1orf115,protein_coding
BROX,protein_coding
NBPF20,protein_coding
ACP6,protein_coding
MT2P1,processed_pseudogene
KIF26B,protein_coding
TFB2M,protein_coding
CNST,protein_coding
PPP1R21,protein_coding
KLHDC8A,protein_coding
PM20D1,protein_coding
PKDCC,protein_coding
OXER1,protein_coding
HAAO,protein_coding
B3GALNT2,protein_coding
MAPKAPK2,protein_coding
FCMR,protein_coding
CAPN2,protein_coding
MRPL55,protein_coding
WDR26,protein_coding
REL,protein_coding
PUS10,protein_coding
PEX13,protein_coding
KIAA1841,protein_coding
TRIM17,protein_coding
RFTN2,protein_coding
DISC1,protein_coding
LRRTM1,protein_coding
MEMO1,protein_coding
DPY30,protein_coding
TYW5,protein_coding
MAIP1,protein_coding
KCNF1,protein_coding
SLC66A3,protein_coding
ARL5A,protein_coding
LRATD1,protein_coding
KCNJ3,protein_coding
NEUROD1,protein_coding
CLHC1,protein_coding
PRORSD1P,transcribed_unitary_pseudogene
FRZB,protein_coding
DUSP19,protein_coding
CFAP36,protein_coding
NUP35,protein_coding
CCDC138,protein_coding
FBXO41,protein_coding
ALMS1P1,transcribed_unprocessed_pseudogene
ACTG2,protein_coding
WDCP,protein_coding
SMC6,protein_coding
VSNL1,protein_coding
CCDC74A,protein_coding
H3-3A,protein_coding
SLC16A14,protein_coding
EN1,protein_coding
SGCB,protein_coding
SPATA18,protein_coding
NOSTRIN,protein_coding
CFAP221,protein_coding
SGPP2,protein_coding
INHBB,protein_coding
BBS5,protein_coding
SMARCAD1,protein_coding
HPGDS,protein_coding
PDLIM5,protein_coding
NEURL3,protein_coding
RPRD2,protein_coding
ANKRD23,protein_coding
CTSS,protein_coding
MSX1,protein_coding
PACRGL,protein_coding
BNIPL,protein_coding
C1QTNF7,protein_coding
TNFAIP8L2,protein_coding
LYSMD1,protein_coding
SCNM1,protein_coding
TMOD4,protein_coding
VPS72,protein_coding
ERCC3,protein_coding
RNF149,protein_coding
IWS1,protein_coding
BOLA3,protein_coding
CDC42EP3,protein_coding
S100A11,protein_coding
DHX57,protein_coding
ARHGAP25,protein_coding
S100A9,protein_coding
S100A12,protein_coding
TGFA,protein_coding
CCNYL1,protein_coding
FZD5,protein_coding
DCAF16,protein_coding
C1orf189,protein_coding
NPPC,protein_coding
GNPDA2,protein_coding
GABRG1,protein_coding
GABRB1,protein_coding
PAQR3,protein_coding
ANTXR2,protein_coding
HELQ,protein_coding
MRPS18C,protein_coding
CGGBP1,protein_coding
ABRAXAS1,protein_coding
GPR155,protein_coding
DAPL1,protein_coding
PMVK,protein_coding
PBXIP1,protein_coding
CLDN1,protein_coding
PYGO2,protein_coding
HIPK1,protein_coding
LENEP,protein_coding
DCST2,protein_coding
COL6A3,protein_coding
INAVA,protein_coding
LINC01116,lncRNA
YY1AP1,protein_coding
KBTBD8,protein_coding
EOGT,protein_coding
NAXE,protein_coding
POGLUT1,protein_coding
SLC22A15,protein_coding
IGFN1,protein_coding
ATP1A1,protein_coding
SLC15A2,protein_coding
EIF4E3,protein_coding
PROK2,protein_coding
LRRC58,protein_coding
FSTL1,protein_coding
LMOD1,protein_coding
TMEM183A,protein_coding
TMEM169,protein_coding
IGFBP7,protein_coding
TRIM46,protein_coding
KRTCAP2,protein_coding
CXCR1,protein_coding
ARPC2,protein_coding
TSACC,protein_coding
CCT3,protein_coding
TMEM79,protein_coding
SSR2,protein_coding
RNF25,protein_coding
STK36,protein_coding
ADORA1,protein_coding
NEK10,protein_coding
CIP2A,protein_coding
CWC22,protein_coding
AZI2,protein_coding
TGFBR2,protein_coding
ANKZF1,protein_coding
HDAC11,protein_coding
FBLN2,protein_coding
GLB1L,protein_coding
STT3B,protein_coding
CHCHD4,protein_coding
NFASC,protein_coding
SGO2,protein_coding
SERPINI1,protein_coding
CLASP2,protein_coding
SUCLG1,protein_coding
NUAK2,protein_coding
PRKCI,protein_coding
MNDA,protein_coding
IFI16,protein_coding
AIM2,protein_coding
EFHB,protein_coding
EIF5A2,protein_coding
RPL22L1,protein_coding
PPM1L,protein_coding
ICA1L,protein_coding
SNHG16,lncRNA
CTLA4,protein_coding
RYBP,protein_coding
PPP4R2,protein_coding
GTPBP8,protein_coding
NEPRO,protein_coding
SPICE1,protein_coding
CCDC191,protein_coding
CADPS,protein_coding
NKX6-1,protein_coding
CDS1,protein_coding
WDFY3,protein_coding
COX18,protein_coding
PTPN13,protein_coding
SYNPR,protein_coding
C3orf49,protein_coding
THOC7,protein_coding
ATXN7,protein_coding
PSMD6,protein_coding
PRICKLE2,protein_coding
ADAMTS9,protein_coding
PPM1K,protein_coding
GMPS,protein_coding
TIPARP,protein_coding
CCNL1,protein_coding
PTX3,protein_coding
HESX1,protein_coding
SLMAP,protein_coding
RPL9,protein_coding
SMIM14,protein_coding
RPP14,protein_coding
ABHD6,protein_coding
RBM47,protein_coding
APBB2,protein_coding
IL17RE,protein_coding
IL17RC,protein_coding
CRELD1,protein_coding
PRRT3,protein_coding
PCOLCE2,protein_coding
U2SURP,protein_coding
MTMR14,protein_coding
TTC14,protein_coding
CXCL3,protein_coding
CXCL5,protein_coding
PPBP,protein_coding
PF4,protein_coding
MTHFD2L,protein_coding
CXCL1,protein_coding
RCHY1,protein_coding
GYG1,protein_coding
HPS3,protein_coding
TM4SF18,protein_coding
TOPBP1,protein_coding
RYK,protein_coding
SNRK,protein_coding
TCF23,protein_coding
UCN,protein_coding
ZNF513,protein_coding
SLC4A1AP,protein_coding
PLB1,protein_coding
SPDYA,protein_coding
KIAA1143,protein_coding
KIF15,protein_coding
WDR43,protein_coding
ZDHHC3,protein_coding
CDCP1,protein_coding
CLEC3B,protein_coding
LZTFL1,protein_coding
FYCO1,protein_coding
CCR1,protein_coding
LRRC2,protein_coding
ELP6,protein_coding
DTX3L,protein_coding
ZNF148,protein_coding
NMNAT3,protein_coding
SMIM12,protein_coding
ZMYM6,protein_coding
TPRA1,protein_coding
YEATS2,protein_coding
GRIK3,protein_coding
ZC3H12A,protein_coding
MEAF6,protein_coding
SNIP1,protein_coding
DNALI1,protein_coding
POLR2H,protein_coding
KLF15,protein_coding
CFAP100,protein_coding
CAMK2N2,protein_coding
LIPH,protein_coding
TMEM41A,protein_coding
RPN1,protein_coding
SENP2,protein_coding
HEYL,protein_coding
IFT122,protein_coding
RFC4,protein_coding
RPL39L,protein_coding
BAP1,protein_coding
TKT,protein_coding
PRKCD,protein_coding
RFT1,protein_coding
SFMBT1,protein_coding
GNL3,protein_coding
PBRM1,protein_coding
UVSSA,protein_coding
TASOR,protein_coding
ARHGEF3,protein_coding
SLBP,protein_coding
LRPAP1,protein_coding
SLC51A,protein_coding
UBXN7,protein_coding
RNF168,protein_coding
PIGX,protein_coding
MELTF,protein_coding
S100P,protein_coding
ABLIM2,protein_coding
EXO5,protein_coding
C1orf50,protein_coding
ERMAP,protein_coding
ZNF691,protein_coding
AIMP1,protein_coding
SGMS2,protein_coding
METAP1,protein_coding
DNAJB14,protein_coding
H2AZ1,protein_coding
EMCN,protein_coding
SLC9B1,protein_coding
SLC9B2,protein_coding
BDH2,protein_coding
PGRMC2,protein_coding
CDC25A,protein_coding
CAMP,protein_coding
ZNF589,protein_coding
FBXW12,protein_coding
PLXNB1,protein_coding
CCDC51,protein_coding
ATRIP,protein_coding
SHISA5,protein_coding
SPRY1,protein_coding
BSN,protein_coding
APEH,protein_coding
INTU,protein_coding
RNF123,protein_coding
HSPA4L,protein_coding
MFSD8,protein_coding
ABHD18,protein_coding
CAMKV,protein_coding
MON1A,protein_coding
RAD54L2,protein_coding
TEX264,protein_coding
GRM2,protein_coding
DUSP7,protein_coding
POC1A,protein_coding
PPM1M,protein_coding
ETNPPL,protein_coding
WDR82,protein_coding
C4orf3,protein_coding
PRSS12,protein_coding
HMGB2,protein_coding
SAP30,protein_coding
SCRG1,protein_coding
HAND2,protein_coding
MAD2L1,protein_coding
ANXA5,protein_coding
TMEM155,protein_coding
MAP9,protein_coding
GUCY1A1,protein_coding
FBXO8,protein_coding
CEP44,protein_coding
ASB5,protein_coding
TMEM144,protein_coding
GASK1B,protein_coding
NPY1R,protein_coding
NAA15,protein_coding
IL15,protein_coding
ARFIP1,protein_coding
ICE1,protein_coding
HHIP,protein_coding
ANAPC10,protein_coding
ABCE1,protein_coding
OTUD4,protein_coding
LSM6,protein_coding
TMEM184C,protein_coding
PRMT9,protein_coding
ITGA2,protein_coding
MOCS2,protein_coding
EDIL3,protein_coding
TMEM161B,protein_coding
ELOVL7,protein_coding
NDUFAF2,protein_coding
ZNF474,protein_coding
LMBRD2,protein_coding
RANBP3L,protein_coding
NIPBL,protein_coding
RNF180,protein_coding
ADGRV1,protein_coding
SLC25A46,protein_coding
STARD4,protein_coding
PGGT1B,protein_coding
F2RL2,protein_coding
CCDC112,protein_coding
ANKRD33B,protein_coding
CMBL,protein_coding
C5orf63,protein_coding
PRRC1,protein_coding
F2RL1,protein_coding
AGGF1,protein_coding
WDR41,protein_coding
NDUFS4,protein_coding
SPINK1,protein_coding
ESM1,protein_coding
GRPEL2,protein_coding
ARSK,protein_coding
RHOBTB3,protein_coding
GPX8,protein_coding
TIGD6,protein_coding
SERINC5,protein_coding
ENPP6,protein_coding
CASP3,protein_coding
PRIMPOL,protein_coding
ERAP1,protein_coding
ERAP2,protein_coding
CMYA5,protein_coding
EGFLAM,protein_coding
CFAP97,protein_coding
RICTOR,protein_coding
TENT2,protein_coding
EBF1,protein_coding
ANKRA2,protein_coding
UBLCP1,protein_coding
UTP15,protein_coding
TLR3,protein_coding
KLKB1,protein_coding
NSA2,protein_coding
GFM2,protein_coding
CCDC127,protein_coding
FOXQ1,protein_coding
ACSL6,protein_coding
SEPTIN8,protein_coding
SHROOM1,protein_coding
GDF9,protein_coding
UQCRQ,protein_coding
LEAP2,protein_coding
SLC35A1,protein_coding
GRIK2,protein_coding
CGAS,protein_coding
FABP7,protein_coding
TXLNB,protein_coding
CITED2,protein_coding
CREBRF,protein_coding
DCBLD1,protein_coding
SFXN1,protein_coding
TMEM200A,protein_coding
DACT2,protein_coding
PDSS2,protein_coding
STXBP5,protein_coding
PI16,protein_coding
DAGLB,protein_coding
KIAA0895,protein_coding
STK17A,protein_coding
TRA2A,protein_coding
GALNT10,protein_coding
SAP30L,protein_coding
RPS14,protein_coding
MYOZ3,protein_coding
COG5,protein_coding
BMT2,protein_coding
GPR85,protein_coding
SLU7,protein_coding
RP9,protein_coding
PTTG1,protein_coding
CAMLG,protein_coding
BMPER,protein_coding
RELL2,protein_coding
KCNK5,protein_coding
KIF6,protein_coding
ZNF12,protein_coding
SLC29A4,protein_coding
STEAP1,protein_coding
CDCA7L,protein_coding
SP8,protein_coding
MIOS,protein_coding
ELAPOR2,protein_coding
USP49,protein_coding
INTS4P1,transcribed_unprocessed_pseudogene
SYTL3,protein_coding
IQUB,protein_coding
HEY1,protein_coding
ZNF704,protein_coding
FABP5,protein_coding
SHH,protein_coding
TAGAP,protein_coding
COL1A2,protein_coding
FNDC1,protein_coding
SLC13A4,protein_coding
BRI3,protein_coding
LMTK2,protein_coding
CTSB,protein_coding
SOX17,protein_coding
DLC1,protein_coding
ADCY1,protein_coding
C8orf48,protein_coding
C7orf57,protein_coding
HNF4G,protein_coding
PEX2,protein_coding
RAD21,protein_coding
MED30,protein_coding
TNFRSF11B,protein_coding
SBSPON,protein_coding
PHKG1,protein_coding
EN2,protein_coding
CSMD3,protein_coding
SPIDR,protein_coding
ORC5,protein_coding
DNAAF5,protein_coding
OSGIN2,protein_coding
SUN1,protein_coding
OXR1,protein_coding
TMEM74,protein_coding
FAM86FP,transcribed_unprocessed_pseudogene
GPR146,protein_coding
GPER1,protein_coding
NOS3,protein_coding
MICALL2,protein_coding
CA3,protein_coding
INTS1,protein_coding
CDK5,protein_coding
SLC4A2,protein_coding
FASTK,protein_coding
TMUB1,protein_coding
FMC1,protein_coding
PHAX,protein_coding
ALDH7A1,protein_coding
FOXK1,protein_coding
COX6C,protein_coding
OSR2,protein_coding
YWHAZ,protein_coding
BAALC,protein_coding
FZD6,protein_coding
CTHRC1,protein_coding
DCAF13,protein_coding
TP53INP1,protein_coding
INTS8,protein_coding
VIRMA,protein_coding
FREM1,protein_coding
GEM,protein_coding
PDP1,protein_coding
TMEM67,protein_coding
WASHC5,protein_coding
RPP25L,protein_coding
FAM219A,protein_coding
C9orf24,protein_coding
SNAPC3,protein_coding
MYORG,protein_coding
NUDT2,protein_coding
TMEM65,protein_coding
PSIP1,protein_coding
CCDC171,protein_coding
UBAP1,protein_coding
DIRAS2,protein_coding
SYK,protein_coding
NIPSNAP3B,protein_coding
ABCA1,protein_coding
NFIL3,protein_coding
LETM2,protein_coding
METTL2B,protein_coding
FXN,protein_coding
ZMAT4,protein_coding
TMEM71,protein_coding
MAMDC2,protein_coding
PRSS37,protein_coding
C8orf34,protein_coding
ALDH1A1,protein_coding
KDM1B,protein_coding
HGSNAT,protein_coding
RASEF,protein_coding
GKAP1,protein_coding
KIF27,protein_coding
C9orf64,protein_coding
HNRNPK,protein_coding
AL353743.1,transcribed_unprocessed_pseudogene
SVEP1,protein_coding
ANKS6,protein_coding
FBP1,protein_coding
PGAP4,protein_coding
ZHX1,protein_coding
CYBB,protein_coding
DYNLT3,protein_coding
METTL27,protein_coding
MID1IP1,protein_coding
NCF1C,unprocessed_pseudogene
SHOC1,protein_coding
KIAA1958,protein_coding
PTCHD1,protein_coding
PCDH19,protein_coding
PIGA,protein_coding
STRBP,protein_coding
GAPVD1,protein_coding
CARD19,protein_coding
WNK2,protein_coding
ATP7A,protein_coding
ZNF367,protein_coding
NLGN4Y,protein_coding
HDX,protein_coding
NDUFB6,protein_coding
NOL6,protein_coding
AQP3,protein_coding
TRMT10B,protein_coding
VCP,protein_coding
PIGO,protein_coding
STOML2,protein_coding
BRWD3,protein_coding
SLITRK5,protein_coding
MELK,protein_coding
ARMC3,protein_coding
OTUD1,protein_coding
ARHGAP12,protein_coding
FAT3,protein_coding
HECTD2,protein_coding
SLC7A3,protein_coding
FBXO33,protein_coding
INTS6L,protein_coding
LRFN5,protein_coding
LRRC18,protein_coding
SPTSSA,protein_coding
WRN,protein_coding
MARCHF8,protein_coding
TSHR,protein_coding
CFL2,protein_coding
SUGT1,protein_coding
GTF2A1,protein_coding
ZCCHC24,protein_coding
PGM2L1,protein_coding
PHYHIPL,protein_coding
SLC16A9,protein_coding
FOLR2,protein_coding
INPPL1,protein_coding
GJB2,protein_coding
CRYL1,protein_coding
REEP3,protein_coding
HEPACAM,protein_coding
SKA3,protein_coding
MICU2,protein_coding
DDIAS,protein_coding
PCF11,protein_coding
PKNOX2,protein_coding
LRR1,protein_coding
RPL36AL,protein_coding
DNAAF2,protein_coding
DEPP1,protein_coding
ZNF22-AS1,lncRNA
ZNF22,protein_coding
KLHDC2,protein_coding
EML5,protein_coding
NEMF,protein_coding
RPUSD4,protein_coding
ARF6,protein_coding
TTC8,protein_coding
TMEM63C,protein_coding
NGB,protein_coding
NOXRED1,protein_coding
AMER2,protein_coding
AKR1E2,protein_coding
KBTBD6,protein_coding
FAAH2,protein_coding
NUDT5,protein_coding
DACT1,protein_coding
BEND7,protein_coding
ATP5F1C,protein_coding
PRPF18,protein_coding
TAF3,protein_coding
VSTM4,protein_coding
VDAC2,protein_coding
COMTD1,protein_coding
PDZD8,protein_coding
ZNF503,protein_coding
ABRAXAS2,protein_coding
QSOX2,protein_coding
FAM204A,protein_coding
NSD1,protein_coding
PRDX3,protein_coding
ENOX2,protein_coding
GHITM,protein_coding
SNAPC4,protein_coding
TMEM52B,protein_coding
PMPCA,protein_coding
ENTR1,protein_coding
AK8,protein_coding
SPACA9,protein_coding
TSC1,protein_coding
HPRT1,protein_coding
BORCS5,protein_coding
DIPK1B,protein_coding
ZMYND19,protein_coding
STOX1,protein_coding
RET,protein_coding
DDX21,protein_coding
BMS1,protein_coding
STK32C,protein_coding
JCAD,protein_coding
FUNDC2,protein_coding
PIP4P1,protein_coding
METTL17,protein_coding
NDRG2,protein_coding
ARHGEF40,protein_coding
NSMF,protein_coding
ZNF219,protein_coding
CASP7,protein_coding
PPP1R36,protein_coding
BTNL9,protein_coding
CCDC186,protein_coding
VWA2,protein_coding
METTL3,protein_coding
SALL2,protein_coding
TRUB1,protein_coding
ZFYVE1,protein_coding
HSPA12A,protein_coding
FRAT1,protein_coding
UBTD1,protein_coding
E2F7,protein_coding
ARHGAP42,protein_coding
ISCA2,protein_coding
PACSIN3,protein_coding
TTC7B,protein_coding
SLC39A13,protein_coding
PSMC3,protein_coding
AGBL2,protein_coding
TC2N,protein_coding
CPSF2,protein_coding
MOAP1,protein_coding
IFI27L1,protein_coding
IFI27,protein_coding
CLMN,protein_coding
PDZRN4,protein_coding
NELL1,protein_coding
PTER,protein_coding
C1QL3,protein_coding
CACNB2,protein_coding
HACD1,protein_coding
ARL5B,protein_coding
SMCO4,protein_coding
CEP295,protein_coding
KCNC2,protein_coding
TAF1D,protein_coding
ABTB2,protein_coding
R3HCC1L,protein_coding
AMOTL1,protein_coding
HTRA1,protein_coding
LIPC,protein_coding
CEP57,protein_coding
TCP11L2,protein_coding
SPRED1,protein_coding
GPR176,protein_coding
JAM3,protein_coding
CMTM5,protein_coding
GLB1L3,protein_coding
ADAMTS15,protein_coding
SVOP,protein_coding
GPT2,protein_coding
RAB8B,protein_coding
IKBIP,protein_coding
RPUSD2,protein_coding
HIF1AN,protein_coding
NDUFB8,protein_coding
ZFYVE19,protein_coding
SPINT1,protein_coding
FBN1,protein_coding
AVPR1A,protein_coding
DEPDC4,protein_coding
LRTM2,protein_coding
BRD7,protein_coding
CKB,protein_coding
TRMT61A,protein_coding
BTRC,protein_coding
POLL,protein_coding
BAG5,protein_coding
DPCD,protein_coding
LARP6,protein_coding
API5,protein_coding
ZNF319,protein_coding
HPS6,protein_coding
SENP8,protein_coding
NOLC1,protein_coding
ALKBH3,protein_coding
COPS2,protein_coding
GABRB3,protein_coding
SGPL1,protein_coding
FRS2,protein_coding
CCT2,protein_coding
PCBD1,protein_coding
ARIH1,protein_coding
C16orf71,protein_coding
CLMP,protein_coding
SCN3B,protein_coding
COX11,protein_coding
ZNF202,protein_coding
FAM227B,protein_coding
STXBP4,protein_coding
CYYR1,protein_coding
CUL5,protein_coding
MYRFL,protein_coding
WBP1L,protein_coding
BORCS7,protein_coding
C2,protein_coding
PLEKHF1,protein_coding
TMEM100,protein_coding
ANAPC16,protein_coding
SMPD1,protein_coding
APBB1,protein_coding
NUDT13,protein_coding
C11orf65,protein_coding
TRIM44,protein_coding
ILK,protein_coding
TAF10,protein_coding
TPP1,protein_coding
DCHS1,protein_coding
NETO1,protein_coding
MSS51,protein_coding
CYB5A,protein_coding
USP54,protein_coding
IFTAP,protein_coding
WDR88,protein_coding
ATP9B,protein_coding
PPFIBP2,protein_coding
CYB5R2,protein_coding
GARRE1,protein_coding
SERPINB8,protein_coding
TUB,protein_coding
RIC3,protein_coding
LMO1,protein_coding
IDH3A,protein_coding
CRABP1,protein_coding
PLD4,protein_coding
ZMAT1,protein_coding
XRRA1,protein_coding
TRIM66,protein_coding
RNF169,protein_coding
RPL27A,protein_coding
DENND2B,protein_coding
CDYL2,protein_coding
TMEM130,protein_coding
PRTG,protein_coding
CENPN,protein_coding
AKIP1,protein_coding
ATMIN,protein_coding
TMEM41B,protein_coding
LEO1,protein_coding
ZNF143,protein_coding
TMX3,protein_coding
MFAP4,protein_coding
WEE1,protein_coding
MAPK7,protein_coding
FAM86GP,unprocessed_pseudogene
PRKCB,protein_coding
HDGFL3,protein_coding
MCM7,protein_coding
CLEC4E,protein_coding
ZNF3,protein_coding
ZSCAN21,protein_coding
HSBP1P2,processed_pseudogene
RIMKLB,protein_coding
A2ML1,protein_coding
BEAN1,protein_coding
TK2,protein_coding
TMED3,protein_coding
SEC11C,protein_coding
GALR1,protein_coding
TMEM135,protein_coding
IQCD,protein_coding
NDEL1,protein_coding
CENPV,protein_coding
RRAD,protein_coding
CIAO2B,protein_coding
CFAP52,protein_coding
HSP90B1,protein_coding
BLCAP,protein_coding
ATF7IP2,protein_coding
TVP23A,protein_coding
BEX3,protein_coding
TMPRSS5,protein_coding
COG1,protein_coding
PLEKHA7,protein_coding
ZNF606,protein_coding
ZCCHC18,protein_coding
B2M,protein_coding
ZNF592,protein_coding
GOLM2,protein_coding
NNMT,protein_coding
AP1G1,protein_coding
SLFN5,protein_coding
CATSPER2,protein_coding
ZNF667-AS1,lncRNA
BMERB1,protein_coding
MARF1,protein_coding
SAAL1,protein_coding
YPEL4,protein_coding
PPIB,protein_coding
CIAO2A,protein_coding
FAM111A,protein_coding
PCLAF,protein_coding
KIF7,protein_coding
LDHD,protein_coding
PLIN1,protein_coding
PEX11A,protein_coding
TMEM170A,protein_coding
MESP1,protein_coding
ANPEP,protein_coding
SCNN1G,protein_coding
RBPMS2,protein_coding
NAV2,protein_coding
ANKDD1A,protein_coding
C18orf54,protein_coding
DCTN5,protein_coding
TERF2IP,protein_coding
PLK1,protein_coding
CLPX,protein_coding
ZBTB39,protein_coding
TAC3,protein_coding
NEMP1,protein_coding
NAB2,protein_coding
VPS39,protein_coding
STAT6,protein_coding
PATL1,protein_coding
ATP23,protein_coding
ELFN2,protein_coding
STX3,protein_coding
MRPL16,protein_coding
PIP4K2C,protein_coding
MTMR10,protein_coding
YWHAB,protein_coding
C15orf48,protein_coding
SCG5,protein_coding
GREM1,protein_coding
NYAP1,protein_coding
TSC22D4,protein_coding
MS4A7,protein_coding
MS4A14,protein_coding
DIS3L,protein_coding
CCNDBP1,protein_coding
SMAD3,protein_coding
MAP1A,protein_coding
RCCD1,protein_coding
AKTIP,protein_coding
MAPRE2,protein_coding
EVA1C,protein_coding
MARS1,protein_coding
MBD6,protein_coding
CNPY4,protein_coding
PDIA3,protein_coding
NUDT21,protein_coding
NAT16,protein_coding
NKX3-1,protein_coding
SGSM1,protein_coding
DUSP18,protein_coding
TEF,protein_coding
PBX3,protein_coding
GNGT2,protein_coding
PHB,protein_coding
SNRPD1,protein_coding
SAMD14,protein_coding
PIP5KL1,protein_coding
FAM102A,protein_coding
ACSF2,protein_coding
GOLGA2,protein_coding
TRUB2,protein_coding
COQ4,protein_coding
SLC27A4,protein_coding
URM1,protein_coding
CERCAM,protein_coding
DOLPP1,protein_coding
ENDOG,protein_coding
PRRX2,protein_coding
C15orf39,protein_coding
ISLR2,protein_coding
SP2,protein_coding
COQ7,protein_coding
GPRC5B,protein_coding
CRK,protein_coding
FBXO22,protein_coding
TBC1D2B,protein_coding
NOD2,protein_coding
SNX20,protein_coding
KATNAL2,protein_coding
HDHD2,protein_coding
ZNF91,protein_coding
RNF214,protein_coding
CDK12,protein_coding
DPEP2,protein_coding
DUS2,protein_coding
POP5,protein_coding
ENGASE,protein_coding
RBFOX3,protein_coding
ATP5MG,protein_coding
CD3D,protein_coding
TBC1D16,protein_coding
TEPSIN,protein_coding
MYO5B,protein_coding
ACAA2,protein_coding
STIM1,protein_coding
RRM1,protein_coding
TRIM68,protein_coding
FN3K,protein_coding
PRRT2,protein_coding
ZNF23,protein_coding
IRGQ,protein_coding
ZNF226,protein_coding
ZNF180,protein_coding
PPP2R3B,protein_coding
ZNF668,protein_coding
ZNF646,protein_coding
VKORC1,protein_coding
GNG8,protein_coding
CA4,protein_coding
SMG8,protein_coding
TPM4,protein_coding
RAB8A,protein_coding
GPX4,protein_coding
MIDN,protein_coding
KLHL26,protein_coding
GATAD2A,protein_coding
MVD,protein_coding
CDT1,protein_coding
TRAPPC2L,protein_coding
ANKRD11,protein_coding
SPATA33,protein_coding
RSKR,protein_coding
PROCA1,protein_coding
RPL13,protein_coding
ZNF641,protein_coding
CACNB3,protein_coding
DHRS13,protein_coding
TP53I13,protein_coding
KMT2D,protein_coding
CORO6,protein_coding
RHEBL1,protein_coding
TUBA1A,protein_coding
TUBA1C,protein_coding
ZNF610,protein_coding
ZNF528,protein_coding
ZNF701,protein_coding
SERTAD3,protein_coding
NCKAP5L,protein_coding
RAB4B,protein_coding
GPD1,protein_coding
PROSER3,protein_coding
CYP2S1,protein_coding
AXL,protein_coding
NFKBID,protein_coding
TMC4,protein_coding
LAIR1,protein_coding
TTYH1,protein_coding
LENG8,protein_coding
CDC42EP5,protein_coding
TMEM145,protein_coding
ZNF526,protein_coding
TRAPPC9,protein_coding
ZNF146,protein_coding
ZNF283,protein_coding
PPP1R14A,protein_coding
SPINT2,protein_coding
YIF1B,protein_coding
DNAAF3,protein_coding
ATCAY,protein_coding
DAPK3,protein_coding
EEF2,protein_coding
TMIGD2,protein_coding
CHAF1A,protein_coding
UBXN6,protein_coding
HDGFL2,protein_coding
PLIN4,protein_coding
SEMA6B,protein_coding
ZNF444,protein_coding
NXN,protein_coding
TLCD3A,protein_coding
GLOD4,protein_coding
MFSD3,protein_coding
GPT,protein_coding
KIFC2,protein_coding
SLC43A2,protein_coding
RILP,protein_coding
SERPINF2,protein_coding
WDR81,protein_coding
SRR,protein_coding
TSR1,protein_coding
TRPV3,protein_coding
HSD11B1L,protein_coding
CYB5D2,protein_coding
C19orf48,transcribed_unitary_pseudogene
KLK6,protein_coding
ZNF83,protein_coding
OTUB1,protein_coding
RCOR2,protein_coding
ANGPTL4,protein_coding
CD320,protein_coding
SPRYD3,protein_coding
IGFBP6,protein_coding
ZNF558,protein_coding
NDUFV1,protein_coding
CDK2AP2,protein_coding
NUDT8,protein_coding
PRDX2,protein_coding
ZNF232,protein_coding
MIS12,protein_coding
CD300C,protein_coding
CD300A,protein_coding
TEKT1,protein_coding
HID1,protein_coding
MRPL58,protein_coding
ATP5PD,protein_coding
TMEM88,protein_coding
SRP68,protein_coding
MGAT5B,protein_coding
TMC8,protein_coding
TK1,protein_coding
TMEM68,protein_coding
AC090152.1,lncRNA
GSDMA,protein_coding
TMEM99,lncRNA
GHDC,protein_coding
FAM234A,protein_coding
ZNF598,protein_coding
RAB26,protein_coding
MLST8,protein_coding
E4F1,protein_coding
DNASE1L2,protein_coding
ECI1,protein_coding
CASKIN1,protein_coding
ABCA3,protein_coding
KCTD5,protein_coding
SRRM2,protein_coding
ZNF597,protein_coding
NLRC3,protein_coding
SDHAF2,protein_coding
DDB1,protein_coding
VPS37C,protein_coding
VWCE,protein_coding
RAB3IL1,protein_coding
BEST1,protein_coding
FTH1,protein_coding
BSCL2,protein_coding
POLR2G,protein_coding
SLC3A2,protein_coding
PLAAT5,protein_coding
SPINDOC,protein_coding
ATG16L2,protein_coding
C2CD3,protein_coding
TRANK1,protein_coding
TTC21A,protein_coding
RPSA,protein_coding
ENTPD3,protein_coding
CTNNB1,protein_coding
ULK4,protein_coding
FADD,protein_coding
LTBP3,protein_coding
NAALADL1,protein_coding
SAC3D1,protein_coding
BATF2,protein_coding
SF1,protein_coding
MAP4K2,protein_coding
CCDC88B,protein_coding
SCARA3,protein_coding
PBK,protein_coding
PNOC,protein_coding
COPS6,protein_coding
PAFAH1B2,protein_coding
ANKS3,protein_coding
NUDT16L1,protein_coding
KIAA1586,protein_coding
RAB4A,protein_coding
KCNJ4,protein_coding
SETD5,protein_coding
VASN,protein_coding
THAP9,protein_coding
RNF187,protein_coding
HOOK3,protein_coding
MAPK1IP1L,protein_coding
DDIT4,protein_coding
RBPJ,protein_coding
LMBRD1,protein_coding
ZCCHC4,protein_coding
TTC39C,protein_coding
GLYCTK,protein_coding
GNG4,protein_coding
UBTD2,protein_coding
POLR2J3,protein_coding
NKIRAS2,protein_coding
DNAJC7,protein_coding
KCNV2,protein_coding
IRF2BP2,protein_coding
NT5DC2,protein_coding
SMIM4,protein_coding
COA6,protein_coding
KIF5C,protein_coding
BMI1,protein_coding
THAP11,protein_coding
MMADHC,protein_coding
PDHB,protein_coding
PXK,protein_coding
PCMTD1,protein_coding
KCTD6,protein_coding
MPLKIP,protein_coding
ACOX2,protein_coding
FAM107A,protein_coding
IRF2,protein_coding
MOBP,protein_coding
CX3CR1,protein_coding
PPDPFL,protein_coding
DEGS2,protein_coding
ARF4,protein_coding
SEPTIN2,protein_coding
FILIP1L,protein_coding
MFSD2A,protein_coding
DTYMK,protein_coding
TAP1,protein_coding
ING5,protein_coding
ATG4B,protein_coding
BDKRB2,protein_coding
MLKL,protein_coding
CMAHP,transcribed_unitary_pseudogene
RFWD3,protein_coding
RHOH,protein_coding
COG7,protein_coding
CDC40,protein_coding
STIP1,protein_coding
SCNN1B,protein_coding
HR,protein_coding
RAB31,protein_coding
REEP4,protein_coding
TNXB,protein_coding
LGI3,protein_coding
BMP1,protein_coding
ATXN2L,protein_coding
PHYHIP,protein_coding
POLR3D,protein_coding
FEN1,protein_coding
CAVIN2,protein_coding
MTCL1,protein_coding
GBX2,protein_coding
HEXIM2,protein_coding
FNTA,protein_coding
SERINC2,protein_coding
TRAPPC11,protein_coding
CHRM1,protein_coding
COL3A1,protein_coding
GFRA2,protein_coding
ING2,protein_coding
CDKN2AIP,protein_coding
SNRNP48,protein_coding
TMEM223,protein_coding
SLC20A2,protein_coding
DYNLRB2,protein_coding
TMUB2,protein_coding
STAT3,protein_coding
ZSWIM1,protein_coding
ADAM9,protein_coding
AXIN2,protein_coding
NDUFS5,protein_coding
VWA3B,protein_coding
ZNF30,protein_coding
LRATD2,protein_coding
LDLRAD4,protein_coding
SLC16A4,protein_coding
IL7R,protein_coding
TMEM208,protein_coding
LRP1B,protein_coding
AHCYL1,protein_coding
DNAJC21,protein_coding
PKIG,protein_coding
NPNT,protein_coding
FAM178B,protein_coding
SEMA4C,protein_coding
CNNM3,protein_coding
GSTM4,protein_coding
TET2,protein_coding
CXXC4,protein_coding
TCTN2,protein_coding
SHOX2,protein_coding
PPIP5K1,protein_coding
TSPAN5,protein_coding
ABHD15,protein_coding
ZBTB5,protein_coding
ADAL,protein_coding
LCMT2,protein_coding
SNTB2,protein_coding
IL12A,protein_coding
ZNF507,protein_coding
STX18,protein_coding
NSG1,protein_coding
ZBTB49,protein_coding
GFM1,protein_coding
FSTL5,protein_coding
TPTE2P5,transcribed_unprocessed_pseudogene
DDX19A,protein_coding
ATOH8,protein_coding
ANKRD49,protein_coding
USP39,protein_coding
TNIP2,protein_coding
C2orf68,protein_coding
TMEM150A,protein_coding
RNF181,protein_coding
VAMP5,protein_coding
LRRC28,protein_coding
MAT2A,protein_coding
ENHO,protein_coding
ZNF608,protein_coding
SLC35G2,protein_coding
INPP5D,protein_coding
LETM1,protein_coding
TMEM129,protein_coding
PPIC,protein_coding
SPRY3,protein_coding
CEP120,protein_coding
STXBP6,protein_coding
MFF,protein_coding
GRM5,protein_coding
LGALS9,protein_coding
JMJD7-PLA2G4B,protein_coding
OR7E102P,unprocessed_pseudogene
CPLX1,protein_coding
PXDC1,protein_coding
SIGLEC7,protein_coding
NTSR2,protein_coding
E2F6,protein_coding
FEM1B,protein_coding
COMMD8,protein_coding
ATP5ME,protein_coding
UQCRFS1,protein_coding
SLC49A3,protein_coding
COL4A3,protein_coding
MAP2K1,protein_coding
HNRNPH1,protein_coding
IRS1,protein_coding
MECP2,protein_coding
UPF3A,protein_coding
ZBBX,protein_coding
ROR2,protein_coding
BRD7P3,processed_pseudogene
AR,protein_coding
DHRSX,protein_coding
VXN,protein_coding
HSPBAP1,protein_coding
ASMTL,protein_coding
SLC25A6,protein_coding
CHST14,protein_coding
PARM1,protein_coding
CSNK1G1,protein_coding
FAM110B,protein_coding
AFAP1L2,protein_coding
ZNF354A,protein_coding
ATF5,protein_coding
UBE2V2,protein_coding
ZBTB43,protein_coding
CPT1C,protein_coding
XPO6,protein_coding
GSG1L,protein_coding
MN1,protein_coding
APEX2,protein_coding
NSMCE1,protein_coding
CCDC126,protein_coding
NPIPB12,protein_coding
RAB3B,protein_coding
CD2BP2,protein_coding
RGS14,protein_coding
TBC1D10B,protein_coding
LMAN2,protein_coding
RAB24,protein_coding
PRELID1,protein_coding
THBS3,protein_coding
CA5B,protein_coding
SLC50A1,protein_coding
EFNA1,protein_coding
CXCL10,protein_coding
NPIPB3,protein_coding
SH3TC2,protein_coding
CXCL11,protein_coding
ZRSR2,protein_coding
NMD3,protein_coding
ADRB2,protein_coding
AL669983.1,processed_pseudogene
B3GALNT1,protein_coding
GPRIN1,protein_coding
HSPB3,protein_coding
KCNAB1,protein_coding
MRPL1,protein_coding
SHE,protein_coding
NR0B1,protein_coding
PGM2,protein_coding
STK32A,protein_coding
IL1RAPL1,protein_coding
P2RY12,protein_coding
C22orf15,protein_coding
MINAR1,protein_coding
SLC33A1,protein_coding
SNUPN,protein_coding
CRADD,protein_coding
SIN3A,protein_coding
ARL13B,protein_coding
RNASE2,protein_coding
RNASE3,protein_coding
PTK2,protein_coding
PTAFR,protein_coding
PTPN9,protein_coding
RNASE6,protein_coding
NPR1,protein_coding
KCNK9,protein_coding
CXCL8,protein_coding
SCN9A,protein_coding
COL22A1,protein_coding
SDC2,protein_coding
CD52,protein_coding
MMGT1,protein_coding
TM2D2,protein_coding
HTRA4,protein_coding
PLEKHA2,protein_coding
CLIC4,protein_coding
SLC38A11,protein_coding
GPR183,protein_coding
CCDC8,protein_coding
METTL15,protein_coding
ZEB2,protein_coding
GJB1,protein_coding
PCBP1,protein_coding
HINT1,protein_coding
DTWD2,protein_coding
CLIC3,protein_coding
INO80E,protein_coding
DFFB,protein_coding
NFU1,protein_coding
ANTXR1,protein_coding
CKAP2L,protein_coding
C15orf40,protein_coding
RAMAC,protein_coding
APLF,protein_coding
BOLA2B,protein_coding
RGPD8,protein_coding
HIC2,protein_coding
LUZP1,protein_coding
HEXD,protein_coding
BUB1,protein_coding
LRRC45,protein_coding
CENPX,protein_coding
AGPAT2,protein_coding
ASPSCR1,protein_coding
FASN,protein_coding
CNBP,protein_coding
MT1E,protein_coding
DUS1L,protein_coding
GPS1,protein_coding
RFNG,protein_coding
DCXR,protein_coding
ZNF32,protein_coding
LDB2,protein_coding
RAC3,protein_coding
LIMS1,protein_coding
TMEM266,protein_coding
NLGN1,protein_coding
TAPT1,protein_coding
UGP2,protein_coding
LINGO1,protein_coding
HNRNPF,protein_coding
BTD,protein_coding
CSGALNACT2,protein_coding
GSX1,protein_coding
PCDH7,protein_coding
ROBO1,protein_coding
ONECUT1,protein_coding
AVEN,protein_coding
P2RY1,protein_coding
CTNND2,protein_coding
TRIM56,protein_coding
WNT10B,protein_coding
REPS2,protein_coding
SYAP1,protein_coding
ITGAM,protein_coding
TPST1,protein_coding
TOR1AIP2,protein_coding
TM4SF1,protein_coding
OTUD3,protein_coding
OTUD7A,protein_coding
GUSB,protein_coding
BRD3,protein_coding
KLF13,protein_coding
FRMPD4,protein_coding
ZFPM2,protein_coding
ZNF764,protein_coding
ZNF747,protein_coding
ZNF768,protein_coding
TAS1R3,protein_coding
TMEM42,protein_coding
MAP3K2,protein_coding
PUSL1,protein_coding
SF3B5,protein_coding
ZNF35,protein_coding
TIGD4,protein_coding
IFFO2,protein_coding
NLGN2,protein_coding
MYO7B,protein_coding
CHD3,protein_coding
TMEM154,protein_coding
MYRIP,protein_coding
ALCAM,protein_coding
YWHAG,protein_coding
UBE2E3,protein_coding
CNTROB,protein_coding
TRAPPC1,protein_coding
KCNAB3,protein_coding
GPR37L1,protein_coding
SIMC1,protein_coding
TMEM192,protein_coding
AC106795.1,transcribed_unprocessed_pseudogene
NSG2,protein_coding
SPDYE5,protein_coding
ZNF778,protein_coding
NIPA1,protein_coding
FOXD4,protein_coding
UBE2E1,protein_coding
HNRNPA3,protein_coding
SIK2,protein_coding
RNF150,protein_coding
AL512625.1,lncRNA
VGLL2,protein_coding
HOXD4,protein_coding
CHRNB1,protein_coding
HOXD12,protein_coding
USP38,protein_coding
SLC16A5,protein_coding
NANP,protein_coding
ANKK1,protein_coding
ADRA1B,protein_coding
ADPRM,protein_coding
FABP6,protein_coding
PWWP2A,protein_coding
USP50,protein_coding
USP47,protein_coding
PDCD6IP,protein_coding
ZNF212,protein_coding
MRAP,protein_coding
FAM161A,protein_coding
ZNF282,protein_coding
GLB1,protein_coding
GON7,protein_coding
FAXDC2,protein_coding
CRTAP,protein_coding
SLN,protein_coding
ELP5,protein_coding
CMTM8,protein_coding
GABARAP,protein_coding
STX8,protein_coding
CDK1,protein_coding
UBB,protein_coding
NFRKB,protein_coding
FABP4,protein_coding
PRDM10,protein_coding
B3GNT2,protein_coding
FOS,protein_coding
TMED10,protein_coding
SETMAR,protein_coding
SMAD1,protein_coding
EMX2,protein_coding
TCAF2,protein_coding
SEMA3E,protein_coding
LRRN2,protein_coding
SLC30A1,protein_coding
DCLK2,protein_coding
ZNF804A,protein_coding
AC091390.1,unprocessed_pseudogene
GPRC5C,protein_coding
TMEM182,protein_coding
VSTM2A,protein_coding
ADORA2B,protein_coding
MGMT,protein_coding
METTL7B,protein_coding
HARS1,protein_coding
NFXL1,protein_coding
KRT75,protein_coding
DENND5B,protein_coding
CD14,protein_coding
DNAJC18,protein_coding
RIOX1,protein_coding
SPATA24,protein_coding
RALGAPB,protein_coding
PYM1,protein_coding
SLC23A1,protein_coding
NPAS2,protein_coding
LONRF2,protein_coding
NUDT9,protein_coding
PA2G4,protein_coding
ELOVL6,protein_coding
PFKFB3,protein_coding
TMC7,protein_coding
ARL6IP1,protein_coding
SERPINB9,protein_coding
SMAGP,protein_coding
IRX1,protein_coding
CDH2,protein_coding
IRX2,protein_coding
EMB,protein_coding
SIX2,protein_coding
DLGAP1,protein_coding
STAT2,protein_coding
NUDCD2,protein_coding
IRF2BP1,protein_coding
HSPA4,protein_coding
COMMD5,protein_coding
SGCD,protein_coding
DPY19L2P2,transcribed_unprocessed_pseudogene
ZNF16,protein_coding
ARMC10,protein_coding
RNF34,protein_coding
ACYP2,protein_coding
TRABD,protein_coding
ATF7,protein_coding
RASA4B,protein_coding
SOCS6,protein_coding
CAVIN4,protein_coding
ZNF296,protein_coding
TTLL6,protein_coding
POLH,protein_coding
SYT9,protein_coding
KCNS3,protein_coding
KIF5B,protein_coding
GPR37,protein_coding
AKAP13,protein_coding
CDCA4,protein_coding
CHCHD7,protein_coding
HTRA3,protein_coding
FOXN2,protein_coding
USP32,protein_coding
CEL,protein_coding
PPM1D,protein_coding
GPR27,protein_coding
AC093323.1,protein_coding
KBTBD2,protein_coding
RIOX2,protein_coding
TRIAP1,protein_coding
LSM3,protein_coding
KIAA0232,protein_coding
MTSS1,protein_coding
TMEM43,protein_coding
RNF139,protein_coding
RPS9,protein_coding
CYTL1,protein_coding
TSEN34,protein_coding
TRH,protein_coding
GSTA4,protein_coding
MSANTD4,protein_coding
NDUFA3,protein_coding
OSCAR,protein_coding
PAQR8,protein_coding
NUDT6,protein_coding
TPT1-AS1,lncRNA
TANC2,protein_coding
DNAJC24,protein_coding
ZNF160,protein_coding
ZNF415,protein_coding
CAVIN3,protein_coding
HAS2,protein_coding
PDGFD,protein_coding
S1PR1,protein_coding
HS6ST2,protein_coding
PYGO1,protein_coding
PKIA,protein_coding
XKR6,protein_coding
TSNARE1,protein_coding
FPR2,protein_coding
FPR1,protein_coding
FEZ2,protein_coding
SOX7,protein_coding
C11orf24,protein_coding
FAM86JP,transcribed_unprocessed_pseudogene
ALK,protein_coding
MTM1,protein_coding
TRMT61B,protein_coding
INSR,protein_coding
MFN1,protein_coding
GIMAP8,protein_coding
KCNMB3,protein_coding
ATP6V0E2,protein_coding
PRKCE,protein_coding
JAGN1,protein_coding
TADA3,protein_coding
SOCS5,protein_coding
C1GALT1C1,protein_coding
C9orf16,protein_coding
MORN4,protein_coding
ZNF672,protein_coding
ZNF692,protein_coding
NAIF1,protein_coding
RBKS,protein_coding
GRIK1,protein_coding
TMEM126A,protein_coding
TMEM126B,protein_coding
TRIM8,protein_coding
NETO2,protein_coding
CLDN20,protein_coding
SCAND1,protein_coding
JUNB,protein_coding
FAM241B,protein_coding
TMEM37,protein_coding
LRG1,protein_coding
SHCBP1,protein_coding
SOSTDC1,protein_coding
NPTX1,protein_coding
FAM98B,protein_coding
ZNF439,protein_coding
ZNF440,protein_coding
GAA,protein_coding
CANT1,protein_coding
KCNK3,protein_coding
ZDHHC16,protein_coding
CHST11,protein_coding
EXOSC1,protein_coding
PGAM1,protein_coding
CHD7,protein_coding
ESCO2,protein_coding
LURAP1,protein_coding
CLCN5,protein_coding
TPPP,protein_coding
KCND3,protein_coding
APLN,protein_coding
PDE7B,protein_coding
MRPL36,protein_coding
ZNF581,protein_coding
NAT1,protein_coding
KSR2,protein_coding
ZNF524,protein_coding
MCC,protein_coding
ZBTB26,protein_coding
CDK5R2,protein_coding
DSEL,protein_coding
POLR1C,protein_coding
ASXL1,protein_coding
DLK2,protein_coding
ZNF562,protein_coding
ZNF318,protein_coding
ZNF561,protein_coding
WIPF2,protein_coding
HOPX,protein_coding
LRRC8C,protein_coding
RSL1D1,protein_coding
LRRC8D,protein_coding
PPID,protein_coding
ETFDH,protein_coding
PTGER4,protein_coding
TBCA,protein_coding
NEUROD2,protein_coding
MAP6,protein_coding
OTP,protein_coding
ECEL1,protein_coding
BCL2L1,protein_coding
PLRG1,protein_coding
ZNF584,protein_coding
DSCAM,protein_coding
CLSTN1,protein_coding
CXXC5,protein_coding
ZNF274,protein_coding
PIK3CD,protein_coding
PTCRA,protein_coding
SLC25A33,protein_coding
ENC1,protein_coding
SPSB1,protein_coding
P2RY6,protein_coding
BPTF,protein_coding
S100Z,protein_coding
ZIK1,protein_coding
GPR82,protein_coding
GPR34,protein_coding
PLEKHG5,protein_coding
ATF7IP,protein_coding
LKAAEAR1,protein_coding
RGS19,protein_coding
TCEA2,protein_coding
ANO5,protein_coding
HDAC3,protein_coding
SPATA46,protein_coding
GPHN,protein_coding
VAT1L,protein_coding
TMEM51,protein_coding
CAMTA1,protein_coding
LRRC34,protein_coding
SPATA5L1,protein_coding
GATM,protein_coding
RASGRP4,protein_coding
NHLH1,protein_coding
SLFNL1,protein_coding
BCL2,protein_coding
RHNO1,protein_coding
CTPS1,protein_coding
KNDC1,protein_coding
METTL18,protein_coding
CFAP46,protein_coding
COL8A2,protein_coding
PWWP2B,protein_coding
PCDHB1,protein_coding
ZNF540,protein_coding
ANGPTL7,protein_coding
FBXL14,protein_coding
EXOSC10,protein_coding
ZNF570,protein_coding
NINJ2,protein_coding
MLLT3,protein_coding
FAM90A1,protein_coding
RRM2,protein_coding
TRAPPC12,protein_coding
RPS21,protein_coding
C3AR1,protein_coding
MRM3,protein_coding
PTEN,protein_coding
RPS7,protein_coding
RNASEH1,protein_coding
PRNP,protein_coding
ADRA1D,protein_coding
FRMD5,protein_coding
AQP4,protein_coding
CYP4F11,protein_coding
TLN2,protein_coding
TVP23B,protein_coding
ZNF217,protein_coding
SRGAP2C,protein_coding
SCG2,protein_coding
ATPAF2,protein_coding
PPIH,protein_coding
DRC3,protein_coding
SHLD1,protein_coding
JMJD1C,protein_coding
SYNPO,protein_coding
MAL,protein_coding
ZNF554,protein_coding
RAB33B,protein_coding
THOP1,protein_coding
GAP43,protein_coding
EPHX4,protein_coding
LAMB2,protein_coding
USP19,protein_coding
QARS1,protein_coding
ORMDL3,protein_coding
KLF11,protein_coding
LRRC15,protein_coding
SMN1,protein_coding
EIF2AK3,protein_coding
MOB3A,protein_coding
KRCC1,protein_coding
NME6,protein_coding
CYCS,protein_coding
SLFN12,protein_coding
CALB2,protein_coding
FRMD3,protein_coding
SNTB1,protein_coding
MTBP,protein_coding
TEFM,protein_coding
MRPL13,protein_coding
MALT1,protein_coding
ISG20,protein_coding
MBOAT1,protein_coding
ID4,protein_coding
GPR22,protein_coding
CXCR6,protein_coding
CEBPB,protein_coding
PAIP1,protein_coding
CLEC7A,protein_coding
C5orf34,protein_coding
C1QTNF4,protein_coding
NEGR1,protein_coding
ZNF131,protein_coding
MACROD2,protein_coding
DPAGT1,protein_coding
BSG,protein_coding
HINFP,protein_coding
CERS6,protein_coding
SPTLC3,protein_coding
COPRS,protein_coding
TP53RK,protein_coding
B3GALT1,protein_coding
CLEC12A,protein_coding
BPGM,protein_coding
POP7,protein_coding
ALG14,protein_coding
SUCLG2,protein_coding
CSDC2,protein_coding
RCAN2,protein_coding
IL16,protein_coding
ABCG4,protein_coding
GNB2,protein_coding
CFAP53,protein_coding
MCRIP2,protein_coding
C2CD2L,protein_coding
ARNT2,protein_coding
GNG12,protein_coding
PRSS27,protein_coding
MYOZ2,protein_coding
SYNPO2,protein_coding
CLP1,protein_coding
TTC36,protein_coding
RSPH9,protein_coding
COPS9,protein_coding
GTPBP2,protein_coding
FGGY,protein_coding
IL17D,protein_coding
FUT9,protein_coding
TCEAL1,protein_coding
ZNF24,protein_coding
MANEA,protein_coding
RAB40A,protein_coding
AFF1,protein_coding
FIBP,protein_coding
CARNS1,protein_coding
BANP,protein_coding
PPP1CA,protein_coding
HCFC1,protein_coding
CTSW,protein_coding
NIPAL4,protein_coding
PDE3A,protein_coding
RASGRP1,protein_coding
KLHL6,protein_coding
CHCHD1,protein_coding
MRPL52,protein_coding
SMPDL3A,protein_coding
RND1,protein_coding
RAD9A,protein_coding
EFEMP2,protein_coding
WASHC2C,protein_coding
TMEM134,protein_coding
ZMAT3,protein_coding
ZFAND4,protein_coding
ZNF738,protein_coding
SLFN11,protein_coding
CCL19,protein_coding
CORO1B,protein_coding
FUT10,protein_coding
LRRC20,protein_coding
MUS81,protein_coding
PURG,protein_coding
TMEM217,protein_coding
RPL12P13,unprocessed_pseudogene
ZNF596,protein_coding
CFL1,protein_coding
TMCC1,protein_coding
NAA16,protein_coding
EFCAB12,protein_coding
PSME3IP1,protein_coding
CBWD1,protein_coding
RAB37,protein_coding
DCP2,protein_coding
SNX32,protein_coding
RPL38,protein_coding
CYP7B1,protein_coding
RARG,protein_coding
CES4A,protein_coding
CES3,protein_coding
SSH3,protein_coding
CES2,protein_coding
PDP2,protein_coding
SP3,protein_coding
DMXL1,protein_coding
METAP1D,protein_coding
ZNF621,protein_coding
EGFL7,protein_coding
NADSYN1,protein_coding
DHCR7,protein_coding
COX6B1P3,processed_pseudogene
NBEA,protein_coding
RNASEH2C,protein_coding
ANKRD13D,protein_coding
MRGPRF,protein_coding
MYD88,protein_coding
OXSR1,protein_coding
PHF8,protein_coding
LCLAT1,protein_coding
MIR4435-2HG,lncRNA
UNC93B3,unprocessed_pseudogene
VDAC2P5,processed_pseudogene
KAT5,protein_coding
SH3RF3,protein_coding
GXYLT2,protein_coding
HPSE2,protein_coding
DCAKD,protein_coding
ARPP21,protein_coding
TADA2B,protein_coding
CCDC96,protein_coding
GRK2,protein_coding
RELA,protein_coding
EVC2,protein_coding
ZNF680,protein_coding
HECTD4,protein_coding
FAM222B,protein_coding
BNC2,protein_coding
RXFP4,protein_coding
HPSE,protein_coding
COQ2,protein_coding
HSPA6,protein_coding
TRMT112,protein_coding
LRRN3,protein_coding
KDM2A,protein_coding
ADCK5,protein_coding
MRPL57,protein_coding
NOC3L,protein_coding
ESRRA,protein_coding
RHOD,protein_coding
COMMD1,protein_coding
RAPH1,protein_coding
MTX1,protein_coding
ADCY5,protein_coding
PARP14,protein_coding
CYSLTR1,protein_coding
PARP15,protein_coding
CKS1B,protein_coding
ABCD2,protein_coding
AHSA2P,transcribed_unitary_pseudogene
ABLIM3,protein_coding
MFSD4B,protein_coding
VANGL1,protein_coding
GLRX,protein_coding
IQCB1,protein_coding
SYT12,protein_coding
GOLGB1,protein_coding
DMRT2,protein_coding
ZNF483,protein_coding
PLAC8L1,protein_coding
GPR137,protein_coding
SNCG,protein_coding
MMRN2,protein_coding
MZT2A,protein_coding
TNKS,protein_coding
ZNF449,protein_coding
ZBTB21,protein_coding
PPP1R3B,protein_coding
FAM86B3P,transcribed_unprocessed_pseudogene
STOX2,protein_coding
MAP3K11,protein_coding
TRIB1,protein_coding
KCNK7,protein_coding
C1QB,protein_coding
C1QA,protein_coding
NDNF,protein_coding
OLR1,protein_coding
GLIPR1L1,protein_coding
DAG1,protein_coding
INSM1,protein_coding
DAB1,protein_coding
ARV1,protein_coding
NAA20,protein_coding
SAA1,protein_coding
MICOS10,protein_coding
EHBP1L1,protein_coding
THAP2,protein_coding
TMEM196,protein_coding
RNF26,protein_coding
PPP1R14B,protein_coding
ZNRD2,protein_coding
SMARCC1,protein_coding
ZNF417,protein_coding
PTPRM,protein_coding
VEGFB,protein_coding
PEAK1,protein_coding
TNFRSF10D,protein_coding
MST1,protein_coding
TNFRSF10C,protein_coding
GMPPB,protein_coding
MOB1B,protein_coding
ZNF622,protein_coding
CSPG4,protein_coding
SNX33,protein_coding
FAM166C,protein_coding
NABP1,protein_coding
CHD2,protein_coding
CCDC106,protein_coding
CEP83,protein_coding
SULT1B1,protein_coding
NUDT4,protein_coding
PC,protein_coding
SCAI,protein_coding
NMNAT1,protein_coding
LRFN4,protein_coding
APOBEC4,protein_coding
SLC19A1,protein_coding
HSPB7,protein_coding
RCE1,protein_coding
UQCRH,protein_coding
TAS1R1,protein_coding
EIF1AX,protein_coding
BCLAF3,protein_coding
PSMD1,protein_coding
SUSD5,protein_coding
HEG1,protein_coding
WFIKKN2,protein_coding
C11orf80,protein_coding
TOMM20,protein_coding
AP000769.1,transcribed_unprocessed_pseudogene
AGFG1,protein_coding
STAT5B,protein_coding
CD7,protein_coding
CNP,protein_coding
JUP,protein_coding
HAP1,protein_coding
CCDC13-AS1,lncRNA
EIF1,protein_coding
ENDOV,protein_coding
RNF213,protein_coding
TIGD3,protein_coding
MARCHF10,protein_coding
PLK3,protein_coding
NET1,protein_coding
DPY19L1,protein_coding
AC008080.1,lncRNA
PHOSPHO1,protein_coding
ZNF791,protein_coding
PHC3,protein_coding
GPR160,protein_coding
CBX2,protein_coding
SPTBN2,protein_coding
GOLIM4,protein_coding
RBM4B,protein_coding
ATP5MD,protein_coding
HOXB2,protein_coding
C1QTNF1,protein_coding
MARCHF3,protein_coding
SWSAP1,protein_coding
RBM4,protein_coding
PIFO,protein_coding
XXYLT1,protein_coding
UBXN2A,protein_coding
TCAP,protein_coding
CCS,protein_coding
NRROS,protein_coding
CEP19,protein_coding
KLHL15,protein_coding
FBXO45,protein_coding
GNG5,protein_coding
FAM3C2P,processed_pseudogene
SLC25A30,protein_coding
C9orf131,protein_coding
CD34,protein_coding
CTSF,protein_coding
MSRB3,protein_coding
LEMD3,protein_coding
C16orf91,protein_coding
TLR10,protein_coding
TLR1,protein_coding
TLR6,protein_coding
FAM174A,protein_coding
RGMB,protein_coding
CYB561D1,protein_coding
ZDHHC24,protein_coding
TRMT10C,protein_coding
CTU2,protein_coding
MGA,protein_coding
C12orf66,protein_coding
ARL13A,protein_coding
SNX31,protein_coding
PIGG,protein_coding
PRPF8,protein_coding
ADCY6,protein_coding
PITPNA,protein_coding
DDX23,protein_coding
ZNHIT2,protein_coding
ZBTB4,protein_coding
TNK1,protein_coding
ZHX3,protein_coding
PHLDA3,protein_coding
SLC16A11,protein_coding
SLC16A13,protein_coding
GLIS1,protein_coding
CHRNA9,protein_coding
PODN,protein_coding
STAG3L3,transcribed_unprocessed_pseudogene
SNHG11,lncRNA
C11orf45,protein_coding
EXO1,protein_coding
RALGAPA1,protein_coding
LIG4,protein_coding
GTF2IRD2B,protein_coding
ATP2A2,protein_coding
ZWILCH,protein_coding
RPL4,protein_coding
SNAPC5,protein_coding
VWC2L,protein_coding
C12orf76,protein_coding
ZCCHC12,protein_coding
CNTNAP2,protein_coding
BBS1,protein_coding
DENND4A,protein_coding
IGDCC3,protein_coding
ANKRD36C,protein_coding
MFSD4A,protein_coding
PELI3,protein_coding
TTC9B,protein_coding
TMEM81,protein_coding
MRPL11,protein_coding
IL20RB,protein_coding
GOLT1A,protein_coding
AKIRIN1,protein_coding
MSL2,protein_coding
ZNF497,protein_coding
TRAM1L1,protein_coding
CMKLR1,protein_coding
ANGEL2,protein_coding
UGT8,protein_coding
KY,protein_coding
IQCK,protein_coding
SLCO2A1,protein_coding
ZNF266,protein_coding
SLC29A2,protein_coding
BRSK2,protein_coding
GRIK1-AS1,lncRNA
B4GAT1,protein_coding
TMEM167A,protein_coding
SH3PXD2B,protein_coding
PPIAP72,processed_pseudogene
RESF1,protein_coding
LARP7,protein_coding
FGFBP3,protein_coding
NR1D2,protein_coding
PABPC5,protein_coding
BRMS1,protein_coding
RPL15,protein_coding
FAM241A,protein_coding
HRAS,protein_coding
WDR49,protein_coding
SRP72,protein_coding
PCP2,protein_coding
RIN1,protein_coding
THAP6,protein_coding
CEP135,protein_coding
FZD4,protein_coding
CD248,protein_coding
BTC,protein_coding
PDZK1,protein_coding
ADGRE1,protein_coding
DENND6A,protein_coding
PDE12,protein_coding
GLMN,protein_coding
YIF1A,protein_coding
CNIH2,protein_coding
NDUFA11,protein_coding
RSRC1,protein_coding
RAB1B,protein_coding
METTL15P1,processed_pseudogene
PTDSS2,protein_coding
MICOS13,protein_coding
C3orf33,protein_coding
SEZ6L2,protein_coding
ASPHD1,protein_coding
KCTD13,protein_coding
P2RY14,protein_coding
AMZ1,protein_coding
GPR171,protein_coding
FUT1,protein_coding
DHX36,protein_coding
ZIC4,protein_coding
AC026271.1,processed_pseudogene
FBXW8,protein_coding
KLC2,protein_coding
SLC22A1,protein_coding
CTBP2,protein_coding
CHST2,protein_coding
ZDHHC14,protein_coding
ATR,protein_coding
SNHG29,lncRNA
UBE2C,protein_coding
GK5,protein_coding
VCPIP1,protein_coding
DES,protein_coding
PDIK1L,protein_coding
SPSB4,protein_coding
TRAF6,protein_coding
ZNF654,protein_coding
TVP23C,protein_coding
MRPS22,protein_coding
PACS1,protein_coding
MARCKSL1,protein_coding
SH3BP5L,protein_coding
YPEL2,protein_coding
CADM2,protein_coding
PSMD2,protein_coding
FAM182B,lncRNA
PPM1E,protein_coding
FAM131A,protein_coding
CSRP2,protein_coding
PARL,protein_coding
DDIT3,protein_coding
PCCA,protein_coding
DCTN2,protein_coding
NPPA,protein_coding
ZNF408,protein_coding
CTDSP2,protein_coding
CKAP5,protein_coding
ARHGAP1,protein_coding
MED16,protein_coding
ATG13,protein_coding
GAL3ST3,protein_coding
CHST1,protein_coding
GOLGA8A,protein_coding
VWA3A,protein_coding
TP53I11,protein_coding
CENPS,protein_coding
DOLK,protein_coding
PHYHD1,protein_coding
CATSPER1,protein_coding
CCNE2,protein_coding
PHYKPL,protein_coding
CST6,protein_coding
GRAMD2A,protein_coding
ZNF519,protein_coding
LSM1,protein_coding
BANF1,protein_coding
TMEM9B,protein_coding
NRIP3,protein_coding
PTPN2,protein_coding
SCUBE2,protein_coding
EIF1AD,protein_coding
SMAD2,protein_coding
EIF3F,protein_coding
ZNF25,protein_coding
ARL10,protein_coding
CLTB,protein_coding
PCSK1,protein_coding
LPL,protein_coding
RFESD,protein_coding
CCDC14,protein_coding
TBC1D10C,protein_coding
SART1,protein_coding
PPP2R2D,protein_coding
MCTP1,protein_coding
POLD4,protein_coding
LRRC25,protein_coding
DPP10,protein_coding
CLCF1,protein_coding
UBQLNL,protein_coding
LIPT2,protein_coding
KCNE3,protein_coding
CABP4,protein_coding
ALG10B,protein_coding
DRAP1,protein_coding
LONRF3,protein_coding
UCP3,protein_coding
UCP2,protein_coding
C11orf68,protein_coding
PAAF1,protein_coding
MRPL48,protein_coding
RAB6A,protein_coding
FOSL1,protein_coding
ERCC4,protein_coding
SUGCT,protein_coding
CCDC85B,protein_coding
TMEM70,protein_coding
LINC00476,lncRNA
RPS6KB2,protein_coding
RMI2,protein_coding
TOM1L2,protein_coding
TEX26,protein_coding
ZNF77,protein_coding
GPR156,protein_coding
MTLN,protein_coding
B3GNTL1,protein_coding
MLXIP,protein_coding
BAK1P1,processed_pseudogene
RWDD4P2,processed_pseudogene
NR2F1,protein_coding
EIF3KP1,processed_pseudogene
AURKAIP1,protein_coding
TTLL11,protein_coding
TOMM5,protein_coding
SLC35E3,protein_coding
PRIMA1,protein_coding
ZNF169,protein_coding
RUVBL1,protein_coding
SFN,protein_coding
MSRA,protein_coding
CTDNEP1,protein_coding
ETV4,protein_coding
SWI5,protein_coding
GAPT,protein_coding
BAIAP2,protein_coding
CREG2,protein_coding
HOXD8,protein_coding
RPL7AP66,processed_pseudogene
ZDHHC21,protein_coding
PLEKHF2,protein_coding
A2M,protein_coding
ARL4D,protein_coding
DOK7,protein_coding
LRRN1,protein_coding
UBE2O,protein_coding
ORAI3,protein_coding
UNC119B,protein_coding
DENND2C,protein_coding
TUBB6,protein_coding
LYSMD3,protein_coding
B3GALT6,protein_coding
ZNF613,protein_coding
NUPR1,protein_coding
JAKMIP2,protein_coding
RPL23P2,processed_pseudogene
MBLAC2,protein_coding
TPRN,protein_coding
KCNE5,protein_coding
SLC35A4,protein_coding
IP6K1,protein_coding
SSNA1,protein_coding
CSTF3,protein_coding
YES1,protein_coding
CHMP6,protein_coding
DLEU1,lncRNA
UFSP1,protein_coding
TMEM39A,protein_coding
TCP11L1,protein_coding
GPX2,protein_coding
CCDC57,protein_coding
FOXG1,protein_coding
SPHK1,protein_coding
BNIP3,protein_coding
MYPOP,protein_coding
AC233964.1,processed_pseudogene
LRRTM4,protein_coding
ATAD5,protein_coding
SMIM19,protein_coding
ZNF404,protein_coding
RTTN,protein_coding
ACBD7,protein_coding
ANAPC2,protein_coding
ZBTB8OS,protein_coding
CYCSP34,processed_pseudogene
SLC35G1,protein_coding
IDSP1,unprocessed_pseudogene
ZNF135,protein_coding
COX8A,protein_coding
RPL37AP8,processed_pseudogene
TAC4,protein_coding
ZSCAN2,protein_coding
PRR18,protein_coding
B3GNT4,protein_coding
CDC26,protein_coding
HSD11B2,protein_coding
CRLF3,protein_coding
RNPEP,protein_coding
EID2,protein_coding
DMRTA1,protein_coding
EID2B,protein_coding
GJC3,protein_coding
RIMS2,protein_coding
KCMF1,protein_coding
DNAJC30,protein_coding
SPRYD4,protein_coding
VPS37D,protein_coding
CLEC14A,protein_coding
SYNE3,protein_coding
CLK2,protein_coding
LPCAT4,protein_coding
SLCO3A1,protein_coding
ZNF575,protein_coding
WDR25,protein_coding
SGF29,protein_coding
PLAAT3,protein_coding
DIRAS1,protein_coding
PHLDB3,protein_coding
PRR15,protein_coding
GNG7,protein_coding
USF3,protein_coding
CNTD1,protein_coding
AC008969.1,lncRNA
KBTBD11,protein_coding
B3GNT5,protein_coding
MAP3K19,protein_coding
LMNB2,protein_coding
RMDN1,protein_coding
MEX3C,protein_coding
RNF152,protein_coding
MYO1D,protein_coding
C20orf197,lncRNA
FOXL1,protein_coding
FOXC2,protein_coding
BDNF,protein_coding
SCAND2P,transcribed_unprocessed_pseudogene
CCDC121,protein_coding
ACSF3,protein_coding
BOK,protein_coding
ZNF843,protein_coding
TTTY14,lncRNA
RBIS,protein_coding
PFN4,protein_coding
CDK5R1,protein_coding
ZNF285B,unprocessed_pseudogene
NCKAP5,protein_coding
RUFY1,protein_coding
BASP1,protein_coding
LRRC37A3,protein_coding
FKBP9P1,transcribed_unprocessed_pseudogene
VSIG10,protein_coding
MIR7-3HG,lncRNA
IRX5,protein_coding
METRNL,protein_coding
FAM91A1,protein_coding
GJA1P1,processed_pseudogene
WSB2,protein_coding
GRIN1,protein_coding
SOX11,protein_coding
TYMS,protein_coding
PXMP2,protein_coding
TCEANC,protein_coding
PNMA1,protein_coding
TCIM,protein_coding
MAMSTR,protein_coding
TYMSOS,lncRNA
ANKLE2,protein_coding
C8G,protein_coding
FUT2,protein_coding
GCNT4,protein_coding
TOB2P1,processed_pseudogene
MUC20,protein_coding
THAP4,protein_coding
NFATC2IP,protein_coding
LY6H,protein_coding
FIBIN,protein_coding
FAM89B,protein_coding
SHMT1,protein_coding
DPP7,protein_coding
SEC24C,protein_coding
SMCR8,protein_coding
MTHFR,protein_coding
C19orf18,protein_coding
DEAF1,protein_coding
MTX3,protein_coding
TMEM80,protein_coding
SIX5,protein_coding
FBXO46,protein_coding
ZDHHC13,protein_coding
SLC38A9,protein_coding
ACER2,protein_coding
WDR73,protein_coding
POLE,protein_coding
PHETA2,protein_coding
SCN4B,protein_coding
DSCAML1,protein_coding
RHOG,protein_coding
EPS8L2,protein_coding
ZDHHC22,protein_coding
IRAG1-AS1,lncRNA
ANO6,protein_coding
ZBTB34,protein_coding
PRDM16-DT,lncRNA
FAM210A,protein_coding
TALDO1,protein_coding
ULK1,protein_coding
NAP1L4P1,processed_pseudogene
RIMKLA,protein_coding
CLVS1,protein_coding
RPS6KA3,protein_coding
B3GNT8,protein_coding
PUS1,protein_coding
PCNPP5,processed_pseudogene
CHD9,protein_coding
GATD1,protein_coding
LINC01561,lncRNA
MAN1B1,protein_coding
KCNA3,protein_coding
FZD8,protein_coding
FBXO39,protein_coding
KCNA2,protein_coding
TOP3A,protein_coding
CASKIN2,protein_coding
ZBTB38,protein_coding
C8orf31,lncRNA
DLGAP1-AS1,lncRNA
RPL13AP3,transcribed_processed_pseudogene
CCDC71,protein_coding
AC024940.1,transcribed_unprocessed_pseudogene
LRRN4CL,protein_coding
TIMM22,protein_coding
HIC1,protein_coding
PPFIA3,protein_coding
MAGEF1,protein_coding
NINJ2-AS1,lncRNA
SAMD9L,protein_coding
ZFAS1,lncRNA
PAWR,protein_coding
TGIF1,protein_coding
MIEF2,protein_coding
NAP1L5,protein_coding
AL161742.1,processed_pseudogene
NIM1K,protein_coding
NR2C2,protein_coding
GPR4,protein_coding
ACOT4,protein_coding
CAVIN1,protein_coding
ARIH2,protein_coding
ZBTB33,protein_coding
IRX3,protein_coding
ST8SIA3,protein_coding
RPRM,protein_coding
SLC25A22,protein_coding
RABEP2,protein_coding
ATOX1,protein_coding
TBL1XR1,protein_coding
SAMD12,protein_coding
CD163,protein_coding
C18orf32,protein_coding
PIDD1,protein_coding
ZNF491,protein_coding
RPLP2,protein_coding
HASPIN,protein_coding
JUN,protein_coding
CSTF2T,protein_coding
PGBD5,protein_coding
GBA,protein_coding
CASC2,lncRNA
ACAD9,protein_coding
IL17RA,protein_coding
PNPLA2,protein_coding
AGTRAP,protein_coding
CD163L1,protein_coding
SRRM3,protein_coding
THAP5,protein_coding
CRACR2B,protein_coding
SUMO4,protein_coding
DNAJC28,protein_coding
NAALADL2,protein_coding
CD151,protein_coding
POLR2L,protein_coding
FAM20C,protein_coding
NECTIN3,protein_coding
ANXA2R,protein_coding
TMEM94,protein_coding
FLII,protein_coding
SOX12,protein_coding
HNRNPA0,protein_coding
FXNP2,processed_pseudogene
AC025171.1,lncRNA
YIPF7,protein_coding
FAM87B,lncRNA
AL162595.1,lncRNA
MYOZ1,protein_coding
YWHAQP4,processed_pseudogene
KCNJ10,protein_coding
TENM3-AS1,lncRNA
CHID1,protein_coding
PCDHB9,protein_coding
ZNF620,protein_coding
ZNF518A,protein_coding
TMEM187,protein_coding
CACYBPP2,processed_pseudogene
SVBP,protein_coding
ZNF619,protein_coding
CCDC184,protein_coding
AP3S1,protein_coding
GRB2,protein_coding
ZBTB41,protein_coding
UBE2N,protein_coding
ARL6IP6,protein_coding
ZNF354C,protein_coding
MAMDC4,protein_coding
CENPBD1,protein_coding
BET1L,protein_coding
RPS27,protein_coding
RIC8A,protein_coding
IMP3,protein_coding
ASB8,protein_coding
ODF3B,protein_coding
DPY19L2,protein_coding
ZNRF3-AS1,lncRNA
C2orf73,protein_coding
TSPYL6,protein_coding
LRRC75B,protein_coding
DMAP1,protein_coding
ADAMTSL1,protein_coding
CALHM5,protein_coding
IMPDH2,protein_coding
ALS2CL,protein_coding
MLF1,protein_coding
NDUFAF3,protein_coding
C2orf69,protein_coding
GRAMD1C,protein_coding
STAP2,protein_coding
TWF1P1,processed_pseudogene
TSSK6,protein_coding
BOLA1,protein_coding
PDE4DIP,protein_coding
DDX10,protein_coding
PPP1R42,protein_coding
NDUFV2,protein_coding
DALRD3,protein_coding
ZNF114,protein_coding
FAR2P2,transcribed_unprocessed_pseudogene
ZNF518B,protein_coding
AMER3,protein_coding
ZNF366,protein_coding
LCORL,protein_coding
PARD6G,protein_coding
ZNF454,protein_coding
SH2B1,protein_coding
ZC3H12D,protein_coding
VN1R1,protein_coding
POGLUT3,protein_coding
PLEC,protein_coding
PRSS36,protein_coding
ZNF543,protein_coding
TMEM151B,protein_coding
GALNT11,protein_coding
SLITRK1,protein_coding
WDR6,protein_coding
GEN1,protein_coding
TMPRSS9,protein_coding
AQP11,protein_coding
TMEM11,protein_coding
ZNF354B,protein_coding
KCNG2,protein_coding
SHISA3,protein_coding
ZFAND2A,protein_coding
PLEKHM3,protein_coding
ZNF223,protein_coding
FAM220A,protein_coding
DNAJC22,protein_coding
CEP295NL,protein_coding
BEND3,protein_coding
NT5DC1,protein_coding
RPS3AP5,processed_pseudogene
GLDC,protein_coding
COX14,protein_coding
H3P16,processed_pseudogene
MCMDC2,protein_coding
RPL10P16,processed_pseudogene
P4HTM,protein_coding
DTX3,protein_coding
KLHL11,protein_coding
CTXN1,protein_coding
SLC25A20,protein_coding
CA8,protein_coding
CD28,protein_coding
EPM2AIP1,protein_coding
ERBB4,protein_coding
MAF,protein_coding
CTNNBIP1,protein_coding
OTOS,protein_coding
GTPBP6,protein_coding
ERN1,protein_coding
GPR35,protein_coding
ACTG1P1,processed_pseudogene
ARMC10P1,processed_pseudogene
CSRNP3,protein_coding
ZNF713,protein_coding
PARP10,protein_coding
SUZ12,protein_coding
NSUN3,protein_coding
KCTD12,protein_coding
DHFR2,protein_coding
AL450998.1,processed_pseudogene
RPP25,protein_coding
GRINA,protein_coding
GLULP4,processed_pseudogene
THBD,protein_coding
COX5A,protein_coding
STX19,protein_coding
ERFE,protein_coding
FAM219B,protein_coding
ZHX2,protein_coding
CPNE7,protein_coding
CD300LB,protein_coding
RIIAD1,protein_coding
MPI,protein_coding
OPLAH,protein_coding
EFCAB13,protein_coding
MSC,protein_coding
APOLD1,protein_coding
RFLNA,protein_coding
EXOSC4,protein_coding
DPY19L3,protein_coding
TAF7,protein_coding
ZNF852,protein_coding
PFAS,protein_coding
CYBC1,protein_coding
ZNF552,protein_coding
SMIM10L2A,protein_coding
GAK,protein_coding
ZBTB7A,protein_coding
TUFM,protein_coding
ERICH3,protein_coding
RMI1,protein_coding
CTC1,protein_coding
FBXO34,protein_coding
LINC00324,lncRNA
SELENOW,protein_coding
EIF3K,protein_coding
MRFAP1L1,protein_coding
SNX18,protein_coding
AURKB,protein_coding
MRFAP1,protein_coding
C3orf38,protein_coding
TMEM107,protein_coding
AP001885.1,transcribed_processed_pseudogene
RRS1,protein_coding
EXOC3L1,protein_coding
RCC2,protein_coding
IGSF22,protein_coding
C9orf50,protein_coding
CCDC89,protein_coding
TAAR3P,transcribed_unprocessed_pseudogene
C9orf106,lncRNA
FAM133A,protein_coding
DPM3,protein_coding
CYC1,protein_coding
PER1,protein_coding
H3P47,processed_pseudogene
TMTC2,protein_coding
HES7,protein_coding
FARSA,protein_coding
SPTY2D1,protein_coding
AC073335.1,processed_pseudogene
SAMD4B,protein_coding
GIMAP7,protein_coding
EDC3,protein_coding
TCAIM,protein_coding
RPS2P28,processed_pseudogene
FUCA1,protein_coding
GGN,protein_coding
TMEM125,protein_coding
ZNF664,protein_coding
CALR,protein_coding
MAGED1,protein_coding
GVQW3,protein_coding
LDLRAD3,protein_coding
CDH4,protein_coding
RAD23A,protein_coding
GADD45GIP1,protein_coding
MEIS3P1,processed_pseudogene
DAND5,protein_coding
TMEM151A,protein_coding
PTPN11,protein_coding
NSUN7,protein_coding
WSCD1,protein_coding
RAB39A,protein_coding
CLK3,protein_coding
AC008267.1,processed_pseudogene
HLA-DQB1,protein_coding
GATA2,protein_coding
ARID3B,protein_coding
PACS2,protein_coding
ELMOD2,protein_coding
EGR3,protein_coding
CATSPERE,protein_coding
GPC5,protein_coding
VWA1,protein_coding
LINC00174,lncRNA
GEMIN4,protein_coding
FJX1,protein_coding
SLC24A3-AS1,lncRNA
KLHL28,protein_coding
MKRN3,protein_coding
ZBTB18,protein_coding
C14orf28,protein_coding
SLC17A8,protein_coding
EIF3J-DT,lncRNA
SHARPIN,protein_coding
LBX2,protein_coding
DNHD1,protein_coding
SLITRK4,protein_coding
HTR1D,protein_coding
GCC1,protein_coding
LSMEM2,protein_coding
CIITA,protein_coding
ZFPM1,protein_coding
ALOX15B,protein_coding
PLD6,protein_coding
GRM8,protein_coding
CDC42EP4,protein_coding
DGKZP1,processed_pseudogene
ZBTB42,protein_coding
LACC1,protein_coding
MAF1,protein_coding
FCER1A,protein_coding
RPRML,protein_coding
WDR97,protein_coding
PCED1B,protein_coding
FLJ37453,lncRNA
APOBEC3B,protein_coding
PIPOX,protein_coding
FOXS1,protein_coding
CDH5,protein_coding
LRRC3B,protein_coding
PCBP1-AS1,lncRNA
MYADM,protein_coding
MROH1,protein_coding
SERTAD2,protein_coding
AKAP5,protein_coding
NKPD1,protein_coding
GIPC3,protein_coding
RNF227,protein_coding
CITED4,protein_coding
ABCA13,protein_coding
TIGD5,protein_coding
PDXDC1,protein_coding
PHC1P1,processed_pseudogene
C1orf194,protein_coding
ZNF154,protein_coding
R3HDM2,protein_coding
NRXN1,protein_coding
SEPHS2,protein_coding
GPBAR1,protein_coding
ZNF784,protein_coding
C14orf119,protein_coding
LINC00652,lncRNA
BBS10,protein_coding
FIZ1,protein_coding
PUF60,protein_coding
SSC5D,protein_coding
DCTPP1,protein_coding
ZNF771,protein_coding
PPP1R14BP3,processed_pseudogene
NAIPP2,unprocessed_pseudogene
TSHZ1,protein_coding
PSTK,protein_coding
SOCS4,protein_coding
ZADH2,protein_coding
AC093909.1,processed_pseudogene
ZNF48,protein_coding
C3orf80,protein_coding
TMEM150B,protein_coding
TMEM86B,protein_coding
SEPTIN1,protein_coding
TRNAU1AP,protein_coding
EXOC3,protein_coding
ACTA2-AS1,lncRNA
LYNX1,protein_coding
RPS12P23,processed_pseudogene
MED14,protein_coding
FAHD1,protein_coding
HMGB1P14,processed_pseudogene
TDRP,protein_coding
RCC1,protein_coding
FO393411.1,processed_pseudogene
TPT1P10,processed_pseudogene
PRKRA,protein_coding
HERC2P3,transcribed_unprocessed_pseudogene
ZNRF2,protein_coding
ZNF816,protein_coding
FGD6,protein_coding
PLD5,protein_coding
OAZ2,protein_coding
CCDC43,protein_coding
KCTD4,protein_coding
FZD2,protein_coding
TIGD2,protein_coding
HCLS1,protein_coding
MTURN,protein_coding
ZNF609,protein_coding
PAK2,protein_coding
CCDC66,protein_coding
EMC3-AS1,transcribed_unprocessed_pseudogene
ATP5F1EP2,processed_pseudogene
MCFD2,protein_coding
HARBI1,protein_coding
C11orf71,protein_coding
SERTM1,protein_coding
GAS1,protein_coding
ARHGAP45,protein_coding
ZNF571,protein_coding
GLIPR1L2,protein_coding
MIGA1,protein_coding
PRR26,lncRNA
NRIP1,protein_coding
BHLHA15,protein_coding
RNF182,protein_coding
C9orf139,lncRNA
TSPYL5,protein_coding
EIF2S3B,protein_coding
SRP9P1,processed_pseudogene
SKIDA1,protein_coding
ZBTB12BP,processed_pseudogene
MB21D2,protein_coding
GSX2,protein_coding
SSTR2,protein_coding
ZNF594,protein_coding
PCGF5,protein_coding
SLC47A2,protein_coding
PRF1,protein_coding
MAB21L1,protein_coding
RPL21P8,processed_pseudogene
YOD1,protein_coding
TMEM64,protein_coding
CHRM4,protein_coding
SHISA2,protein_coding
S1PR5,protein_coding
SMG1P3,transcribed_unprocessed_pseudogene
GPR157,protein_coding
PIPSL,transcribed_processed_pseudogene
WDFY3-AS2,lncRNA
SLC36A4,protein_coding
ZDHHC20,protein_coding
OR51E1,protein_coding
ZFP3,protein_coding
ARSJ,protein_coding
HOXC9,protein_coding
PPA1,protein_coding
HOXC10,protein_coding
PSMG4,protein_coding
MAP6D1,protein_coding
CSNK1G2-AS1,lncRNA
ZNF443,protein_coding
PDIA3P1,transcribed_processed_pseudogene
CXCR2,protein_coding
GREM2,protein_coding
C11orf42,protein_coding
SSR4,protein_coding
CAPS2,protein_coding
ZNF792,protein_coding
CUEDC1,protein_coding
SCRIB,protein_coding
KCTD2,protein_coding
D2HGDH,protein_coding
OXTR,protein_coding
CMTR2,protein_coding
FAM83H,protein_coding
GPR62,protein_coding
ZNF572,protein_coding
ST20,protein_coding
PITPNB,protein_coding
TCEAL8,protein_coding
LRRC57,protein_coding
MRPL14,protein_coding
GPR137C,protein_coding
BBS12,protein_coding
ZFP82,protein_coding
NQO1,protein_coding
AEN,protein_coding
FKRP,protein_coding
TRAPPC5,protein_coding
RPH3AL,protein_coding
SLC25A42,protein_coding
METTL23,protein_coding
SLC26A11,protein_coding
HIGD1A,protein_coding
MAPK15,protein_coding
EHMT1,protein_coding
LINC02878,lncRNA
F2R,protein_coding
ZNF707,protein_coding
NPM1,protein_coding
PJA1,protein_coding
DHTKD1,protein_coding
PENK,protein_coding
H2BU2P,unitary_pseudogene
H2AW,protein_coding
ZNF746,protein_coding
POLR2A,protein_coding
DLSTP1,processed_pseudogene
TMEM132C,protein_coding
SLC25A41,protein_coding
TLCD5,protein_coding
FRAT2,protein_coding
TMEM102,protein_coding
TMEM132E,protein_coding
ZNF322,protein_coding
NME9,protein_coding
LRRC75A,protein_coding
HSP90AA6P,transcribed_processed_pseudogene
DDX60L,protein_coding
SYNE4,protein_coding
OGFOD3,protein_coding
WASHC1,protein_coding
AATK,protein_coding
DDN,protein_coding
ZNF467,protein_coding
SOX2,protein_coding
ZNF678,protein_coding
TMEM45A,protein_coding
RAP2B,protein_coding
ZBTB2,protein_coding
RNF135,protein_coding
ACBD4,protein_coding
SGSH,protein_coding
RPL24P4,processed_pseudogene
FANCB,protein_coding
SETD2,protein_coding
TMIE,protein_coding
MEX3D,protein_coding
MRPS23,protein_coding
GPR135,protein_coding
P2RY13,protein_coding
ZFP41,protein_coding
PHLDA2,protein_coding
ATG9B,protein_coding
GPR88,protein_coding
ZNF875,protein_coding
PLAG1,protein_coding
YIPF6,protein_coding
ZBTB20,protein_coding
FDX1P1,processed_pseudogene
DIPK2A,protein_coding
MACIR,protein_coding
AMIGO1,protein_coding
GPR3,protein_coding
SIAH2,protein_coding
COPG1,protein_coding
ADGRB1,protein_coding
LINC00471,lncRNA
CELF2-AS1,lncRNA
SLC9A9,protein_coding
LSM10,protein_coding
RELL1,protein_coding
RFX7,protein_coding
SLC35C1,protein_coding
RNF41,protein_coding
SLC2A4,protein_coding
IBA57,protein_coding
CLDN7,protein_coding
ZNF329,protein_coding
ZNF101,protein_coding
C5orf24,protein_coding
LINC02724,lncRNA
ADO,protein_coding
COA4,protein_coding
PRKAG1,protein_coding
GINS3,protein_coding
CCDC149,protein_coding
MRPS11,protein_coding
SNRPE,protein_coding
RTKN2,protein_coding
PNMA8A,protein_coding
CHST15,protein_coding
ADIG,protein_coding
IDH2,protein_coding
OGFRP1,lncRNA
TMEM259,protein_coding
GET1,protein_coding
TNRC18,protein_coding
FAM181B,protein_coding
DEXI,protein_coding
NOP10,protein_coding
FAM89A,protein_coding
KCNIP1,protein_coding
TDRKH,protein_coding
ZNF708,protein_coding
IST1,protein_coding
ERCC6L2,protein_coding
MRPL41,protein_coding
CREB3L2,protein_coding
P2RY8,protein_coding
TP53TG1,lncRNA
UNC5C,protein_coding
TSEN54,protein_coding
RGMA,protein_coding
UBA7,protein_coding
MRPS16,protein_coding
SHISAL2A,protein_coding
RAD51B,protein_coding
LDOC1,protein_coding
EXT1,protein_coding
SHMT2,protein_coding
MOB2,protein_coding
HHIPL1,protein_coding
ATP6AP2,protein_coding
ZAR1,protein_coding
BACE2,protein_coding
UBE2E2,protein_coding
SYNM,protein_coding
PRR34,lncRNA
FIGN,protein_coding
B4GALNT4,protein_coding
AP1S2,protein_coding
C8orf33,protein_coding
SPACA6,protein_coding
ZSCAN22,protein_coding
KCNJ14,protein_coding
FBXL6,protein_coding
C1S,protein_coding
GLTPD2,protein_coding
PDSS1P1,processed_pseudogene
KBTBD3,protein_coding
YBEY,protein_coding
CLN8,protein_coding
AC138028.1,lncRNA
PLCXD1,protein_coding
NXPH4,protein_coding
RPL27AP5,processed_pseudogene
CACNB4,protein_coding
TRAPPC6B,protein_coding
PGBD4,protein_coding
NPLOC4,protein_coding
TSHZ2,protein_coding
EXOC7,protein_coding
KPNA2,protein_coding
WASH6P,protein_coding
NCF1B,transcribed_unprocessed_pseudogene
BGN,protein_coding
CEP97,protein_coding
LHFPL1,protein_coding
FES,protein_coding
GLRX5,protein_coding
FAM104B,protein_coding
CAV3,protein_coding
MXRA7,protein_coding
LIMK2,protein_coding
MFSD5,protein_coding
ADI1,protein_coding
RWDD4,protein_coding
SPNS3,protein_coding
SATB1,protein_coding
NXPH3,protein_coding
CSF1R,protein_coding
EPHB3,protein_coding
SNORC,protein_coding
HS3ST4,protein_coding
TRAK1,protein_coding
TSPAN10,protein_coding
PLCB1,protein_coding
AC091046.1,processed_pseudogene
SKA2,protein_coding
NDN,protein_coding
LINC01006,lncRNA
NTM,protein_coding
TTC3,protein_coding
PPP1R27,protein_coding
BRICD5,protein_coding
IGIP,protein_coding
TSKU,protein_coding
ANXA2,protein_coding
SEPHS1P1,processed_pseudogene
RGS6,protein_coding
HOXB4,protein_coding
PAQR7,protein_coding
PAPPA,protein_coding
NGRN,protein_coding
GRID1,protein_coding
RPS17,protein_coding
HCAR2,protein_coding
CCDC87,protein_coding
TMEM198B,transcribed_unitary_pseudogene
CRIP2,protein_coding
DDX28,protein_coding
ACBD3,protein_coding
C16orf72,protein_coding
PLCXD3,protein_coding
RRP7BP,transcribed_unprocessed_pseudogene
VMO1,protein_coding
ALG12,protein_coding
LCK,protein_coding
GALNT9,protein_coding
COL18A1,protein_coding
RBM10,protein_coding
PRKCZ-AS1,lncRNA
ADGRG3,protein_coding
RPS27AP20,processed_pseudogene
GLUD2,protein_coding
RPL35A,protein_coding
RGS7,protein_coding
SLC25A18,protein_coding
ZNF721,protein_coding
TCEAL7,protein_coding
C11orf54,protein_coding
CEP63,protein_coding
SRPRA,protein_coding
EWSR1,protein_coding
ODF3L1,protein_coding
HMGN4,protein_coding
SPATA13,protein_coding
GJC1,protein_coding
SOX1,protein_coding
CNOT10,protein_coding
MTA1,protein_coding
ZNF662,protein_coding
CADM1,protein_coding
ZNF320,protein_coding
C12orf60,protein_coding
PYCR1,protein_coding
NAA38,protein_coding
SPNS2,protein_coding
AP2A2,protein_coding
TPM3P8,processed_pseudogene
SLC8A1,protein_coding
PCP4,protein_coding
ABAT,protein_coding
SLC25A10,protein_coding
CAMK1D,protein_coding
LYSMD4,protein_coding
IGSF5,protein_coding
NKX2-5,protein_coding
AFMID,protein_coding
GAS6,protein_coding
NEB,protein_coding
BEGAIN,protein_coding
GPC6,protein_coding
ARHGEF37,protein_coding
FAM43B,protein_coding
CSMD1,protein_coding
PTGDR2,protein_coding
CEP57L1,protein_coding
GPR19,protein_coding
GJD3,protein_coding
AC138356.1,lncRNA
RABIF,protein_coding
TMEM119,protein_coding
FANCF,protein_coding
CALN1,protein_coding
SMDT1,protein_coding
C2CD4C,protein_coding
CHST6,protein_coding
HSP90AB3P,processed_pseudogene
RUVBL2,protein_coding
GDPGP1,protein_coding
CTNNA3,protein_coding
AL109615.1,processed_pseudogene
PRR36,protein_coding
LINC01547,lncRNA
PTTG1IP,protein_coding
DDX41,protein_coding
DAZAP2,protein_coding
SELENOF,protein_coding
RPSAP19,processed_pseudogene
TMEM121B,protein_coding
ZNF623,protein_coding
EPHA10,protein_coding
CCDC125,protein_coding
REC114,protein_coding
BCOR,protein_coding
JRKL,protein_coding
CABCOCO1,protein_coding
KIAA2026,protein_coding
FHL3,protein_coding
C19orf71,protein_coding
CCDC159,protein_coding
NPIPA1,protein_coding
SF3A3,protein_coding
TRIM61,protein_coding
OR7E38P,unprocessed_pseudogene
GRIN2A,protein_coding
PKD1P3,transcribed_unprocessed_pseudogene
GTF2H2C,protein_coding
ASB7,protein_coding
SH2D7,protein_coding
GPR132,protein_coding
MX2,protein_coding
EP400,protein_coding
MEX3B,protein_coding
PI4KAP2,transcribed_unitary_pseudogene
TENT5C,protein_coding
COA5,protein_coding
UTP11,protein_coding
PSMG1,protein_coding
PRR14L,protein_coding
KLRC4,protein_coding
ACSM5,protein_coding
AC131971.1,lncRNA
SERHL2,protein_coding
PCBP3,protein_coding
SETD3,protein_coding
TNFAIP8L3,protein_coding
ZNRF3,protein_coding
FBXL7,protein_coding
HMGN3P1,processed_pseudogene
TANGO2,protein_coding
SMG1P5,transcribed_unprocessed_pseudogene
SFXN4,protein_coding
FAM167B,protein_coding
MRPL54,protein_coding
ZNF438,protein_coding
HMCES,protein_coding
PRR32,protein_coding
ZNF530,protein_coding
NDUFB1,protein_coding
KLHL25,protein_coding
TAFA1,protein_coding
TRMT12,protein_coding
GUSBP1,transcribed_unprocessed_pseudogene
GPR1,protein_coding
BMP8A,protein_coding
ALYREF,protein_coding
RFLNB,protein_coding
EFHC2,protein_coding
NOG,protein_coding
UPP1,protein_coding
OPCML,protein_coding
TRIM52,protein_coding
LHFPL6,protein_coding
CMTM4,protein_coding
TMEM50A,protein_coding
ASCL2,protein_coding
TBK1,protein_coding
CBX6,protein_coding
MACC1,protein_coding
TBL3,protein_coding
KREMEN1,protein_coding
TRAIP,protein_coding
CHEK2,protein_coding
FOXL2,protein_coding
AIFM3,protein_coding
KCTD16,protein_coding
B3GALT5,protein_coding
ZNF703,protein_coding
SLC35F3,protein_coding
KCTD8,protein_coding
NPIPA5,protein_coding
EMILIN3,protein_coding
OLFML1,protein_coding
FAM162B,protein_coding
RBM12B,protein_coding
LIN9,protein_coding
BTBD9,protein_coding
NUDT14,protein_coding
ANKRD45,protein_coding
CFAP91,protein_coding
PNMA3,protein_coding
GPR39,protein_coding
ZNF730,protein_coding
KIRREL1,protein_coding
IQGAP3,protein_coding
TOB2,protein_coding
ARSI,protein_coding
UTY,protein_coding
SRARP,protein_coding
TTC32,protein_coding
LRRC55,protein_coding
DUSP5P1,processed_pseudogene
HTR7P1,transcribed_processed_pseudogene
PRKX,protein_coding
KMT5A,protein_coding
KCNH8,protein_coding
SMTN,protein_coding
NPW,protein_coding
PP2D1,protein_coding
COA3,protein_coding
ST6GALNAC3,protein_coding
PTP4A2,protein_coding
ACTG1,protein_coding
DENND5A,protein_coding
DIABLO,protein_coding
VPS33B,protein_coding
TBX1,protein_coding
ADAP2,protein_coding
SREBF2-AS1,lncRNA
UQCR10,protein_coding
FAM120C,protein_coding
BRD7P2,processed_pseudogene
TREML3P,transcribed_unprocessed_pseudogene
EIF3C,protein_coding
CLDN5,protein_coding
NIPSNAP1,protein_coding
CNTN2,protein_coding
LRTOMT,protein_coding
KCNQ3,protein_coding
ADRA2C,protein_coding
NR2C2AP,protein_coding
C1QTNF12,protein_coding
CRELD2,protein_coding
SCFD2,protein_coding
UBE2F,protein_coding
AC026410.1,processed_pseudogene
GPR173,protein_coding
PPP1R2,protein_coding
TSPYL2,protein_coding
PGP,protein_coding
C22orf46,transcribed_unitary_pseudogene
SNRNP35,protein_coding
IRAK1,protein_coding
CMSS1,protein_coding
OLIG1,protein_coding
PCDH9,protein_coding
ACOT1,protein_coding
OAF,protein_coding
ALDH1A3,protein_coding
POU6F1,protein_coding
TM2D3,protein_coding
TSSC4,protein_coding
TACSTD2,protein_coding
CLECL1,protein_coding
SIX6,protein_coding
PRKD1,protein_coding
ZDHHC23,protein_coding
RPL23AP82,transcribed_unprocessed_pseudogene
SRPK3,protein_coding
SLIT3,protein_coding
EFNA5,protein_coding
MAP7D2,protein_coding
CSF1,protein_coding
ACTRT3,protein_coding
PLA2G6,protein_coding
MAML2,protein_coding
A3GALT2,protein_coding
SS18L1,protein_coding
KCND2,protein_coding
IRS3P,processed_pseudogene
TOP1MT,protein_coding
COPB2,protein_coding
THAP7,protein_coding
AP001062.1,lncRNA
KNTC1,protein_coding
CCR10,protein_coding
NCMAP,protein_coding
WDR27,protein_coding
TXNRD2,protein_coding
FOXO4,protein_coding
POU3F2,protein_coding
PTP4A3,protein_coding
TMEM255B,protein_coding
PROS1,protein_coding
GAST,protein_coding
HDDC3,protein_coding
BEX5,protein_coding
ZFP1,protein_coding
PTGER4P2,transcribed_processed_pseudogene
CEND1,protein_coding
DUSP8,protein_coding
SOCS3,protein_coding
AC132216.1,lncRNA
LPAR5,protein_coding
XPOT,protein_coding
STING1,protein_coding
PDE4B,protein_coding
TAFA3,protein_coding
SNN,protein_coding
FAM167A-AS1,lncRNA
KCNH7,protein_coding
RPL7P26,processed_pseudogene
NELL2,protein_coding
SPDYE12P,unprocessed_pseudogene
ZNF840P,unprocessed_pseudogene
KRBA2,protein_coding
MED12,protein_coding
ZNF93,protein_coding
SEPTIN9,protein_coding
CDCA2,protein_coding
OR7E14P,transcribed_unprocessed_pseudogene
RALYL,protein_coding
AMER1,protein_coding
ZBTB40,protein_coding
EIF4ENIF1,protein_coding
RNLS,protein_coding
APOBR,protein_coding
FAM110C,protein_coding
ATL3,protein_coding
NDUFA12,protein_coding
SMIM10,protein_coding
TCTE3,protein_coding
UBE2G2,protein_coding
OSBP2,protein_coding
B3GALT5-AS1,lncRNA
ZBTB7C,protein_coding
APOO,protein_coding
PRR16,protein_coding
TMED9,protein_coding
CYCSP45,processed_pseudogene
TMEM186,protein_coding
RBM33,protein_coding
ARMCX2,protein_coding
BTBD6,protein_coding
SRY,protein_coding
RBM43,protein_coding
SUMO3,protein_coding
IMMP2L,protein_coding
TCEAL2,protein_coding
JAG2,protein_coding
FMNL1,protein_coding
PTRHD1,protein_coding
LCN12,protein_coding
ZFP90,protein_coding
FAM227A,protein_coding
NOC4L,protein_coding
USP18,protein_coding
NDUFA6,protein_coding
SORCS2,protein_coding
TMEM121,protein_coding
TMEM106A,protein_coding
SIVA1,protein_coding
BRI3BP,protein_coding
DGAT1,protein_coding
ROBO2,protein_coding
AP3M1,protein_coding
F8,protein_coding
CA13,protein_coding
UBOX5,protein_coding
MAFF,protein_coding
BRF1,protein_coding
SLC2A3P2,processed_pseudogene
SEMA4B,protein_coding
CIB1,protein_coding
ANKS1B,protein_coding
NELFA,protein_coding
SLC24A3,protein_coding
EFCAB10,protein_coding
AC000068.1,lncRNA
FLRT2,protein_coding
INTS5,protein_coding
RPS27L,protein_coding
MANEAL,protein_coding
ADSS1,protein_coding
FAF1,protein_coding
FAM43A,protein_coding
NSMCE3,protein_coding
HSF1,protein_coding
C6orf120,protein_coding
PURA,protein_coding
INPP5J,protein_coding
NPY2R,protein_coding
LRRC37B,protein_coding
DDX51,protein_coding
NOMO2,protein_coding
SIGIRR,protein_coding
NRBP2,protein_coding
IFITM2,protein_coding
TNFAIP2,protein_coding
ZNF445,protein_coding
PGBD2,protein_coding
TCEAL9,protein_coding
RAB11B,protein_coding
PRMT3,protein_coding
GP1BA,protein_coding
PRPF39,protein_coding
PPIL6,protein_coding
ZNF74,protein_coding
KIAA0825,protein_coding
UBALD2,protein_coding
CDNF,protein_coding
RBM11,protein_coding
GALNT17,protein_coding
CD24P4,processed_pseudogene
ZBTB37,protein_coding
NUPR2,protein_coding
IL3RA,protein_coding
CCDC137,protein_coding
ARL15,protein_coding
CDK10,protein_coding
SOCS1,protein_coding
TCN2,protein_coding
GAS2L1,protein_coding
ATP6V0A2,protein_coding
PRKN,protein_coding
TEDC1,protein_coding
HS6ST3,protein_coding
HGS,protein_coding
TNFAIP8L1,protein_coding
RAD51D,protein_coding
MAPK11,protein_coding
SP140L,protein_coding
MRPL30,protein_coding
TARS3,protein_coding
SMYD3,protein_coding
METTL7A,protein_coding
IFNLR1,protein_coding
SH3BGR,protein_coding
FAM174B,protein_coding
ZSWIM9,protein_coding
TMEM179B,protein_coding
GPRIN3,protein_coding
PARPBP,protein_coding
STAC3,protein_coding
ROR1,protein_coding
SDHAP1,transcribed_unprocessed_pseudogene
AC138393.1,transcribed_unprocessed_pseudogene
MUC1,protein_coding
FAAP100,protein_coding
IRF7,protein_coding
L3MBTL1,protein_coding
BRCC3,protein_coding
SV2B,protein_coding
FAM131C,protein_coding
LMNTD2,protein_coding
SPATA45,protein_coding
PDE6G,protein_coding
PRKG1,protein_coding
NR2F2,protein_coding
DLK1,protein_coding
TLCD2,protein_coding
LSAMP,protein_coding
AHNAK2,protein_coding
OLFML2A,protein_coding
SP1,protein_coding
WASH3P,transcribed_unprocessed_pseudogene
ACTBP7,processed_pseudogene
MRPL40,protein_coding
DBX2,protein_coding
INKA1,protein_coding
PDIA2,protein_coding
PCGF3,protein_coding
LMLN,protein_coding
P4HB,protein_coding
PSMD13,protein_coding
PBX1,protein_coding
NDUFA4L2,protein_coding
SHC4,protein_coding
AC034236.1,processed_pseudogene
ZFP36L1,protein_coding
UBE2L3,protein_coding
BRWD1,protein_coding
PMEL,protein_coding
SYN3,protein_coding
POU3F1,protein_coding
SNAI3,protein_coding
ZBTB3,protein_coding
LYG2,protein_coding
MORN5,protein_coding
EP400P1,transcribed_unprocessed_pseudogene
MYBL1,protein_coding
MOSMO,protein_coding
DRG1,protein_coding
ANKFY1,protein_coding
YTHDF3,protein_coding
ZNF696,protein_coding
ADARB2,protein_coding
NRG3,protein_coding
C11orf87,protein_coding
IFIT1,protein_coding
CXorf38,protein_coding
KCNQ5,protein_coding
KCNIP4,protein_coding
MORF4L1,protein_coding
WDR53,protein_coding
DMWD,protein_coding
SLC52A2,protein_coding
PIGP,protein_coding
IKZF1,protein_coding
PCYT2,protein_coding
NAT8L,protein_coding
BCAP31,protein_coding
ARL17A,protein_coding
RPL12P4,processed_pseudogene
HDHD5-AS1,lncRNA
GNB1L,protein_coding
AL035411.1,processed_pseudogene
EVI2B,protein_coding
NPIPB4,protein_coding
ZNF829,protein_coding
THNSL1,protein_coding
TRIM69,protein_coding
IFITM1,protein_coding
LAMP1,protein_coding
POMK,protein_coding
LINC00839,lncRNA
C16orf54,protein_coding
KLHDC8B,protein_coding
SETD4,protein_coding
PTCH1,protein_coding
RTN4RL1,protein_coding
NKAIN3,protein_coding
RNPC3,protein_coding
ZNF267,protein_coding
IRS2,protein_coding
C7orf61,protein_coding
BICD2,protein_coding
CCIN,protein_coding
TMLHE,protein_coding
SLITRK2,protein_coding
SDHAP3,transcribed_unprocessed_pseudogene
RASA3,protein_coding
LRCH3,protein_coding
LEMD1,protein_coding
NDUFA13,protein_coding
ZNF566,protein_coding
AC021092.1,lncRNA
ZNF529,protein_coding
ZNF284,protein_coding
DLEU7,protein_coding
MATN1-AS1,lncRNA
AIDA,protein_coding
CDIN1,protein_coding
CD300LF,protein_coding
AC012085.1,processed_pseudogene
KRT18P14,processed_pseudogene
GSAP,protein_coding
AGBL4,protein_coding
CYP2R1,protein_coding
ANKRD46,protein_coding
PIP5K1C,protein_coding
ZBTB6,protein_coding
C2orf76,protein_coding
POLR3C,protein_coding
UBL4B,protein_coding
WWOX,protein_coding
CIDECP1,transcribed_unprocessed_pseudogene
CENATAC,protein_coding
BCL9L,protein_coding
POLR1D,protein_coding
KIF18B,protein_coding
ZNRF1,protein_coding
FFAR4,protein_coding
SAPCD2,protein_coding
SLC51B,protein_coding
CYP4F12,protein_coding
MTARC1,protein_coding
BLOC1S4,protein_coding
ZNF749,protein_coding
KLHL32,protein_coding
LINC02610,lncRNA
MRTFB,protein_coding
ZNF17,protein_coding
KDM4D,protein_coding
GPAT2,protein_coding
TOR3A,protein_coding
GABRA5,protein_coding
PPP1CC,protein_coding
ZNF555,protein_coding
MST1P2,unprocessed_pseudogene
NAP1L3,protein_coding
CA5BP1,transcribed_unprocessed_pseudogene
PRELID2,protein_coding
BACE1,protein_coding
THBS2,protein_coding
RXRA,protein_coding
ANKRD37,protein_coding
NUDT17,protein_coding
LINC00643,transcribed_unitary_pseudogene
ZNF75D,protein_coding
CYP4X1,protein_coding
KRT10,protein_coding
CD300E,protein_coding
CCDC30,protein_coding
NKRF,protein_coding
GLDN,protein_coding
FCAR,protein_coding
KPNA4,protein_coding
ZNF501,protein_coding
ZNF197,protein_coding
SPATA12,protein_coding
NAP1L2,protein_coding
AQP7P1,unprocessed_pseudogene
RPS23,protein_coding
GNG2,protein_coding
BTN3A2,protein_coding
AKAP14,protein_coding
PCLO,protein_coding
RGS7BP,protein_coding
INSIG1,protein_coding
MYT1L,protein_coding
C5orf38,protein_coding
ZNF396,protein_coding
TMEM222,protein_coding
ARHGAP30,protein_coding
SEPTIN10,protein_coding
FAM86B1,protein_coding
CYP4F3,protein_coding
SMYD4,protein_coding
GPATCH8,protein_coding
CEACAM19,protein_coding
NF2,protein_coding
SMIM29,protein_coding
UBE2H,protein_coding
MIR22HG,lncRNA
HPDL,protein_coding
KTN1-AS1,lncRNA
KATNA1,protein_coding
ARAP1,protein_coding
KIF24,protein_coding
PDE2A,protein_coding
CARMIL3,protein_coding
PRR5,protein_coding
ZFP91,protein_coding
C17orf58,protein_coding
BCDIN3D,protein_coding
MAGEE2,protein_coding
EEF1GP1,processed_pseudogene
CYP27C1,protein_coding
LYRM7,protein_coding
CFAP73,protein_coding
MST1L,transcribed_unprocessed_pseudogene
BCR,protein_coding
MPPED1,protein_coding
TPI1P3,processed_pseudogene
FSCN2,protein_coding
SPIN4,protein_coding
SPIN2B,protein_coding
HYAL3,protein_coding
VSIG10L,protein_coding
CXCR3,protein_coding
ZNF397,protein_coding
ZSCAN30,protein_coding
TPCN1,protein_coding
LILRB4,protein_coding
TNFRSF4,protein_coding
HEXIM1,protein_coding
SELENOV,protein_coding
PDZD7,protein_coding
POFUT2,protein_coding
MAPT,protein_coding
ERCC6L,protein_coding
TMEM17,protein_coding
TNFRSF18,protein_coding
C1QL4,protein_coding
RTN4RL2,protein_coding
ZDHHC17,protein_coding
ZNF395,protein_coding
ZACN,protein_coding
CHCHD2P9,processed_pseudogene
PPARA,protein_coding
TMEM232,protein_coding
LINC01551,lncRNA
FAM183A,protein_coding
EFCAB6,protein_coding
KANK3,protein_coding
EMID1,protein_coding
RHD,protein_coding
LINC02875,lncRNA
GPR141,protein_coding
TMEM216,protein_coding
RPS19BP1,protein_coding
C3orf70,protein_coding
TEAD1,protein_coding
PLCD1,protein_coding
CCK,protein_coding
ENTPD5,protein_coding
MITF,protein_coding
HEATR4,protein_coding
NAP1L1,protein_coding
LILRA5,protein_coding
CMC1,protein_coding
SLIT1,protein_coding
LYPD6,protein_coding
AKR1C1,protein_coding
VSTM2B,protein_coding
FOXD3,protein_coding
RNF220,protein_coding
SHTN1,protein_coding
ZNF546,protein_coding
TSPYL4,protein_coding
MT1X,protein_coding
GCNT1,protein_coding
AC100800.1,lncRNA
SESTD1,protein_coding
FNBP1,protein_coding
DYNC2H1,protein_coding
MAGED4B,protein_coding
BCAM,protein_coding
RSBN1L,protein_coding
WDR86,protein_coding
EPOR,protein_coding
DCC,protein_coding
TAF9B,protein_coding
PCDHB13,protein_coding
MAGI2,protein_coding
LUZP2,protein_coding
LHFPL3,protein_coding
CHP1,protein_coding
AL589826.1,processed_pseudogene
FPR3,protein_coding
C11orf96,protein_coding
KCNJ11,protein_coding
COL4A1,protein_coding
GJA4,protein_coding
PTMA,protein_coding
HSPA14,protein_coding
ATP13A5,protein_coding
SIRT7,protein_coding
PRR13P5,processed_pseudogene
IFT140,protein_coding
TPM3P7,processed_pseudogene
AGMO,protein_coding
TLR5,protein_coding
USP7,protein_coding
NANOS3,protein_coding
NHLRC1,protein_coding
ZNF385C,protein_coding
MAGEH1,protein_coding
TET3,protein_coding
ZNF286A,protein_coding
ISG15,protein_coding
EXD3,protein_coding
C17orf97,protein_coding
ZKSCAN4,protein_coding
DHRS4L2,protein_coding
SAMD11,protein_coding
VMAC,protein_coding
TMSB4XP8,processed_pseudogene
ERC2,protein_coding
B3GLCT,protein_coding
SPRY4,protein_coding
ERAS,protein_coding
TRPV2,protein_coding
C2orf88,protein_coding
TMEM203,protein_coding
SLC18A3,protein_coding
KBTBD12,protein_coding
THSD4,protein_coding
GABRD,protein_coding
TCEA1,protein_coding
NHEJ1,protein_coding
FANCA,protein_coding
SECISBP2,protein_coding
HSPE1P11,processed_pseudogene
SEMA4D,protein_coding
DIPK1C,protein_coding
DNAH17,protein_coding
MCRS1,protein_coding
FANCM,protein_coding
ZNF70,protein_coding
CARD9,protein_coding
PEAR1,protein_coding
ZFP69B,protein_coding
SOWAHD,protein_coding
ZFP69,protein_coding
TMEM220,protein_coding
EIF4EBP1,protein_coding
CCDC157,protein_coding
FAM122A,protein_coding
PALM3,protein_coding
SHISA7,protein_coding
AC097382.1,lncRNA
CLEC17A,protein_coding
C2orf66,protein_coding
AC091057.1,lncRNA
HS6ST1P1,processed_pseudogene
PMS2CL,transcribed_unprocessed_pseudogene
CYHR1,protein_coding
COL14A1,protein_coding
DNER,protein_coding
CPSF4L,protein_coding
KLHL17,protein_coding
PLA2G2C,protein_coding
ANKRD19P,transcribed_unprocessed_pseudogene
ZSCAN23,protein_coding
RINL,protein_coding
TPRG1,protein_coding
AC026412.1,transcribed_unprocessed_pseudogene
MORN2,protein_coding
RTP5,protein_coding
MEIS3P2,processed_pseudogene
S100A3,protein_coding
UBQLN2,protein_coding
RILPL1,protein_coding
C19orf67,protein_coding
ZNF490,protein_coding
NWD1,protein_coding
ARL4C,protein_coding
TMEM221,protein_coding
RAB42,protein_coding
WNT7B,protein_coding
C11orf95,protein_coding
GPR89B,protein_coding
MAPK12,protein_coding
NUTM2G,protein_coding
COL4A5,protein_coding
AGRN,protein_coding
NHS,protein_coding
FAM166A,protein_coding
TMPPE,protein_coding
ZNF626,protein_coding
ZC3H6,protein_coding
LINC00265,lncRNA
LAMTOR4,protein_coding
PRKAR1B,protein_coding
NCR3LG1,protein_coding
DCUN1D3,protein_coding
ZNF793,protein_coding
TUBB4B,protein_coding
AGAP4,protein_coding
COMMD6,protein_coding
PLA2G2A,protein_coding
HYKK,protein_coding
C15orf62,protein_coding
ZNF383,protein_coding
HES4,protein_coding
ZNF669,protein_coding
PEAK3,protein_coding
CENPP,protein_coding
PLSCR1,protein_coding
C3orf62,protein_coding
ENO4,protein_coding
ZNF559,protein_coding
SBK1,protein_coding
SLC38A3,protein_coding
GTF2F2,protein_coding
CIBAR1,protein_coding
FOCAD,protein_coding
AC092171.1,lncRNA
PRR19,protein_coding
ZP3,protein_coding
GPAT2P2,unprocessed_pseudogene
JAKMIP3,protein_coding
PDCD1,protein_coding
GPR21,protein_coding
TCTEX1D4,protein_coding
SELL,protein_coding
CHM,protein_coding
BLOC1S5,protein_coding
SRP72P2,processed_pseudogene
CERKL,protein_coding
WASF4P,processed_pseudogene
ACTBP11,processed_pseudogene
IER5L,protein_coding
H2AX,protein_coding
SERPINA5,protein_coding
C19orf54,protein_coding
LCTL,protein_coding
C22orf34,lncRNA
AF279873.1,processed_pseudogene
COL25A1,protein_coding
FAM83G,protein_coding
CFAP77,protein_coding
SRSF10,protein_coding
HBA2,protein_coding
DUSP28,protein_coding
CCDC9B,protein_coding
NBR1,protein_coding
RALGAPA2,protein_coding
NDOR1,protein_coding
FBLL1,protein_coding
NKAIN2,protein_coding
CFAP54,protein_coding
NPIPP1,transcribed_unprocessed_pseudogene
FAM72B,protein_coding
SUMO2,protein_coding
NANOS1,protein_coding
IGFL3,protein_coding
GOLGA8M,protein_coding
RTL6,protein_coding
DPYD,protein_coding
S100A16,protein_coding
PTAR1,protein_coding
CC2D2B,protein_coding
SAXO2,protein_coding
H1-9P,transcribed_unitary_pseudogene
RHCE,protein_coding
C2orf80,protein_coding
PARVB,protein_coding
TEKT4P2,transcribed_unprocessed_pseudogene
UROS,protein_coding
ZDHHC9,protein_coding
ZBED6CL,protein_coding
QRFP,protein_coding
SMIM15,protein_coding
VWC2,protein_coding
FAM221A,protein_coding
TMEM120B,protein_coding
FSIP2,protein_coding
RBM34,protein_coding
NOXA1,protein_coding
TMEM198,protein_coding
FZD9,protein_coding
TMSB4XP2,unprocessed_pseudogene
SPRED3,protein_coding
SKOR1,protein_coding
PRELP,protein_coding
ZNF548,protein_coding
MTF1,protein_coding
SHISA6,protein_coding
TMEM201,protein_coding
NHLRC3,protein_coding
ZDHHC11,protein_coding
CALHM6,protein_coding
LINC00910,lncRNA
SLX4,protein_coding
RPL14,protein_coding
RPSAP47,processed_pseudogene
FAM78B,protein_coding
ZNF563,protein_coding
RPL10AP2,processed_pseudogene
FBF1,protein_coding
MSL1,protein_coding
LRRK2,protein_coding
GJB3,protein_coding
INSYN2A,protein_coding
TRMT2B,protein_coding
HACD4,protein_coding
CFAP126,protein_coding
FAM120AOS,protein_coding
NOC2L,protein_coding
MSANTD1,protein_coding
DHFRP1,processed_pseudogene
NELFB,protein_coding
LRRC66,protein_coding
ZNF292,protein_coding
KCTD21,protein_coding
ADAT2,protein_coding
ZNF567,protein_coding
NDUFA4,protein_coding
ANKDD1B,protein_coding
ALKBH2,protein_coding
RNFT1,protein_coding
RELN,protein_coding
FAM111B,protein_coding
APOD,protein_coding
LITAF,protein_coding
VSTM1,protein_coding
TMEM120A,protein_coding
ARID2,protein_coding
RIMKLBP1,processed_pseudogene
SF3B3,protein_coding
PRSS48,protein_coding
BLOC1S3,protein_coding
SP6,protein_coding
PLAC9,protein_coding
NKAPL,protein_coding
UBE2Q2P1,transcribed_unprocessed_pseudogene
CLDN4,protein_coding
ZNF573,protein_coding
FAM47E,protein_coding
JPT1,protein_coding
ZNF527,protein_coding
S100A13,protein_coding
ZNF33A,protein_coding
PCDH18,protein_coding
ZNF600,protein_coding
BTBD8,protein_coding
DPY19L2P1,transcribed_unprocessed_pseudogene
MAOA,protein_coding
PAX8-AS1,lncRNA
C15orf61,protein_coding
TSPYL1,protein_coding
PNRC2,protein_coding
DRICH1,protein_coding
GJB5,protein_coding
FHIT,protein_coding
ALKAL2,protein_coding
ZKSCAN3,protein_coding
RRP7A,protein_coding
LIN54,protein_coding
FAM53B,protein_coding
FAM180A,protein_coding
KAZN,protein_coding
SLC35E2B,protein_coding
RPS2P46,processed_pseudogene
TOGARAM2,protein_coding
NEMP2,protein_coding
ALG1L,protein_coding
GSPT2,protein_coding
C8orf76,protein_coding
HMGB1,protein_coding
SH2D5,protein_coding
ZFP92,protein_coding
USP32P3,transcribed_unprocessed_pseudogene
RASSF10,protein_coding
MIR494,miRNA
BLOC1S2,protein_coding
SYCP2,protein_coding
ZNF724,protein_coding
IL1RAP,protein_coding
PTPRT,protein_coding
MYBPC1,protein_coding
SPOCK3,protein_coding
ZNF699,protein_coding
IFITM3P3,processed_pseudogene
TDRD7,protein_coding
CCDC189,protein_coding
KIAA0895L,protein_coding
HLA-DRB1,protein_coding
MYT1,protein_coding
SERPINA3,protein_coding
AKR1C3,protein_coding
SPATS2L,protein_coding
ZNF250,protein_coding
WDSUB1,protein_coding
ZNF79,protein_coding
S100A4,protein_coding
PLEKHG4,protein_coding
FAT4,protein_coding
COLCA1,lncRNA
KIF19,protein_coding
ZNF681,protein_coding
ACADSB,protein_coding
STK40,protein_coding
RPS2P4,processed_pseudogene
TMEM63A,protein_coding
SEMA4A,protein_coding
HRCT1,protein_coding
MPHOSPH8,protein_coding
RNF216P1,lncRNA
EEF1A1P5,processed_pseudogene
GREB1,protein_coding
SIRPB2,protein_coding
ZNF766,protein_coding
RYR1,protein_coding
SRGAP3,protein_coding
FAM217B,protein_coding
TUBB,protein_coding
LCOR,protein_coding
SUPT5H,protein_coding
XPNPEP3,protein_coding
ZNF107,protein_coding
PPIA,protein_coding
ZNF471,protein_coding
ZNF836,protein_coding
ZNF493,protein_coding
GTF2IRD2,protein_coding
GRM7,protein_coding
SUPT3H,protein_coding
NIF3L1,protein_coding
GARS1-DT,lncRNA
ATP2A1,protein_coding
HLA-DRB9,unprocessed_pseudogene
IARS1,protein_coding
MFSD14C,transcribed_unprocessed_pseudogene
POM121,protein_coding
ZBTB44,protein_coding
NLGN3,protein_coding
ZKSCAN7,protein_coding
CD55,protein_coding
CPNE4,protein_coding
ZNF565,protein_coding
NTNG2,protein_coding
ELAVL3,protein_coding
WDR5,protein_coding
LONP1,protein_coding
TRRAP,protein_coding
NUDT11,protein_coding
SRGAP2B,protein_coding
FUT4,protein_coding
ASB13,protein_coding
SLC35F1,protein_coding
ZNF34,protein_coding
ZNF781,protein_coding
ZNF140,protein_coding
INCA1,protein_coding
ZNF774,protein_coding
PTPN1,protein_coding
EVL,protein_coding
THEM5,protein_coding
EPHB4,protein_coding
PRTN3,protein_coding
ZNF765,protein_coding
ZNF124,protein_coding
XRCC6,protein_coding
C20orf204,protein_coding
PPP1R26,protein_coding
TSC22D2,protein_coding
NPIPB15,protein_coding
ZNF569,protein_coding
ARMCX4,protein_coding
YRDC,protein_coding
ZNF777,protein_coding
PIK3R4,protein_coding
ZNF775,protein_coding
ZNF605,protein_coding
TRAPPC2,protein_coding
MYL6B,protein_coding
ZNF799,protein_coding
SIAH1,protein_coding
C20orf96,protein_coding
ESRRG,protein_coding
NCOR2,protein_coding
SULT1A1,protein_coding
ARL9,protein_coding
PRPF40A,protein_coding
GDAP2,protein_coding
TCEAL3,protein_coding
ANAPC7,protein_coding
TPK1,protein_coding
SLC6A9,protein_coding
AFAP1,protein_coding
NACA,protein_coding
MYO18A,protein_coding
SPTSSB,protein_coding
BORCS6,protein_coding
MAN2A2,protein_coding
MME,protein_coding
FAM72A,protein_coding
CCDC196,protein_coding
CACNA1H,protein_coding
SULF2,protein_coding
LAMA2,protein_coding
PLXNB2,protein_coding
AJAP1,protein_coding
XRCC2,protein_coding
MYO6,protein_coding
MRTFA,protein_coding
HDAC2,protein_coding
ZNF782,protein_coding
ZNF846,protein_coding
MMP1,protein_coding
TCF4,protein_coding
WNK3,protein_coding
SDHAF3,protein_coding
HRH1,protein_coding
RABL6,protein_coding
ZNF136,protein_coding
ZKSCAN5,protein_coding
ZNF502,protein_coding
TRAPPC4,protein_coding
AC004057.1,transcribed_processed_pseudogene
TTC30B,protein_coding
SLC30A10,protein_coding
TECPR2,protein_coding
TLR7,protein_coding
FAM180B,protein_coding
LINC00173,lncRNA
ZFP62,protein_coding
ERI2,protein_coding
TOMM7,protein_coding
TRPV1,protein_coding
ZNF33B,protein_coding
PDXDC2P-NPIPB14P,lncRNA
ZNF512B,protein_coding
AMZ2,protein_coding
ZNF431,protein_coding
NF1,protein_coding
VKORC1L1,protein_coding
ZNF418,protein_coding
DAPK1,protein_coding
HLA-DQA1,protein_coding
COL27A1,protein_coding
LINC01560,lncRNA
GM2A,protein_coding
S100A2,protein_coding
SNHG17,lncRNA
ZNF700,protein_coding
POU3F4,protein_coding
CD47,protein_coding
TLE1,protein_coding
MAML3,protein_coding
STRN3,protein_coding
ZNF239,protein_coding
CTBP1-DT,lncRNA
ZSCAN16,protein_coding
MVB12B,protein_coding
ILRUN,protein_coding
ADA,protein_coding
ARID5A,protein_coding
PPTC7,protein_coding
TOMM20L,protein_coding
NHLRC2,protein_coding
ZFP28,protein_coding
CRACDL,protein_coding
SCN8A,protein_coding
LAMB3,protein_coding
H2BU1,protein_coding
KPNA5,protein_coding
ANKRD36B,protein_coding
ARHGEF12,protein_coding
HCAR1,protein_coding
ZNF252P,transcribed_unprocessed_pseudogene
PDLIM7,protein_coding
FLNA,protein_coding
TMEM26,protein_coding
RPS26P11,processed_pseudogene
SRGAP1,protein_coding
FAM3C,protein_coding
NOP9,protein_coding
SLC39A10,protein_coding
CASP4,protein_coding
AP2A1,protein_coding
ZNF585A,protein_coding
FUT11,protein_coding
SMIM10L2B,protein_coding
ANXA4,protein_coding
LAGE3,protein_coding
WDR5B,protein_coding
FAM163B,protein_coding
WDR45,protein_coding
METTL9,protein_coding
ZNF138,protein_coding
ZNF429,protein_coding
ZNF470,protein_coding
SERTAD1,protein_coding
ZNF100,protein_coding
EOLA2,protein_coding
ZNF398,protein_coding
ZSCAN25,protein_coding
ANXA6,protein_coding
ZNF441,protein_coding
GMFB,protein_coding
ZNF420,protein_coding
ZNF763,protein_coding
ZMYM1,protein_coding
DTHD1,protein_coding
ZSCAN26,protein_coding
MAFG,protein_coding
ARRDC1,protein_coding
KIAA1671,protein_coding
IGF2R,protein_coding
ZNF300P1,transcribed_unprocessed_pseudogene
GAL3ST4,protein_coding
DYNC1H1,protein_coding
SLC6A17,protein_coding
PCBP2,protein_coding
ZGPAT,protein_coding
SLC25A29,protein_coding
PGAP1,protein_coding
SRC,protein_coding
ZNF682,protein_coding
ZNF772,protein_coding
ZNF257,protein_coding
PCNX3,protein_coding
ADAM32,protein_coding
ACSL5,protein_coding
LRRC8B,protein_coding
AC107956.1,processed_pseudogene
ABCB8,protein_coding
SND1,protein_coding
ZNF785,protein_coding
NEK5,protein_coding
PSMD12,protein_coding
ADGRA1,protein_coding
CH17-340M24.3,lncRNA
PIWIL2,protein_coding
MIRLET7BHG,lncRNA
NOL4L,protein_coding
CYSRT1,protein_coding
SLC22A4,protein_coding
ENTPD4,protein_coding
C1D,protein_coding
TBC1D9B,protein_coding
FAM110D,protein_coding
SERPINA1,protein_coding
KANK2,protein_coding
EIF4BP6,processed_pseudogene
C6orf141,protein_coding
GTF2E2,protein_coding
RAD54B,protein_coding
ZNF165,protein_coding
SYNGAP1,protein_coding
RAMP2-AS1,lncRNA
FITM2,protein_coding
BLM,protein_coding
ZNF720,protein_coding
DDI2,protein_coding
SVIL,protein_coding
TRIM33,protein_coding
LRP10,protein_coding
PELI1,protein_coding
ZNF655,protein_coding
MRPL21,protein_coding
UAP1L1,protein_coding
BNIP3P1,transcribed_processed_pseudogene
FBXL22,protein_coding
ZNF786,protein_coding
ZNF517,protein_coding
ZNF675,protein_coding
SLC22A5,protein_coding
DACT3,protein_coding
ADARB1,protein_coding
HTT,protein_coding
C5AR1,protein_coding
DCHS2,protein_coding
VEPH1,protein_coding
SHPK,protein_coding
IPP,protein_coding
OPALIN,protein_coding
MAP3K5,protein_coding
OGDHL,protein_coding
GSTK1,protein_coding
HNRNPAB,protein_coding
STMN3,protein_coding
PDGFA,protein_coding
COL13A1,protein_coding
SPN,protein_coding
PCDHB11,protein_coding
ZNF628,protein_coding
SLC2A10,protein_coding
ZNF665,protein_coding
RPF2,protein_coding
FAM177B,protein_coding
MIB2,protein_coding
MYO5A,protein_coding
IRF1-AS1,lncRNA
GZMM,protein_coding
ATG7,protein_coding
SIPA1L1,protein_coding
TTC30A,protein_coding
SSPOP,transcribed_unitary_pseudogene
ELANE,protein_coding
RAB40C,protein_coding
PIGN,protein_coding
COL4A6,protein_coding
ZNF624,protein_coding
HHLA3,lncRNA
RPS17P2,processed_pseudogene
HOXA4,protein_coding
TOPORS,protein_coding
BCO2,protein_coding
GPX1P1,processed_pseudogene
KCNMB2,protein_coding
ENTPD6,protein_coding
ENPP1,protein_coding
CCDC154,protein_coding
FAR1,protein_coding
CPLANE1,protein_coding
ZNF841,protein_coding
MFAP5,protein_coding
ZNF615,protein_coding
EOLA1,protein_coding
CDC42SE1,protein_coding
MPEG1,protein_coding
DPP4,protein_coding
AC106870.1,lncRNA
PDCD1LG2,protein_coding
ZNF433,protein_coding
DNAH10,protein_coding
AL157838.1,lncRNA
SPTAN1,protein_coding
NMB,protein_coding
PARVA,protein_coding
FAM114A1,protein_coding
RPE,protein_coding
ZNF460,protein_coding
PHF2,protein_coding
RPS26,protein_coding
PTMAP2,processed_pseudogene
PSAP,protein_coding
S100A10,protein_coding
CFAP43,protein_coding
RPL37A,protein_coding
HOXC6,protein_coding
TXNRD3,protein_coding
CFD,protein_coding
MAP1LC3C,protein_coding
MCMBP,protein_coding
EME2,protein_coding
KLHDC1,protein_coding
ZNF81,protein_coding
TAF13,protein_coding
ZNF780A,protein_coding
ATAD3A,protein_coding
FAM118B,protein_coding
ZNF461,protein_coding
AC011450.1,lncRNA
AC122129.1,lncRNA
SLC9A8,protein_coding
OCLN,protein_coding
ZNF181,protein_coding
INKA2,protein_coding
ZNF44,protein_coding
GPAA1,protein_coding
ADAMTSL2,protein_coding
SGTB,protein_coding
ZNF790,protein_coding
CYRIA,protein_coding
MYO1C,protein_coding
NKIRAS1,protein_coding
MEIG1,protein_coding
KIF13B,protein_coding
ADH5,protein_coding
TEAD4,protein_coding
SPG7,protein_coding
HES5,protein_coding
NBEAP2,transcribed_unprocessed_pseudogene
ZNF677,protein_coding
ERO1A,protein_coding
ZNF823,protein_coding
CYYR1-AS1,lncRNA
ZNF311,protein_coding
ZNF347,protein_coding
PLCG2,protein_coding
FCHSD1,protein_coding
ZNF71,protein_coding
S100A6,protein_coding
RPL12,protein_coding
DNM3,protein_coding
ZNF121,protein_coding
MPZL1,protein_coding
VPS13A,protein_coding
MBP,protein_coding
AKAP17A,protein_coding
ELOVL2,protein_coding
GOLGA6L9,protein_coding
C1orf122,protein_coding
SNHG12,lncRNA
CLEC9A,protein_coding
KEL,protein_coding
NOL8,protein_coding
IRAK4,protein_coding
CCDC151,protein_coding
MRPL42,protein_coding
ENTPD7,protein_coding
FCGR1B,protein_coding
ZNF335,protein_coding
ZNF560,protein_coding
RPS4X,protein_coding
ZNF273,protein_coding
ZNF84,protein_coding
MAK16,protein_coding
ZNF667,protein_coding
SIRPA,protein_coding
GRK6,protein_coding
PRIM1,protein_coding
MARCHF5,protein_coding
SULT1C4,protein_coding
ZBTB14,protein_coding
CD2AP,protein_coding
SFI1,protein_coding
ZNF649,protein_coding
ZNF248,protein_coding
CHSY3,protein_coding
TOR4A,protein_coding
LPAR1,protein_coding
MB,protein_coding
HIBCH,protein_coding
ZNF544,protein_coding
TMEM229B,protein_coding
PTMAP9,processed_pseudogene
SOWAHC,protein_coding
ZNF770,protein_coding
ZNF876P,transcribed_unprocessed_pseudogene
NPIPB6,protein_coding
HMGN5,protein_coding
MIER1,protein_coding
MAN1A2,protein_coding
SVIP,protein_coding
ZNF251,protein_coding
DDRGK1,protein_coding
TFDP1,protein_coding
ZNF607,protein_coding
ZNF334,protein_coding
HSD17B11,protein_coding
SZT2,protein_coding
ZXDA,protein_coding
RPS6KL1,protein_coding
CACNA1E,protein_coding
QRICH1,protein_coding
AFDN-DT,lncRNA
CSF2RA,protein_coding
FKBP1C,protein_coding
DDX42,protein_coding
GUSBP13,unprocessed_pseudogene
RPL23A,protein_coding
SLC29A3,protein_coding
STYX,protein_coding
UBL5,protein_coding
HELZ,protein_coding
TMEM116,protein_coding
UCKL1,protein_coding
CARD11,protein_coding
ZNF485,protein_coding
PEG3,protein_coding
SDAD1,protein_coding
ZKSCAN8,protein_coding
PHETA1,protein_coding
HYLS1,protein_coding
ZNF442,protein_coding
ZNF813,protein_coding
HOXC4,protein_coding
PIM3,protein_coding
GET3,protein_coding
ASPH,protein_coding
SPRED2,protein_coding
WWP2,protein_coding
GFPT1,protein_coding
UVRAG,protein_coding
ZNF26,protein_coding
ITSN2,protein_coding
NTRK1,protein_coding
BZW1P2,processed_pseudogene
OGA,protein_coding
ZNF658B,transcribed_unprocessed_pseudogene
MT1F,protein_coding
TCAF1,protein_coding
ZNF69,protein_coding
TXNRD1,protein_coding
NRARP,protein_coding
ZNF583,protein_coding
ZNF568,protein_coding
ZXDB,protein_coding
ZNF480,protein_coding
ZNF587,protein_coding
TPM2,protein_coding
FLVCR1-DT,lncRNA
SH3BGRL2,protein_coding
ZNF808,protein_coding
ANKRD35,protein_coding
YTHDF2,protein_coding
NBR2,lncRNA
TMA16,protein_coding
HLA-DRB5,protein_coding
ATL1,protein_coding
MAFK,protein_coding
ARMH1,protein_coding
ZNF43,protein_coding
GPN1,protein_coding
PLN,protein_coding
ZNF28,protein_coding
ITGBL1,protein_coding
ZNF511,protein_coding
ZNF627,protein_coding
KCNRG,protein_coding
WDHD1,protein_coding
ZNF789,protein_coding
CTNND1,protein_coding
DDX39B,protein_coding
SLC34A3,protein_coding
ARC,protein_coding
AC073343.1,unprocessed_pseudogene
NUDT16,protein_coding
TLK1,protein_coding
LRBA,protein_coding
C3orf35,lncRNA
ZNF536,protein_coding
MMP17,protein_coding
BAZ1A,protein_coding
COPS8,protein_coding
PPIAP22,processed_pseudogene
CCDC69,protein_coding
MDM4,protein_coding
RYR2,protein_coding
ZNF534,protein_coding
KLHL9,protein_coding
NCOA6,protein_coding
STK39,protein_coding
ABHD17AP1,unprocessed_pseudogene
C6orf89,protein_coding
CALM1,protein_coding
TAFA2,protein_coding
TTC37,protein_coding
TUSC1,protein_coding
PAPSS2,protein_coding
SLC9A6,protein_coding
FAN1,protein_coding
EIF1AY,protein_coding
IPO9,protein_coding
CEP290,protein_coding
SSBP3-AS1,lncRNA
GLMP,protein_coding
TOGARAM1,protein_coding
DLL1,protein_coding
ANKRD13B,protein_coding
ECI2,protein_coding
UNC13B,protein_coding
LDB1,protein_coding
PPP1R14C,protein_coding
CTR9,protein_coding
SMOC1,protein_coding
F5,protein_coding
MSRB1,protein_coding
LRRTM3,protein_coding
ZNF652,protein_coding
SMURF1,protein_coding
SLC5A3,protein_coding
MTCO3P12,unprocessed_pseudogene
GPATCH3,protein_coding
CDC42BPB,protein_coding
PLXNB3,protein_coding
RPL10A,protein_coding
COLGALT2,protein_coding
EGFL6,protein_coding
APCDD1L,protein_coding
RCSD1,protein_coding
RASSF9,protein_coding
FAM169A,protein_coding
ZNF830,protein_coding
GRIN3A,protein_coding
CNOT7,protein_coding
TMEM184B,protein_coding
MTOR,protein_coding
SCAMP5,protein_coding
ZNF521,protein_coding
ALPK2,protein_coding
BRINP2,protein_coding
LRIG2,protein_coding
PNP,protein_coding
GK,protein_coding
FOXJ3,protein_coding
ZNF358,protein_coding
SFT2D1,protein_coding
CD247,protein_coding
GRM3,protein_coding
CHAMP1,protein_coding
INPP5F,protein_coding
ARHGAP11A,protein_coding
SUCNR1,protein_coding
HMGN2,protein_coding
SELENOM,protein_coding
UBE2J1,protein_coding
GJC2,protein_coding
OPA1,protein_coding
DENND4B,protein_coding
RYR3,protein_coding
ZNF277,protein_coding
KTI12,protein_coding
STYXL2,protein_coding
SELENOT,protein_coding
ARHGEF15,protein_coding
TOX,protein_coding
CES1,protein_coding
CD3E,protein_coding
RUSC2,protein_coding
FICD,protein_coding
OSTC,protein_coding
HSD3BP5,transcribed_unprocessed_pseudogene
R3HDM4,protein_coding
TSEN15,protein_coding
LTN1,protein_coding
RUNDC1,protein_coding
CCDC152,protein_coding
MTND4LP30,processed_pseudogene
STKLD1,protein_coding
GRK5,protein_coding
TYW1,protein_coding
DCAF12,protein_coding
SFMBT2,protein_coding
ITPRIPL1,protein_coding
SMC5,protein_coding
PRMT6,protein_coding
SHISA4,protein_coding
CIPC,protein_coding
CAPZA2,protein_coding
TOP1,protein_coding
MAP3K3,protein_coding
L1CAM,protein_coding
SREBF2,protein_coding
C1orf174,protein_coding
POU3F3,protein_coding
RASGEF1A,protein_coding
RPL39,protein_coding
DZIP3,protein_coding
KIAA0753,protein_coding
DCLRE1A,protein_coding
ATG9A,protein_coding
NOS1AP,protein_coding
CSAG1,protein_coding
APRT,protein_coding
GPRASP1,protein_coding
TBKBP1,protein_coding
MAGEE1,protein_coding
CCDC167,protein_coding
ZFP2,protein_coding
SOWAHA,protein_coding
L3MBTL3,protein_coding
DMD,protein_coding
MFAP3L,protein_coding
NAGA,protein_coding
SMG5,protein_coding
KIFBP,protein_coding
TGM2,protein_coding
ARMCX6,protein_coding
PJA2,protein_coding
RORB,protein_coding
SGMS1,protein_coding
MIR30E,miRNA
MIRLET7A2,miRNA
MIR380,miRNA
MIR345,miRNA
MIR370,miRNA
MIR377,miRNA
MIR381,miRNA
MIR339,miRNA
MIR103A2,miRNA
MIR369,miRNA
MIRLET7C,miRNA
MIR425,miRNA
MIR103A1,miRNA
MIR219A1,miRNA
MIR210,miRNA
MIR378A,miRNA
MIR361,miRNA
MIR324,miRNA
MIR323A,miRNA
MIR26A1,miRNA
MIR342,miRNA
MIR379,miRNA
MIR326,miRNA
MIR410,miRNA
MIR302C,miRNA
MIR346,miRNA
MIR409,miRNA
MIR411,miRNA
MIR26B,miRNA
MIR148B,miRNA
MIR365A,miRNA
MIR101-1,miRNA
MIR302D,miRNA
MIRLET7G,miRNA
MIR337,miRNA
MIR126,miRNA
MIR374A,miRNA
MIR331,miRNA
MIRLET7I,miRNA
MIR539,miRNA
MIR146B,miRNA
MIR582,miRNA
AC013549.1,lncRNA
AL590705.1,lncRNA
KIAA1671-AS1,lncRNA
TDRKH-AS1,lncRNA
FAM78B-AS1,lncRNA
CARNMT1-AS1,lncRNA
AL445248.1,lncRNA
ZNF525,protein_coding
AC012358.1,lncRNA
AC006019.1,lncRNA
POLH-AS1,lncRNA
AC105020.1,lncRNA
SHISA5P2,processed_pseudogene
FAM32BP,processed_pseudogene
E2F3P2,processed_pseudogene
AC022080.1,processed_pseudogene
INF2,protein_coding
PDCD4-AS1,lncRNA
IGBP1-AS1,lncRNA
AC083799.1,lncRNA
AC106827.1,processed_pseudogene
LINC01285,lncRNA
EFCAB2,protein_coding
COX20,protein_coding
CHML,protein_coding
IBA57-DT,lncRNA
STUM,protein_coding
TATDN3,protein_coding
SERTAD4-AS1,lncRNA
MIR29B2CHG,lncRNA
CR1,protein_coding
RAET1G,protein_coding
C1orf53,protein_coding
SAMD5,protein_coding
ECT2L,protein_coding
GPR52,protein_coding
PRDX6-AS1,lncRNA
FCGR3A,protein_coding
CENPW,protein_coding
MSTO2P,unprocessed_pseudogene
SPRN,protein_coding
FAM229B,protein_coding
FANK1,protein_coding
EEF1AKMT2,protein_coding
DDO,protein_coding
ADAMTSL4-AS1,lncRNA
PLPP4,protein_coding
ATP1A1-AS1,lncRNA
RBM20,protein_coding
C6orf163,protein_coding
SNHG5,lncRNA
GDI1,protein_coding
PCMTD2,protein_coding
SOX18,protein_coding
LIME1,protein_coding
HSP90B3P,processed_pseudogene
LINC00632,lncRNA
SAMD13,protein_coding
RTL8A,protein_coding
CCDC160,protein_coding
EFCAB7,protein_coding
ARRDC1-AS1,lncRNA
AL391421.1,lncRNA
LRRC73,protein_coding
LINC00963,lncRNA
FOXO6,protein_coding
TCEAL5,protein_coding
SYS1,protein_coding
TCEAL6,protein_coding
ARMCX7P,transcribed_unprocessed_pseudogene
INPP5B,protein_coding
LINC00951,lncRNA
NEU4,protein_coding
MAFB,protein_coding
TRAF3IP1,protein_coding
BMP2KL,processed_pseudogene
CHIC1,protein_coding
GIGYF2,protein_coding
C2orf72,protein_coding
RUFY2,protein_coding
NHSL2,protein_coding
GGTA1,protein_coding
PHACTR4,protein_coding
ASAH2B,protein_coding
TIMM23B,protein_coding
ZDHHC18,protein_coding
TMEM273,protein_coding
AGAP9,protein_coding
LRRC37A5P,transcribed_unprocessed_pseudogene
BMS1P1,transcribed_unprocessed_pseudogene
MACO1,protein_coding
ZDBF2,protein_coding
DAXX,protein_coding
BMPR2,protein_coding
TCEA3,protein_coding
PFDN6,protein_coding
RING1,protein_coding
HSD17B8,protein_coding
RXRB,protein_coding
OXLD1,protein_coding
LINC02731,lncRNA
COL11A2,protein_coding
HLA-DOA,protein_coding
HNRNPCP2,processed_pseudogene
BRD2,protein_coding
HLA-DMA,protein_coding
PSMB8-AS1,lncRNA
COL5A2,protein_coding
PSMB8,protein_coding
TAP2,protein_coding
SPIN3,protein_coding
NBDY,protein_coding
LINC01993,lncRNA
TMEM235,protein_coding
HLA-DRA,protein_coding
BTNL2,protein_coding
COL15A1,protein_coding
NOTCH4,protein_coding
PBX2,protein_coding
AGER,protein_coding
RNF5,protein_coding
AGPAT1,protein_coding
PJVK,protein_coding
PRRT1,protein_coding
FKBPL,protein_coding
MRPL38,protein_coding
SMIM5,protein_coding
ERICH2,protein_coding
SP5,protein_coding
CYP21A1P,transcribed_unprocessed_pseudogene
STK19,protein_coding
BTBD17,protein_coding
DXO,protein_coding
SKIV2L,protein_coding
C9orf129,transcribed_unprocessed_pseudogene
NELFE,protein_coding
ZBTB12,protein_coding
SDHD,protein_coding
EHMT2,protein_coding
LAYN,protein_coding
NEU1,protein_coding
SNHG32,lncRNA
HSPA1B,protein_coding
HSPA1A,protein_coding
HSPA1L,protein_coding
LSM2,protein_coding
VARS1,protein_coding
VWA7,protein_coding
CARD16,protein_coding
MBD5,protein_coding
MSH5,protein_coding
MPIG6B,protein_coding
ABHD16A,protein_coding
LY6G5C,protein_coding
CSNK2B,protein_coding
GPANK1,protein_coding
C6orf47,protein_coding
FAM155A,protein_coding
APOM,protein_coding
LINC02872,lncRNA
BAG6,protein_coding
C1orf195,lncRNA
PRRC2A,protein_coding
AIF1,protein_coding
LST1,protein_coding
NFKBIL1,protein_coding
MCCD1,protein_coding
ZNF814,protein_coding
MICB,protein_coding
ZNF551,protein_coding
MICA,protein_coding
ZNF805,protein_coding
HLA-C,protein_coding
PSORS1C3,lncRNA
POU5F1,protein_coding
CCHCR1,protein_coding
PSORS1C1,protein_coding
C6orf15,protein_coding
AL450124.1,unprocessed_pseudogene
DHX16,protein_coding
C6orf136,protein_coding
MRPS18B,protein_coding
PPP1R10,protein_coding
ABCF1,protein_coding
PRR3,protein_coding
LILRB3,protein_coding
DDR1,protein_coding
AC027801.1,lncRNA
GNL1,protein_coding
HLA-E,protein_coding
TRIM39,protein_coding
ZNF468,protein_coding
ZNF616,protein_coding
RNF39,protein_coding
PPP1R11,protein_coding
AC115618.1,lncRNA
HLA-J,transcribed_unprocessed_pseudogene
ZNRD1ASP,transcribed_unitary_pseudogene
DISP3,protein_coding
HCG9,lncRNA
RACK1,protein_coding
HLA-G,protein_coding
TBC1D8,protein_coding
ARPP19P2,processed_pseudogene
HLA-F,protein_coding
ZFP57,protein_coding
LINC02210,transcribed_unitary_pseudogene
RPS26P8,processed_pseudogene
ASPDH,protein_coding
MOG,protein_coding
OR2H2,protein_coding
CBY3,protein_coding
AC010624.1,lncRNA
AKT1S1,protein_coding
GABBR1,protein_coding
MIR1915HG,lncRNA
STARD7-AS1,lncRNA
MAMDC2-AS1,lncRNA
C9orf135,protein_coding
TRIM27,protein_coding
AC083899.1,unprocessed_pseudogene
AC008429.1,lncRNA
INSYN2B,protein_coding
CBWD4P,unprocessed_pseudogene
ZNF204P,processed_pseudogene
SMPD5,transcribed_unitary_pseudogene
LINC01291,lncRNA
AL391987.2,protein_coding
TTC25,protein_coding
MROH6,protein_coding
ATXN2,protein_coding
DCTN1,protein_coding
PNMA8B,protein_coding
TCTN1,protein_coding
FAM216A,protein_coding
ZBTB48,protein_coding
IGFL4,protein_coding
NAT8B,polymorphic_pseudogene
AC021218.1,lncRNA
AC104692.1,processed_pseudogene
MZT1,protein_coding
LINC01545,lncRNA
SPINK9,protein_coding
ZNF155,protein_coding
UQCC3,protein_coding
FBXO48,protein_coding
ATP6V0E2-AS1,lncRNA
ZNF783,protein_coding
ZNF425,protein_coding
LRRC10B,protein_coding
C12orf73,protein_coding
PCDHGA1,protein_coding
PCDHA7,protein_coding
PCDHA4,protein_coding
PCDHA2,protein_coding
TRIM13,protein_coding
AC005692.1,lncRNA
SPIRE2,protein_coding
AC118344.1,lncRNA
SLC35B4,protein_coding
SYCE1L,protein_coding
TMEM231,protein_coding
FAM71F2,protein_coding
CCNI2,protein_coding
TMEM240,protein_coding
COX17P1,processed_pseudogene
LINC02716,lncRNA
CDKL4,protein_coding
TMEM88B,protein_coding
C4orf47,protein_coding
TRIQK,protein_coding
SDHAF1,protein_coding
ARID3C,protein_coding
PSENEN,protein_coding
LINC00654,lncRNA
FABP9,protein_coding
ZBTB10,protein_coding
C4orf46,protein_coding
SCGB2B2,protein_coding
LGR4,protein_coding
PSMB10,protein_coding
SPDYE2,protein_coding
E2F4,protein_coding
PDE7A,protein_coding
TMEM170B,protein_coding
SNX2,protein_coding
NT5M,protein_coding
SARNP,protein_coding
ADGRG1,protein_coding
IPO7,protein_coding
PRR13,protein_coding
TECPR1,protein_coding
MT1H,protein_coding
MT1DP,transcribed_unprocessed_pseudogene
MT1A,protein_coding
INSYN1,protein_coding
MT1M,protein_coding
CFI,protein_coding
SAMD9,protein_coding
AC007608.1,lncRNA
CNEP1R1,protein_coding
ATP6AP1L,protein_coding
CCDC85C,protein_coding
SPDYE18,unprocessed_pseudogene
AC004980.1,transcribed_unprocessed_pseudogene
MAPRE3-AS1,lncRNA
C2CD4B,protein_coding
RGL3,protein_coding
NAP1L4,protein_coding
SMG1P2,transcribed_unprocessed_pseudogene
TMSB4X,protein_coding
TMEM256,protein_coding
CHKB-DT,lncRNA
SMN2,protein_coding
SERF1B,protein_coding
POM121B,unprocessed_pseudogene
DYNLL1P1,processed_pseudogene
HMGN1,protein_coding
STAG3L1,transcribed_unprocessed_pseudogene
DENND6B,protein_coding
EIF3CL,protein_coding
LINC01597,lncRNA
LCMT1,protein_coding
CDPF1,protein_coding
AC025186.1,processed_pseudogene
LIN52,protein_coding
AC020741.1,lncRNA
DPF3,protein_coding
CYP2D7,polymorphic_pseudogene
LINC00634,protein_coding
ETFRF1,protein_coding
ITSN1,protein_coding
ITPRIPL2,protein_coding
AL359878.1,lncRNA
DENND1C,protein_coding
PKD1P4,transcribed_unprocessed_pseudogene
CRYZL1,protein_coding
RP9P,transcribed_unprocessed_pseudogene
C5orf51,protein_coding
CATSPER2P1,transcribed_unprocessed_pseudogene
ARRDC5,protein_coding
LOH12CR2,lncRNA
CYS1,protein_coding
PLPP6,protein_coding
KLRC2,protein_coding
KLRC3,protein_coding
C16orf96,protein_coding
TTC23L,protein_coding
KRTAP5-1,protein_coding
RPS3AP47,processed_pseudogene
FAM90A2P,unprocessed_pseudogene
C1RL-AS1,lncRNA
ZNF316,protein_coding
SRRM2-AS1,lncRNA
OLIG2,protein_coding
C21orf62,protein_coding
C21orf62-AS1,lncRNA
RNPS1,protein_coding
HSP90AB2P,transcribed_processed_pseudogene
AC105345.1,lncRNA
NYNRIN,protein_coding
DNAJC19,protein_coding
DEFB109B,unprocessed_pseudogene
DOK6,protein_coding
JPT2,protein_coding
ZDHHC11B,protein_coding
CFAP99,protein_coding
EGFEM1P,transcribed_unitary_pseudogene
P2RX6P,transcribed_unprocessed_pseudogene
RPL23AP57,processed_pseudogene
HERC2P9,transcribed_unprocessed_pseudogene
Z69890.1,processed_pseudogene
HBA1,protein_coding
ELOA2,protein_coding
ATP10A,protein_coding
DUXAP8,lncRNA
HNRNPA1P4,processed_pseudogene
HCP5,lncRNA
HLA-H,unprocessed_pseudogene
HCG27,lncRNA
H1-10-AS1,lncRNA
RAB12,protein_coding
TMEM200C,protein_coding
PPIAP30,processed_pseudogene
HLA-A,protein_coding
HACD2,protein_coding
CFAP44,protein_coding
LNP1,protein_coding
TRIM71,protein_coding
ANKRD28,protein_coding
COLQ,protein_coding
METTL6,protein_coding
AC022007.1,lncRNA
THUMPD3-AS1,lncRNA
XKR4,protein_coding
MIR25,miRNA
MIR647,miRNA
MIR578,miRNA
MIR635,miRNA
MIR23B,miRNA
MIR661,miRNA
MIR583,miRNA
MIR199B,miRNA
MIR606,miRNA
MIR181D,miRNA
MIR544A,miRNA
MIR593,miRNA
MIR215,miRNA
MIR181A2,miRNA
MIR598,miRNA
MIR191,miRNA
MIR554,miRNA
MIR491,miRNA
MIR149,miRNA
MIR604,miRNA
MIR181C,miRNA
MIR193A,miRNA
MIR619,miRNA
MIR194-1,miRNA
MIR128-2,miRNA
MIR562,miRNA
MIR581,miRNA
MIR641,miRNA
MIR505,miRNA
MIR99A,miRNA
MIR571,miRNA
MIR655,miRNA
MIR570,miRNA
MIR28,miRNA
MIR558,miRNA
MIR128-1,miRNA
MIR602,miRNA
MIR659,miRNA
MIR573,miRNA
MIR32,miRNA
MIR597,miRNA
MIR627,miRNA
MIR623,miRNA
MIR186,miRNA
MIR222,miRNA
MIR556,miRNA
MIR657,miRNA
MIR181B2,miRNA
MIR590,miRNA
MIR487A,miRNA
MIR10B,miRNA
MIR575,miRNA
MIR299,miRNA
MIR553,miRNA
AP000553.1,lncRNA
MIR199A1,miRNA
MIR487B,miRNA
MIR93,miRNA
MIR181A1,miRNA
MIR329-1,miRNA
MIR329-2,miRNA
MIR617,miRNA
MIR648,miRNA
MIR625,miRNA
MIR26A2,miRNA
MIR646,miRNA
MIR599,miRNA
MIR95,miRNA
MIR605,miRNA
MIR563,miRNA
MIR124-2,miRNA
MIR545,miRNA
MIR640,miRNA
MIR30A,miRNA
MIR33B,miRNA
MIR27B,miRNA
MIR221,miRNA
MIR302A,miRNA
MIR603,miRNA
MIR33A,miRNA
MIR9-1,miRNA
MIR654,miRNA
MIR634,miRNA
MIR574,miRNA
MIR152,miRNA
MIR561,miRNA
MIR624,miRNA
MIR138-1,miRNA
AL359091.1,lncRNA
MIR579,miRNA
MIR656,miRNA
MIR153-2,miRNA
MIR496,miRNA
MIR30C1,miRNA
MIR569,miRNA
MIR629,miRNA
MIR125B1,miRNA
MIR589,miRNA
MIR181B1,miRNA
MIR154,miRNA
MIR613,miRNA
MIR576,miRNA
MIR493,miRNA
MIR601,miRNA
MIR134,miRNA
MIR100,miRNA
MIR325,miRNA
MIR301A,miRNA
MIR644A,miRNA
MIR643,miRNA
MIR549A,miRNA
MIR323B,miRNA
MIR503,miRNA
MIR130A,miRNA
MIRLET7F2,miRNA
MIR140,miRNA
MIR645,miRNA
MIR618,miRNA
MIR185,miRNA
MIR591,miRNA
MIR616,miRNA
MIR548A3,miRNA
MIR106B,miRNA
MIR320A,miRNA
MIR190A,miRNA
GPX3,protein_coding
DIO2,protein_coding
SELENOH,protein_coding
GNRHR2,transcribed_unitary_pseudogene
DIO1,protein_coding
AKR7L,polymorphic_pseudogene
STK38L,protein_coding
SACM1L,protein_coding
TSN,protein_coding
MIR320D1,miRNA
MIR320E,miRNA
MIR454,miRNA
MIR760,miRNA
MIR769,miRNA
MIR765,miRNA
MIR758,miRNA
SLC48A1,protein_coding
IGKC,IG_C_gene
IGKJ1,IG_J_gene
IGKV4-1,IG_V_gene
IGLV8-61,IG_V_gene
IGLV6-57,IG_V_gene
IGLV5-52,IG_V_gene
IGLV1-47,IG_V_gene
IGLV7-46,IG_V_gene
IGLV1-44,IG_V_gene
IGLV7-43,IG_V_gene
IGLV1-40,IG_V_gene
IGLV3-25,IG_V_gene
IGLV2-23,IG_V_gene
IGLV3-21,IG_V_gene
IGLV3-19,IG_V_gene
IGLV2-14,IG_V_gene
IGLV2-11,IG_V_gene
IGLV3-1,IG_V_gene
IGLC2,IG_C_gene
IGLC3,IG_C_gene
TRGJP2,TR_J_gene
TRGV3,TR_V_gene
TRBV20-1,TR_V_gene
TRBC1,TR_C_gene
TRBJ2-3,TR_J_gene
TRBC2,TR_C_gene
TRAV36DV7,TR_V_gene
TRAV41,TR_V_gene
TRDJ1,TR_J_gene
TRDJ4,TR_J_gene
TRDJ2,TR_J_gene
TRDJ3,TR_J_gene
TRDC,TR_C_gene
TRAJ38,TR_J_gene
TRAJ24,TR_J_gene
TRAJ23,TR_J_gene
TRAJ14,TR_J_gene
TRAJ12,TR_J_gene
TRAJ7,TR_J_gene
IGHA2,IG_C_gene
IGHG4,IG_C_gene
IGHG2,IG_C_gene
IGHA1,IG_C_gene
IGHG1,IG_C_gene
IGHG3,IG_C_gene
IGHM,IG_C_gene
IGHV1-2,IG_V_gene
IGHV1-3,IG_V_gene
IGHV2-5,IG_V_gene
IGHV3-7,IG_V_gene
IGHV3-11,IG_V_gene
IGHV3-15,IG_V_gene
IGHV1-18,IG_V_gene
IGHV3-21,IG_V_gene
IGHV3-23,IG_V_gene
IGHV3-33,IG_V_gene
IGHV4-34,IG_V_gene
IGHV4-39,IG_V_gene
IGHV3-48,IG_V_gene
IGHV5-51,IG_V_gene
MIR708,miRNA
MIR548U,miRNA
MIR550A3,miRNA
MIR320C2,miRNA
MIR301B,miRNA
PRR22,protein_coding
TAS2R19,protein_coding
TAS2R15P,unprocessed_pseudogene
TAS2R50,protein_coding
TAS2R14,protein_coding
TAS2R13,protein_coding
AC003035.1,lncRNA
AC064799.1,processed_pseudogene
LINC01089,lncRNA
AL583805.1,processed_pseudogene
LINC02693,lncRNA
LINC02656,lncRNA
RTL8B,protein_coding
HMGN2P8,processed_pseudogene
ST13P5,processed_pseudogene
RPL15P3,processed_pseudogene
RPS26P3,processed_pseudogene
RNF208,protein_coding
MAP10,protein_coding
HNRNPA1P40,processed_pseudogene
AC016747.1,lncRNA
RPS26P6,processed_pseudogene
BTF3P12,processed_pseudogene
PTTG3P,processed_pseudogene
RPS15AP36,processed_pseudogene
ZNF580,protein_coding
PABPN1P1,processed_pseudogene
ZNF611,protein_coding
SYT3,protein_coding
NUP62,protein_coding
COX20P1,processed_pseudogene
CFL1P4,processed_pseudogene
AL445305.1,processed_pseudogene
AC093422.1,processed_pseudogene
EEF1A1P32,unprocessed_pseudogene
DENND1B,protein_coding
TPM3P1,processed_pseudogene
RPL5P5,processed_pseudogene
EEF1B2P7,processed_pseudogene
C1orf220,lncRNA
AL365357.1,processed_pseudogene
PFN1P11,processed_pseudogene
Z99572.1,lncRNA
SFT2D2,protein_coding
CEP43,protein_coding
SCAF8,protein_coding
AL354714.2,processed_pseudogene
PPP1R14BP2,processed_pseudogene
CFAP45,protein_coding
AL356535.1,processed_pseudogene
ACKR1,protein_coding
PDCL3P5,processed_pseudogene
SCYL2P1,processed_pseudogene
ZNF254,protein_coding
NPM1P46,processed_pseudogene
TCTEX1D2,protein_coding
RPL32P31,processed_pseudogene
YWHAZP4,processed_pseudogene
PPP1R14BP5,processed_pseudogene
ARF1P2,processed_pseudogene
CRYGS,protein_coding
AC084880.1,processed_pseudogene
CNN2P9,processed_pseudogene
RPL7AP60,processed_pseudogene
KLHL23,protein_coding
AC069218.1,processed_pseudogene
SAR1AP2,processed_pseudogene
AC026316.1,processed_pseudogene
RPL13P6,processed_pseudogene
PRDX2P4,processed_pseudogene
RPL22P1,processed_pseudogene
RPL36AP48,processed_pseudogene
RPS7P8,processed_pseudogene
FAM24B,protein_coding
TRIM59,protein_coding
YBX1P4,processed_pseudogene
BTF3L4P2,processed_pseudogene
MLLT11,protein_coding
NUDCP1,processed_pseudogene
ASIC3,protein_coding
GIMAP1,protein_coding
NCLP1,processed_pseudogene
CCDC183,protein_coding
AC007066.1,processed_pseudogene
DNLZ,protein_coding
TOMM40P4,processed_pseudogene
EEF1A1P16,processed_pseudogene
YWHAZP2,processed_pseudogene
PTMAP10,processed_pseudogene
H3P4,unprocessed_pseudogene
RBMS2P1,processed_pseudogene
RPL12P42,processed_pseudogene
YWHAZP5,processed_pseudogene
EEF1B2P6,processed_pseudogene
IFITM9P,processed_pseudogene
MARCKSL1P1,processed_pseudogene
AC090114.1,processed_pseudogene
NRAS,protein_coding
AP001102.1,processed_pseudogene
PGK1P2,processed_pseudogene
AC012618.1,processed_pseudogene
HNRNPA3P6,processed_pseudogene
AC008481.1,processed_pseudogene
AC008481.2,processed_pseudogene
HNRNPCP6,processed_pseudogene
RPL9P18,processed_pseudogene
AL122020.1,processed_pseudogene
LTC4S,protein_coding
RPS7P11,processed_pseudogene
AC104117.1,processed_pseudogene
ANKRD39,protein_coding
QTRT1,protein_coding
CHUK,protein_coding
MXD3,protein_coding
GAPDHP44,processed_pseudogene
CNN2P8,processed_pseudogene
AC004884.1,processed_pseudogene
FTH1P12,processed_pseudogene
RPS3P6,processed_pseudogene
GSTM2,protein_coding
RANP6,processed_pseudogene
NAP1L1P3,processed_pseudogene
GAPDHP71,processed_pseudogene
COG8,protein_coding
EIF4E2P1,processed_pseudogene
AC105052.2,processed_pseudogene
ARHGAP19,protein_coding
RPSAP46,processed_pseudogene
HAUS7,protein_coding
LCAT,protein_coding
RPS2P17,processed_pseudogene
MAGEA12,protein_coding
ANXA2P1,processed_pseudogene
C1QBPP2,processed_pseudogene
RBM22P2,processed_pseudogene
PVRIG,protein_coding
GPC2,protein_coding
HSPD1P1,processed_pseudogene
RPL17P34,processed_pseudogene
RPLP1P6,transcribed_processed_pseudogene
VTI1BP2,processed_pseudogene
H2AZP1,processed_pseudogene
RPL18AP3,processed_pseudogene
SIPA1,protein_coding
FTH1P3,processed_pseudogene
ERV3-1,protein_coding
SYNJ2BP,protein_coding
ARL2,protein_coding
HMGB1P37,processed_pseudogene
FIRRE,lncRNA
CFL1P2,processed_pseudogene
ACTN4P1,processed_pseudogene
PPIAP16,processed_pseudogene
IMPDH1P5,processed_pseudogene
RBMXL1,protein_coding
AC132008.1,processed_pseudogene
RAC1P5,processed_pseudogene
SRA1,protein_coding
SETP8,processed_pseudogene
AL359073.1,processed_pseudogene
YBX1P6,processed_pseudogene
TXN2P1,processed_pseudogene
AC007000.1,processed_pseudogene
DNAJC9,protein_coding
RPLP0P6,processed_pseudogene
AC103591.1,processed_pseudogene
C8orf82,protein_coding
GTF3C6P2,processed_pseudogene
LDHAP5,processed_pseudogene
AL096829.1,processed_pseudogene
VDAC1,protein_coding
AC126120.1,processed_pseudogene
ZBTB9,protein_coding
PPIAP42,processed_pseudogene
TMX2,protein_coding
AL049873.1,processed_pseudogene
U73169.1,lncRNA
SLC25A14P1,processed_pseudogene
RPL7AP50,processed_pseudogene
FAM220CP,processed_pseudogene
RPL11P3,processed_pseudogene
HEXA,protein_coding
NDUFS3,protein_coding
RPSAP54,processed_pseudogene
LEPROT,protein_coding
LBH,protein_coding
ADAT3,protein_coding
PPP1CB,protein_coding
EEF1DP4,processed_pseudogene
AC092447.2,processed_pseudogene
GPSM3,protein_coding
RSU1P3,processed_pseudogene
NCKIPSD,protein_coding
SLC25A5P3,processed_pseudogene
ATF6B,protein_coding
AC002056.1,processed_pseudogene
LDHBP2,processed_pseudogene
AL360271.1,processed_pseudogene
SEC14L1P1,processed_pseudogene
S1PR3,protein_coding
RPS7P14,processed_pseudogene
SLC35F6,protein_coding
RPL17P50,processed_pseudogene
AL138847.1,processed_pseudogene
HMGB1P10,processed_pseudogene
PHBP7,processed_pseudogene
PIGCP1,processed_pseudogene
CLIC1,protein_coding
HMGN2P30,processed_pseudogene
DDAH2,protein_coding
RAB5CP1,processed_pseudogene
SERBP1P1,processed_pseudogene
RPS29,protein_coding
ZNF337-AS1,lncRNA
RPS10P14,processed_pseudogene
CENPBD1P1,transcribed_processed_pseudogene
AC093270.1,processed_pseudogene
RPS3AP20,processed_pseudogene
ATP6V1G2,protein_coding
MT1P1,processed_pseudogene
ZNF134,protein_coding
ACTBP2,processed_pseudogene
EIF1P7,processed_pseudogene
AC010904.1,processed_pseudogene
AC107956.2,processed_pseudogene
DDX47,protein_coding
AKR1B1P3,processed_pseudogene
OLA1P1,processed_pseudogene
AC104212.2,processed_pseudogene
ZNF888,protein_coding
ZNF845,protein_coding
ZNF321P,transcribed_processed_pseudogene
RPL13P2,processed_pseudogene
CFL1P5,processed_pseudogene
TMX2P1,processed_pseudogene
SUGT1P2,processed_pseudogene
AC104306.1,processed_pseudogene
AC098590.1,processed_pseudogene
EMP2,protein_coding
VDAC1P2,processed_pseudogene
AL080243.1,processed_pseudogene
KCTD11,protein_coding
RPL21P75,processed_pseudogene
AC044787.1,processed_pseudogene
EEF1B2P2,processed_pseudogene
YBX1P10,processed_pseudogene
AL049830.1,processed_pseudogene
TAF9BP1,processed_pseudogene
AC092798.1,processed_pseudogene
RPL7AP64,processed_pseudogene
NPM1P6,processed_pseudogene
RPL13AP7,transcribed_processed_pseudogene
LINC01521,lncRNA
PPM1N,protein_coding
RPL3P6,processed_pseudogene
LTB4R,protein_coding
LIPE-AS1,lncRNA
LTB4R2,protein_coding
DNASE1,protein_coding
CSNK1E,protein_coding
IRF9,protein_coding
GALT,protein_coding
RPL22P16,processed_pseudogene
SEPHS1P6,processed_pseudogene
AC091153.1,processed_pseudogene
AC005840.1,processed_pseudogene
ITGA1,protein_coding
RPS10P2,processed_pseudogene
AC112187.1,processed_pseudogene
AC019080.1,lncRNA
CHCHD4P4,processed_pseudogene
NUDT19,protein_coding
ZNF726,protein_coding
AC006122.1,transcribed_processed_pseudogene
AC010615.1,unprocessed_pseudogene
AP1G2,protein_coding
AC078899.1,processed_pseudogene
ZNF90,protein_coding
AL157395.1,lncRNA
NAXD,protein_coding
TM6SF2,protein_coding
PGAM1P7,processed_pseudogene
GANC,protein_coding
RPSAP61,processed_pseudogene
RRM2P3,processed_pseudogene
RBM39P1,processed_pseudogene
TTLL3,protein_coding
REPIN1,protein_coding
MRPL23,protein_coding
ARPC3P5,processed_pseudogene
ZNF891,protein_coding
PGAM1P4,processed_pseudogene
SMIM7,protein_coding
RPS11P7,processed_pseudogene
FBXO16,protein_coding
RPL7P17,processed_pseudogene
TSPAN4,protein_coding
AL360182.1,processed_pseudogene
CPNE1,protein_coding
ARL16,protein_coding
RPL9P21,processed_pseudogene
AL096701.1,processed_pseudogene
PLAC9P1,transcribed_unprocessed_pseudogene
PAXIP1-AS2,lncRNA
TPT1P5,processed_pseudogene
PAFAH1B2P1,processed_pseudogene
LYRM4,protein_coding
MYCBP,protein_coding
PRDX1P1,processed_pseudogene
SNRPEP9,processed_pseudogene
AC132008.2,transcribed_unprocessed_pseudogene
PRCD,protein_coding
AL390728.1,processed_pseudogene
ALG3,protein_coding
AMZ2P1,transcribed_unprocessed_pseudogene
PLEKHM1P1,transcribed_unprocessed_pseudogene
PTMAP5,transcribed_processed_pseudogene
GCC2-AS1,lncRNA
ST7-OT4,lncRNA
RNF152P1,processed_pseudogene
UBE2V1P2,processed_pseudogene
SH3D21,protein_coding
SMIM30,protein_coding
HMGN2P31,processed_pseudogene
EEF1A1P12,processed_pseudogene
RPS4XP1,processed_pseudogene
C19orf38,protein_coding
TUBBP2,processed_pseudogene
HNRNPA1P10,processed_pseudogene
C17orf67,protein_coding
AC004980.2,processed_pseudogene
FIS1,protein_coding
RPSAP53,processed_pseudogene
LGMNP1,processed_pseudogene
ANG,protein_coding
SCART1,protein_coding
RAD51AP1P1,processed_pseudogene
RPL39P5,transcribed_processed_pseudogene
COLCA2,protein_coding
APTR,lncRNA
ALDOAP2,processed_pseudogene
MBLAC1,protein_coding
CBX1P2,processed_pseudogene
AC009053.1,transcribed_unprocessed_pseudogene
VAC14-AS1,lncRNA
NEURL1B,protein_coding
RPL18P10,processed_pseudogene
RPS3AP36,processed_pseudogene
EIF4EP5,processed_pseudogene
HAUS3,protein_coding
CYB5AP2,processed_pseudogene
VSTM5,protein_coding
LINC00488,lncRNA
RPS3AP26,processed_pseudogene
TUBAP2,processed_pseudogene
KANSL1-AS1,lncRNA
LCNL1,protein_coding
BBIP1,protein_coding
LRRC37A4P,transcribed_unprocessed_pseudogene
GOLGA2P8,transcribed_unprocessed_pseudogene
FAM185BP,transcribed_unprocessed_pseudogene
PLIN5,protein_coding
TPT1P6,processed_pseudogene
RPL7P1,processed_pseudogene
SEC14L6,protein_coding
HIGD1C,protein_coding
PPME1,protein_coding
STARD10,protein_coding
RPS15AP1,processed_pseudogene
RPS4XP3,processed_pseudogene
MEG3,lncRNA
SDHCP2,processed_pseudogene
COPS8P2,processed_pseudogene
NUTM2D,protein_coding
GAPDHP15,processed_pseudogene
CPEB1,protein_coding
HMGN2P15,processed_pseudogene
AL354710.1,processed_pseudogene
EML6,protein_coding
RPS19P1,processed_pseudogene
RPSAP6,processed_pseudogene
COMMD4P1,transcribed_unprocessed_pseudogene
AC073592.1,lncRNA
ZNF727,protein_coding
B3GNT10,protein_coding
ZSWIM8,protein_coding
KRT8P26,processed_pseudogene
C10orf105,protein_coding
ARHGEF33,protein_coding
IFRD2,protein_coding
ZBED1,protein_coding
CDIPTOSP,transcribed_unitary_pseudogene
AL355309.1,processed_pseudogene
HNRNPUL2,protein_coding
CSKMT,protein_coding
RPL21P1,processed_pseudogene
HNRNPA1P15,processed_pseudogene
SEPTIN7P2,transcribed_unprocessed_pseudogene
AC010168.1,lncRNA
AC112512.1,lncRNA
POLR2J4,lncRNA
RPS3AP21,processed_pseudogene
MS4A4E,protein_coding
TUBA5P,transcribed_unprocessed_pseudogene
CYCSP55,processed_pseudogene
MPRIPP1,processed_pseudogene
DDX12P,unprocessed_pseudogene
MTCP1,protein_coding
AC114744.1,processed_pseudogene
APOC1P1,transcribed_unprocessed_pseudogene
SEM1P1,processed_pseudogene
SRSF9P1,processed_pseudogene
AC004540.1,lncRNA
SMTNL1,protein_coding
TMEM14DP,processed_pseudogene
RPS15AP3,processed_pseudogene
RPL23AP3,processed_pseudogene
AC011825.1,processed_pseudogene
HLA-F-AS1,lncRNA
ZSWIM7,protein_coding
ARHGEF28,protein_coding
LRRC69,protein_coding
CRPPA,protein_coding
CHCHD3P3,processed_pseudogene
PPIAP29,processed_pseudogene
VDAC2P1,processed_pseudogene
RPL7AP26,processed_pseudogene
CCNB2P1,processed_pseudogene
RPL15P20,processed_pseudogene
CHCHD2P2,processed_pseudogene
RTL10,protein_coding
AL645728.1,lncRNA
RPL24P7,processed_pseudogene
COL28A1,protein_coding
PHB2,protein_coding
AL008729.1,lncRNA
RPL13P12,processed_pseudogene
CD27-AS1,lncRNA
NEURL4,protein_coding
GRID2IP,protein_coding
PRDX2P1,processed_pseudogene
ALOX12-AS1,lncRNA
AC025171.2,lncRNA
NPM1P24,processed_pseudogene
RPS5P3,processed_pseudogene
EEF1A1P29,processed_pseudogene
TTC3P1,processed_pseudogene
UBXN2B,protein_coding
CBWD6,protein_coding
BX322639.1,transcribed_unprocessed_pseudogene
AC141586.1,transcribed_unprocessed_pseudogene
AC138409.1,processed_pseudogene
AC138409.2,transcribed_unprocessed_pseudogene
RPS12P16,processed_pseudogene
FAM166B,protein_coding
LINC00680,transcribed_unprocessed_pseudogene
PEX26,protein_coding
YWHAZP6,processed_pseudogene
RBMXP2,processed_pseudogene
C5orf49,protein_coding
UBE2QL1,protein_coding
CYP51A1P3,processed_pseudogene
NUTF2P5,processed_pseudogene
AL592293.1,unprocessed_pseudogene
LINC02449,lncRNA
LINC02649,lncRNA
FASTKD5,protein_coding
GOLGA8B,protein_coding
DHRS4-AS1,lncRNA
TOMM40P2,processed_pseudogene
HOMEZ,protein_coding
HMGB3P24,processed_pseudogene
CHMP5P1,processed_pseudogene
AL354941.1,processed_pseudogene
DDX3X,protein_coding
AC127502.1,transcribed_unprocessed_pseudogene
VPS16,protein_coding
GPX1P2,processed_pseudogene
MRPL3P1,processed_pseudogene
FAM66B,lncRNA
MYL5,protein_coding
AC090625.1,processed_pseudogene
AL109936.1,processed_pseudogene
MIR99AHG,lncRNA
ACTG1P3,processed_pseudogene
SCRT2,protein_coding
PSMA6P1,processed_pseudogene
MIR17HG,lncRNA
ZNF407,protein_coding
MCM3AP-AS1,lncRNA
NPEPL1,protein_coding
AL138807.1,processed_pseudogene
AL022342.1,processed_pseudogene
AATBC,lncRNA
AP000354.1,processed_pseudogene
RPL27AP,processed_pseudogene
CALM2P3,processed_pseudogene
HNRNPA1P7,processed_pseudogene
AC007731.1,processed_pseudogene
FRG1JP,unprocessed_pseudogene
GRK6P1,processed_pseudogene
C20orf202,protein_coding
HMX1,protein_coding
GUSBP9,unprocessed_pseudogene
CELA2B,protein_coding
TMEM242,protein_coding
TMEM167B,protein_coding
MFFP1,processed_pseudogene
ARHGAP27P1-BPTFP1-KPNA2P3,lncRNA
FAM72D,protein_coding
TNFRSF25,protein_coding
SLC35E2A,transcribed_unprocessed_pseudogene
AL390728.2,processed_pseudogene
AL596087.1,processed_pseudogene
AL592295.1,processed_pseudogene
TSTD1,protein_coding
PDZK1P1,transcribed_unprocessed_pseudogene
AC245297.1,transcribed_unprocessed_pseudogene
KRT18P57,processed_pseudogene
CYB5RL,protein_coding
RPL23AP17,processed_pseudogene
HSPA5P1,processed_pseudogene
AC209007.1,processed_pseudogene
SELENOWP1,processed_pseudogene
CROCCP2,transcribed_unprocessed_pseudogene
TTC34,protein_coding
MMP23A,unprocessed_pseudogene
ATAD3C,protein_coding
MIR942,miRNA
MIR921,miRNA
MIR300,miRNA
MIR933,miRNA
MIR874,miRNA
MIR298,miRNA
MIR938,miRNA
MIR887,miRNA
MIR889,miRNA
MIR541,miRNA
MIR8485,miRNA
MIR920,miRNA
MIR941-4,miRNA
AC078819.1,processed_pseudogene
AL022722.1,processed_pseudogene
AL136968.1,processed_pseudogene
AL078604.1,processed_pseudogene
IFI30,protein_coding
GAPDHP72,transcribed_processed_pseudogene
RPL7P25,processed_pseudogene
AL133406.1,processed_pseudogene
GLRX3P2,processed_pseudogene
RPL8P1,processed_pseudogene
AL109918.1,transcribed_unprocessed_pseudogene
AL590617.1,processed_pseudogene
AL589993.1,processed_pseudogene
AL358178.1,processed_pseudogene
TUBB2BP1,unprocessed_pseudogene
RPL17P26,processed_pseudogene
RPS2P55,processed_pseudogene
RPL22P12,processed_pseudogene
AC009403.1,lncRNA
ZNF603P,unprocessed_pseudogene
FAM240C,protein_coding
CCDC7,protein_coding
RPL21P65,processed_pseudogene
RPL10P1,processed_pseudogene
TPT1P4,processed_pseudogene
AL512430.2,processed_pseudogene
PPIAP31,processed_pseudogene
FNIP1,protein_coding
AL139100.1,processed_pseudogene
LARP1P1,processed_pseudogene
ANKRD18EP,processed_pseudogene
AL513475.1,processed_pseudogene
SP9,protein_coding
AL136968.2,processed_pseudogene
CBX3P9,processed_pseudogene
AL031777.1,processed_pseudogene
PRELID1P1,transcribed_processed_pseudogene
SSXP10,processed_pseudogene
ISCA1P1,processed_pseudogene
SYCE3,protein_coding
AL356057.1,transcribed_processed_pseudogene
AL356776.1,processed_pseudogene
RPS16P5,transcribed_processed_pseudogene
CKLF,protein_coding
YWHAZP10,processed_pseudogene
PTGES3P2,processed_pseudogene
AL355864.1,processed_pseudogene
AL136116.3,processed_pseudogene
PIMREGP3,processed_pseudogene
AC073263.1,lncRNA
RPS10P3,processed_pseudogene
NDUFAB1P1,processed_pseudogene
AL157777.1,processed_pseudogene
LDHAL6FP,processed_pseudogene
AL390719.1,transcribed_unprocessed_pseudogene
RBMXP5,processed_pseudogene
H4C10P,processed_pseudogene
ZNF839P1,processed_pseudogene
HSPE1P8,processed_pseudogene
PAM16,protein_coding
RBM38-AS1,lncRNA
AL512329.1,processed_pseudogene
RSL24D1P1,processed_pseudogene
AC016739.1,processed_pseudogene
RPS27AP11,processed_pseudogene
TATDN2P2,processed_pseudogene
RPS4XP7,processed_pseudogene
H2AC9P,unprocessed_pseudogene
MORF4L1P1,processed_pseudogene
AL139274.1,processed_pseudogene
TENM3,protein_coding
LYPLA1P3,processed_pseudogene
AC110619.1,lncRNA
AL591135.1,processed_pseudogene
AL590867.2,processed_pseudogene
NIP7P3,processed_pseudogene
RPS27P15,processed_pseudogene
AL590004.2,processed_pseudogene
ACTG1P18,processed_pseudogene
H2AZP3,processed_pseudogene
LINC00339,lncRNA
AL589655.1,processed_pseudogene
MIF-AS1,lncRNA
GAPDHP63,processed_pseudogene
AL162578.1,processed_pseudogene
AL117344.1,processed_pseudogene
AC008060.1,lncRNA
BRD7P4,processed_pseudogene
AC064847.1,processed_pseudogene
AL117342.1,processed_pseudogene
CEBPZOS,protein_coding
DBIP1,processed_pseudogene
AL033519.2,processed_pseudogene
AL121952.1,processed_pseudogene
AL391903.1,unprocessed_pseudogene
ZNF579,protein_coding
FTH1P15,processed_pseudogene
ARL4AP5,processed_pseudogene
AL033519.3,processed_pseudogene
NPM1P37,processed_pseudogene
AL592114.1,processed_pseudogene
PPIAP87,processed_pseudogene
AL603914.1,processed_pseudogene
RNASEK,protein_coding
AC138392.1,processed_pseudogene
RPL12P47,processed_pseudogene
RPS20P2,processed_pseudogene
RPL31P52,processed_pseudogene
RPSAP72,processed_pseudogene
AL138880.1,processed_pseudogene
AC019129.1,processed_pseudogene
ZNF602P,unprocessed_pseudogene
HSPA8P15,processed_pseudogene
BTBD10P2,processed_pseudogene
TAFA5,protein_coding
RPL23P8,processed_pseudogene
AL355802.1,processed_pseudogene
NBPF1,protein_coding
AL603766.1,processed_pseudogene
FTH1P8,processed_pseudogene
UMAD1,protein_coding
RPL17P25,processed_pseudogene
PPP1R3G,protein_coding
HIGD1AP16,processed_pseudogene
FAM228B,protein_coding
BMPR1AP1,processed_pseudogene
ZNF433-AS1,lncRNA
FGF7P8,unprocessed_pseudogene
AL357054.1,processed_pseudogene
AL133260.1,processed_pseudogene
RPSAP45,processed_pseudogene
OSTCP6,processed_pseudogene
PPIAP9,processed_pseudogene
GAPDHP42,processed_pseudogene
ZSCAN12P1,transcribed_unprocessed_pseudogene
RPL35P3,processed_pseudogene
AL161787.1,processed_pseudogene
RPL12P8,processed_pseudogene
AL391416.1,processed_pseudogene
BTF3P7,processed_pseudogene
AL391422.1,processed_pseudogene
LINGO3,protein_coding
AL353151.1,processed_pseudogene
AL079342.1,processed_pseudogene
HNRNPA1P12,processed_pseudogene
ZGLP1,protein_coding
VAMP2,protein_coding
RPS24P12,processed_pseudogene
ACTBP8,processed_pseudogene
HNRNPH1P1,processed_pseudogene
H2BC19P,transcribed_unprocessed_pseudogene
FCF1P5,processed_pseudogene
AL139095.2,processed_pseudogene
AL136310.1,processed_pseudogene
AL583834.1,processed_pseudogene
AL139094.1,processed_pseudogene
AL096711.1,processed_pseudogene
Z86062.1,processed_pseudogene
AL513475.2,processed_pseudogene
RPL5P18,processed_pseudogene
RPL21P28,processed_pseudogene
BOLA2P3,processed_pseudogene
MTMR9LP,transcribed_unprocessed_pseudogene
RPL21P119,processed_pseudogene
LINC01881,transcribed_unprocessed_pseudogene
RPL21P16,processed_pseudogene
RPS18P9,transcribed_processed_pseudogene
HSPE1P26,processed_pseudogene
H3C9P,processed_pseudogene
MESTP1,processed_pseudogene
AL023807.1,unprocessed_pseudogene
HNRNPA1P41,processed_pseudogene
MIR1250,miRNA
MIR1193,miRNA
MIR1296,miRNA
AL513534.1,miRNA
MIR1262,miRNA
MIR548E,miRNA
MIR548L,miRNA
MIR1208,miRNA
MIR1255A,miRNA
MIR1302-8,miRNA
MIR1200,miRNA
MIR548Q,miRNA
MIR548K,miRNA
MIR1288,miRNA
MIR320B2,miRNA
MIR1301,miRNA
MIR1271,miRNA
MIR1827,miRNA
MIR1251,miRNA
MIR320C1,miRNA
MIR548O,miRNA
MIR1285-1,miRNA
MIR1185-1,miRNA
MIR548H1,miRNA
MIR1180,miRNA
MIR1255B2,miRNA
MIR1303,miRNA
MIR1249,miRNA
MIR1185-2,miRNA
MIR1276,miRNA
MIR1267,miRNA
MIR1290,miRNA
MIR548N,miRNA
MIR1278,miRNA
MIR1197,miRNA
MIR548J,miRNA
MIR1205,miRNA
MIR1183,miRNA
MIR1256,miRNA
PPP3CB-AS1,lncRNA
EBF2,protein_coding
GAS8-AS1,lncRNA
C6orf226,protein_coding
PPP3R1,protein_coding
FANCG,protein_coding
AP4M1,protein_coding
C2orf16,protein_coding
PLXNA4,protein_coding
CEBPD,protein_coding
MRPS21P3,processed_pseudogene
ARIH2OS,lncRNA
ZBED8,protein_coding
HMSD,protein_coding
NPTXR,protein_coding
FAM200A,protein_coding
PPP2R2A,protein_coding
C19orf73,protein_coding
ZNF880,protein_coding
TRIM16,protein_coding
TIGD1,protein_coding
FXYD7,protein_coding
LINC01465,lncRNA
C1orf229,lncRNA
SLC12A8,protein_coding
TMEM14EP,transcribed_processed_pseudogene
APOL6,protein_coding
FADS3,protein_coding
CCNL2,protein_coding
UBA52,protein_coding
MYBPHL,protein_coding
PPT2,protein_coding
EXOC3-AS1,lncRNA
ZNF630,protein_coding
TIAF1,protein_coding
AC092675.1,lncRNA
AC064874.1,lncRNA
BTBD19,protein_coding
FAM185A,protein_coding
AC005481.1,lncRNA
URAHP,transcribed_unprocessed_pseudogene
HDAC4-AS1,lncRNA
AC004945.1,processed_pseudogene
CYTOR,lncRNA
AC079305.1,lncRNA
AL031587.1,lncRNA
DCDC2B,protein_coding
MIR1537,miRNA
MIR1913,miRNA
AC137630.1,lncRNA
H2BP1,transcribed_unprocessed_pseudogene
AL590666.1,lncRNA
FTH1P10,transcribed_processed_pseudogene
AC005104.1,lncRNA
LINC01778,lncRNA
RDXP2,processed_pseudogene
AL118511.1,lncRNA
RPS10P7,transcribed_processed_pseudogene
MEG9,lncRNA
RPL17P17,processed_pseudogene
RPS26P15,processed_pseudogene
RBM7P1,processed_pseudogene
AC011243.1,lncRNA
AC011625.1,lncRNA
TH2LCRR,lncRNA
USP17L2,protein_coding
AL590632.1,processed_pseudogene
LMO7DN-IT1,lncRNA
TCAF1P1,unprocessed_pseudogene
GAPDHP69,processed_pseudogene
AC004471.1,lncRNA
AL353801.1,lncRNA
AC099681.1,lncRNA
VN1R42P,processed_pseudogene
AL441992.1,lncRNA
NUTM2A-AS1,lncRNA
EXOSC6,protein_coding
RNF14P4,processed_pseudogene
VPS52,protein_coding
AL353807.1,processed_pseudogene
RPL35AP5,processed_pseudogene
RPL23AP53,transcribed_processed_pseudogene
AC135983.2,transcribed_processed_pseudogene
ATP6V0E1P2,processed_pseudogene
KIF28P,transcribed_unitary_pseudogene
AC093690.1,lncRNA
RABGAP1L-IT1,lncRNA
EEF1A1P8,processed_pseudogene
HLA-DQB1-AS1,lncRNA
RPS15AP5,processed_pseudogene
LINC00630,lncRNA
ZNF844,protein_coding
ACSL6-AS1,lncRNA
TMSB4XP4,processed_pseudogene
CCR5AS,lncRNA
AC005165.1,lncRNA
DHRSX-IT1,lncRNA
CKMT1A,protein_coding
TINCR,protein_coding
AL355001.1,lncRNA
AL513365.1,processed_pseudogene
TVP23CP1,processed_pseudogene
AL513523.1,processed_pseudogene
AC241585.1,processed_pseudogene
AL033528.1,processed_pseudogene
AC023449.1,processed_pseudogene
AC008277.1,lncRNA
UHRF2P1,processed_pseudogene
AL078459.1,lncRNA
C1GALT1C1L,protein_coding
AC000058.1,lncRNA
EEF1A1P24,processed_pseudogene
AC093117.1,lncRNA
LINC00571,lncRNA
DIP2A-IT1,lncRNA
ADH5P3,processed_pseudogene
FO393418.1,lncRNA
AF230666.1,lncRNA
AC027612.1,unprocessed_pseudogene
NSUN5P1,transcribed_unprocessed_pseudogene
LINC02601,lncRNA
AC093107.1,processed_pseudogene
AL109659.1,lncRNA
IFITM3P2,processed_pseudogene
Z83838.1,transcribed_processed_pseudogene
LAPTM4A-DT,lncRNA
RPS15AP15,processed_pseudogene
CCDC18-AS1,lncRNA
MIR503HG,lncRNA
AC008073.1,lncRNA
TSSC2,transcribed_unprocessed_pseudogene
LINC02593,lncRNA
LINC00205,lncRNA
CD99P1,transcribed_unprocessed_pseudogene
AL513217.1,lncRNA
AL354890.1,processed_pseudogene
UBE2E1-AS1,lncRNA
ENTPD3-AS1,lncRNA
IL10RB-DT,lncRNA
CERS1,protein_coding
RPS20P14,processed_pseudogene
AC244669.1,transcribed_unprocessed_pseudogene
AC007255.1,lncRNA
CFL1P1,transcribed_unprocessed_pseudogene
EEF1A1P1,processed_pseudogene
DAZAP2P1,processed_pseudogene
BANF1P4,processed_pseudogene
AC005006.1,lncRNA
AL161935.1,lncRNA
AL360093.1,lncRNA
AL354893.1,processed_pseudogene
HRAT92,lncRNA
AL365436.1,processed_pseudogene
NPM1P19,processed_pseudogene
HLA-DPB1,protein_coding
PPIAP53,processed_pseudogene
ABCC5-AS1,lncRNA
AC068481.1,lncRNA
AC073073.1,processed_pseudogene
AC008171.1,processed_pseudogene
OSER1-DT,lncRNA
CCNJP2,processed_pseudogene
SEC13P1,processed_pseudogene
AP001469.1,lncRNA
AC068657.1,processed_pseudogene
AC009480.1,lncRNA
AC097638.1,processed_pseudogene
ASS1P2,processed_pseudogene
TNS1-AS1,lncRNA
AC244033.1,processed_pseudogene
AL513008.1,lncRNA
H2ACP2,processed_pseudogene
LINC01767,lncRNA
AFG3L1P,transcribed_unitary_pseudogene
CHROMR,lncRNA
AC002456.1,lncRNA
BNIP3P42,processed_pseudogene
HNRNPRP1,processed_pseudogene
YES1P1,processed_pseudogene
ATP5F1CP1,processed_pseudogene
USP12P2,processed_pseudogene
AC110602.1,processed_pseudogene
AL390728.3,processed_pseudogene
AC092681.1,unprocessed_pseudogene
RPL21P32,processed_pseudogene
MIR181A2HG,lncRNA
TCEAL3-AS1,lncRNA
EPB41L4A-AS1,lncRNA
HMGN1P4,processed_pseudogene
CCNT2-AS1,lncRNA
AC005076.1,lncRNA
CPTP,protein_coding
GAPDHP55,processed_pseudogene
EGFR-AS1,lncRNA
AC007319.1,lncRNA
AL354877.1,processed_pseudogene
VEZTP1,processed_pseudogene
SNHG14,lncRNA
AC091729.1,lncRNA
UBE2FP1,processed_pseudogene
SLC44A3-AS1,transcribed_processed_pseudogene
BCAR3-AS1,lncRNA
RPS24P8,processed_pseudogene
AC021148.1,transcribed_processed_pseudogene
AP001630.1,lncRNA
ELMO1-AS1,lncRNA
CYP4F25P,unprocessed_pseudogene
AL591846.1,processed_pseudogene
PTPN2P2,processed_pseudogene
ATG12P2,processed_pseudogene
UBE2SP2,processed_pseudogene
AC000123.1,lncRNA
AC009506.1,lncRNA
HCG14,lncRNA
AC025594.1,unprocessed_pseudogene
LINC02828,lncRNA
DNAJC27-AS1,lncRNA
SDHDP6,processed_pseudogene
SNX18P9,processed_pseudogene
HAGLR,lncRNA
SEZ6L-AS1,lncRNA
AC022400.1,lncRNA
PHEX-AS1,lncRNA
AC253536.1,transcribed_unprocessed_pseudogene
ZCRB1P1,processed_pseudogene
DTNB-AS1,lncRNA
KCTD5P1,processed_pseudogene
MICOS10P3,processed_pseudogene
WARS2-IT1,lncRNA
SOX1-OT,lncRNA
RPSAP18,processed_pseudogene
AP000697.1,lncRNA
AC131097.2,lncRNA
SLC25A5-AS1,lncRNA
AC010469.1,processed_pseudogene
AF196972.1,lncRNA
OLFM5P,unitary_pseudogene
AL161785.1,lncRNA
LINC01567,lncRNA
MCCD1P2,unprocessed_pseudogene
RPL7P7,processed_pseudogene
GTF2IP5,unprocessed_pseudogene
CHL1-AS2,lncRNA
RPL12P14,processed_pseudogene
DPRXP1,processed_pseudogene
THAP5P1,processed_pseudogene
AC019181.1,processed_pseudogene
AL590639.1,processed_pseudogene
AL592076.1,processed_pseudogene
TMCO1-AS1,lncRNA
AC011239.1,lncRNA
OACYLP,transcribed_unitary_pseudogene
IGHV4-59,IG_V_gene
AC017104.1,lncRNA
PRR29,protein_coding
AL139246.1,lncRNA
C4B,protein_coding
GPC6-AS2,lncRNA
PELATON,lncRNA
RPL7P57,processed_pseudogene
HSP90AA2P,processed_pseudogene
AC022022.1,processed_pseudogene
AC010886.1,processed_pseudogene
AC007683.1,processed_pseudogene
STK24-AS1,lncRNA
ADM5,protein_coding
ATP5MFP1,processed_pseudogene
PRKAR2A-AS1,lncRNA
AP000281.1,processed_pseudogene
LINC00539,lncRNA
MKRN5P,processed_pseudogene
RPL23AP14,processed_pseudogene
AC005020.1,processed_pseudogene
ATP5PBP1,processed_pseudogene
RSL24D1P6,processed_pseudogene
RPL39P14,processed_pseudogene
PGAM1P6,processed_pseudogene
LAMC1-AS1,lncRNA
ATXN1L,protein_coding
TTC21B-AS1,lncRNA
AL731575.1,lncRNA
AC138150.1,lncRNA
LINC00620,lncRNA
AL591686.1,lncRNA
SMIM13,protein_coding
AC096677.1,lncRNA
AP001439.1,lncRNA
SNRPGP15,processed_pseudogene
AC008264.1,processed_pseudogene
EIF4BP3,processed_pseudogene
NDUFA4P1,processed_pseudogene
RPS26P20,processed_pseudogene
HLA-DPB2,transcribed_unprocessed_pseudogene
LPP-AS1,lncRNA
FAM96AP2,processed_pseudogene
AC083863.1,processed_pseudogene
COL18A1-AS2,lncRNA
LINC01117,lncRNA
HNRNPA1P48,protein_coding
AC245052.2,unprocessed_pseudogene
MIR3659HG,lncRNA
AC092427.1,transcribed_processed_pseudogene
RPL29P19,processed_pseudogene
ZMIZ1-AS1,lncRNA
SVIL-AS1,transcribed_unprocessed_pseudogene
RPS5P2,processed_pseudogene
RPS26P5,processed_pseudogene
RTCA-AS1,lncRNA
AC096921.1,processed_pseudogene
AL121723.1,processed_pseudogene
AC004975.1,processed_pseudogene
RPS27AP16,transcribed_processed_pseudogene
AL391095.1,lncRNA
IGHV3-74,IG_V_gene
SH3BP5-AS1,lncRNA
ETV7-AS1,lncRNA
AC105940.1,lncRNA
AC009227.1,lncRNA
PDIA3P2,unprocessed_pseudogene
PLA2G12AP1,processed_pseudogene
RPL36AP29,processed_pseudogene
RASAL2-AS1,lncRNA
ZNF812P,transcribed_unprocessed_pseudogene
UBE2D3P3,processed_pseudogene
LAMTOR5-AS1,lncRNA
AP000844.1,lncRNA
RPS17P13,processed_pseudogene
E2F3-IT1,lncRNA
AC025165.1,lncRNA
FCF1P7,processed_pseudogene
IMPDH1P8,processed_pseudogene
AC016716.1,lncRNA
AL034349.1,lncRNA
AC099850.1,lncRNA
AC016735.1,lncRNA
AC063965.2,lncRNA
AC015987.1,lncRNA
SHMT1P1,processed_pseudogene
MUC20P1,unprocessed_pseudogene
HSPA8P7,processed_pseudogene
BRAFP1,unprocessed_pseudogene
EIF4A2P4,processed_pseudogene
CETN4P,transcribed_unitary_pseudogene
AP000704.1,lncRNA
NTM-AS1,lncRNA
RPL32P1,processed_pseudogene
AL359092.1,processed_pseudogene
RPS27AP6,processed_pseudogene
TUBB4BP2,processed_pseudogene
LINC00853,lncRNA
SRGAP3-AS1,lncRNA
AL355482.1,lncRNA
BTF3P4,processed_pseudogene
COL4A2-AS2,lncRNA
THRB-IT1,lncRNA
RORB-AS1,lncRNA
TMEM183B,processed_pseudogene
BTF3P9,processed_pseudogene
GCSHP5,processed_pseudogene
RPL12P17,processed_pseudogene
LINC00240,lncRNA
AL589843.1,lncRNA
OPA1-AS1,lncRNA
RPL35AP36,processed_pseudogene
RPL29P11,processed_pseudogene
YBX1P1,processed_pseudogene
MRPL20-AS1,lncRNA
EML4-AS1,lncRNA
NDUFAF8,protein_coding
Z99716.1,lncRNA
EIPR1-IT1,lncRNA
AC138028.2,lncRNA
RPS4XP16,transcribed_processed_pseudogene
VPS26BP1,processed_pseudogene
AP001347.1,lncRNA
SRP14P1,processed_pseudogene
TIMM8BP2,processed_pseudogene
LINC00863,lncRNA
LINC00320,lncRNA
KRT8P30,processed_pseudogene
AL391684.1,lncRNA
PRRT4,protein_coding
AL353150.1,lncRNA
AC007312.1,processed_pseudogene
RPL37P24,processed_pseudogene
AL390066.1,lncRNA
SRIP3,processed_pseudogene
AC009303.1,processed_pseudogene
AL645608.1,lncRNA
SUMO2P3,processed_pseudogene
AL513412.1,lncRNA
LARGE-AS1,lncRNA
INE1,lncRNA
TMEM233,protein_coding
AL590714.1,lncRNA
PPP1R8P1,processed_pseudogene
AL158207.1,processed_pseudogene
AL445645.1,lncRNA
RPL29P12,processed_pseudogene
AC000067.1,lncRNA
KCTD9P1,transcribed_processed_pseudogene
AP004289.1,processed_pseudogene
UBE2D3P1,processed_pseudogene
AC091492.1,processed_pseudogene
EIF4BP7,processed_pseudogene
AL162586.1,lncRNA
EIF1AX-AS1,lncRNA
LINC01058,lncRNA
RPL18AP2,processed_pseudogene
HMGB3P22,transcribed_processed_pseudogene
AL121894.1,lncRNA
RPL23AP2,processed_pseudogene
RPS26P58,processed_pseudogene
AL603832.1,lncRNA
WWC3-AS1,lncRNA
PFN1P4,processed_pseudogene
DAP3P1,unprocessed_pseudogene
AL450226.1,lncRNA
AL355336.1,lncRNA
RPL3P7,processed_pseudogene
SETP20,processed_pseudogene
ATP6V1E1P1,processed_pseudogene
OR52K3P,transcribed_unprocessed_pseudogene
AC092484.1,lncRNA
AC083900.1,lncRNA
AL157392.1,lncRNA
AL392103.1,processed_pseudogene
RPL23AP36,processed_pseudogene
RANP4,processed_pseudogene
CAMTA1-AS1,lncRNA
LINC00237,lncRNA
PSME2P2,processed_pseudogene
DYNC1I2P1,processed_pseudogene
SLC9A3-AS1,lncRNA
AL358216.1,lncRNA
AC018643.1,lncRNA
AC073957.1,lncRNA
GOLGA2P7,transcribed_unprocessed_pseudogene
NPM1P39,processed_pseudogene
LINC00618,lncRNA
BRI3P1,processed_pseudogene
DUTP6,processed_pseudogene
AL662890.1,lncRNA
OSTM1-AS1,lncRNA
AL590617.2,lncRNA
RPSAP58,processed_pseudogene
AL353898.1,processed_pseudogene
AC073283.1,lncRNA
PLEKHM1,protein_coding
ZNF33BP1,processed_pseudogene
RPS12P26,transcribed_processed_pseudogene
LINC00092,lncRNA
AC078962.1,lncRNA
AC246787.1,processed_pseudogene
AC078883.1,lncRNA
AC073367.1,lncRNA
SMARCE1P1,processed_pseudogene
AC007362.1,lncRNA
HSPA7,unprocessed_pseudogene
AP001628.1,lncRNA
CHCHD4P5,processed_pseudogene
RPS27AP12,processed_pseudogene
TRAPPC12-AS1,lncRNA
AC117490.1,unprocessed_pseudogene
RPS2P1,processed_pseudogene
ST13P6,processed_pseudogene
PCDH9-AS3,lncRNA
ZNRF2P2,transcribed_processed_pseudogene
TAF1A-AS1,lncRNA
RPL8P2,processed_pseudogene
AL451074.2,processed_pseudogene
AL121987.1,lncRNA
AP000350.2,processed_pseudogene
LINC01770,lncRNA
AC005105.1,processed_pseudogene
AL158212.1,lncRNA
AC126124.1,processed_pseudogene
AL139240.1,lncRNA
AL117341.1,lncRNA
AL024474.2,lncRNA
AL513327.1,lncRNA
AF064860.1,lncRNA
LINC01678,lncRNA
LINC02813,lncRNA
AC016027.1,lncRNA
RPL23AP18,processed_pseudogene
LRRK2-DT,lncRNA
ANKRD49P2,processed_pseudogene
ARL6IP1P2,processed_pseudogene
ATP6V0E1P1,processed_pseudogene
AC078942.1,lncRNA
AC243962.1,unprocessed_pseudogene
NRSN2-AS1,lncRNA
SFTA1P,lncRNA
PGM5P4,unprocessed_pseudogene
RAB28P5,processed_pseudogene
TGIF2P1,processed_pseudogene
RPS15AP17,processed_pseudogene
AL136980.1,lncRNA
AC104843.1,processed_pseudogene
AL049648.1,lncRNA
RPL21P3,processed_pseudogene
RBMS1P1,processed_pseudogene
TNPO1P1,processed_pseudogene
LINC01504,lncRNA
BOLA3-AS1,lncRNA
MPRIP-AS1,lncRNA
RPS15AP10,processed_pseudogene
AL021707.1,lncRNA
RFPL1S,lncRNA
JPX,lncRNA
AL136366.1,lncRNA
ATP13A4-AS1,lncRNA
AC099789.1,processed_pseudogene
PLCB1-IT1,lncRNA
NUTM2B-AS1,lncRNA
AL663058.1,processed_pseudogene
GBP1P1,transcribed_unprocessed_pseudogene
RTRAFP1,processed_pseudogene
KCNMA1-AS2,lncRNA
AC104332.1,processed_pseudogene
AC069282.1,processed_pseudogene
LINC00475,transcribed_unprocessed_pseudogene
AL158824.1,processed_pseudogene
LINC01703,lncRNA
MKRN2OS,protein_coding
AL450384.1,lncRNA
AC245452.1,processed_pseudogene
AL162399.1,lncRNA
AL157827.1,unprocessed_pseudogene
UBE2D3P2,processed_pseudogene
AC083867.2,lncRNA
AC093155.1,processed_pseudogene
DOCK4-AS1,lncRNA
RPL35P5,processed_pseudogene
NCBP2-AS1,lncRNA
PA2G4P5,processed_pseudogene
BX248409.1,processed_pseudogene
MTOR-AS1,lncRNA
ZNF469,protein_coding
AL138785.1,processed_pseudogene
MTND2P28,unprocessed_pseudogene
AL606491.1,lncRNA
SBDSP1,transcribed_unprocessed_pseudogene
AC064875.1,lncRNA
EIF2S2P5,processed_pseudogene
KCNMA1-AS3,lncRNA
BX255923.1,lncRNA
Z99497.1,processed_pseudogene
MCRIP1,protein_coding
CADM3-AS1,lncRNA
FCF1P6,processed_pseudogene
AC104164.1,processed_pseudogene
IPO7P2,processed_pseudogene
AC005730.1,transcribed_processed_pseudogene
PACRG-AS3,lncRNA
AL008633.1,lncRNA
LAGE3P1,processed_pseudogene
HNRNPA1P35,processed_pseudogene
SLC26A6,protein_coding
EIF4A1P13,processed_pseudogene
AC114737.1,lncRNA
PTPRD-AS1,lncRNA
AL512326.3,processed_pseudogene
ATP5MC2P1,processed_pseudogene
PSMA1P1,processed_pseudogene
AL592166.1,lncRNA
AC007000.2,processed_pseudogene
AL139184.1,transcribed_processed_pseudogene
PDE9A-AS1,lncRNA
FGD5-AS1,lncRNA
MEG8,lncRNA
AL357500.1,lncRNA
AC087501.1,lncRNA
DBH-AS1,lncRNA
AL596247.1,lncRNA
LINC01389,lncRNA
P3H2-AS1,lncRNA
LINC01831,lncRNA
FAF1-AS1,lncRNA
RPS29P3,processed_pseudogene
SIRPAP1,processed_pseudogene
AL122001.1,processed_pseudogene
MIAT,lncRNA
LSM3P3,processed_pseudogene
TRAM2-AS1,lncRNA
AC004540.2,lncRNA
TMEM30A-DT,lncRNA
AC025918.1,lncRNA
DEFB131B,protein_coding
AL121917.1,lncRNA
AC069281.1,lncRNA
DNAJC19P5,processed_pseudogene
AL354771.1,lncRNA
UBXN7-AS1,lncRNA
FAM229A,protein_coding
ERCC6,protein_coding
TRMT2B-AS1,lncRNA
AC010970.1,processed_pseudogene
MKRN7P,transcribed_processed_pseudogene
HLA-S,unprocessed_pseudogene
RUSC1-AS1,lncRNA
LINC02816,lncRNA
AL022315.1,lncRNA
AC245100.2,processed_pseudogene
LINC01529,transcribed_unitary_pseudogene
LINC00115,lncRNA
AL445490.1,lncRNA
AC012368.1,lncRNA
DHDDS-AS1,lncRNA
HSPE1P13,processed_pseudogene
AL391244.1,lncRNA
RPS27P16,processed_pseudogene
RPL26P36,processed_pseudogene
TSBP1-AS1,lncRNA
AC007879.2,lncRNA
RIMKLBP2,processed_pseudogene
NOL7,protein_coding
CACYBPP1,processed_pseudogene
RPS14P5,processed_pseudogene
PCA3,lncRNA
AL109741.1,lncRNA
C5orf67,lncRNA
AL121574.1,lncRNA
ODF2-AS1,lncRNA
AL512444.1,lncRNA
SATB2-AS1,lncRNA
NRIR,lncRNA
ELFN1,protein_coding
ABHD11-AS1,transcribed_unitary_pseudogene
MTND1P23,unprocessed_pseudogene
PIGBOS1,protein_coding
AC005550.1,lncRNA
LINC01534,lncRNA
CKS1BP2,processed_pseudogene
AC102953.1,lncRNA
GTF2IP14,unprocessed_pseudogene
KCNIP2-AS1,lncRNA
CCT8P1,processed_pseudogene
PRICKLE2-AS3,lncRNA
LINC01772,lncRNA
PPIAP21,processed_pseudogene
AC005740.1,processed_pseudogene
AC234644.1,processed_pseudogene
TLK2P1,processed_pseudogene
LINC01776,lncRNA
MEMO1P1,processed_pseudogene
PAICSP1,processed_pseudogene
LINC00623,lncRNA
AC113935.1,processed_pseudogene
UQCRFS1P1,processed_pseudogene
EIF3LP3,processed_pseudogene
HHLA3-AS1,lncRNA
SEC11B,processed_pseudogene
LINC02097,lncRNA
SEPTIN7P3,unprocessed_pseudogene
AC004383.1,processed_pseudogene
AC090844.1,processed_pseudogene
FTCDNL1,protein_coding
RPL26P9,processed_pseudogene
PPIAP66,processed_pseudogene
BAIAP2-DT,lncRNA
AC004801.1,processed_pseudogene
RPS27AP3,processed_pseudogene
SLC25A39P1,processed_pseudogene
AL356124.1,lncRNA
AL513185.1,lncRNA
AP4B1-AS1,lncRNA
TEX22,protein_coding
LINC00685,lncRNA
AC010536.1,lncRNA
ELOCP21,processed_pseudogene
RPS3AP27,processed_pseudogene
AL080316.1,lncRNA
WASH8P,unprocessed_pseudogene
RPS12P5,processed_pseudogene
RPL26P19,processed_pseudogene
GAS1RR,lncRNA
RPL37AP1,processed_pseudogene
ZNF32-AS1,lncRNA
SUPT4H1P1,processed_pseudogene
LINC02608,lncRNA
PTP4A1P3,processed_pseudogene
GTF2H2B,transcribed_unprocessed_pseudogene
PIMREGP1,processed_pseudogene
AC009961.1,lncRNA
AC135977.1,processed_pseudogene
ARHGAP26-AS1,lncRNA
AC093382.1,lncRNA
PSPHP1,unprocessed_pseudogene
RPL12P10,processed_pseudogene
ARPC3P1,processed_pseudogene
AC091729.2,lncRNA
AL122058.1,lncRNA
AL022157.1,lncRNA
CFLAR-AS1,lncRNA
ZNF192P1,transcribed_unprocessed_pseudogene
RPS3AP38,processed_pseudogene
AC006150.1,lncRNA
RPSAP49,processed_pseudogene
NUP50-DT,lncRNA
AC005682.1,unprocessed_pseudogene
AL606489.1,lncRNA
AL354836.1,lncRNA
AL359182.1,lncRNA
AC079150.1,processed_pseudogene
AC083822.1,processed_pseudogene
PSPC1-AS2,lncRNA
ACTG1P24,processed_pseudogene
RPL10AP6,processed_pseudogene
HAGLROS,lncRNA
ST7-AS2,lncRNA
AC016831.1,lncRNA
PARD3-AS1,lncRNA
SORCS3-AS1,lncRNA
KCNQ2-AS1,lncRNA
IFNA20P,unprocessed_pseudogene
AC093423.1,processed_pseudogene
AL031727.1,processed_pseudogene
AL392089.1,lncRNA
AL133325.1,processed_pseudogene
AC104058.1,processed_pseudogene
TPI1P1,processed_pseudogene
SLC16A1-AS1,lncRNA
AC012558.1,lncRNA
HMGN2P7,processed_pseudogene
USP17L7,protein_coding
AC010342.1,processed_pseudogene
H3P43,processed_pseudogene
AL442071.1,lncRNA
AC108161.1,processed_pseudogene
PLCL2-AS1,lncRNA
BX322234.1,lncRNA
CYP2D8P,unprocessed_pseudogene
LINC02542,lncRNA
RPL22P3,processed_pseudogene
AL390198.1,lncRNA
ADAM1B,unitary_pseudogene
Z93930.2,lncRNA
AC008013.1,transcribed_unprocessed_pseudogene
LINC01748,lncRNA
UPF3AP1,processed_pseudogene
TMEM185B,protein_coding
FTOP1,processed_pseudogene
RPL26P27,processed_pseudogene
LINC00323,lncRNA
LINC02549,lncRNA
RPSAP21,processed_pseudogene
AL136380.1,processed_pseudogene
USF1P1,processed_pseudogene
LINC01918,lncRNA
AC005588.1,processed_pseudogene
KIRREL1-IT1,lncRNA
AC074375.1,processed_pseudogene
RPS7P10,processed_pseudogene
AL158055.1,lncRNA
AL022718.1,processed_pseudogene
BTBD9-AS1,lncRNA
GAPDHP73,processed_pseudogene
RPL7P22,processed_pseudogene
AL357552.1,unprocessed_pseudogene
SCDP1,processed_pseudogene
AGKP1,processed_pseudogene
FTH1P20,processed_pseudogene
LINC00606,lncRNA
AL132657.1,lncRNA
RPL39P40,processed_pseudogene
AL450344.2,lncRNA
PAPPA-AS2,lncRNA
FTLP3,processed_pseudogene
AL390067.1,lncRNA
AC005099.1,processed_pseudogene
UBE2V1P1,processed_pseudogene
ACTG1P12,processed_pseudogene
AL121899.1,lncRNA
PLCG1-AS1,lncRNA
AC019118.1,lncRNA
RPL23AP30,processed_pseudogene
HSPA9P1,processed_pseudogene
AL354977.1,lncRNA
IGBP1P1,processed_pseudogene
LINC01535,lncRNA
LENG8-AS1,lncRNA
AL360181.1,lncRNA
RPL15P14,processed_pseudogene
SDCBPP1,processed_pseudogene
FGF12-AS3,lncRNA
FAM66C,lncRNA
AL513175.1,processed_pseudogene
TMEM256P2,processed_pseudogene
HSBP1L1,protein_coding
AC005326.1,processed_pseudogene
SMCR5,lncRNA
FSIP2-AS2,lncRNA
CUTALP,transcribed_unitary_pseudogene
FOXN3P2,processed_pseudogene
AL606760.1,lncRNA
AC007365.1,lncRNA
DISC1-IT1,lncRNA
TAS2R46,protein_coding
SRRM5,protein_coding
RPSAP33,processed_pseudogene
FABP7P1,processed_pseudogene
AC114501.1,processed_pseudogene
GAPDHP54,processed_pseudogene
AP001136.1,lncRNA
HIKESHIP1,processed_pseudogene
TBCAP1,processed_pseudogene
PGAM4,protein_coding
LINC02611,lncRNA
AC005828.1,lncRNA
OSTCP8,processed_pseudogene
ZNF451-AS1,lncRNA
AC005082.1,lncRNA
SUGT1P1,unprocessed_pseudogene
AC006001.2,lncRNA
LINC02774,lncRNA
AC092164.1,lncRNA
AL158834.1,lncRNA
AC004112.1,lncRNA
AC010894.1,lncRNA
AL451105.1,lncRNA
RPSAP17,processed_pseudogene
LINC02051,lncRNA
AC104463.2,lncRNA
ATE1-AS1,transcribed_unitary_pseudogene
LHFPL3-AS1,lncRNA
AC005154.1,processed_pseudogene
SMYD3-AS1,lncRNA
GSTM3P2,processed_pseudogene
H3P44,processed_pseudogene
AC093787.1,processed_pseudogene
ERVMER34-1,protein_coding
AL359541.1,lncRNA
Z97652.1,lncRNA
LINC01359,lncRNA
AL731577.1,lncRNA
H2BP6,processed_pseudogene
BSN-DT,lncRNA
RPS14P4,processed_pseudogene
RNF207-AS1,lncRNA
AC098935.1,processed_pseudogene
RPS4XP2,transcribed_processed_pseudogene
DANCR,lncRNA
AC093019.1,processed_pseudogene
NCKAP5-AS2,lncRNA
AL358075.1,lncRNA
PPIAP60,processed_pseudogene
AC078883.2,lncRNA
RHEBP2,processed_pseudogene
NEDD8P1,processed_pseudogene
RPL12P19,processed_pseudogene
COX6A1P2,processed_pseudogene
HMGN1P24,processed_pseudogene
ABHD17AP6,unprocessed_pseudogene
AL035410.1,processed_pseudogene
PRELID1P5,processed_pseudogene
AL049758.1,processed_pseudogene
AC073325.2,processed_pseudogene
NBPF2P,unprocessed_pseudogene
AL136988.2,lncRNA
AL009174.1,processed_pseudogene
FKBP14-AS1,lncRNA
AC007036.1,lncRNA
SLC8A1-AS1,lncRNA
RPS2P36,processed_pseudogene
AL445433.1,processed_pseudogene
LINC00511,lncRNA
ITGB2-AS1,lncRNA
C14orf132,protein_coding
MUC12-AS1,lncRNA
FDX1P2,processed_pseudogene
WDR46,protein_coding
RPL41P1,processed_pseudogene
Z98257.1,lncRNA
AL162584.1,lncRNA
FOCAD-AS1,lncRNA
SDHDP2,processed_pseudogene
AL158166.1,lncRNA
AC107983.1,processed_pseudogene
LINC02094,lncRNA
AC005912.1,processed_pseudogene
LINC02798,lncRNA
AL512785.1,lncRNA
RPS28P7,processed_pseudogene
LMCD1-AS1,lncRNA
AC073210.1,unprocessed_pseudogene
HORMAD2-AS1,lncRNA
RPL12P44,processed_pseudogene
ZNF717,protein_coding
AL160286.1,processed_pseudogene
AL161725.1,lncRNA
AC068535.1,lncRNA
AC073621.1,processed_pseudogene
AC092755.1,lncRNA
WDR11-AS1,lncRNA
AF178030.1,lncRNA
AC011290.1,lncRNA
MYL6P3,processed_pseudogene
NSA2P5,processed_pseudogene
HDGFP1,processed_pseudogene
MGAT3-AS1,lncRNA
TRGC2,TR_C_gene
AC009365.3,lncRNA
ST7-AS1,lncRNA
AL162724.1,lncRNA
CNN2P1,processed_pseudogene
SUB1P1,processed_pseudogene
H3P45,processed_pseudogene
PFN1P6,processed_pseudogene
SPATA13-AS1,lncRNA
HCG15,lncRNA
AL355613.1,lncRNA
AL157935.1,lncRNA
AC017101.1,lncRNA
WASH7P,unprocessed_pseudogene
AC092042.1,lncRNA
FAM155A-IT1,lncRNA
MIS18A-AS1,lncRNA
HCG4B,unprocessed_pseudogene
KLLN,protein_coding
AC110015.1,lncRNA
LINC01364,lncRNA
AC140076.1,processed_pseudogene
AL031985.2,processed_pseudogene
AL139396.1,processed_pseudogene
RPL7AP22,processed_pseudogene
RPL23AP43,processed_pseudogene
PARG,protein_coding
HNRNPKP2,processed_pseudogene
RBM26-AS1,lncRNA
AC017074.1,lncRNA
RPS24P7,processed_pseudogene
AC254562.1,processed_pseudogene
TP73-AS1,transcribed_unitary_pseudogene
FTH1P16,processed_pseudogene
PPIAP2,processed_pseudogene
EIF4A2P2,processed_pseudogene
RPL35AP2,processed_pseudogene
AL133410.1,lncRNA
KIF9-AS1,lncRNA
ZMYM4-AS1,lncRNA
AL022238.1,processed_pseudogene
AC114402.1,processed_pseudogene
ASIC4-AS1,lncRNA
AC090018.1,processed_pseudogene
FCF1P1,processed_pseudogene
ATP5MC1P4,processed_pseudogene
AL450345.1,lncRNA
LINC00310,lncRNA
PSME2P6,processed_pseudogene
PDE4B-AS1,lncRNA
RPL39P16,processed_pseudogene
TSSK5P,unitary_pseudogene
AC008080.2,lncRNA
NCAM1-AS1,lncRNA
KIF1C-AS1,lncRNA
SCAMP4,protein_coding
MROCKI,lncRNA
LTB,protein_coding
AL592301.1,lncRNA
AL160163.1,lncRNA
RPS20P15,processed_pseudogene
RPL7P6,processed_pseudogene
AC096540.1,lncRNA
AC002542.1,processed_pseudogene
SLC2A1-AS1,lncRNA
AL357315.1,lncRNA
SOCS5P4,processed_pseudogene
DNAJC9-AS1,lncRNA
SFR1P1,processed_pseudogene
SPAG5-AS1,lncRNA
AC018647.1,lncRNA
AL590422.1,lncRNA
RPS15AP30,processed_pseudogene
AC004986.1,processed_pseudogene
ADGRF5P1,transcribed_processed_pseudogene
RPS3AP37,processed_pseudogene
RPS26P39,processed_pseudogene
HSD11B1-AS1,lncRNA
Z94721.1,lncRNA
TMEM183AP1,processed_pseudogene
AP001324.1,processed_pseudogene
AL080276.2,lncRNA
AC018804.1,unprocessed_pseudogene
HNRNPA1P14,processed_pseudogene
SOX21-AS1,lncRNA
UST-AS1,lncRNA
CYCSP24,processed_pseudogene
AL390728.4,transcribed_unprocessed_pseudogene
ATP5F1AP2,transcribed_processed_pseudogene
MED28P3,processed_pseudogene
AP001619.1,lncRNA
AL391097.2,lncRNA
AC006042.1,lncRNA
GCOM2,processed_pseudogene
LINC02803,lncRNA
AL121987.2,lncRNA
AP000344.1,transcribed_processed_pseudogene
AP000282.1,lncRNA
MYL12BP2,processed_pseudogene
ASH1L-IT1,lncRNA
AL031282.1,transcribed_processed_pseudogene
AC002553.1,lncRNA
RPS10P9,processed_pseudogene
CDPF1P1,processed_pseudogene
SLC9A7P1,transcribed_processed_pseudogene
PKD1P2,unprocessed_pseudogene
CARM1P1,transcribed_unprocessed_pseudogene
AC008850.1,processed_pseudogene
SUCLA2-AS1,lncRNA
SEPTIN2P1,processed_pseudogene
RPS29P17,processed_pseudogene
AL590135.1,processed_pseudogene
DPY19L2P3,transcribed_unprocessed_pseudogene
PSPC1P1,unprocessed_pseudogene
RPS26P13,processed_pseudogene
FAM66A,lncRNA
AL731569.1,lncRNA
FLJ31104,lncRNA
LINC02344,lncRNA
KRT8P44,processed_pseudogene
AL136979.1,lncRNA
SRGAP3-AS3,lncRNA
AL732414.1,processed_pseudogene
RPL3P2,processed_pseudogene
PTPRK-AS1,lncRNA
AC007383.1,lncRNA
AC003989.1,processed_pseudogene
AL590128.1,processed_pseudogene
LINC01341,lncRNA
AL391994.1,processed_pseudogene
PIN4P1,processed_pseudogene
AC092675.2,lncRNA
AC108463.1,processed_pseudogene
RPL7AP65,processed_pseudogene
AC011933.1,processed_pseudogene
AC073343.2,lncRNA
IL6R-AS1,lncRNA
AC006480.1,unprocessed_pseudogene
AL136369.1,lncRNA
AC069257.1,lncRNA
AC078842.1,lncRNA
HMGN2P21,processed_pseudogene
AL139246.3,lncRNA
AC253536.2,processed_pseudogene
AL390729.1,processed_pseudogene
AC114763.1,lncRNA
POLR2J2,protein_coding
AL158823.1,processed_pseudogene
CFL1P3,processed_pseudogene
SEC63P1,processed_pseudogene
LINC01736,lncRNA
PABPC4-AS1,lncRNA
AC131571.1,lncRNA
LYPLAL1-DT,lncRNA
LINC01515,lncRNA
MTCO3P29,unprocessed_pseudogene
RPL7P47,processed_pseudogene
AL591719.1,processed_pseudogene
HLA-U,unprocessed_pseudogene
PNKDP1,processed_pseudogene
COX6CP15,processed_pseudogene
AP000692.1,lncRNA
SPTBN1-AS1,lncRNA
MELTF-AS1,lncRNA
ST13P19,processed_pseudogene
AL161725.2,lncRNA
MYL6P5,processed_pseudogene
AL096678.1,lncRNA
FALEC,lncRNA
AP001469.2,lncRNA
LINC01402,lncRNA
RPL3P1,processed_pseudogene
AL357140.2,lncRNA
AL161793.1,lncRNA
TLE1P1,processed_pseudogene
AC097713.1,lncRNA
PPIAP19,processed_pseudogene
AC121251.1,unprocessed_pseudogene
AL020996.1,lncRNA
AL162385.1,lncRNA
GEMIN8P4,processed_pseudogene
AC093433.1,processed_pseudogene
AL512353.1,lncRNA
AL022341.1,lncRNA
AC004830.2,lncRNA
AC131235.1,processed_pseudogene
LINC02869,lncRNA
OFD1P17,processed_pseudogene
NLGN1-AS1,lncRNA
PNRC2P1,processed_pseudogene
ATF4P3,processed_pseudogene
LINC00578,lncRNA
AC073050.1,lncRNA
HCG11,lncRNA
NACA4P,transcribed_processed_pseudogene
GAPDHP1,processed_pseudogene
XPC-AS1,lncRNA
UBBP2,processed_pseudogene
AC012442.1,lncRNA
ITPRIP-AS1,lncRNA
PSMD8P1,processed_pseudogene
AL021707.2,lncRNA
ORM2,protein_coding
AL731568.1,lncRNA
LYPLA2P1,processed_pseudogene
PCAT6,lncRNA
AL512604.1,processed_pseudogene
AL049712.1,lncRNA
FAM174C,protein_coding
AL512770.1,lncRNA
PRELID1P6,processed_pseudogene
GUSBP11,lncRNA
AP001610.2,lncRNA
MYADM-AS1,lncRNA
AL669831.1,transcribed_unprocessed_pseudogene
PGK1P1,processed_pseudogene
RPL17P43,processed_pseudogene
AC073063.1,processed_pseudogene
PPIAP69,processed_pseudogene
AC002381.1,processed_pseudogene
FTLP17,processed_pseudogene
EFCAB14P1,processed_pseudogene
LINC02585,lncRNA
AC018832.1,lncRNA
AL354989.1,lncRNA
AC009220.1,processed_pseudogene
AC015971.1,lncRNA
AL592437.1,processed_pseudogene
AC106873.1,lncRNA
TXNDC12-AS1,lncRNA
MYL6BP1,processed_pseudogene
ITPKB-IT1,lncRNA
AL031668.1,lncRNA
LINC01004,lncRNA
AL356481.1,lncRNA
HMGN2P25,processed_pseudogene
AL109741.2,processed_pseudogene
AC035139.1,lncRNA
AL139156.2,processed_pseudogene
AL031056.1,lncRNA
CCT6P1,transcribed_unprocessed_pseudogene
CDY4P,processed_pseudogene
LNC-LBCS,lncRNA
PTMAP1,processed_pseudogene
AC005013.1,lncRNA
AL357552.2,lncRNA
AL590764.1,lncRNA
ARL5AP3,processed_pseudogene
AC004951.1,lncRNA
AL139260.1,lncRNA
AL137244.1,lncRNA
ANKRD49P1,processed_pseudogene
SDAD1P1,transcribed_processed_pseudogene
LINC01546,lncRNA
RPS19P7,processed_pseudogene
AL929236.1,lncRNA
OST4,protein_coding
AL663070.1,processed_pseudogene
PRKCE-AS1,lncRNA
AL137025.1,lncRNA
GRK5-IT1,lncRNA
C2orf92,protein_coding
AL450263.1,lncRNA
RAB11FIP1P1,processed_pseudogene
TMSB10P1,processed_pseudogene
RPL15P18,processed_pseudogene
EEF1A1P11,processed_pseudogene
AL513550.1,lncRNA
DAP3P2,processed_pseudogene
AL359091.2,processed_pseudogene
RANBP1P1,processed_pseudogene
AL845321.1,transcribed_unprocessed_pseudogene
MIR34AHG,lncRNA
AC068057.1,lncRNA
SUMO2P21,processed_pseudogene
AL157413.1,lncRNA
AC073326.1,lncRNA
CCDC183-AS1,lncRNA
ITPKB-AS1,lncRNA
BX284668.2,lncRNA
SNRPGP9,processed_pseudogene
AC004837.2,lncRNA
RPS15AP13,processed_pseudogene
AC010731.1,lncRNA
SPCS2P4,processed_pseudogene
FNDC10,protein_coding
RPL7P52,processed_pseudogene
POLR2CP1,processed_pseudogene
AL121759.1,lncRNA
AL139011.1,lncRNA
ZNF883,transcribed_unprocessed_pseudogene
AL451047.1,lncRNA
AC092295.1,lncRNA
HOTAIR,lncRNA
AL136115.1,lncRNA
SNHG26,lncRNA
HNRNPCP7,processed_pseudogene
RPL23AP58,processed_pseudogene
STIM1-AS1,lncRNA
PSMD10P1,processed_pseudogene
BX679664.1,processed_pseudogene
AL157385.1,processed_pseudogene
PROB1,protein_coding
TTC3-AS1,lncRNA
AC016820.1,lncRNA
AL590723.1,lncRNA
AL445307.1,lncRNA
ARL17B,protein_coding
TNKS2-AS1,lncRNA
AL645998.1,processed_pseudogene
DHFR,protein_coding
AC016909.1,processed_pseudogene
SRGAP3-AS2,lncRNA
SAPCD1,protein_coding
PPIAP91,processed_pseudogene
AL627308.1,processed_pseudogene
AL445985.1,lncRNA
AL450306.1,lncRNA
LIMS1-AS1,lncRNA
RPL7L1P8,processed_pseudogene
AC003101.1,lncRNA
AC007327.1,processed_pseudogene
WEE2-AS1,lncRNA
Z69666.1,lncRNA
MRPL45P2,transcribed_unprocessed_pseudogene
NLGN4Y-AS1,lncRNA
HCG22,transcribed_unitary_pseudogene
LINC01128,lncRNA
FAM207BP,processed_pseudogene
AC064807.1,lncRNA
AC072022.1,lncRNA
MRPS18CP6,processed_pseudogene
HMGB3P4,processed_pseudogene
LAMA5-AS1,lncRNA
AK3P5,processed_pseudogene
BACH1-IT2,lncRNA
AL359918.1,processed_pseudogene
AL929410.1,unprocessed_pseudogene
TLK2P2,processed_pseudogene
ATP5MFP2,processed_pseudogene
PIK3IP1-DT,lncRNA
PCDH9-AS2,lncRNA
ATP5MC2P4,processed_pseudogene
AC092802.2,lncRNA
AC104653.1,lncRNA
RPL23AP12,processed_pseudogene
SEPTIN7-DT,lncRNA
RPL35AP6,processed_pseudogene
AL138963.1,lncRNA
EEF1DP1,processed_pseudogene
UBAC2-AS1,lncRNA
RASA4CP,transcribed_unprocessed_pseudogene
AL353804.1,lncRNA
OR7E128P,unprocessed_pseudogene
AC016722.2,lncRNA
RPS13P2,processed_pseudogene
SNRPD2P1,processed_pseudogene
AKT3-IT1,lncRNA
AC004485.1,lncRNA
AC023137.1,lncRNA
AL591623.2,processed_pseudogene
UBTFL6,unprocessed_pseudogene
AC006483.1,processed_pseudogene
SUMO2P8,processed_pseudogene
PPIAP55,processed_pseudogene
AC097658.1,processed_pseudogene
TRDD3,TR_D_gene
AL353771.1,lncRNA
AC091167.1,transcribed_processed_pseudogene
EXOSC3P1,processed_pseudogene
AL161672.1,processed_pseudogene
RPL30P13,processed_pseudogene
AKR7A2P1,processed_pseudogene
AL365366.1,processed_pseudogene
RAB1AP1,processed_pseudogene
CDCA4P1,processed_pseudogene
VDAC1P8,transcribed_processed_pseudogene
ZFAND2A-DT,lncRNA
HMGN1P2,processed_pseudogene
DUTP1,processed_pseudogene
RPS29P14,processed_pseudogene
RPS3AP54,processed_pseudogene
AL354893.2,lncRNA
AL714022.1,processed_pseudogene
RPS26P18,processed_pseudogene
CALM2P2,processed_pseudogene
ASTN2-AS1,lncRNA
LINC02587,lncRNA
AL390774.1,processed_pseudogene
RPL41,protein_coding
AC068491.1,lncRNA
AC026403.1,processed_pseudogene
CYCSP4,processed_pseudogene
AGBL5-IT1,lncRNA
VIM-AS1,lncRNA
KANSL1L-AS1,lncRNA
EIF4A1P10,processed_pseudogene
RPS7P4,processed_pseudogene
ACTBP1,processed_pseudogene
ANKRD10-IT1,lncRNA
SRMP3,processed_pseudogene
AC233280.1,lncRNA
AC006001.3,transcribed_unprocessed_pseudogene
ATP5PDP2,processed_pseudogene
AC069542.1,lncRNA
AL358473.1,lncRNA
AC087071.1,lncRNA
PTGES3P3,processed_pseudogene
AL162408.1,lncRNA
KRT18P4,processed_pseudogene
MT1P3,processed_pseudogene
RPL37P18,processed_pseudogene
TTTY10,lncRNA
HMGN1P37,processed_pseudogene
PNPT1P1,processed_pseudogene
HNRNPA1P8,processed_pseudogene
SNHG31,lncRNA
REV3L-IT1,lncRNA
LINC02768,lncRNA
AL139294.1,lncRNA
TUBB8P1,processed_pseudogene
AC010737.1,lncRNA
AL353693.1,lncRNA
KRT8P12,transcribed_processed_pseudogene
AC008269.1,lncRNA
ACAP2-IT1,lncRNA
AL391839.1,lncRNA
AC006947.1,lncRNA
GK-IT1,lncRNA
AC046143.1,lncRNA
AC079305.2,lncRNA
AC093414.1,processed_pseudogene
MTCO2P12,unprocessed_pseudogene
HYI-AS1,lncRNA
DPY19L1P1,unprocessed_pseudogene
HMGN2P19,processed_pseudogene
AC090587.1,lncRNA
CTNNA2-AS1,lncRNA
LINC01715,lncRNA
MICD,unprocessed_pseudogene
HLA-DRB6,transcribed_unprocessed_pseudogene
AL139246.4,lncRNA
AL592148.1,processed_pseudogene
CNIH3-AS1,lncRNA
AC005999.1,lncRNA
AL117328.1,processed_pseudogene
AC018638.1,processed_pseudogene
RALGAPA1P1,processed_pseudogene
AL512625.2,lncRNA
MED8-AS1,lncRNA
AL139413.1,processed_pseudogene
ST3GAL3-AS1,lncRNA
AC114495.2,processed_pseudogene
CPVL-AS1,lncRNA
SPINK8,protein_coding
RPS10P18,processed_pseudogene
RLIMP1,processed_pseudogene
LYST-AS1,lncRNA
RPL39P18,processed_pseudogene
RGS17P1,processed_pseudogene
PATL2,protein_coding
LINC02766,lncRNA
ALG13-AS1,lncRNA
FO681548.1,processed_pseudogene
AC005189.1,processed_pseudogene
AL391863.1,lncRNA
RPL21P37,processed_pseudogene
AC244023.1,unprocessed_pseudogene
AL591866.1,processed_pseudogene
LINC00404,lncRNA
MYCBP2-AS2,lncRNA
RABGAP1L-AS1,lncRNA
PANK2-AS1,lncRNA
SACS-AS1,lncRNA
AL139421.1,processed_pseudogene
RPL21P44,processed_pseudogene
AL158825.2,lncRNA
AL596087.2,lncRNA
ACVR2B-AS1,lncRNA
AC006017.1,lncRNA
PRDX3P1,processed_pseudogene
AL590762.1,processed_pseudogene
MTATP8P2,processed_pseudogene
RPL21P93,processed_pseudogene
MBNL1-AS1,lncRNA
METTL21AP1,processed_pseudogene
AL137159.1,processed_pseudogene
RPL4P4,processed_pseudogene
NAMPTP1,processed_pseudogene
LINC02526,lncRNA
AL391822.1,processed_pseudogene
RPL26P6,processed_pseudogene
MAST4-AS1,lncRNA
AL133384.1,processed_pseudogene
LINC01150,lncRNA
Z73495.1,lncRNA
AC018644.1,processed_pseudogene
AC009237.3,transcribed_unprocessed_pseudogene
SOS1-IT1,lncRNA
AL136531.1,lncRNA
PDC-AS1,lncRNA
U91324.1,lncRNA
AC092809.1,processed_pseudogene
LINC01159,lncRNA
AC096649.1,lncRNA
AC044781.1,lncRNA
RPL31P20,processed_pseudogene
DYNLT3P2,processed_pseudogene
MRPS18AP1,processed_pseudogene
UBE2Q1-AS1,lncRNA
AC118754.1,lncRNA
SNRPFP2,processed_pseudogene
ATP8A2P2,processed_pseudogene
RPS15P5,processed_pseudogene
XIST,lncRNA
AL391825.1,transcribed_processed_pseudogene
ZNF688,protein_coding
RPL35AP21,processed_pseudogene
DDX50P1,processed_pseudogene
CR391992.1,processed_pseudogene
RPS15AP39,processed_pseudogene
AL360091.1,lncRNA
PET100,protein_coding
AC018462.1,lncRNA
EMX2OS,lncRNA
AC139149.1,lncRNA
AC019205.1,lncRNA
AL034418.1,processed_pseudogene
AC097358.1,processed_pseudogene
STEAP3-AS1,lncRNA
OGFR-AS1,lncRNA
EIF1P1,processed_pseudogene
AC068533.2,processed_pseudogene
LINC01315,lncRNA
GK3P,protein_coding
SEPTIN7P7,processed_pseudogene
FOXO6-AS1,lncRNA
AC016999.1,lncRNA
RPL7P46,processed_pseudogene
DOCK9-AS1,lncRNA
AC138393.2,unprocessed_pseudogene
ATXN1-AS1,lncRNA
YWHAZP3,processed_pseudogene
AL589880.1,processed_pseudogene
EIF4EP2,processed_pseudogene
B3GALNT1P1,processed_pseudogene
TFAP2A-AS1,lncRNA
AL590666.2,lncRNA
Z98749.1,lncRNA
RPS3AP7,processed_pseudogene
TOB1-AS1,lncRNA
MIR181A1HG,lncRNA
AC022400.2,lncRNA
AKR1B1P1,processed_pseudogene
HMGB3P9,processed_pseudogene
RPL5P4,processed_pseudogene
AC093585.1,lncRNA
SGSM3-AS1,lncRNA
AL359095.1,lncRNA
ALMS1-IT1,lncRNA
AL049646.1,lncRNA
FNTAP2,processed_pseudogene
IGSF21-AS1,lncRNA
UBBP1,processed_pseudogene
AK3P3,processed_pseudogene
AC010974.1,lncRNA
HSPD1P6,transcribed_processed_pseudogene
CDC42-IT1,lncRNA
RPL4P6,processed_pseudogene
AL162231.2,lncRNA
RPL10P6,processed_pseudogene
HSPE1P28,processed_pseudogene
PRRT3-AS1,lncRNA
AC006059.1,lncRNA
TMEM254-AS1,lncRNA
AL669831.4,transcribed_unprocessed_pseudogene
AL354793.1,lncRNA
AL022316.1,lncRNA
ACBD6,protein_coding
HOXB-AS1,lncRNA
AL021707.3,lncRNA
AIDAP1,processed_pseudogene
CEP250-AS1,lncRNA
AC004854.1,processed_pseudogene
AL451074.3,processed_pseudogene
LINC01433,lncRNA
SMYD3-IT1,lncRNA
C9orf147,lncRNA
AL158156.1,processed_pseudogene
AC008267.2,transcribed_unprocessed_pseudogene
IFITM3P4,processed_pseudogene
AL603825.1,processed_pseudogene
ATP6V0CP1,processed_pseudogene
AL450405.1,processed_pseudogene
FTH1P5,processed_pseudogene
RPL4P5,processed_pseudogene
AP000688.1,lncRNA
HSPB1P2,processed_pseudogene
PHBP9,processed_pseudogene
H3P1,processed_pseudogene
GNA13P1,processed_pseudogene
PHBP4,processed_pseudogene
LINC02603,lncRNA
XXYLT1-AS2,lncRNA
LINC02525,lncRNA
HNRNPA1P59,processed_pseudogene
AC013472.1,lncRNA
AL445928.1,processed_pseudogene
AL358781.2,lncRNA
ARMC2-AS1,lncRNA
AC078817.1,processed_pseudogene
GTF2IP23,unprocessed_pseudogene
SNRPEP11,processed_pseudogene
STARD13-IT1,lncRNA
AC004980.3,unprocessed_pseudogene
BANF1P2,processed_pseudogene
AC010422.1,lncRNA
TOMM20P4,processed_pseudogene
SLC25A53P1,processed_pseudogene
ELOVL2-AS1,lncRNA
FEZF1-AS1,lncRNA
TTLL1-AS1,lncRNA
BEND7P1,processed_pseudogene
MTCO2P27,unprocessed_pseudogene
AL136320.1,lncRNA
MTCO1P42,processed_pseudogene
HMGN2P3,processed_pseudogene
EXOSC10-AS1,lncRNA
AC009474.1,processed_pseudogene
SPDYE21,protein_coding
TPI1P2,transcribed_processed_pseudogene
ACTG1P23,processed_pseudogene
RPL4P3,processed_pseudogene
DSCR9,lncRNA
RPL23AP52,processed_pseudogene
AC009245.1,processed_pseudogene
SPTLC1P1,transcribed_processed_pseudogene
TCEA1P2,processed_pseudogene
LINC01786,lncRNA
LINC00595,lncRNA
EMC1-AS1,lncRNA
AL049542.1,transcribed_unprocessed_pseudogene
AL031770.1,lncRNA
AC004160.2,lncRNA
SERPINB9P1,lncRNA
LRRC37A6P,transcribed_processed_pseudogene
RPS29P6,processed_pseudogene
U73166.1,lncRNA
PA2G4P4,processed_pseudogene
AC060773.1,processed_pseudogene
PROX1-AS1,lncRNA
AL078645.1,lncRNA
Z96811.1,processed_pseudogene
AP000695.1,lncRNA
ATP5MC2P3,processed_pseudogene
PSMG3-AS1,lncRNA
VAV3-AS1,lncRNA
AC234781.4,processed_pseudogene
AL132765.1,processed_pseudogene
AC108463.2,lncRNA
RPL19P21,processed_pseudogene
PPP5D1,transcribed_unprocessed_pseudogene
THAP7-AS1,lncRNA
AL645929.1,unprocessed_pseudogene
LIMD1-AS1,lncRNA
AL360268.1,lncRNA
AOAH-IT1,lncRNA
AC021078.1,lncRNA
AL450326.1,lncRNA
FAM133DP,processed_pseudogene
ZNF32-AS2,lncRNA
SF3A3P1,processed_pseudogene
AC114763.2,lncRNA
AC013286.1,lncRNA
RPL19P5,processed_pseudogene
ACTG1P14,processed_pseudogene
GTF2IRD1P1,transcribed_unprocessed_pseudogene
PHBP12,processed_pseudogene
LINC02580,lncRNA
FTX,lncRNA
RPSAP8,processed_pseudogene
PPIAP40,processed_pseudogene
TSEN15P2,processed_pseudogene
AC004039.1,lncRNA
HM13-AS1,lncRNA
DYNLL1P7,processed_pseudogene
AL139220.2,lncRNA
AC011005.1,protein_coding
Z97205.1,lncRNA
RPS23P8,processed_pseudogene
DNM3OS,lncRNA
CYP4F60P,unprocessed_pseudogene
AL445933.1,processed_pseudogene
USP12-AS2,lncRNA
AL138831.1,lncRNA
KLHL7-DT,lncRNA
YY1P1,processed_pseudogene
SETSIP,protein_coding
ENO1-AS1,lncRNA
DDTP1,processed_pseudogene
AL158207.2,lncRNA
AC012462.3,lncRNA
AC011753.2,lncRNA
AL645608.2,lncRNA
FBXW4P1,processed_pseudogene
RPL31P30,processed_pseudogene
AL589987.1,processed_pseudogene
GGTLC4P,unprocessed_pseudogene
AC018638.2,processed_pseudogene
AC114878.1,processed_pseudogene
AL049597.1,processed_pseudogene
AC074011.1,lncRNA
AC016949.1,lncRNA
RPL10P3,processed_pseudogene
AL021937.1,lncRNA
AC106870.2,lncRNA
AC021188.1,lncRNA
AC007036.2,lncRNA
Z98048.1,processed_pseudogene
RPS29P5,processed_pseudogene
AL807761.4,lncRNA
RPS3AP13,processed_pseudogene
PSAT1P3,processed_pseudogene
ARHGAP26-IT1,lncRNA
SMARCE1P5,processed_pseudogene
HLA-K,unprocessed_pseudogene
YY2,protein_coding
FOXD3-AS1,lncRNA
RPS2P16,processed_pseudogene
AL160175.1,processed_pseudogene
AC099535.1,processed_pseudogene
AL807757.1,lncRNA
CBX1P1,processed_pseudogene
AC005532.1,lncRNA
AL390774.2,lncRNA
ARPP21-AS1,lncRNA
RPEP3,processed_pseudogene
RPL31P2,processed_pseudogene
LINC01614,lncRNA
ZNF674-AS1,lncRNA
OCLNP1,unprocessed_pseudogene
FBXW11P1,processed_pseudogene
MFSD13B,transcribed_unitary_pseudogene
AL445933.2,lncRNA
AL133284.1,lncRNA
AL604028.1,lncRNA
RPS18P12,processed_pseudogene
AL596087.3,lncRNA
AL391807.1,lncRNA
PPIHP1,processed_pseudogene
AL021707.4,lncRNA
MTCO1P53,processed_pseudogene
AL079301.1,lncRNA
AC099513.1,processed_pseudogene
HNRNPA1P68,processed_pseudogene
AC099677.1,processed_pseudogene
AC093166.2,processed_pseudogene
AC079250.1,processed_pseudogene
DSTNP1,processed_pseudogene
DDX3P2,processed_pseudogene
RPL23AP11,processed_pseudogene
HSBP1,protein_coding
FAM201B,processed_pseudogene
RPL12P15,processed_pseudogene
RAB42P1,processed_pseudogene
RPL7P32,processed_pseudogene
CDC20P1,processed_pseudogene
AL121672.1,lncRNA
AC092832.1,processed_pseudogene
AC092431.1,lncRNA
RPL7L1P9,processed_pseudogene
AC007238.1,processed_pseudogene
GCNT1P3,processed_pseudogene
AL109917.1,lncRNA
RPL6P6,processed_pseudogene
THBS3-AS1,lncRNA
NPM1P9,processed_pseudogene
AL590133.1,lncRNA
HCG18,lncRNA
KIF5C-AS1,lncRNA
RPL22P24,processed_pseudogene
NDUFB4P3,processed_pseudogene
AC008154.2,lncRNA
AL035588.1,lncRNA
AC022395.1,lncRNA
ECE1-AS1,lncRNA
LINC01436,lncRNA
AL035587.1,lncRNA
AC078842.2,lncRNA
AL031666.1,lncRNA
BTF3P10,processed_pseudogene
AF129075.1,lncRNA
HLA-T,unprocessed_pseudogene
LNCAROD,lncRNA
AC022537.1,lncRNA
TCF7L1-IT1,lncRNA
AC002429.1,processed_pseudogene
MORF4L2-AS1,lncRNA
KLF3-AS1,lncRNA
CSMD2-AS1,lncRNA
TRBV26OR9-2,TR_V_pseudogene
YBX1P2,processed_pseudogene
EEF1B2P1,processed_pseudogene
LINC00852,lncRNA
AL954705.1,processed_pseudogene
SPRY4-AS1,lncRNA
AF127577.2,lncRNA
ZNF826P,transcribed_unprocessed_pseudogene
CFAP58-DT,lncRNA
RPS3AP3,processed_pseudogene
C1DP1,processed_pseudogene
LINC02884,lncRNA
ITPR1-DT,lncRNA
AC099792.1,lncRNA
APCDD1L-DT,lncRNA
AC004888.1,lncRNA
AC112484.1,lncRNA
RPS3P2,processed_pseudogene
TBL1XR1-AS1,lncRNA
MAP4K3-DT,lncRNA
CLIC1P1,processed_pseudogene
RPL13AP17,transcribed_processed_pseudogene
AP000696.1,lncRNA
LINC01816,lncRNA
RPL34P6,processed_pseudogene
EML6-AS1,lncRNA
AC017006.1,lncRNA
ACTG1P10,processed_pseudogene
AL020997.1,processed_pseudogene
LINC01160,lncRNA
WBP1P1,processed_pseudogene
AP000302.1,lncRNA
AC006028.1,processed_pseudogene
AC072052.1,processed_pseudogene
RPS29P23,processed_pseudogene
AC069271.1,processed_pseudogene
WARS2-AS1,lncRNA
Z97353.1,processed_pseudogene
NDUFAF4P4,processed_pseudogene
RNF2P1,processed_pseudogene
FGF12-AS1,lncRNA
AC007919.2,processed_pseudogene
HLA-DPA1,protein_coding
AL357874.2,lncRNA
AC099681.2,lncRNA
ARL4AP4,processed_pseudogene
AC023481.1,lncRNA
AC018868.1,processed_pseudogene
RPL39P15,processed_pseudogene
AL358472.1,processed_pseudogene
LINC00689,lncRNA
LINC00396,lncRNA
LINC01750,lncRNA
DST-AS1,lncRNA
AC124944.1,processed_pseudogene
AC097359.1,processed_pseudogene
AL022324.2,processed_pseudogene
PRDX3P2,processed_pseudogene
RPL7L1P2,processed_pseudogene
RPS18,protein_coding
PTMAP4,processed_pseudogene
LINC01353,lncRNA
AC007285.1,lncRNA
AL162385.2,lncRNA
AL157932.1,lncRNA
HINT1P1,processed_pseudogene
FBXO36-IT1,lncRNA
LINC00278,lncRNA
RSL24D1P11,processed_pseudogene
ATP5MDP1,processed_pseudogene
PTCHD3P2,processed_pseudogene
AC245100.4,transcribed_unprocessed_pseudogene
AL512593.1,processed_pseudogene
AL139288.1,lncRNA
EIF4A1P11,processed_pseudogene
LINC02595,lncRNA
RPL7P21,processed_pseudogene
FAHD2CP,transcribed_unprocessed_pseudogene
AL357873.1,lncRNA
DLEU2,lncRNA
AC007098.1,lncRNA
AC104462.1,lncRNA
AL645568.1,processed_pseudogene
RPS29P7,processed_pseudogene
AL133406.2,lncRNA
AGBL5-AS1,lncRNA
DLG3-AS1,lncRNA
AL590428.1,lncRNA
RPS6KA2-AS1,lncRNA
EMP2P1,processed_pseudogene
RPS8P6,processed_pseudogene
COA6-AS1,lncRNA
OGFOD1P1,processed_pseudogene
DIRC3,lncRNA
LINC02723,lncRNA
EIF1P3,processed_pseudogene
ANKRD11P2,processed_pseudogene
RPL21P43,processed_pseudogene
NANOGP5,transcribed_processed_pseudogene
AC020550.1,processed_pseudogene
AL645608.3,processed_pseudogene
PABPC1P1,processed_pseudogene
LINC00899,lncRNA
AF064860.2,lncRNA
LINC-PINT,lncRNA
HMGN2P38,processed_pseudogene
TMSB15B-AS1,lncRNA
ARHGEF9-IT1,lncRNA
AC010976.1,lncRNA
GAPDHP59,processed_pseudogene
LINC01273,lncRNA
AL669818.1,processed_pseudogene
AC079922.1,processed_pseudogene
AL449983.1,lncRNA
ARHGAP15-AS1,lncRNA
PQLC1P1,processed_pseudogene
DLX6-AS1,lncRNA
PPP1R11P2,processed_pseudogene
RPS27AP5,protein_coding
LINC01354,lncRNA
TMEM44-AS1,lncRNA
H2BP9,processed_pseudogene
PIK3CD-AS2,lncRNA
AC009542.1,lncRNA
ITCH-IT1,lncRNA
PA2G4P6,processed_pseudogene
AL353748.1,processed_pseudogene
LINC01388,lncRNA
SNRPCP9,processed_pseudogene
LINC01198,lncRNA
SMC3P1,processed_pseudogene
LINC01819,lncRNA
AL513523.2,transcribed_unprocessed_pseudogene
AC245140.1,lncRNA
FAM192BP,processed_pseudogene
HMGB3P14,processed_pseudogene
KRTCAP2P1,processed_pseudogene
UBE2V2P4,processed_pseudogene
MRPS9-AS1,lncRNA
CYP21A2,protein_coding
AL161935.2,unprocessed_pseudogene
AL162377.1,lncRNA
AC079781.1,processed_pseudogene
IPO9-AS1,lncRNA
AL359885.1,processed_pseudogene
SNRPFP1,processed_pseudogene
NDUFB1P1,processed_pseudogene
PRH1,protein_coding
MTND5P15,processed_pseudogene
TRAF3IP2-AS1,lncRNA
SETP10,processed_pseudogene
AC016397.1,processed_pseudogene
IDH1-AS1,lncRNA
AC006033.1,processed_pseudogene
AC007402.1,lncRNA
NEBL-AS1,lncRNA
TAPBP,protein_coding
AC093734.1,lncRNA
RPS7P3,processed_pseudogene
HS1BP3-IT1,lncRNA
DPY19L1P2,unprocessed_pseudogene
AL731567.1,lncRNA
AF131215.1,processed_pseudogene
LINC02818,lncRNA
AL135786.1,processed_pseudogene
AL096828.1,lncRNA
AL590103.1,processed_pseudogene
AC112907.2,unprocessed_pseudogene
ANXA2P2,processed_pseudogene
EP300-AS1,lncRNA
AL590399.4,processed_pseudogene
LRRC8C-DT,lncRNA
CLCN3P1,transcribed_unprocessed_pseudogene
CAP1P2,processed_pseudogene
HSPE1P25,processed_pseudogene
LEF1-AS1,lncRNA
LSM12P1,processed_pseudogene
AL671986.1,processed_pseudogene
AL078599.2,lncRNA
AC079781.2,processed_pseudogene
AC092168.2,lncRNA
AL078645.2,processed_pseudogene
AL590556.1,processed_pseudogene
ZBED9,protein_coding
AL133230.1,lncRNA
SILC1,lncRNA
AL451007.1,processed_pseudogene
SLC4A1APP1,processed_pseudogene
LINC01063,lncRNA
RPS6KA2-IT1,lncRNA
RPL31P7,processed_pseudogene
DCST1-AS1,lncRNA
AC079781.3,processed_pseudogene
AC012313.1,lncRNA
AC108059.1,processed_pseudogene
RFX3-AS1,lncRNA
TMA7,protein_coding
BACH1-AS1,lncRNA
MCTS1,protein_coding
NCOA7-AS1,lncRNA
RPS15AP12,processed_pseudogene
DUXAP7,processed_pseudogene
ST13P4,processed_pseudogene
C11orf98P1,processed_pseudogene
RAP2C-AS1,lncRNA
USP12-AS1,lncRNA
RPLP1P13,processed_pseudogene
AL161909.1,processed_pseudogene
MTND4P24,processed_pseudogene
AL662889.1,lncRNA
TERF1P7,processed_pseudogene
FTH1P7,processed_pseudogene
KIF26B-AS1,lncRNA
MTRNR2L4,protein_coding
FTLP8,processed_pseudogene
AL021937.2,unprocessed_pseudogene
RPL36AP16,processed_pseudogene
LINC00865,lncRNA
ASCL5,protein_coding
RPS29P8,processed_pseudogene
AL158166.2,lncRNA
BTF3L4P1,processed_pseudogene
FTH1P1,processed_pseudogene
SLC30A6P1,processed_pseudogene
GNG12-AS1,lncRNA
SLC6A1-AS1,lncRNA
AL133260.2,lncRNA
AL589935.1,lncRNA
CLCP1,processed_pseudogene
AL078590.2,lncRNA
MXRA7P1,processed_pseudogene
ARL5AP5,processed_pseudogene
RPS27AP2,processed_pseudogene
AL683842.1,processed_pseudogene
RPL4P2,processed_pseudogene
AC087163.1,processed_pseudogene
Z74021.1,processed_pseudogene
SEMA3B-AS1,lncRNA
AP000281.2,lncRNA
ATP5MGP2,processed_pseudogene
FTLP2,processed_pseudogene
PPIAP35,processed_pseudogene
GPR79,processed_pseudogene
AC092042.2,unprocessed_pseudogene
AC010677.1,processed_pseudogene
RPS3AP25,processed_pseudogene
SKA2P1,processed_pseudogene
SMIM26,protein_coding
AL583856.1,processed_pseudogene
GOT2P7,processed_pseudogene
TMPRSS11CP,unprocessed_pseudogene
PPIAP70,processed_pseudogene
AC009495.2,lncRNA
AL121601.1,lncRNA
ELN-AS1,lncRNA
RPL21P131,processed_pseudogene
GXYLT1P3,processed_pseudogene
AJM1,protein_coding
RPS26P42,processed_pseudogene
RPL18AP7,processed_pseudogene
MHENCR,lncRNA
AL133517.1,transcribed_processed_pseudogene
LINC02777,lncRNA
AL138752.1,processed_pseudogene
LARS2-AS1,lncRNA
H3P31,processed_pseudogene
AL136368.1,lncRNA
EEF1B2P3,processed_pseudogene
NCKAP5-IT1,lncRNA
KRT8P52,processed_pseudogene
TGFB2-AS1,lncRNA
AL357134.1,processed_pseudogene
RPL37A-DT,lncRNA
RASA3-IT1,lncRNA
MFAP1P1,processed_pseudogene
RPL12P11,processed_pseudogene
AL391058.1,processed_pseudogene
ST3GAL5-AS1,lncRNA
AL353807.2,lncRNA
GCSIR,lncRNA
LINC02802,lncRNA
AL109809.1,transcribed_unitary_pseudogene
KMT5AP2,processed_pseudogene
AC093673.1,lncRNA
AL365436.2,lncRNA
LINC00945,lncRNA
DPYD-IT1,lncRNA
AC253536.3,lncRNA
AC027644.1,unprocessed_pseudogene
KCND3-IT1,lncRNA
LINC01549,lncRNA
MRTFA-AS1,lncRNA
RPL23AP35,processed_pseudogene
RPL3P4,processed_pseudogene
MTCO1P27,unprocessed_pseudogene
EEF1A1P3,processed_pseudogene
LINC02642,lncRNA
KANTR,protein_coding
AL008707.1,processed_pseudogene
TONSL-AS1,lncRNA
TIMM9P2,processed_pseudogene
AL683813.1,lncRNA
LINC02576,lncRNA
AC026412.2,processed_pseudogene
MRAP-AS1,lncRNA
AC099336.1,transcribed_processed_pseudogene
AC021876.1,processed_pseudogene
AC092809.2,lncRNA
HLA-DQB2,protein_coding
PRPS1P2,processed_pseudogene
AL354892.2,lncRNA
AC008073.2,lncRNA
LINC01431,lncRNA
AL731563.1,processed_pseudogene
AC107214.1,lncRNA
GOLGA8N,protein_coding
IDI2-AS1,lncRNA
ZNF687-AS1,lncRNA
LINC00665,lncRNA
ATP11A-AS1,lncRNA
AP001596.1,lncRNA
AC012370.1,lncRNA
BDH2P1,processed_pseudogene
AL158050.1,processed_pseudogene
KIZ-AS1,lncRNA
RPS12P3,processed_pseudogene
AC239800.2,lncRNA
U52111.1,lncRNA
YWHAEP1,processed_pseudogene
AC211433.1,lncRNA
AL607028.1,lncRNA
RHOQP2,processed_pseudogene
AL139132.1,processed_pseudogene
AL645568.2,processed_pseudogene
AL035658.1,lncRNA
ETF1P1,processed_pseudogene
AC002480.1,lncRNA
AL355483.2,lncRNA
AL356320.1,processed_pseudogene
RPL23AP50,processed_pseudogene
ITGA6-AS1,lncRNA
FTH1P25,processed_pseudogene
HNRNPDP1,processed_pseudogene
SDCBPP3,processed_pseudogene
SLCO4A1-AS1,lncRNA
AL137186.2,lncRNA
TNF,protein_coding
AL360270.1,lncRNA
COL4A2-AS1,lncRNA
DUX4L50,unprocessed_pseudogene
RPS2P32,processed_pseudogene
PRR13P1,processed_pseudogene
AC110994.1,processed_pseudogene
PET117,protein_coding
KAT7P1,processed_pseudogene
RPL34P27,processed_pseudogene
LYRM9,protein_coding
SMG7-AS1,lncRNA
SEC1P,transcribed_unitary_pseudogene
AC080129.2,lncRNA
HMGN2P35,processed_pseudogene
AL353596.1,lncRNA
DPYD-AS1,lncRNA
GLRX5P2,processed_pseudogene
NDUFB4P10,processed_pseudogene
PHKA1P1,processed_pseudogene
AL451081.2,processed_pseudogene
AF127936.1,lncRNA
AC006466.1,processed_pseudogene
RPS11P5,processed_pseudogene
AL450344.3,lncRNA
IQCA1-AS1,lncRNA
CYCSP10,processed_pseudogene
DLGAP4-AS1,lncRNA
AL157823.2,lncRNA
RERE-AS1,lncRNA
HMGN2P27,processed_pseudogene
HSPE1P6,processed_pseudogene
AC000078.1,processed_pseudogene
DDX3P1,processed_pseudogene
AC083864.2,lncRNA
LINC00342,lncRNA
HCG25,lncRNA
RPL35AP20,processed_pseudogene
AC002480.2,lncRNA
AL512844.1,processed_pseudogene
SNHG15,lncRNA
HMGN2P20,processed_pseudogene
AP001062.2,lncRNA
POLHP1,processed_pseudogene
LINC00327,lncRNA
AL161909.2,lncRNA
RPL7P14,processed_pseudogene
RGS5,lncRNA
MIR3936HG,lncRNA
RPEP4,processed_pseudogene
HDAC1P2,transcribed_processed_pseudogene
SNHG7,lncRNA
AL669841.1,lncRNA
CRYZP1,processed_pseudogene
AC243772.2,lncRNA
CASK-AS1,lncRNA
PTPRN2-AS1,lncRNA
FAM204BP,processed_pseudogene
AL049820.1,lncRNA
RPL15P5,processed_pseudogene
AL353621.1,processed_pseudogene
ERVH48-1,protein_coding
EEF1A1P14,processed_pseudogene
LINC00884,lncRNA
TTLL7-IT1,lncRNA
SAR1AP4,processed_pseudogene
RPS15AP6,processed_pseudogene
AL353764.1,lncRNA
RPL23AP25,processed_pseudogene
AC015922.1,unprocessed_pseudogene
GLCCI1-DT,lncRNA
RAB1C,processed_pseudogene
AL358075.3,processed_pseudogene
VN1R20P,unitary_pseudogene
RPS15AP14,processed_pseudogene
AC104451.1,unprocessed_pseudogene
AL512656.1,lncRNA
HMGA1P8,processed_pseudogene
RPS12P17,processed_pseudogene
AC138356.2,processed_pseudogene
AL161457.2,lncRNA
AC093157.1,lncRNA
RPL12P29,processed_pseudogene
RNF224,protein_coding
WBP1P2,processed_pseudogene
AL357373.1,processed_pseudogene
AC008080.3,lncRNA
AC133785.1,lncRNA
AC016876.1,lncRNA
SSBL3P1,processed_pseudogene
AC079807.1,lncRNA
HNRNPA1P49,processed_pseudogene
LINC00472,lncRNA
PHC2-AS1,lncRNA
UBE2E4P,processed_pseudogene
AC233728.1,lncRNA
RPL21P134,processed_pseudogene
AC006042.2,processed_pseudogene
HMGB1P31,processed_pseudogene
SNRPEP4,processed_pseudogene
GPX1,protein_coding
RPS26P2,processed_pseudogene
AC009362.1,processed_pseudogene
AL133343.2,lncRNA
FAM90A20P,unprocessed_pseudogene
RASA4DP,unprocessed_pseudogene
XXYLT1-AS1,lncRNA
MIPEPP3,transcribed_unprocessed_pseudogene
PFN1P1,processed_pseudogene
AL078581.2,lncRNA
FAM53B-AS1,lncRNA
UBE2FP3,processed_pseudogene
AC018878.1,lncRNA
AL139120.1,lncRNA
ATP6V1G1P4,processed_pseudogene
ERP29P1,processed_pseudogene
AC006019.2,lncRNA
AL133480.1,lncRNA
GTF2IP4,transcribed_processed_pseudogene
RPS2P48,processed_pseudogene
AK4P3,processed_pseudogene
NKAPP1,transcribed_processed_pseudogene
AC073089.1,processed_pseudogene
CNIH3-AS2,lncRNA
AP000688.2,lncRNA
LINC01719,lncRNA
AL162430.1,processed_pseudogene
RPS25P3,processed_pseudogene
LINC01783,lncRNA
EIF3FP3,processed_pseudogene
PPIAP65,processed_pseudogene
HOTAIRM1,lncRNA
BTBD18,protein_coding
AL445524.1,lncRNA
ST6GALNAC4P1,processed_pseudogene
EEF1A1P6,processed_pseudogene
AL031280.1,lncRNA
AL133325.2,lncRNA
TMEM238,protein_coding
ZNF197-AS1,lncRNA
Z98742.2,processed_pseudogene
AL356653.1,processed_pseudogene
AC005162.1,lncRNA
AL590490.1,lncRNA
PHBP5,processed_pseudogene
RANP8,processed_pseudogene
ZNF529-AS1,lncRNA
AC003035.2,lncRNA
AC017104.2,lncRNA
DNM3-IT1,lncRNA
LINC00513,lncRNA
KRT8P39,processed_pseudogene
EIF4EP1,processed_pseudogene
KRT8P15,processed_pseudogene
AC231533.2,transcribed_processed_pseudogene
CYP51A1P2,processed_pseudogene
LINC02609,lncRNA
BTF3P5,processed_pseudogene
AC133435.1,processed_pseudogene
ERI3-IT1,lncRNA
JTBP1,processed_pseudogene
TWIST2,protein_coding
RPL10P19,transcribed_processed_pseudogene
AC019068.1,lncRNA
DCUN1D2-AS,lncRNA
LINC01137,lncRNA
CYP2T1P,transcribed_unitary_pseudogene
PGAM1P11,processed_pseudogene
AC092814.2,processed_pseudogene
AC015923.1,lncRNA
PANTR1,lncRNA
NENFP1,processed_pseudogene
AC010095.1,processed_pseudogene
AC108047.1,lncRNA
CALM2P4,processed_pseudogene
AL353662.1,processed_pseudogene
PIRT,protein_coding
RNASEH2B-AS1,lncRNA
AL451062.1,processed_pseudogene
DDX39BP1,unprocessed_pseudogene
EBAG9P1,processed_pseudogene
PBX1-AS1,lncRNA
GAS6-AS1,lncRNA
RPL22P11,processed_pseudogene
MTFR2P1,processed_pseudogene
RPS29P29,processed_pseudogene
NCKAP5-AS1,lncRNA
LINC01765,lncRNA
AL359918.2,lncRNA
RPL36AP13,processed_pseudogene
DSCAM-IT1,lncRNA
AC092835.1,protein_coding
RPS15P4,processed_pseudogene
AC104339.1,processed_pseudogene
AP001442.1,lncRNA
AC131011.1,lncRNA
AC139887.1,lncRNA
LINC01237,lncRNA
AP000695.2,lncRNA
AL391839.2,lncRNA
MIR4280HG,lncRNA
RPL26P15,processed_pseudogene
EIF4HP1,processed_pseudogene
AC005083.1,lncRNA
AC139769.1,transcribed_unprocessed_pseudogene
EIF3LP2,processed_pseudogene
AL357055.1,processed_pseudogene
PCDH9-AS4,lncRNA
AC093732.1,lncRNA
SELENOTP1,processed_pseudogene
ERCC8-AS1,lncRNA
AL513188.1,lncRNA
AC103563.7,lncRNA
LATS2-AS1,lncRNA
AC005304.1,lncRNA
ADH5P4,processed_pseudogene
LLPHP3,processed_pseudogene
DLG5-AS1,lncRNA
RPL7P44,processed_pseudogene
GAPDHP68,processed_pseudogene
AL606517.1,processed_pseudogene
YEATS2-AS1,lncRNA
PAIP1P1,processed_pseudogene
EZR-AS1,lncRNA
LINC01503,lncRNA
AC026202.2,lncRNA
RPL10P9,processed_pseudogene
ZDHHC20P1,processed_pseudogene
RPSAP13,processed_pseudogene
RPS28,protein_coding
MT1XP1,processed_pseudogene
CTC-338M12.4,lncRNA
UQCRHL,protein_coding
BTF3P6,processed_pseudogene
UBE2SP1,processed_pseudogene
AL359715.1,lncRNA
RPS20P10,processed_pseudogene
AC138951.1,processed_pseudogene
LINC02574,lncRNA
AC099681.3,lncRNA
RPL22P21,processed_pseudogene
AL353754.1,processed_pseudogene
DTD1-AS1,lncRNA
GDI2P2,processed_pseudogene
SETP5,processed_pseudogene
MTATP6P27,unprocessed_pseudogene
AC092017.1,processed_pseudogene
DDX39B-AS1,lncRNA
RPL5P34,processed_pseudogene
AC022018.1,processed_pseudogene
CHIAP3,unprocessed_pseudogene
AL157834.2,lncRNA
EIF2AK3-DT,lncRNA
RPS3AP44,processed_pseudogene
TXNP6,processed_pseudogene
RPL10P12,processed_pseudogene
AL512326.5,processed_pseudogene
NUDT9P1,processed_pseudogene
AL158151.2,lncRNA
EDDM3CP,processed_pseudogene
AL390879.1,transcribed_unprocessed_pseudogene
AC074117.1,lncRNA
TPRG1-AS1,lncRNA
AL596275.1,processed_pseudogene
AL049552.1,lncRNA
AL157392.2,lncRNA
RPS15AP11,processed_pseudogene
AL133465.1,lncRNA
SRP14P2,processed_pseudogene
AC099066.3,processed_pseudogene
RPL13AP6,processed_pseudogene
TRIM26,protein_coding
AL158835.2,lncRNA
AC055764.1,lncRNA
AC006042.3,lncRNA
COX6CP13,processed_pseudogene
NAP1L4P3,processed_pseudogene
AL035446.1,lncRNA
AC018511.2,lncRNA
ELOBP1,processed_pseudogene
RBPMSLP,processed_pseudogene
AL513165.1,lncRNA
PABPC5-AS1,lncRNA
ELOBP4,processed_pseudogene
RNASEH1-AS1,lncRNA
AL355355.2,processed_pseudogene
HSPA8P1,processed_pseudogene
LINC01114,lncRNA
LINC01952,lncRNA
AC068533.3,lncRNA
ACSL3-AS1,lncRNA
ETV5-AS1,lncRNA
H3P3,processed_pseudogene
AL121957.1,lncRNA
AC005529.1,lncRNA
CT66,lncRNA
CDCA4P4,unprocessed_pseudogene
TMEM229A,protein_coding
KCNH1-IT1,lncRNA
AL109618.1,processed_pseudogene
MAP3K5-AS1,lncRNA
AP000936.3,processed_pseudogene
Z98752.2,processed_pseudogene
RPL30P2,processed_pseudogene
COX7BP2,processed_pseudogene
LANCL1-AS1,lncRNA
LINC01731,lncRNA
ZNF879,protein_coding
AC006026.3,lncRNA
AC099560.2,processed_pseudogene
H2BS1,protein_coding
AC116366.1,lncRNA
BACH1-IT3,lncRNA
PSIP1P1,processed_pseudogene
AC099794.1,lncRNA
ST13P18,processed_pseudogene
RPL9P2,processed_pseudogene
MRPS10P2,processed_pseudogene
ZNF232-AS1,lncRNA
AL604028.2,processed_pseudogene
BCAS2P2,processed_pseudogene
RPS4XP11,processed_pseudogene
AC026462.1,processed_pseudogene
AC073349.2,processed_pseudogene
ELF2P1,processed_pseudogene
AC007405.1,lncRNA
AP000346.2,transcribed_unprocessed_pseudogene
RPS26P47,processed_pseudogene
AC003080.1,processed_pseudogene
AL391863.2,lncRNA
PFN1P3,processed_pseudogene
TATDN1P1,processed_pseudogene
OBI1-AS1,lncRNA
LINC01426,lncRNA
CTBP2P8,processed_pseudogene
USP27X-AS1,lncRNA
AL592546.2,lncRNA
PPIAP34,processed_pseudogene
Z69733.1,lncRNA
CCDC188,protein_coding
AC015983.2,lncRNA
ZNF37BP,transcribed_processed_pseudogene
AC023051.1,lncRNA
AC092171.3,lncRNA
ZNF736,protein_coding
FGF14-AS1,lncRNA
AC068489.1,lncRNA
AC005534.1,processed_pseudogene
MAGI2-AS3,lncRNA
AC006960.1,processed_pseudogene
AC002064.2,lncRNA
PINLYP,protein_coding
ZNF101P2,processed_pseudogene
ACBD3-AS1,lncRNA
RPL27P6,processed_pseudogene
SP2-AS1,lncRNA
RPL13AP20,processed_pseudogene
AC008267.3,unprocessed_pseudogene
LINC01506,lncRNA
AP000253.1,lncRNA
AC073072.1,processed_pseudogene
PPP1R2P1,transcribed_processed_pseudogene
PTGES3P1,processed_pseudogene
NDUFB1P2,processed_pseudogene
CSNK1G2P1,processed_pseudogene
FAM133B,protein_coding
LNCTAM34A,lncRNA
PPIAP90,processed_pseudogene
TPMTP2,processed_pseudogene
COX6B1P1,processed_pseudogene
AC019186.1,lncRNA
CCT6P3,transcribed_unprocessed_pseudogene
AC125807.1,processed_pseudogene
AL021068.1,processed_pseudogene
AL355994.4,processed_pseudogene
MAPKAPK5-AS1,lncRNA
C2CD4D-AS1,lncRNA
JRK,protein_coding
SNRK-AS1,lncRNA
RPSAP9,processed_pseudogene
RPL7P11,processed_pseudogene
AC016894.1,processed_pseudogene
AC245060.2,lncRNA
NECAP1P2,processed_pseudogene
MED14OS,lncRNA
YWHAEP5,processed_pseudogene
AL162151.2,processed_pseudogene
PCCA-AS1,lncRNA
LRRTM4-AS1,lncRNA
CHL1-AS1,lncRNA
HMGN2P5,processed_pseudogene
IFT74-AS1,lncRNA
ELF3-AS1,lncRNA
SDCBP2-AS1,lncRNA
EPCAM-DT,lncRNA
AL139289.1,lncRNA
AL139339.1,lncRNA
HMGA1P4,lncRNA
SEC61G-DT,lncRNA
UPF3AP3,transcribed_processed_pseudogene
AC007161.1,transcribed_processed_pseudogene
NPIPB2,protein_coding
HDAC1P1,processed_pseudogene
AL162386.2,lncRNA
GAS5,lncRNA
AC144530.1,processed_pseudogene
EIF5AP4,processed_pseudogene
HLA-B,protein_coding
AC012618.2,processed_pseudogene
AP002381.1,processed_pseudogene
FOXP4-AS1,lncRNA
WASH4P,unprocessed_pseudogene
SLC25A25-AS1,lncRNA
LINC00412,lncRNA
AC012618.3,transcribed_unprocessed_pseudogene
C11orf94,protein_coding
BNC2-AS1,lncRNA
TPT1P9,processed_pseudogene
AL606517.2,processed_pseudogene
EEF1GP5,processed_pseudogene
HSPA8P3,processed_pseudogene
AL590369.1,lncRNA
RPS3AP6,processed_pseudogene
MORF4,processed_pseudogene
RPL26P29,processed_pseudogene
LINC01135,lncRNA
H2AC5P,unprocessed_pseudogene
ECI2-DT,lncRNA
AC007314.1,lncRNA
AL353705.3,processed_pseudogene
XRCC6P2,processed_pseudogene
PHBP13,processed_pseudogene
AC017007.2,processed_pseudogene
AC008758.2,lncRNA
RPL23AP42,processed_pseudogene
LINC00676,lncRNA
AL021392.1,lncRNA
PIGFP2,processed_pseudogene
MIR155HG,lncRNA
SOX9-AS1,lncRNA
APOC2,protein_coding
TEX21P,transcribed_unitary_pseudogene
SNHG20,lncRNA
AC098484.2,lncRNA
AC006450.2,lncRNA
ATP5PDP4,processed_pseudogene
CDC42P1,processed_pseudogene
AC010883.1,lncRNA
AL139128.1,processed_pseudogene
AC092839.1,lncRNA
SDHCP3,processed_pseudogene
FABP5P7,processed_pseudogene
SHISA8,protein_coding
AARSD1P1,processed_pseudogene
FTH1P2,processed_pseudogene
AC244034.1,processed_pseudogene
AL441963.1,processed_pseudogene
AC074085.2,processed_pseudogene
RPS3AP28,processed_pseudogene
ACTG1P25,transcribed_processed_pseudogene
AC016745.1,lncRNA
AC244453.3,lncRNA
SNRPCP19,processed_pseudogene
EIF4A1P2,processed_pseudogene
COX20P2,processed_pseudogene
SEMA3F-AS1,lncRNA
AL137077.1,processed_pseudogene
AL390783.1,lncRNA
AP001626.1,lncRNA
AC068580.3,lncRNA
MNX1-AS2,lncRNA
BMP7-AS1,lncRNA
DAAM2-AS1,lncRNA
C19orf81,protein_coding
AC005234.1,lncRNA
AL035456.1,processed_pseudogene
AL445193.2,lncRNA
TECRP1,processed_pseudogene
PPIAP3,processed_pseudogene
RPL7P8,processed_pseudogene
AL357497.1,lncRNA
AL021154.1,lncRNA
VDAC1P4,processed_pseudogene
RPL24P2,processed_pseudogene
AC009303.2,lncRNA
ARNILA,lncRNA
AC231981.1,lncRNA
ZRANB2-AS1,lncRNA
SUMO1P3,processed_pseudogene
CHCHD2P6,processed_pseudogene
AL031667.2,processed_pseudogene
RPL7L1P3,processed_pseudogene
ID2-AS1,lncRNA
AC118555.1,lncRNA
ANKRD65,protein_coding
AL356968.2,processed_pseudogene
BRD3OS,protein_coding
ZSCAN31,protein_coding
HSPE1P27,processed_pseudogene
CHCHD2P8,processed_pseudogene
AL138895.1,lncRNA
AL645504.1,lncRNA
AL445931.1,lncRNA
COX6CP17,processed_pseudogene
RPSAP16,processed_pseudogene
AC131097.3,lncRNA
AL121672.2,lncRNA
C12orf75,protein_coding
SMIM1,protein_coding
HGH1,protein_coding
RPL39P3,processed_pseudogene
RPL26P37,processed_pseudogene
LINC00601,lncRNA
SRP14P3,processed_pseudogene
AC009495.3,lncRNA
PPP1R3E,protein_coding
Z68868.1,processed_pseudogene
AL162724.2,lncRNA
TMSB10P2,processed_pseudogene
FAM83C-AS1,lncRNA
TSPY26P,transcribed_processed_pseudogene
AL591212.2,processed_pseudogene
RPL31P17,processed_pseudogene
AC137630.2,lncRNA
SUMO2P1,processed_pseudogene
DANT2,lncRNA
AL360181.2,lncRNA
AL020993.1,lncRNA
AC093155.2,processed_pseudogene
AC010240.2,processed_pseudogene
ITGA9-AS1,lncRNA
NDUFB4P6,processed_pseudogene
KDM5C-IT1,lncRNA
AC074117.2,processed_pseudogene
RAMACL,protein_coding
AC069079.1,lncRNA
MCF2L-AS1,lncRNA
AP000925.1,processed_pseudogene
HLA-W,unprocessed_pseudogene
RPL7AP25,processed_pseudogene
FAUP1,processed_pseudogene
AL354733.3,lncRNA
MRPL53P1,processed_pseudogene
HLA-Z,unprocessed_pseudogene
AL445991.1,processed_pseudogene
HM13-IT1,lncRNA
LINC00957,lncRNA
DUSP8P5,processed_pseudogene
AC012360.1,lncRNA
AC006946.1,processed_pseudogene
RPL12P25,transcribed_processed_pseudogene
Z84478.1,processed_pseudogene
AC016769.3,processed_pseudogene
AC114730.3,lncRNA
RPS29P16,processed_pseudogene
AC016292.1,lncRNA
SNRPGP10,processed_pseudogene
RPL36AP15,processed_pseudogene
SSR4P1,transcribed_processed_pseudogene
AL596202.1,lncRNA
LINC02154,lncRNA
SPAAR,protein_coding
EPN2-AS1,lncRNA
KRT18P63,processed_pseudogene
AC010149.1,lncRNA
AL133481.1,lncRNA
AC006159.1,lncRNA
AC083875.1,processed_pseudogene
DPY19L2P4,transcribed_unprocessed_pseudogene
LINC01278,lncRNA
ESRRAP2,transcribed_processed_pseudogene
RPS2P15,processed_pseudogene
AC016027.3,lncRNA
TRAPPC13P1,processed_pseudogene
AC098934.1,processed_pseudogene
AC079760.1,lncRNA
SMIM27,protein_coding
RPS26P31,processed_pseudogene
EIF4A1P7,processed_pseudogene
LINC01664,lncRNA
UBE2R2-AS1,lncRNA
JARID2-AS1,lncRNA
AC073046.1,lncRNA
AC105942.1,lncRNA
RPS2P7,processed_pseudogene
L3MBTL2-AS1,lncRNA
AC010978.1,lncRNA
AGAP1-IT1,lncRNA
AC087294.1,lncRNA
MSC-AS1,lncRNA
AC103923.1,lncRNA
NDUFB11P1,processed_pseudogene
RPL6P27,transcribed_processed_pseudogene
SRSF6P2,processed_pseudogene
NOP56P1,processed_pseudogene
AC002310.1,lncRNA
NFAM1,protein_coding
Z99758.1,lncRNA
LINC01871,lncRNA
RPL38P5,processed_pseudogene
AL365258.2,processed_pseudogene
AC011247.1,lncRNA
GAPDHP65,processed_pseudogene
LINC01102,lncRNA
POU5F1P3,processed_pseudogene
AL355472.1,processed_pseudogene
AF127577.4,lncRNA
FAM21EP,transcribed_unprocessed_pseudogene
RPL36AP33,processed_pseudogene
AC090952.1,lncRNA
AC016644.1,lncRNA
NUS1P1,processed_pseudogene
G3BP1P1,processed_pseudogene
FBXO30-DT,lncRNA
H3P6,processed_pseudogene
LINC00298,lncRNA
CHN2-AS1,lncRNA
AC090286.3,transcribed_processed_pseudogene
LDHAP2,processed_pseudogene
NPM1P26,processed_pseudogene
AC245884.3,processed_pseudogene
PPIAP20,processed_pseudogene
SNTG2-AS1,lncRNA
AC253536.4,unprocessed_pseudogene
HIGD2AP2,processed_pseudogene
CYCSP52,processed_pseudogene
PCBP2P1,processed_pseudogene
LINC00894,lncRNA
DICER1-AS1,lncRNA
LINC02250,lncRNA
HMGN1P36,processed_pseudogene
AC012308.1,processed_pseudogene
SEPTIN14P12,processed_pseudogene
KIAA0040,protein_coding
MSH2-OT1,lncRNA
SNRPGP5,processed_pseudogene
AP001625.2,lncRNA
AC000089.1,processed_pseudogene
DPYD-AS2,lncRNA
HNRNPA1P29,processed_pseudogene
ZNRF3-IT1,lncRNA
RPL35AP8,processed_pseudogene
PEF1-AS1,lncRNA
AC093157.2,lncRNA
HCFC1-AS1,lncRNA
MYL6P2,processed_pseudogene
PRELID1P3,processed_pseudogene
IFITM4P,processed_pseudogene
OLMALINC,lncRNA
RPL36AP26,processed_pseudogene
TBCAP2,processed_pseudogene
SRGAP3-AS4,lncRNA
BHLHE40-AS1,lncRNA
AC073333.1,lncRNA
LDHAP7,processed_pseudogene
AC005540.1,lncRNA
AC006978.1,processed_pseudogene
B3GALT4,protein_coding
GSN-AS1,lncRNA
Z99127.1,processed_pseudogene
AL158832.1,lncRNA
AC108472.1,lncRNA
CPB2-AS1,lncRNA
RHOA-IT1,lncRNA
APOA1-AS,lncRNA
AL031729.1,processed_pseudogene
MRPS18CP7,processed_pseudogene
ASH1L-AS1,lncRNA
THRAP3P3,processed_pseudogene
AC007405.2,lncRNA
RPL21P30,processed_pseudogene
MTND1P21,processed_pseudogene
ZNF815P,transcribed_unprocessed_pseudogene
AC002543.1,processed_pseudogene
H2BW3P,processed_pseudogene
EGOT,lncRNA
TTC28-AS1,lncRNA
COX7CP1,processed_pseudogene
UBOX5-AS1,lncRNA
PNMA6A,protein_coding
RPL7AP53,processed_pseudogene
MCCD1P1,unprocessed_pseudogene
COX5BP3,processed_pseudogene
VN2R19P,unitary_pseudogene
AC018816.1,lncRNA
AC007559.1,processed_pseudogene
AL136090.1,lncRNA
AC007731.3,lncRNA
AC011290.2,processed_pseudogene
ASMTL-AS1,lncRNA
AC004898.1,processed_pseudogene
AL591043.2,lncRNA
AL354766.2,lncRNA
AL591721.1,lncRNA
NSA2P1,processed_pseudogene
FABP5P2,processed_pseudogene
RPL13AP12,processed_pseudogene
RPL17P36,processed_pseudogene
HSPB1P1,processed_pseudogene
AL020995.1,lncRNA
AL627311.1,processed_pseudogene
HMGN2P28,processed_pseudogene
COX10-AS1,lncRNA
LDHAP3,processed_pseudogene
AL807757.2,lncRNA
ZBTB22,protein_coding
AC010729.1,lncRNA
AL603882.1,processed_pseudogene
AL136097.2,lncRNA
AC110995.1,lncRNA
AL022331.1,processed_pseudogene
TMEM147-AS1,lncRNA
RPL23AP37,processed_pseudogene
MRPS36P1,processed_pseudogene
AC104076.1,lncRNA
AL450311.1,lncRNA
PRADC1P1,processed_pseudogene
AL021408.1,lncRNA
AC009319.1,processed_pseudogene
TCEA1P4,processed_pseudogene
AC099811.1,lncRNA
PPP1R9A-AS1,lncRNA
KDM4A-AS1,lncRNA
LINC01376,lncRNA
AC073127.1,lncRNA
AC091132.2,lncRNA
AC009404.1,lncRNA
PPIAP64,processed_pseudogene
RPL26P30,transcribed_processed_pseudogene
AC004865.1,processed_pseudogene
NDP-AS1,lncRNA
PEBP1P3,processed_pseudogene
CLEC2L,protein_coding
NDUFB9P2,processed_pseudogene
ZBED5,protein_coding
AC048351.1,transcribed_processed_pseudogene
SLC12A9-AS1,lncRNA
EEF1E1P1,processed_pseudogene
AL138921.2,lncRNA
RPL34P34,processed_pseudogene
AC104333.2,processed_pseudogene
SNX9-AS1,lncRNA
AC005300.1,processed_pseudogene
AL831737.1,processed_pseudogene
RPL5P9,processed_pseudogene
FMR1-IT1,lncRNA
SUCLG2P2,processed_pseudogene
AC005220.1,lncRNA
AL358115.1,lncRNA
POU5F1P5,processed_pseudogene
CCDC200,protein_coding
ITCH-AS1,lncRNA
AC092800.1,lncRNA
DDX11L2,unprocessed_pseudogene
VLDLR-AS1,lncRNA
AC073336.1,lncRNA
NRADDP,transcribed_unitary_pseudogene
NDUFAF4P3,processed_pseudogene
KRT8P29,processed_pseudogene
AC009237.8,processed_pseudogene
AL162430.2,lncRNA
AC099336.2,processed_pseudogene
COPRSP1,processed_pseudogene
ATG10-IT1,lncRNA
AL035458.1,processed_pseudogene
AC090617.1,lncRNA
SNX2P2,processed_pseudogene
LINC00427,lncRNA
AC002401.1,lncRNA
GCNT1P1,processed_pseudogene
AC012513.2,processed_pseudogene
PKMP1,processed_pseudogene
MTND2P40,unprocessed_pseudogene
AC133473.1,processed_pseudogene
EIF2S2P3,processed_pseudogene
AC008080.4,lncRNA
GPS2P1,processed_pseudogene
AC107081.1,lncRNA
ATP13A5-AS1,lncRNA
AL135791.1,lncRNA
LINC01424,lncRNA
AL035448.1,lncRNA
RPS12P4,processed_pseudogene
H3P36,processed_pseudogene
RC3H1-IT1,lncRNA
AC003986.3,lncRNA
AC006547.1,lncRNA
AC008060.3,lncRNA
RPS27AP7,processed_pseudogene
RPL13AP5,processed_pseudogene
AC025038.1,lncRNA
BCL2L1-AS1,lncRNA
IFITM3P1,processed_pseudogene
YWHAQP5,processed_pseudogene
HNRNPA3P5,processed_pseudogene
AC241520.1,processed_pseudogene
SNRPGP14,processed_pseudogene
STARD13-AS,lncRNA
AP004290.1,processed_pseudogene
UST-AS2,lncRNA
S100A11P2,processed_pseudogene
RANP1,processed_pseudogene
ZNF853,protein_coding
AC127070.1,lncRNA
PITPNA-AS1,lncRNA
AL627308.2,processed_pseudogene
AC079780.1,processed_pseudogene
FRGCA,lncRNA
AC006450.3,lncRNA
KRT18P5,processed_pseudogene
MTX1P1,unprocessed_pseudogene
MAP3K2-DT,lncRNA
EIF1AXP1,processed_pseudogene
DAPK1-IT1,lncRNA
AC108448.2,processed_pseudogene
SMAD9-IT1,lncRNA
AL137071.1,lncRNA
AC094019.2,unprocessed_pseudogene
RPL31P63,processed_pseudogene
CLIC4P1,processed_pseudogene
YRDCP2,processed_pseudogene
MKLN1-AS,lncRNA
AC007666.1,lncRNA
DNAJC9-AS1,lncRNA
AC019118.2,lncRNA
RPL19P16,processed_pseudogene
COX7A2P2,processed_pseudogene
AC124916.1,processed_pseudogene
AL034550.1,lncRNA
AC092809.3,processed_pseudogene
RPL21P23,processed_pseudogene
AL512306.1,processed_pseudogene
LINC00299,lncRNA
AL513175.2,processed_pseudogene
AL157884.3,unprocessed_pseudogene
RPL24P8,processed_pseudogene
RPS3AP12,processed_pseudogene
SNX25P1,unprocessed_pseudogene
ELOA-AS1,lncRNA
GAPDHP2,processed_pseudogene
BTF3P8,processed_pseudogene
AC046176.1,processed_pseudogene
LINC01563,lncRNA
Z97634.1,transcribed_processed_pseudogene
AC090617.2,lncRNA
AC069213.3,processed_pseudogene
RPL23AP95,processed_pseudogene
NIFK-AS1,lncRNA
RPL39P29,processed_pseudogene
BET1-AS1,lncRNA
RPS20P24,processed_pseudogene
RPL23AP23,processed_pseudogene
Z98885.1,processed_pseudogene
ZKSCAN7-AS1,lncRNA
LINC00106,lncRNA
PPIAP36,processed_pseudogene
TMSB4XP1,processed_pseudogene
LINC01554,lncRNA
AL357055.2,processed_pseudogene
AC016027.5,processed_pseudogene
AL354726.1,lncRNA
TIMM9P1,processed_pseudogene
MIR600HG,lncRNA
AC104333.3,processed_pseudogene
LINC01852,lncRNA
AL162411.1,lncRNA
AC008267.4,processed_pseudogene
AL031005.1,lncRNA
BAALC-AS2,lncRNA
AC096533.1,processed_pseudogene
ZDHHC20-IT1,lncRNA
LINC01141,lncRNA
GGT8P,unprocessed_pseudogene
FABP5P1,processed_pseudogene
AC091685.2,processed_pseudogene
ANKRD44-IT1,lncRNA
AL157938.2,lncRNA
EDRF1-AS1,lncRNA
RPL12P12,processed_pseudogene
GAPDHP21,processed_pseudogene
AC126124.2,processed_pseudogene
ZNRF2P1,transcribed_processed_pseudogene
GLIS3-AS1,lncRNA
AL031186.1,lncRNA
AC245052.4,lncRNA
AL121601.2,processed_pseudogene
RPSAP7,processed_pseudogene
ZEB1-AS1,lncRNA
NDUFA6-DT,lncRNA
RPS28P4,processed_pseudogene
NANOGP4,transcribed_processed_pseudogene
AC005550.2,lncRNA
AL162727.2,lncRNA
COX5BP6,processed_pseudogene
AL163193.1,processed_pseudogene
PCNPP4,processed_pseudogene
AC092809.4,lncRNA
CYP2F2P,transcribed_processed_pseudogene
AC073254.1,lncRNA
MRPS6P2,processed_pseudogene
RASGRP3-AS1,lncRNA
AL159169.1,processed_pseudogene
RPS26P41,processed_pseudogene
ZNF503-AS2,lncRNA
MCFD2P1,processed_pseudogene
AL353718.1,processed_pseudogene
CNTFR-AS1,lncRNA
RPS20P9,processed_pseudogene
RPS7P15,processed_pseudogene
B3GNT9,protein_coding
H3P7,processed_pseudogene
PRKAR1B-AS1,lncRNA
NR2F1-AS1,lncRNA
CDKN2AIPNL,protein_coding
SNAI1P1,processed_pseudogene
ZBTB40-IT1,lncRNA
AL080243.2,processed_pseudogene
AC008074.1,processed_pseudogene
ZNF295-AS1,lncRNA
Z99289.1,lncRNA
BMS1P10,transcribed_unprocessed_pseudogene
CREB3L2-AS1,lncRNA
LINC00987,lncRNA
Z99127.2,processed_pseudogene
PPIAP67,processed_pseudogene
MAPK6P3,processed_pseudogene
FTH1P11,processed_pseudogene
RSL24D1P8,processed_pseudogene
ANO7L1,transcribed_unprocessed_pseudogene
AL136982.3,lncRNA
CKMT1B,protein_coding
SMG1P1,transcribed_unprocessed_pseudogene
SRRM1P3,processed_pseudogene
GS1-124K5.4,lncRNA
RAI1-AS1,lncRNA
AL356320.2,processed_pseudogene
XIAP-AS1,lncRNA
AL445489.1,lncRNA
AC004461.1,processed_pseudogene
BX679664.2,processed_pseudogene
CDC42P6,processed_pseudogene
ITPK1P1,processed_pseudogene
AL354977.2,lncRNA
AL512330.1,lncRNA
AL355803.1,lncRNA
BRWD1-IT1,lncRNA
HOXD-AS2,lncRNA
RPL21P121,processed_pseudogene
AL022329.2,lncRNA
AL139130.1,lncRNA
HLA-DPA3,unprocessed_pseudogene
CAMTA1-IT1,lncRNA
NDUFA9P1,processed_pseudogene
NRXN2-AS1,lncRNA
AC069257.2,processed_pseudogene
FOXD2-AS1,lncRNA
BX293535.1,lncRNA
RPSAP11,processed_pseudogene
CAMTA1-DT,lncRNA
CECR7,transcribed_unprocessed_pseudogene
ZNF737,protein_coding
RGL2,protein_coding
RHEBP3,processed_pseudogene
CDK2AP2P2,processed_pseudogene
ID2B,processed_pseudogene
LINC01351,lncRNA
LINC01637,lncRNA
AL390023.1,processed_pseudogene
AL117350.1,lncRNA
RPS27AP8,processed_pseudogene
C10orf143,protein_coding
LINC01409,lncRNA
AC034102.1,processed_pseudogene
WAKMAR2,lncRNA
RPSAP15,processed_pseudogene
UNC5B-AS1,lncRNA
AC007384.1,lncRNA
SHISA9,protein_coding
NONOP2,processed_pseudogene
AL137847.2,lncRNA
HLA-DQA2,protein_coding
TTLL11-IT1,lncRNA
AC243919.1,transcribed_processed_pseudogene
KCND3-AS1,lncRNA
LINC01497,lncRNA
PYY2,transcribed_unprocessed_pseudogene
RAC1P4,processed_pseudogene
LINC00407,lncRNA
AC090192.1,processed_pseudogene
AP000251.1,lncRNA
AP001056.1,lncRNA
DYRK3-AS1,lncRNA
AC091286.1,processed_pseudogene
ELOCP18,processed_pseudogene
AL161454.1,processed_pseudogene
S100A11P1,processed_pseudogene
FRY-AS1,lncRNA
LINC02245,lncRNA
RPL28P2,processed_pseudogene
AC092967.1,processed_pseudogene
HLCS-IT1,lncRNA
KIFC1,protein_coding
C2orf74,protein_coding
AP003025.1,lncRNA
RPS15AP38,processed_pseudogene
KRR1P1,processed_pseudogene
RPL30P4,processed_pseudogene
AL109615.3,lncRNA
AP004289.2,processed_pseudogene
AC008937.2,lncRNA
EEF1A1P28,processed_pseudogene
Z95152.1,processed_pseudogene
CAMTA1-AS2,lncRNA
AC002075.2,processed_pseudogene
RPS5P8,processed_pseudogene
RNGTTP1,processed_pseudogene
AL163192.1,lncRNA
RNF216-IT1,lncRNA
RPL22P8,processed_pseudogene
UQCRBP1,processed_pseudogene
AL034379.1,processed_pseudogene
KCNH7-AS1,lncRNA
LINC01143,lncRNA
AC079922.2,lncRNA
AL592435.1,lncRNA
EEF1A1P30,processed_pseudogene
BANF1P3,processed_pseudogene
FAM200B,protein_coding
AL731563.2,lncRNA
AC126615.1,processed_pseudogene
ADAMTSL4-AS2,lncRNA
RPS20P12,processed_pseudogene
GFOD1-AS1,lncRNA
AL162615.1,processed_pseudogene
RPL18AP16,processed_pseudogene
MACORIS,lncRNA
AC010894.3,lncRNA
FAUP2,processed_pseudogene
AC022034.1,lncRNA
RPS3AP29,processed_pseudogene
CDK6-AS1,lncRNA
ST13P7,processed_pseudogene
RPS15AP29,processed_pseudogene
AC092422.1,lncRNA
FAM21FP,transcribed_unprocessed_pseudogene
SMU1P1,processed_pseudogene
AL773545.3,processed_pseudogene
AL606489.2,processed_pseudogene
NFIA-AS1,lncRNA
LINC00674,transcribed_unprocessed_pseudogene
AL513325.1,processed_pseudogene
POU5F1P4,processed_pseudogene
AL353691.1,processed_pseudogene
LINC01473,lncRNA
PPIAP13,processed_pseudogene
DGUOK-AS1,lncRNA
NALT1,lncRNA
RPL23AP32,processed_pseudogene
AC087650.1,processed_pseudogene
KLF7-IT1,lncRNA
AL031289.1,lncRNA
AC004000.1,lncRNA
SRP68P3,unprocessed_pseudogene
RPL37P12,processed_pseudogene
AL078604.2,lncRNA
NFIA-AS2,lncRNA
CLIC4P3,processed_pseudogene
AL590729.1,lncRNA
AL450998.2,lncRNA
LINC01238,lncRNA
PRKCQ-AS1,lncRNA
LINC00844,lncRNA
AL357079.1,lncRNA
TUBG1P,processed_pseudogene
MTCO1P12,unprocessed_pseudogene
RFX5-AS1,lncRNA
EIF4HP2,processed_pseudogene
KCNMB2-AS1,lncRNA
DNAJB12P1,processed_pseudogene
LINC02773,lncRNA
PTENP1,transcribed_processed_pseudogene
CELF2-AS2,lncRNA
AL606970.4,lncRNA
OR2I1P,protein_coding
LINC01679,lncRNA
RPL35P1,processed_pseudogene
AC003659.1,lncRNA
PSME2P1,processed_pseudogene
RPL10P4,processed_pseudogene
COX6CP10,processed_pseudogene
AC104837.2,processed_pseudogene
AC093110.1,lncRNA
AL360169.1,lncRNA
ARMC4P1,transcribed_unprocessed_pseudogene
DDX39BP2,unprocessed_pseudogene
TMEM230P2,processed_pseudogene
Z98742.3,processed_pseudogene
ZEB2-AS1,lncRNA
AL355574.1,lncRNA
SPATA3-AS1,lncRNA
LRRC57P1,processed_pseudogene
CDC26P1,processed_pseudogene
LINC01352,lncRNA
AL356121.1,processed_pseudogene
NUDCP2,processed_pseudogene
LRRC37A2,protein_coding
AL031284.1,processed_pseudogene
AL590682.1,processed_pseudogene
PPP1R26P1,processed_pseudogene
AC006195.1,processed_pseudogene
ABCA17P,transcribed_unitary_pseudogene
RPL9P7,processed_pseudogene
GOLGA2P5,transcribed_unprocessed_pseudogene
RNF14P3,processed_pseudogene
RPS13P4,processed_pseudogene
LINC01410,lncRNA
AP000844.2,lncRNA
ARPC3P2,processed_pseudogene
BRWD1-AS1,lncRNA
BX284668.5,lncRNA
AC008753.1,processed_pseudogene
MLLT10P1,processed_pseudogene
LINC02863,lncRNA
AC007560.1,processed_pseudogene
IFITM3P5,processed_pseudogene
RPS2P35,processed_pseudogene
RPL39P6,processed_pseudogene
CD81-AS1,lncRNA
AL603839.2,lncRNA
ENOX1-AS2,lncRNA
PHACTR3-AS1,lncRNA
PAXBP1-AS1,lncRNA
LRIG2-DT,lncRNA
UBE2V2P3,processed_pseudogene
AC104462.2,lncRNA
TMEM250,protein_coding
OR7E7P,unprocessed_pseudogene
LINC00391,lncRNA
AL512288.2,processed_pseudogene
AC069549.1,lncRNA
HMGN2P17,processed_pseudogene
ST6GAL2-IT1,lncRNA
NSA2P7,processed_pseudogene
PHF5GP,processed_pseudogene
AL513320.1,lncRNA
NTM-IT,lncRNA
ALG1L6P,unprocessed_pseudogene
BX470102.1,lncRNA
MRPL50P2,processed_pseudogene
SLC35E1P1,processed_pseudogene
AL603839.3,lncRNA
MIR2113,miRNA
MIR1270,miRNA
MIR1972-1,miRNA
MIR1972-2,miRNA
RPL5P22,processed_pseudogene
GAPDHP39,processed_pseudogene
NCK1-DT,lncRNA
RPL27P12,processed_pseudogene
RPS20P22,transcribed_processed_pseudogene
RPL34P31,processed_pseudogene
AC008026.1,processed_pseudogene
AC092691.1,lncRNA
RPSAP4,processed_pseudogene
RPL21P10,processed_pseudogene
AC108693.1,processed_pseudogene
CASTOR1,protein_coding
AC002558.1,processed_pseudogene
AC080162.1,lncRNA
RNF103,protein_coding
RBM14,protein_coding
RPL35AP17,processed_pseudogene
LLPH-DT,lncRNA
AC090686.1,processed_pseudogene
NPM1P29,processed_pseudogene
AC090013.1,processed_pseudogene
ZNF775-AS1,lncRNA
AC125613.1,lncRNA
ALKBH6,protein_coding
ASB14,protein_coding
PCDHA13,protein_coding
Z68871.1,lncRNA
AP001469.3,lncRNA
ST3GAL6-AS1,lncRNA
AC090543.1,processed_pseudogene
AC007405.3,lncRNA
AC011979.1,processed_pseudogene
RPL7P38,processed_pseudogene
KLHL41,protein_coding
AC073517.1,lncRNA
RPS15AP16,processed_pseudogene
AC091390.2,unprocessed_pseudogene
MARK2P8,processed_pseudogene
CADM2-AS1,lncRNA
CASTOR3,transcribed_unprocessed_pseudogene
MYLK-AS1,lncRNA
RPL32P34,processed_pseudogene
RPS14P8,processed_pseudogene
AC108022.1,processed_pseudogene
AL442663.1,processed_pseudogene
HOXB-AS2,lncRNA
AC004951.2,transcribed_unprocessed_pseudogene
PPP2R5CP,processed_pseudogene
RPL37P2,processed_pseudogene
KMT2E-AS1,lncRNA
SETP11,processed_pseudogene
COX6CP14,processed_pseudogene
AL513122.2,lncRNA
RPL35AP16,processed_pseudogene
RUVBL1-AS1,lncRNA
HMGN1P7,processed_pseudogene
AC005165.2,processed_pseudogene
RPL12P20,processed_pseudogene
TFAP2E-AS1,lncRNA
PSMD6-AS2,lncRNA
AL157392.3,lncRNA
AC100793.1,processed_pseudogene
NME1,protein_coding
AL158801.1,processed_pseudogene
TNFSF12,protein_coding
AC006512.1,processed_pseudogene
AL354710.2,lncRNA
APOBEC3G,protein_coding
AC004890.1,processed_pseudogene
IMP3P2,processed_pseudogene
AC026316.2,lncRNA
AC009120.1,processed_pseudogene
AC125618.1,lncRNA
WBP1,protein_coding
MRPS17,protein_coding
AC098818.1,processed_pseudogene
RPL21P39,processed_pseudogene
DENND6A-AS1,lncRNA
AC092902.1,processed_pseudogene
AC007547.2,processed_pseudogene
AC008026.2,processed_pseudogene
SUGT1P3,transcribed_unprocessed_pseudogene
RPS4XP22,processed_pseudogene
RNF7P1,processed_pseudogene
AC092910.1,processed_pseudogene
DEFA3,protein_coding
IGSF11-AS1,lncRNA
RPS27P25,transcribed_processed_pseudogene
PARGP1,transcribed_unprocessed_pseudogene
C1orf226,protein_coding
ADSL,protein_coding
PRKAG2-AS1,lncRNA
RPL39P36,processed_pseudogene
RPS10P16,unprocessed_pseudogene
SNRPGP3,processed_pseudogene
AC092958.1,lncRNA
PRDX3P4,processed_pseudogene
ZBTB20-AS3,lncRNA
IGKV3-20,IG_V_gene
LILRA4,protein_coding
AC016687.1,processed_pseudogene
LILRA2,protein_coding
YBX1P3,processed_pseudogene
RPL7P24,processed_pseudogene
STIM2-AS1,lncRNA
SLC9A9-AS1,lncRNA
LINC00888,transcribed_unprocessed_pseudogene
OR9A3P,transcribed_unprocessed_pseudogene
LNCSRLR,lncRNA
AC104563.1,processed_pseudogene
AMY2B,protein_coding
IGHJ4,IG_J_gene
LY6G5B,protein_coding
PSMB9,protein_coding
RPL9P30,processed_pseudogene
RPS3AP22,processed_pseudogene
RPSAP12,processed_pseudogene
AC093627.3,lncRNA
AL132838.1,processed_pseudogene
FABP5P11,processed_pseudogene
RPL23AP75,processed_pseudogene
ETF1P2,processed_pseudogene
ERICH6-AS1,lncRNA
AL023653.1,lncRNA
AC087385.1,processed_pseudogene
MAGI1-AS1,lncRNA
PCDHGC3,protein_coding
ARHGEF3-AS1,lncRNA
SMKR1,protein_coding
AC080013.1,lncRNA
PPP1R35-AS1,lncRNA
AL512306.2,lncRNA
ZNF542P,transcribed_unprocessed_pseudogene
COX19,protein_coding
RPS27P29,processed_pseudogene
GHRLOS,lncRNA
AL450384.2,lncRNA
ACAD11,protein_coding
AC091805.1,processed_pseudogene
AC009078.2,transcribed_unprocessed_pseudogene
RPS2P5,processed_pseudogene
PPIL3,protein_coding
RPL23AP7,transcribed_processed_pseudogene
RPL36AP45,processed_pseudogene
RPL13P5,transcribed_processed_pseudogene
RPS4XP13,processed_pseudogene
SEC62-AS1,lncRNA
AC010343.1,processed_pseudogene
IGKV1-17,IG_V_gene
AC008799.1,processed_pseudogene
RPL9P3,processed_pseudogene
AC092691.2,processed_pseudogene
RPL5P23,processed_pseudogene
AC004801.2,transcribed_processed_pseudogene
AC012358.2,lncRNA
MTATP8P1,unprocessed_pseudogene
AC020917.1,processed_pseudogene
LRRFIP1P1,processed_pseudogene
RPS12P27,processed_pseudogene
RPL35AP14,processed_pseudogene
AC007622.1,processed_pseudogene
FOXO3B,protein_coding
REPIN1-AS1,lncRNA
RPL39P26,processed_pseudogene
RPS19P3,processed_pseudogene
SETP14,processed_pseudogene
AC092919.1,lncRNA
CDKN2B-AS1,lncRNA
RPL34P18,processed_pseudogene
AC116353.2,processed_pseudogene
UOX,transcribed_unitary_pseudogene
RPL7AP10,processed_pseudogene
RPL21P123,transcribed_processed_pseudogene
RPL3P9,processed_pseudogene
THOC7-AS1,lncRNA
AL031428.1,lncRNA
AC087071.2,lncRNA
AC006529.1,processed_pseudogene
AQP1,protein_coding
AL096701.3,lncRNA
RPS6P25,processed_pseudogene
RPL7P15,processed_pseudogene
AC145285.1,processed_pseudogene
AP001024.1,processed_pseudogene
LSP1P2,processed_pseudogene
AC106872.2,processed_pseudogene
MYL6P4,processed_pseudogene
ISY1,protein_coding
PNMA2,protein_coding
AC117382.1,processed_pseudogene
AL512306.3,lncRNA
AC146507.2,processed_pseudogene
AL139287.1,lncRNA
AC026348.1,processed_pseudogene
RPS27P21,processed_pseudogene
PCDHGC5,protein_coding
ARHGEF25,protein_coding
AC021205.1,processed_pseudogene
AC079944.1,processed_pseudogene
RPL36AP21,transcribed_processed_pseudogene
UBA52P8,processed_pseudogene
AC126389.1,processed_pseudogene
CAP1P1,processed_pseudogene
RPL21P4,processed_pseudogene
PEDS1,protein_coding
PSMC2P1,processed_pseudogene
RDH14,protein_coding
AC093627.4,lncRNA
AC009153.1,processed_pseudogene
IGKV1-16,IG_V_gene
RPS29P22,processed_pseudogene
LINC00886,lncRNA
AC131210.1,lncRNA
PLCXD2,protein_coding
AC132942.1,processed_pseudogene
RPL15P2,processed_pseudogene
AC022034.2,processed_pseudogene
LSAMP-AS1,lncRNA
RPS20P31,processed_pseudogene
AC021074.1,processed_pseudogene
RPL23AP64,processed_pseudogene
RPS27AP10,processed_pseudogene
AC090311.1,processed_pseudogene
RPL23AP67,processed_pseudogene
AL157400.4,lncRNA
AC017007.3,processed_pseudogene
SEPTIN7P6,processed_pseudogene
TPM3P9,transcribed_processed_pseudogene
AC105910.1,unprocessed_pseudogene
RPL29P24,processed_pseudogene
RPL23AP70,processed_pseudogene
AC004951.3,transcribed_unprocessed_pseudogene
NSUN6,protein_coding
RPL5P1,processed_pseudogene
RPL22P2,processed_pseudogene
PRICKLE2-AS2,lncRNA
HLA-DOB,protein_coding
RPL29P14,processed_pseudogene
HMGN1P8,processed_pseudogene
YAE1,protein_coding
ARHGAP31-AS1,lncRNA
AC104763.1,processed_pseudogene
ADAMTS9-AS1,lncRNA
FO393419.2,lncRNA
AP001992.1,transcribed_processed_pseudogene
AC010301.1,processed_pseudogene
IQCJ-SCHIP1-AS1,lncRNA
LINC02024,lncRNA
CSP2,processed_pseudogene
RPL12P31,processed_pseudogene
AC068308.1,lncRNA
AL136126.1,processed_pseudogene
CRCP,protein_coding
RPL17P19,processed_pseudogene
AC093620.1,lncRNA
ENPP7P4,transcribed_unprocessed_pseudogene
RPL34P33,processed_pseudogene
LINC02614,lncRNA
IGKV2-24,IG_V_gene
ZBTB20-AS2,lncRNA
SUCLG2-AS1,lncRNA
RPL36A,protein_coding
SNRPCP11,processed_pseudogene
IGKV3-11,IG_V_gene
AC007688.2,processed_pseudogene
RPL36AP43,processed_pseudogene
RPP21,protein_coding
LINC00903,lncRNA
CD302,protein_coding
AC022215.1,processed_pseudogene
EGFL8,protein_coding
EEF1A1P25,processed_pseudogene
RPL37P6,transcribed_processed_pseudogene
TDGF1P6,processed_pseudogene
AC092666.1,lncRNA
RPL7P19,processed_pseudogene
AC100832.1,processed_pseudogene
RPL39P38,processed_pseudogene
ATP5MF,protein_coding
PTPRG-AS1,lncRNA
HSPA8P9,processed_pseudogene
AC018638.3,processed_pseudogene
AL355032.1,processed_pseudogene
PSMC1P1,processed_pseudogene
RPS15AP24,processed_pseudogene
CA15P1,unitary_pseudogene
AGGF1P3,processed_pseudogene
CBX5P1,processed_pseudogene
AC092910.2,processed_pseudogene
ACTG1P20,processed_pseudogene
GUSBP2,transcribed_unprocessed_pseudogene
ARPC4,protein_coding
AC018475.1,processed_pseudogene
ZBTB20-AS1,lncRNA
CORT,protein_coding
AC092468.1,lncRNA
AC022121.1,processed_pseudogene
AC114728.1,processed_pseudogene
RARRES2P1,processed_pseudogene
UBQLN4P1,processed_pseudogene
AC069499.1,processed_pseudogene
RPS23P6,processed_pseudogene
INMT,protein_coding
CADM2-AS2,lncRNA
AC099340.1,processed_pseudogene
AC018450.1,lncRNA
RPL31P49,processed_pseudogene
ADAMTS9-AS2,lncRNA
ARPC1A,protein_coding
VWFP1,transcribed_unprocessed_pseudogene
AC074276.1,processed_pseudogene
ZNF90P1,processed_pseudogene
AC010469.2,processed_pseudogene
RPL7AP30,processed_pseudogene
AC104212.3,processed_pseudogene
IGKV1-9,IG_V_gene
AC002467.1,lncRNA
AP002812.1,processed_pseudogene
SCG5-AS1,lncRNA
RPL21P54,processed_pseudogene
ATP5PO,protein_coding
PLEKHO2,protein_coding
C8orf58,protein_coding
ANOS2P,transcribed_unprocessed_pseudogene
PISD,protein_coding
AC112496.1,lncRNA
AC079944.2,processed_pseudogene
RPL13P4,processed_pseudogene
RPS20P4,processed_pseudogene
RPS29P21,processed_pseudogene
RPL14P3,processed_pseudogene
MTCO1P55,processed_pseudogene
HOGA1,protein_coding
PWP2,protein_coding
AL021937.4,lncRNA
AC079447.1,protein_coding
PI4KA,protein_coding
ELOCP19,processed_pseudogene
AF213884.1,processed_pseudogene
RPL7AP2,processed_pseudogene
WWTR1-IT1,lncRNA
PRR34-AS1,lncRNA
AC114982.1,processed_pseudogene
LINC01743,lncRNA
RPS3AP49,processed_pseudogene
RPL9P28,processed_pseudogene
RPL7AP6,processed_pseudogene
AC084864.1,lncRNA
RPL7AP31,processed_pseudogene
RPS20P33,processed_pseudogene
MUC20-OT1,lncRNA
RPL36AP41,processed_pseudogene
AC090602.1,processed_pseudogene
RPL9P32,processed_pseudogene
AMACR,protein_coding
MTFP1,protein_coding
SNHG3,lncRNA
AC083904.1,processed_pseudogene
AC004884.2,lncRNA
AL121769.1,processed_pseudogene
AC093789.1,processed_pseudogene
ARHGDIG,protein_coding
AC017015.2,lncRNA
CRYZL2P,transcribed_unitary_pseudogene
AC008897.1,processed_pseudogene
AC022336.1,processed_pseudogene
RPL5P29,processed_pseudogene
RPS3AP14,processed_pseudogene
NECTIN3-AS1,lncRNA
ATP5MC1P3,processed_pseudogene
ARFGAP3,protein_coding
BGLAP,protein_coding
C22orf39,protein_coding
AC092597.1,processed_pseudogene
PEG10,protein_coding
SKINT1L,transcribed_unprocessed_pseudogene
LINC02082,lncRNA
RPL5P3,processed_pseudogene
ZBTB20-AS5,lncRNA
STAG3L5P,transcribed_unprocessed_pseudogene
DEFB109A,unprocessed_pseudogene
AC073861.1,processed_pseudogene
RPS26P52,processed_pseudogene
AC048334.1,unprocessed_pseudogene
AC058823.1,processed_pseudogene
RPL23AP40,processed_pseudogene
RPS12P31,processed_pseudogene
AC023906.1,processed_pseudogene
AC007215.1,processed_pseudogene
INHCAP,transcribed_unprocessed_pseudogene
BMS1P4,transcribed_unprocessed_pseudogene
RPL12P30,processed_pseudogene
EIF6,protein_coding
AL590705.3,lncRNA
LINC00901,lncRNA
AC007537.1,processed_pseudogene
PCDHGC4,protein_coding
UPK3BP1,transcribed_unprocessed_pseudogene
AC127024.1,processed_pseudogene
RPL7AP11,processed_pseudogene
RBBP4P2,processed_pseudogene
AC093627.5,lncRNA
AC091429.1,processed_pseudogene
MRPL20,protein_coding
AF107885.1,transcribed_processed_pseudogene
ARPIN,protein_coding
NDUFB4P1,processed_pseudogene
LINC00960,lncRNA
AC100771.1,processed_pseudogene
AC083798.1,unprocessed_pseudogene
AC010729.2,lncRNA
POU5F1P6,unprocessed_pseudogene
AP001432.1,lncRNA
RPL21P11,processed_pseudogene
HLA-DMB,protein_coding
AC108010.1,lncRNA
RPL26P26,processed_pseudogene
RPL35AP13,processed_pseudogene
RPS3AP34,processed_pseudogene
DECR2,protein_coding
AC022415.1,transcribed_processed_pseudogene
AC092910.3,lncRNA
RPS24P16,processed_pseudogene
RPS29P11,processed_pseudogene
AC108693.2,lncRNA
AC015911.1,processed_pseudogene
RPS3AP43,processed_pseudogene
AC087385.2,processed_pseudogene
RPL12P21,processed_pseudogene
PDE6B-AS1,lncRNA
CNTF,protein_coding
RPS27AP1,processed_pseudogene
RPL5P12,processed_pseudogene
CCDC169,protein_coding
RTL5,protein_coding
AC012170.1,processed_pseudogene
AC090515.1,processed_pseudogene
RPL23AP81,transcribed_processed_pseudogene
LINC00882,lncRNA
ZBTB20-AS4,lncRNA
AC096576.1,processed_pseudogene
ZNF702P,transcribed_processed_pseudogene
AC117395.1,lncRNA
AC007849.1,lncRNA
GLYCTK-AS1,lncRNA
AC073842.2,lncRNA
AP5Z1,protein_coding
SOX2-OT,lncRNA
AC092691.3,lncRNA
RPS26P21,processed_pseudogene
AC020899.1,processed_pseudogene
AL591895.1,lncRNA
RPL5P11,processed_pseudogene
AL133368.1,processed_pseudogene
RPL7P16,processed_pseudogene
FLNC-AS1,lncRNA
RPL7P49,processed_pseudogene
ERVW-1,protein_coding
AC007182.2,processed_pseudogene
RPSAP3,transcribed_processed_pseudogene
AC139453.1,processed_pseudogene
AC040975.1,processed_pseudogene
FTH1P23,processed_pseudogene
AC068522.1,processed_pseudogene
FTH1P4,processed_pseudogene
AP000870.1,processed_pseudogene
RPL12P35,processed_pseudogene
PTMAP8,processed_pseudogene
AC005486.1,lncRNA
UBA52P3,processed_pseudogene
AC012158.1,transcribed_processed_pseudogene
RPL31P58,processed_pseudogene
GK-AS1,lncRNA
EIF4EBP3,protein_coding
ARHGEF26-AS1,lncRNA
AC107032.1,processed_pseudogene
AC079203.1,processed_pseudogene
RPS3P7,processed_pseudogene
AC000120.1,lncRNA
AC079760.2,lncRNA
MRPL33,protein_coding
AL162431.1,lncRNA
MICAL3,protein_coding
RPS10P28,processed_pseudogene
RPSAP36,transcribed_processed_pseudogene
AC092944.1,lncRNA
AC087343.1,processed_pseudogene
TUSC7,lncRNA
AC115223.1,processed_pseudogene
AC006252.1,lncRNA
AC011005.4,lncRNA
PCDHAC2,protein_coding
AC010326.1,processed_pseudogene
IGKV2-30,IG_V_gene
STON1,protein_coding
RPL30P14,processed_pseudogene
PRAF2,protein_coding
AGAP13P,unprocessed_pseudogene
RPL31P61,processed_pseudogene
AC018638.4,processed_pseudogene
AC103987.1,processed_pseudogene
AC008494.1,processed_pseudogene
AC106707.2,processed_pseudogene
STMP1,protein_coding
FGF14-IT1,lncRNA
LINC01998,lncRNA
PTPRVP,unitary_pseudogene
KCTD7,protein_coding
RPS29P19,processed_pseudogene
EFNA4,protein_coding
MCCC1-AS1,lncRNA
AC119424.1,lncRNA
AC012442.2,lncRNA
AC084198.1,processed_pseudogene
AC022973.2,processed_pseudogene
AC090543.2,processed_pseudogene
RPL35AP32,processed_pseudogene
MRPS31P5,transcribed_unprocessed_pseudogene
AC107021.1,lncRNA
RPS3AP18,processed_pseudogene
RPL23AP49,transcribed_processed_pseudogene
AC004223.1,processed_pseudogene
OR7E29P,unprocessed_pseudogene
RPL5P30,processed_pseudogene
AC010973.1,lncRNA
AC106820.1,processed_pseudogene
C4orf48,protein_coding
RPS18P13,processed_pseudogene
IGKV1-5,IG_V_gene
NAA80,protein_coding
MNX1-AS1,lncRNA
UBA52P5,processed_pseudogene
RPS23P1,processed_pseudogene
DNAJB6P7,processed_pseudogene
AC024940.2,processed_pseudogene
RPS26P28,processed_pseudogene
HNRNPKP4,processed_pseudogene
AC004967.1,transcribed_unprocessed_pseudogene
RPL17P22,processed_pseudogene
RPL12P24,processed_pseudogene
RPS2P44,processed_pseudogene
AC092957.1,lncRNA
AC003989.2,processed_pseudogene
IL10RB,protein_coding
AC109454.1,processed_pseudogene
CFB,protein_coding
FO393419.3,processed_pseudogene
ZNF487,protein_coding
RPS4XP14,processed_pseudogene
WDR92,protein_coding
RPL35AP9,processed_pseudogene
NME2,protein_coding
AC018638.5,processed_pseudogene
RPL37P23,processed_pseudogene
RPL35AP10,processed_pseudogene
AC006254.1,protein_coding
AC009108.1,processed_pseudogene
DUBR,lncRNA
RPL21P116,processed_pseudogene
NPIPB5,protein_coding
TTC4,protein_coding
RPLP0P2,transcribed_processed_pseudogene
EEF1A1P10,processed_pseudogene
HLA-L,transcribed_unprocessed_pseudogene
ST13P15,processed_pseudogene
AP001086.1,processed_pseudogene
JMJD7,protein_coding
LINC02044,lncRNA
AC090589.1,processed_pseudogene
RPL12P6,processed_pseudogene
AC011495.1,processed_pseudogene
AC092865.1,processed_pseudogene
WDR86-AS1,lncRNA
RPL5P17,processed_pseudogene
RPS3AP16,processed_pseudogene
RPSAP5,processed_pseudogene
THAP12P2,processed_pseudogene
TIPARP-AS1,lncRNA
MRPS6,protein_coding
ZNF512,protein_coding
AL390195.1,lncRNA
RPL23AP65,processed_pseudogene
PPIEL,transcribed_unprocessed_pseudogene
AC087752.1,processed_pseudogene
RPS24P17,processed_pseudogene
NFS1,protein_coding
B3GAT3P1,processed_pseudogene
RPL35P6,processed_pseudogene
AC093591.1,processed_pseudogene
FAM86DP,transcribed_unprocessed_pseudogene
DDOST,protein_coding
LINC01011,lncRNA
TMEM199,protein_coding
RPL5P24,processed_pseudogene
RPL13AP2,processed_pseudogene
AC007566.1,lncRNA
RPS2P41,processed_pseudogene
AC080128.1,processed_pseudogene
AC104653.2,lncRNA
RPS4XP6,processed_pseudogene
AC026410.2,processed_pseudogene
AC110749.1,processed_pseudogene
RPS4XP17,processed_pseudogene
PDCL3P4,processed_pseudogene
ATP1B3-AS1,lncRNA
AC078882.1,lncRNA
LINC01322,lncRNA
RPSAP51,processed_pseudogene
RPS12P20,processed_pseudogene
AC010973.2,lncRNA
RPS27AP13,processed_pseudogene
P2RY11,protein_coding
PBX2P1,processed_pseudogene
PPIAP71,processed_pseudogene
AC091153.3,lncRNA
TMEM141,protein_coding
AC113367.1,processed_pseudogene
FOXP1-AS1,lncRNA
TMEM225B,protein_coding
ILF2P1,processed_pseudogene
RPL26P35,processed_pseudogene
IFITM10,protein_coding
AC133134.1,processed_pseudogene
LINC01995,lncRNA
AC013356.1,processed_pseudogene
AC090058.1,processed_pseudogene
AC117394.2,lncRNA
DBNDD2,protein_coding
ITGB5-AS1,lncRNA
RPS3AP35,processed_pseudogene
GATA2-AS1,lncRNA
AC024293.1,processed_pseudogene
AC008677.2,processed_pseudogene
AC092953.1,processed_pseudogene
AL662791.1,lncRNA
RPL7P23,processed_pseudogene
PFN1P8,processed_pseudogene
AC116533.1,processed_pseudogene
ETV5,protein_coding
IGKV3-15,IG_V_gene
RPL34P21,processed_pseudogene
AC147067.1,lncRNA
RBM12,protein_coding
ERVFRD-1,protein_coding
AC005154.2,transcribed_processed_pseudogene
LILRA6,protein_coding
RPL18P13,processed_pseudogene
SCARF2,protein_coding
RWDD4P1,processed_pseudogene
SLC9A9-AS2,lncRNA
APOBEC3C,protein_coding
AC109587.1,lncRNA
KRT18P34,processed_pseudogene
AC022795.1,processed_pseudogene
AC098583.1,processed_pseudogene
RPL35AP29,processed_pseudogene
ODCP,processed_pseudogene
KCNK15-AS1,lncRNA
AC004890.2,transcribed_unprocessed_pseudogene
IGKV1-27,IG_V_gene
RPL21P120,processed_pseudogene
RPL12P33,processed_pseudogene
WNT5A-AS1,lncRNA
AC025062.1,processed_pseudogene
AC025518.1,processed_pseudogene
ASPRV1,protein_coding
MIATNB,lncRNA
TPTEP2,transcribed_unprocessed_pseudogene
AC022493.1,processed_pseudogene
AC008267.6,transcribed_unprocessed_pseudogene
AL109761.1,lncRNA
MTHFD2P1,transcribed_processed_pseudogene
FCGR2C,polymorphic_pseudogene
UBE2V1,protein_coding
RPL10AP1,processed_pseudogene
PTCHD4,protein_coding
AC139453.2,unprocessed_pseudogene
AC004918.1,lncRNA
AC084754.1,processed_pseudogene
BX679664.3,processed_pseudogene
RPSAP29,processed_pseudogene
ASLP1,unprocessed_pseudogene
AC139451.1,processed_pseudogene
C4A,protein_coding
AL132656.2,lncRNA
HBB,protein_coding
CRYBB2,protein_coding
N4BP2L2,protein_coding
AL137024.1,lncRNA
GABPB1-AS1,lncRNA
MTCYBP18,processed_pseudogene
ALKBH3-AS1,lncRNA
AL449212.1,unprocessed_pseudogene
RUFY1-AS1,lncRNA
AC123768.1,lncRNA
AC087521.1,lncRNA
LIFR-AS1,lncRNA
LINC02453,lncRNA
AC107959.1,lncRNA
AC092718.1,lncRNA
LINC00847,lncRNA
IGFBP7-AS1,lncRNA
A2M-AS1,lncRNA
SMARCA5-AS1,lncRNA
MALINC1,lncRNA
ARAP1-AS2,lncRNA
RNF139-AS1,lncRNA
AP001107.1,lncRNA
EEF1A1P4,processed_pseudogene
AC105285.1,lncRNA
SAP30L-AS1,lncRNA
AC124242.1,lncRNA
CYP2U1-AS1,lncRNA
AC008393.1,lncRNA
H2AZ1-DT,lncRNA
AP000866.1,lncRNA
LINC00461,lncRNA
NEAT1,lncRNA
RORA-AS1,lncRNA
AP000787.1,lncRNA
SCAMP1-AS1,lncRNA
FAM111A-DT,lncRNA
BDNF-AS,lncRNA
DACT3-AS1,lncRNA
DDX11-AS1,lncRNA
KLRK1-AS1,lncRNA
AC006064.1,lncRNA
ZNF585B,protein_coding
CRNDE,lncRNA
NADK2-AS1,lncRNA
MIR4300HG,lncRNA
CEBPA,protein_coding
RAD51-AS1,lncRNA
MEF2C-AS2,lncRNA
SNHG6,lncRNA
LINC01184,lncRNA
AC093752.1,transcribed_unprocessed_pseudogene
AP003352.1,lncRNA
AC090515.2,lncRNA
ALDH1L1-AS2,lncRNA
RAB30-DT,lncRNA
NUDT16P1,transcribed_unitary_pseudogene
AC016065.1,lncRNA
AP002026.1,lncRNA
LINC00900,lncRNA
KCTD21-AS1,lncRNA
AL353807.3,unprocessed_pseudogene
AC024588.1,lncRNA
LINC01550,lncRNA
UBR5-AS1,lncRNA
SBF2-AS1,lncRNA
AC116535.1,lncRNA
PRR7-AS1,lncRNA
EXTL3-AS1,lncRNA
PPM1K-DT,lncRNA
AC040168.1,lncRNA
DIAPH1-AS1,lncRNA
AL049840.2,lncRNA
AC138904.1,lncRNA
AF131216.1,lncRNA
FZD4-DT,lncRNA
AC079089.1,lncRNA
UBE2D3-AS1,lncRNA
AC093162.1,unprocessed_pseudogene
AC139795.1,transcribed_unprocessed_pseudogene
LINC00535,lncRNA
RASSF8-AS1,lncRNA
H2AJ,protein_coding
MGC16275,lncRNA
RGMB-AS1,lncRNA
STARD4-AS1,lncRNA
AP000487.1,lncRNA
LINC00920,lncRNA
UBAP1L,protein_coding
Z84485.1,lncRNA
SOCS2-AS1,lncRNA
PGAM5,protein_coding
BAALC-AS1,lncRNA
SNHG10,lncRNA
MIR210HG,lncRNA
AC009126.1,lncRNA
AC090204.1,lncRNA
AP000873.2,lncRNA
LINC01252,lncRNA
AC104078.1,lncRNA
UBL7-AS1,lncRNA
ZBED5-AS1,lncRNA
AC010255.1,lncRNA
ZCCHC3,protein_coding
TMED2-DT,lncRNA
DNAJC3-DT,lncRNA
AP000802.1,lncRNA
MIR4458HG,lncRNA
OIP5-AS1,lncRNA
CKMT2-AS1,lncRNA
SPTY2D1OS,protein_coding
TWF2,protein_coding
CPEB2-DT,lncRNA
MARS2,protein_coding
MTND4P12,processed_pseudogene
LRP4-AS1,lncRNA
AC139795.2,lncRNA
STX18-AS1,lncRNA
AC120114.1,lncRNA
USP51,protein_coding
TUBAP14,processed_pseudogene
PCED1B-AS1,lncRNA
AC008966.1,lncRNA
NR2F2-AS1,lncRNA
TMEM161B-AS1,lncRNA
AC024896.1,lncRNA
HMGN1P12,processed_pseudogene
AL139807.1,lncRNA
AC022364.1,lncRNA
SEC24B-AS1,lncRNA
AL160313.1,lncRNA
LINC00926,lncRNA
NRAV,lncRNA
FAM13A-AS1,lncRNA
UBA6-AS1,lncRNA
AC079061.1,lncRNA
DPH6-DT,lncRNA
NNT-AS1,lncRNA
AC008443.2,lncRNA
AC023154.1,lncRNA
SMURF2P1,transcribed_unprocessed_pseudogene
RRN3P1,transcribed_unprocessed_pseudogene
AC091849.1,unprocessed_pseudogene
ANK2-AS1,lncRNA
CR545473.1,unprocessed_pseudogene
AC098487.1,lncRNA
LINC02268,lncRNA
GAPDHP60,processed_pseudogene
LINC02283,lncRNA
ATG10-AS1,lncRNA
AC092658.1,processed_pseudogene
LINC02234,lncRNA
AC074194.1,lncRNA
WDR45P1,processed_pseudogene
CICP16,processed_pseudogene
STX18-IT1,lncRNA
LINC02513,lncRNA
KRT8P4,processed_pseudogene
AC114956.1,lncRNA
AC110794.1,processed_pseudogene
OCIAD1-AS1,lncRNA
TRIM52-AS1,lncRNA
SUMO2P17,transcribed_processed_pseudogene
CCNL2P1,processed_pseudogene
TNXA,unprocessed_pseudogene
MEF2C-AS1,lncRNA
AC104958.1,lncRNA
LUCAT1,lncRNA
CDK11B,protein_coding
WHAMMP2,transcribed_unprocessed_pseudogene
PIMREGP4,processed_pseudogene
AC010265.1,processed_pseudogene
AC008610.1,lncRNA
AC073358.1,unprocessed_pseudogene
PCDHAC1,protein_coding
AL645924.1,lncRNA
AC114781.1,processed_pseudogene
GAPDHP61,processed_pseudogene
FAM198B-AS1,lncRNA
SEMA6A-AS1,lncRNA
PCDHGB8P,transcribed_unitary_pseudogene
AL139147.1,lncRNA
AC098827.1,processed_pseudogene
AC107027.1,lncRNA
BACH1-IT1,lncRNA
NAIPP3,transcribed_unprocessed_pseudogene
AC104137.1,lncRNA
POU5F2,protein_coding
PCP4L1,protein_coding
ABHD14A,protein_coding
LINC02062,lncRNA
SRP14-AS1,lncRNA
AC098587.1,lncRNA
MTATP6P1,unprocessed_pseudogene
LINC02058,lncRNA
AC091906.1,lncRNA
ANP32C,processed_pseudogene
C5orf34-AS1,lncRNA
AC024558.1,processed_pseudogene
AC109454.2,lncRNA
AC079140.1,processed_pseudogene
KRT8P48,processed_pseudogene
AC026410.3,processed_pseudogene
AC023794.1,lncRNA
GLDCP1,transcribed_processed_pseudogene
DSTNP2,transcribed_unprocessed_pseudogene
AC022447.2,lncRNA
GAPDHP40,processed_pseudogene
AC095059.1,lncRNA
AC092608.1,lncRNA
AC002070.1,lncRNA
HMGA1P2,processed_pseudogene
RBM14-RBM4,protein_coding
AC113410.1,processed_pseudogene
OXCT1-AS1,lncRNA
ALG1L9P,lncRNA
ARHGAP22-IT1,lncRNA
HAS2-AS1,lncRNA
LINC02100,lncRNA
AC011406.1,processed_pseudogene
LINC02144,lncRNA
CCDC153,protein_coding
AC091180.2,lncRNA
LINC01948,lncRNA
AC008906.1,lncRNA
AC020699.1,processed_pseudogene
AC008883.1,lncRNA
AC108727.1,lncRNA
AC097534.1,lncRNA
AC093297.1,lncRNA
ARL4AP2,processed_pseudogene
HIGD1AP14,processed_pseudogene
AC092903.2,lncRNA
AC097103.1,lncRNA
AC026436.1,processed_pseudogene
AL645949.1,transcribed_processed_pseudogene
AL645949.2,processed_pseudogene
AC006427.1,processed_pseudogene
AC097376.2,transcribed_processed_pseudogene
USP46-DT,lncRNA
SERBP1P6,processed_pseudogene
AC010280.2,lncRNA
HHIP-AS1,lncRNA
AC105001.1,lncRNA
FMN1,protein_coding
HMGB1P21,processed_pseudogene
MTND5P11,processed_pseudogene
AC021087.1,lncRNA
CHP1P1,processed_pseudogene
AC046134.2,lncRNA
AC027607.1,lncRNA
AC022493.2,processed_pseudogene
KRT8P46,processed_pseudogene
LAMTOR3P2,processed_pseudogene
AC145098.1,lncRNA
AC093895.1,lncRNA
AC104819.1,unprocessed_pseudogene
HMGN2P4,processed_pseudogene
AC108471.1,processed_pseudogene
AC004672.1,lncRNA
SUMO2P6,processed_pseudogene
CLMAT3,lncRNA
COX6B1P5,processed_pseudogene
AC109492.1,lncRNA
AC008417.1,processed_pseudogene
AC114801.3,processed_pseudogene
AL158068.1,processed_pseudogene
ZNF436-AS1,lncRNA
AIG1P1,unprocessed_pseudogene
PPIAP77,processed_pseudogene
AC055733.1,processed_pseudogene
AC097537.1,lncRNA
AC112196.1,lncRNA
HAUS5,protein_coding
MTND6P4,processed_pseudogene
SUDS3P1,processed_pseudogene
PSD2-AS1,lncRNA
SLED1,transcribed_processed_pseudogene
PRDX2P3,processed_pseudogene
AC074134.1,processed_pseudogene
PCDHA11,protein_coding
AC091965.1,lncRNA
SEMA6A-AS2,lncRNA
AC096713.1,processed_pseudogene
MTND3P25,processed_pseudogene
AC079921.1,lncRNA
GAPDHP38,processed_pseudogene
ATP1B1P1,unprocessed_pseudogene
AC105389.2,lncRNA
ATP5MGL,protein_coding
AC108063.1,lncRNA
AC095059.2,processed_pseudogene
TMEM150C,protein_coding
NCOA4P3,processed_pseudogene
AC010226.1,lncRNA
C1QTNF7-AS1,lncRNA
PGAM1P9,processed_pseudogene
ATP5MGP3,processed_pseudogene
EEF1A1P9,processed_pseudogene
PDLIM1P4,processed_pseudogene
AC112249.1,processed_pseudogene
FTH1P24,processed_pseudogene
AC104779.1,lncRNA
LINC01411,lncRNA
LINC01088,lncRNA
AC036214.1,lncRNA
AC093523.1,lncRNA
UGDH-AS1,lncRNA
LINC02198,lncRNA
NPM1P27,processed_pseudogene
LINC02488,lncRNA
ATP6V1G1P6,processed_pseudogene
AC093879.1,lncRNA
AL033397.2,lncRNA
AC010285.1,lncRNA
AC117383.1,lncRNA
NAIP,protein_coding
AC092834.1,lncRNA
ZNF286B,transcribed_unprocessed_pseudogene
RBMXP4,processed_pseudogene
ZNF324B,protein_coding
AC008467.1,lncRNA
RBBP4P1,processed_pseudogene
GAPDHP70,processed_pseudogene
AC114956.2,lncRNA
AC006160.1,lncRNA
TMEM251P1,processed_pseudogene
AC008667.1,lncRNA
PPP2R2B-IT1,lncRNA
AC091885.1,processed_pseudogene
SERBP1P5,processed_pseudogene
AC034231.1,lncRNA
AC010424.1,processed_pseudogene
AC139887.2,lncRNA
AC011405.1,lncRNA
AL589765.4,lncRNA
AC080188.1,lncRNA
ZNF474-AS1,lncRNA
AC106872.6,processed_pseudogene
AC113349.1,lncRNA
AC024560.2,processed_pseudogene
AC008438.1,lncRNA
HOXC13-AS,lncRNA
AC008434.1,lncRNA
CARMN,lncRNA
NOP14-AS1,lncRNA
AC097716.1,lncRNA
AC106795.2,lncRNA
AC079921.2,lncRNA
AC026117.1,processed_pseudogene
SRD5A3-AS1,lncRNA
OSMR-AS1,lncRNA
AC093890.1,processed_pseudogene
ECSCR,protein_coding
AC108156.1,lncRNA
AC084357.2,lncRNA
AC083829.1,processed_pseudogene
ENPP7P10,unprocessed_pseudogene
AC025458.1,processed_pseudogene
AC124854.1,lncRNA
TRMT112P2,processed_pseudogene
AC106800.1,processed_pseudogene
AC093809.1,processed_pseudogene
AC091953.1,lncRNA
SNRPCP13,processed_pseudogene
THBS4-AS1,lncRNA
AC016559.2,processed_pseudogene
VCAN-AS1,lncRNA
LINC02021,lncRNA
AC112673.1,processed_pseudogene
KRT18P31,processed_pseudogene
AC145676.1,TEC
HS3ST5,protein_coding
EEF1A1P19,processed_pseudogene
SNX5P1,processed_pseudogene
PVT1,lncRNA
AC021106.1,processed_pseudogene
AC005920.2,lncRNA
AC106800.2,processed_pseudogene
ALG1L11P,unprocessed_pseudogene
MCPH1-AS1,lncRNA
PDCD6,protein_coding
AC119150.1,lncRNA
AC034207.1,processed_pseudogene
AC007016.1,processed_pseudogene
RAC1P2,processed_pseudogene
XBP1P1,processed_pseudogene
AC108067.1,lncRNA
AC084866.1,lncRNA
TRGV7,TR_V_pseudogene
YWHAQP6,processed_pseudogene
TMEM158,protein_coding
PPIC-AS1,lncRNA
AC027335.1,lncRNA
AC079848.1,lncRNA
AC018752.1,lncRNA
AC022272.1,lncRNA
AC104806.1,processed_pseudogene
AC009927.1,processed_pseudogene
CBX3P3,processed_pseudogene
AC114781.2,lncRNA
MAPK10-AS1,lncRNA
YJEFN3,protein_coding
AL445187.1,unprocessed_pseudogene
AC093214.1,processed_pseudogene
AP000866.2,lncRNA
AC025176.1,lncRNA
DNAH10OS,lncRNA
AC096576.3,lncRNA
CACNA1G-AS1,lncRNA
RHOQ-AS1,lncRNA
PCDHA10,protein_coding
AC116424.1,lncRNA
GAPDHP43,processed_pseudogene
AC004803.1,lncRNA
HOXC-AS2,lncRNA
AC139495.2,unprocessed_pseudogene
AC104619.3,processed_pseudogene
AC008957.1,lncRNA
AC022447.7,lncRNA
AC053513.1,lncRNA
RASA2-IT1,lncRNA
EEF1A1P13,processed_pseudogene
AC109927.1,lncRNA
HMGN1P15,processed_pseudogene
LINC02199,lncRNA
ALDH1L1-AS1,lncRNA
AC053527.2,lncRNA
AC008443.4,lncRNA
AC025754.1,lncRNA
AC010273.3,lncRNA
AC105383.1,lncRNA
AC110296.1,lncRNA
CTD-2350J17.1,lncRNA
PKD1P6,transcribed_unprocessed_pseudogene
PTTG2,protein_coding
AC019103.1,lncRNA
PSMC1P5,processed_pseudogene
AC002401.2,lncRNA
RDH10-AS1,lncRNA
MRPS31P4,transcribed_unprocessed_pseudogene
LINC02762,lncRNA
TRMT9B,protein_coding
AC091826.1,processed_pseudogene
ZNF718,protein_coding
SMIM20,protein_coding
AC003072.1,unprocessed_pseudogene
AC079140.2,processed_pseudogene
AC026402.1,processed_pseudogene
AC104596.1,lncRNA
RPSAP70,processed_pseudogene
AC016559.3,processed_pseudogene
STK32A-AS1,lncRNA
AC005740.2,processed_pseudogene
AC104819.2,unprocessed_pseudogene
TUNAR,protein_coding
AC008525.1,lncRNA
AC008871.1,lncRNA
UBE2CP3,processed_pseudogene
AP006623.1,lncRNA
AC008728.1,lncRNA
AC112722.1,lncRNA
KLHL2P1,unprocessed_pseudogene
SLC2A9-AS1,lncRNA
AC109481.1,processed_pseudogene
CCT5P1,processed_pseudogene
HOXC-AS1,lncRNA
AC122718.1,processed_pseudogene
LRRC37BP1,transcribed_unprocessed_pseudogene
GMPSP1,processed_pseudogene
DUTP7,processed_pseudogene
WBP1LP2,processed_pseudogene
CHCHD10,protein_coding
FAM218A,lncRNA
GPR162,protein_coding
AP002784.1,lncRNA
CCT6P2,processed_pseudogene
STK19B,unprocessed_pseudogene
ABHD17AP3,unprocessed_pseudogene
AC104407.1,lncRNA
KRT8P33,processed_pseudogene
ATP6V1E2,protein_coding
AC098591.3,processed_pseudogene
NTAN1P2,processed_pseudogene
GLI4,protein_coding
AC112173.1,processed_pseudogene
SMAD1-AS2,lncRNA
AC055733.2,lncRNA
AC093535.1,lncRNA
AC010210.1,lncRNA
AC005522.1,lncRNA
AC012645.1,lncRNA
AC091435.2,lncRNA
CXXC5-AS1,lncRNA
AC083906.3,lncRNA
AC068580.4,protein_coding
ST3GAL1P1,processed_pseudogene
AP001363.1,lncRNA
REELD1,protein_coding
AC114781.3,processed_pseudogene
KHDRBS2-OT1,lncRNA
NAIPP1,transcribed_unprocessed_pseudogene
AC008667.2,lncRNA
AC131182.1,lncRNA
AP000892.1,lncRNA
H3P23,processed_pseudogene
SELENOP,protein_coding
TPM3P6,processed_pseudogene
LINC02381,lncRNA
AC105250.1,processed_pseudogene
AC122714.1,processed_pseudogene
AC018645.1,unprocessed_pseudogene
AC093305.1,lncRNA
Z99943.2,unprocessed_pseudogene
AC025178.1,lncRNA
AC106865.1,transcribed_unprocessed_pseudogene
SNHG18,lncRNA
AC127070.2,lncRNA
ALG1L12P,unprocessed_pseudogene
AC112484.2,processed_pseudogene
ZBED3-AS1,lncRNA
AC074131.1,lncRNA
EPHA5-AS1,lncRNA
AC021087.2,processed_pseudogene
RNF138P1,processed_pseudogene
HNRNPKP1,processed_pseudogene
AC087359.1,unprocessed_pseudogene
TUBAP15,processed_pseudogene
RNPS1P1,processed_pseudogene
AC125807.2,lncRNA
SMAD1-AS1,lncRNA
GMDS-DT,lncRNA
AC131953.1,lncRNA
AC138956.1,lncRNA
AL035458.2,lncRNA
LINC01181,lncRNA
ENPP7P11,processed_pseudogene
AC091180.4,lncRNA
AC093752.2,lncRNA
AC011416.2,processed_pseudogene
GLUD1P3,transcribed_unprocessed_pseudogene
H3P14,processed_pseudogene
AC097658.2,lncRNA
AC021491.3,lncRNA
NSA2P6,processed_pseudogene
GAPDHP35,processed_pseudogene
AC022296.3,processed_pseudogene
SNHG21,lncRNA
AC098851.1,lncRNA
TMEM30BP1,processed_pseudogene
AC136604.2,lncRNA
GGCTP1,processed_pseudogene
ZFPM2-AS1,lncRNA
ORAOV1P1,processed_pseudogene
TMEM108-AS1,lncRNA
THAP9-AS1,lncRNA
AC114980.1,lncRNA
AC087854.1,lncRNA
RBX1P2,processed_pseudogene
AC008883.2,lncRNA
AC025459.1,processed_pseudogene
AC026700.1,processed_pseudogene
AC104126.1,lncRNA
AC025171.3,lncRNA
AF117829.1,lncRNA
AC084871.1,lncRNA
MRPS30-DT,lncRNA
AP002490.1,lncRNA
AL158068.2,lncRNA
SEPTIN14P4,processed_pseudogene
AC020661.1,lncRNA
AC096741.1,lncRNA
GSTCD-AS1,lncRNA
TMEM92-AS1,lncRNA
AC105345.2,lncRNA
AC079140.3,processed_pseudogene
AC010425.1,lncRNA
ZNF674,protein_coding
AL133330.1,lncRNA
DNAJB6P2,processed_pseudogene
AC010420.1,lncRNA
GOLGA5P1,processed_pseudogene
AL645924.2,processed_pseudogene
SNRPCP2,processed_pseudogene
ZNF345,protein_coding
GTF2F2P1,processed_pseudogene
AC010457.1,lncRNA
AC004069.1,lncRNA
AC108727.2,lncRNA
MAGI2-AS1,lncRNA
SMIM15-AS1,lncRNA
ALG1L2,protein_coding
AC018797.2,processed_pseudogene
AC093835.1,lncRNA
NDUFB4P2,processed_pseudogene
AC026704.1,lncRNA
SHANK3,protein_coding
AC114939.1,lncRNA
PSME2P4,processed_pseudogene
RTN3P1,processed_pseudogene
HSPD1P11,processed_pseudogene
LINC02475,lncRNA
AC024451.1,unprocessed_pseudogene
AC107884.1,lncRNA
ZNF550,protein_coding
SEMA5A-AS1,lncRNA
AC010598.1,processed_pseudogene
AC099550.1,lncRNA
AC008667.3,lncRNA
LINC01301,lncRNA
ALDH7A1P1,processed_pseudogene
FAM90A25P,unprocessed_pseudogene
AC093827.3,processed_pseudogene
AC068898.2,lncRNA
AC138956.2,lncRNA
AC145285.2,lncRNA
AIDAP2,transcribed_processed_pseudogene
LINC02615,lncRNA
LINC01094,lncRNA
GTF2IP9,transcribed_unprocessed_pseudogene
AC113398.2,lncRNA
AC020893.1,processed_pseudogene
AC135352.1,unprocessed_pseudogene
RPL32P3,transcribed_unprocessed_pseudogene
AL356488.1,processed_pseudogene
NRBF2P6,processed_pseudogene
FOXD1,protein_coding
PPIAP11,processed_pseudogene
PITPNM2-AS1,lncRNA
LIX1-AS1,lncRNA
AL162431.2,unprocessed_pseudogene
IMPA1P1,transcribed_unprocessed_pseudogene
AC108159.1,lncRNA
AC091849.2,lncRNA
AC091965.3,unprocessed_pseudogene
MALAT1,lncRNA
AC055733.3,processed_pseudogene
LINC02482,lncRNA
MFFP2,processed_pseudogene
TET2-AS1,lncRNA
MSNP1,processed_pseudogene
ABCA11P,transcribed_processed_pseudogene
HADHAP1,processed_pseudogene
AL928654.1,lncRNA
AC104825.1,lncRNA
AC119751.6,processed_pseudogene
LINC02172,lncRNA
NAIPP4,unprocessed_pseudogene
AC136475.1,lncRNA
ZNF346-IT1,lncRNA
FAM86EP,transcribed_unprocessed_pseudogene
AC010260.1,lncRNA
AC122718.2,processed_pseudogene
AC104791.1,lncRNA
MIR1343,miRNA
AC009812.1,lncRNA
MIR2278,miRNA
MIR2115,miRNA
MIR2276,miRNA
MIR2355,miRNA
MIR2116,miRNA
AC090198.1,lncRNA
AC102945.1,lncRNA
AC027698.1,lncRNA
PCDHGA12,protein_coding
LINC01605,lncRNA
AC131281.1,unprocessed_pseudogene
WASHC5-AS1,lncRNA
AC124069.1,lncRNA
AC037450.1,lncRNA
H2AZP2,processed_pseudogene
AC023632.1,processed_pseudogene
AC104986.1,processed_pseudogene
AC037459.2,lncRNA
GUSBP3,transcribed_unprocessed_pseudogene
AC090281.1,processed_pseudogene
PSME2P5,processed_pseudogene
AC040970.1,lncRNA
KLF3P1,processed_pseudogene
AC110998.1,processed_pseudogene
MIR124-1HG,lncRNA
C8orf88,protein_coding
SHLD3,protein_coding
AC103726.1,lncRNA
AP003354.1,lncRNA
AC090541.1,lncRNA
AC022826.1,unprocessed_pseudogene
CCDC71L,protein_coding
AC092828.1,lncRNA
HOXA10,protein_coding
AC025647.1,processed_pseudogene
TMEM200B,protein_coding
PCDHGB6,protein_coding
AC011676.1,lncRNA
SERPINE3,protein_coding
MAILR,lncRNA
SUMO2P19,unprocessed_pseudogene
AC024451.2,processed_pseudogene
AC146944.1,unprocessed_pseudogene
AC009884.1,lncRNA
PCBP2P2,processed_pseudogene
AC040934.1,lncRNA
TUG1,protein_coding
GUSBP16,unprocessed_pseudogene
TRNP1,protein_coding
AC016405.1,lncRNA
AC023644.1,lncRNA
AP003696.1,lncRNA
AC104561.1,lncRNA
AP003469.2,lncRNA
AC078852.1,lncRNA
AC034243.1,lncRNA
AC124067.2,lncRNA
AC103853.1,lncRNA
AC011726.1,lncRNA
CDC42P5,processed_pseudogene
NDUFA5P2,processed_pseudogene
AC136424.1,lncRNA
SMIM18,protein_coding
HMGB1P19,processed_pseudogene
AC103769.1,lncRNA
AC091185.1,lncRNA
AC104561.2,processed_pseudogene
AC113145.1,lncRNA
PCDHGA5,protein_coding
ATP6V1G1P2,processed_pseudogene
NACA2,protein_coding
HMGB1P41,processed_pseudogene
AC136628.3,processed_pseudogene
AC104350.1,lncRNA
CPP,processed_pseudogene
AC087752.2,processed_pseudogene
AC107909.1,lncRNA
AC138832.1,processed_pseudogene
PCDHGA7,protein_coding
AC018442.2,lncRNA
FAM86HP,transcribed_unprocessed_pseudogene
CA3-AS1,lncRNA
AC016065.2,processed_pseudogene
HOXA-AS2,lncRNA
AC024568.1,transcribed_processed_pseudogene
OSGEPL1-AS1,lncRNA
RNF5P1,processed_pseudogene
SUMO2P16,processed_pseudogene
AC090579.1,lncRNA
AC067817.1,lncRNA
KCNIP1-AS1,lncRNA
SLC10A5,protein_coding
GRPEL2-AS1,lncRNA
RPSAP74,processed_pseudogene
EIF5AL1,protein_coding
AP002852.1,lncRNA
AC022893.1,lncRNA
LINCR-0001,lncRNA
PRSS51,protein_coding
ZFHX4-AS1,lncRNA
AC100821.1,processed_pseudogene
AC103778.1,processed_pseudogene
GASAL1,lncRNA
AC027117.1,lncRNA
TAGLN2P1,processed_pseudogene
AC104964.1,lncRNA
AC027309.2,processed_pseudogene
AC011008.1,lncRNA
KBTBD11-OT1,lncRNA
AC103834.1,unprocessed_pseudogene
AC023632.2,lncRNA
ALG11,protein_coding
MINCR,lncRNA
ATXN7L3B,protein_coding
AC022973.3,lncRNA
SUMO2P20,processed_pseudogene
PRKDC,protein_coding
AC015909.2,lncRNA
PCDHGA6,protein_coding
LZTS1-AS1,lncRNA
OTUD6B-AS1,lncRNA
AC091182.2,lncRNA
AC087620.1,lncRNA
IGHGP,IG_C_pseudogene
AC019257.1,lncRNA
PCDHGA8,protein_coding
HMGB1P23,processed_pseudogene
TPTE2P1,transcribed_unprocessed_pseudogene
AC008429.2,processed_pseudogene
AC245164.1,lncRNA
LINC01170,lncRNA
AC136424.2,lncRNA
COX6B1P4,processed_pseudogene
GUSBP14,unprocessed_pseudogene
AC090796.1,lncRNA
AC067817.2,lncRNA
DSTNP3,processed_pseudogene
AC090197.1,lncRNA
PCDHGA10,protein_coding
AC246817.1,lncRNA
AC010834.3,lncRNA
AC022679.1,lncRNA
AC018616.1,lncRNA
PIGFP1,processed_pseudogene
PCDHGA11,protein_coding
AC013643.2,lncRNA
AC087752.3,lncRNA
FAM85B,lncRNA
AC104115.2,processed_pseudogene
PCDHGB2,protein_coding
AP003467.1,lncRNA
AC018442.3,processed_pseudogene
MAPRE1P1,processed_pseudogene
THAP12P7,processed_pseudogene
AC091982.1,lncRNA
AC105118.1,lncRNA
AC027117.2,lncRNA
AC024995.1,processed_pseudogene
VPS13B-DT,lncRNA
PCDHGB4,protein_coding
HMGN1P38,processed_pseudogene
AC008663.2,lncRNA
CLDN23,protein_coding
AC009563.1,lncRNA
AC008438.2,lncRNA
AC018861.1,processed_pseudogene
AC022679.2,lncRNA
CTB-178M22.2,lncRNA
ALG1L13P,transcribed_unprocessed_pseudogene
AC100810.1,lncRNA
AC087627.1,lncRNA
AC079015.1,lncRNA
AC103726.2,lncRNA
SRI-AS1,lncRNA
ZNF260,protein_coding
RPL10P8,processed_pseudogene
ALG1L10P,unprocessed_pseudogene
IGHEP2,IG_C_pseudogene
PKMP4,processed_pseudogene
AC009902.2,lncRNA
INTS9-AS1,lncRNA
AC104117.3,lncRNA
AC105150.1,lncRNA
AC018861.2,lncRNA
AC087273.2,lncRNA
AC022778.1,lncRNA
AC091144.2,processed_pseudogene
AC105206.2,lncRNA
AC024451.3,processed_pseudogene
LYN,protein_coding
SLC2A3P4,processed_pseudogene
PINX1,protein_coding
AC078852.2,lncRNA
AC005740.3,lncRNA
VENTXP6,processed_pseudogene
AP003467.2,processed_pseudogene
PCDHGB7,protein_coding
AC108449.1,lncRNA
AC093367.1,processed_pseudogene
MTND6P3,processed_pseudogene
AC104051.2,lncRNA
AC103853.2,lncRNA
AC009812.3,lncRNA
AC008663.3,lncRNA
AC090739.1,lncRNA
AC079209.2,lncRNA
AC011676.3,lncRNA
AC009686.1,lncRNA
NPIPB11,protein_coding
AC100797.1,lncRNA
AC011773.1,lncRNA
PCDHGB1,protein_coding
AP003465.1,lncRNA
AC100782.1,lncRNA
PAICSP4,processed_pseudogene
PCDHGA3,protein_coding
AC011377.1,lncRNA
AC022973.4,lncRNA
ERHP1,processed_pseudogene
BTF3P3,processed_pseudogene
AC018620.1,processed_pseudogene
TDGF1P5,processed_pseudogene
AC087672.2,lncRNA
MRPL9P1,transcribed_processed_pseudogene
AC023632.5,lncRNA
AC022973.5,lncRNA
MIR151A,miRNA
AC018607.1,lncRNA
AC008429.4,processed_pseudogene
CKS1BP7,processed_pseudogene
AF201337.1,processed_pseudogene
NDST1-AS1,lncRNA
MAFA-AS1,lncRNA
AC091563.1,lncRNA
AC120036.3,processed_pseudogene
AC100854.1,processed_pseudogene
CYCSP22,processed_pseudogene
AC011726.2,lncRNA
AC112191.2,processed_pseudogene
MIR124-2HG,lncRNA
MYL12AP1,processed_pseudogene
DUTP2,processed_pseudogene
RHPN1-AS1,lncRNA
AC090539.2,processed_pseudogene
AC132192.1,lncRNA
AC055876.2,unprocessed_pseudogene
AC087521.3,lncRNA
SIGLEC14,protein_coding
LINC02732,lncRNA
AL139349.1,lncRNA
AP003086.1,lncRNA
AC087203.1,processed_pseudogene
LINC02696,lncRNA
AP003392.1,lncRNA
AC084083.1,lncRNA
AC113143.1,lncRNA
AP001001.1,lncRNA
EIF2S2P6,processed_pseudogene
SF3A3P2,processed_pseudogene
RCC2P6,processed_pseudogene
AP002812.2,lncRNA
AP001107.4,lncRNA
PPIAP41,processed_pseudogene
AP002495.1,protein_coding
AP5B1,protein_coding
AL354920.1,lncRNA
LINC02749,lncRNA
PTP4A2P2,processed_pseudogene
AP002336.1,lncRNA
MPPED2-AS1,lncRNA
AP000487.2,lncRNA
RANP3,processed_pseudogene
AC010319.1,processed_pseudogene
CHMP4A,protein_coding
AP001107.5,lncRNA
AP001767.1,processed_pseudogene
ENPP7P12,processed_pseudogene
AP000757.1,lncRNA
FLJ20021,lncRNA
PABPC4L,protein_coding
AC027018.1,lncRNA
NAV2-AS3,lncRNA
AL354919.2,lncRNA
OMP,protein_coding
AC080023.1,lncRNA
AF131215.2,lncRNA
BBOX1-AS1,lncRNA
AP002768.1,lncRNA
AC087277.1,lncRNA
AC087276.1,lncRNA
PSMA2P1,processed_pseudogene
MAGEL2,protein_coding
OR7E126P,unprocessed_pseudogene
AC084337.1,processed_pseudogene
CSNK2A3,protein_coding
AP000662.1,lncRNA
AP002336.2,lncRNA
AP001783.1,lncRNA
DNAJB6P1,processed_pseudogene
AP003068.2,lncRNA
AC027031.2,lncRNA
AP001775.1,processed_pseudogene
NAV2-AS4,lncRNA
SMG1P6,unprocessed_pseudogene
WAC-AS1,lncRNA
AP003086.2,lncRNA
AC024475.1,lncRNA
RTL1,protein_coding
RASSF10-DT,lncRNA
AL136146.1,processed_pseudogene
AP003032.1,lncRNA
AP000873.4,lncRNA
PKD1P5,transcribed_unprocessed_pseudogene
AP002387.1,lncRNA
FPGT,protein_coding
AC013549.3,lncRNA
AP002812.3,lncRNA
AP001893.1,lncRNA
AC138866.1,unprocessed_pseudogene
SENCR,lncRNA
AP000722.1,lncRNA
MMADHCP2,processed_pseudogene
AC080023.2,processed_pseudogene
MEX3A,protein_coding
AP002453.1,processed_pseudogene
AP003059.1,lncRNA
AP001831.1,lncRNA
AC137894.1,lncRNA
AP001107.6,lncRNA
AP000889.1,unprocessed_pseudogene
NAP1L1P1,processed_pseudogene
AC008750.1,lncRNA
AP001107.7,lncRNA
AP001893.2,processed_pseudogene
AC022182.1,lncRNA
AC023232.1,processed_pseudogene
AP003084.1,processed_pseudogene
AP001825.1,lncRNA
FAR1-IT1,lncRNA
AC022182.2,lncRNA
AC067930.2,lncRNA
SLC22A18AS,protein_coding
AP001372.2,lncRNA
GVINP1,transcribed_unprocessed_pseudogene
AF131215.3,lncRNA
AP005018.2,unprocessed_pseudogene
AP003390.1,lncRNA
AP001107.8,lncRNA
NDUFA3P2,processed_pseudogene
MPV17L2,protein_coding
TMEM9B-AS1,lncRNA
LGR4-AS1,lncRNA
AC100763.1,lncRNA
DEFB109D,processed_pseudogene
SUGT1P4-STRA6LP,lncRNA
AC103794.1,lncRNA
PTPRJ-AS1,lncRNA
PKNOX2-AS1,lncRNA
PRR13P2,processed_pseudogene
AP001547.1,lncRNA
AC010247.1,lncRNA
AC113404.3,translated_processed_pseudogene
OPCML-IT1,lncRNA
AC087362.1,lncRNA
AC091053.2,lncRNA
BORCS8,protein_coding
AC087276.2,lncRNA
AP003392.2,processed_pseudogene
AC136475.2,lncRNA
SCARNA9,lncRNA
AP003168.1,processed_pseudogene
AC090692.1,lncRNA
AC130366.1,processed_pseudogene
AP000867.2,processed_pseudogene
AP001007.1,lncRNA
AF131215.4,lncRNA
GNG5P3,processed_pseudogene
LINC02705,lncRNA
KIRREL3-AS2,lncRNA
AP001458.1,lncRNA
AC103974.1,lncRNA
ALG1L9P,transcribed_unprocessed_pseudogene
FTLP6,processed_pseudogene
RSF1-IT2,lncRNA
DPP3,protein_coding
AP002498.1,lncRNA
AP001781.1,lncRNA
STX16-NPEPL1,protein_coding
BRK1,protein_coding
SLC1A2-AS1,lncRNA
LINC02739,lncRNA
ARL6IP1P3,processed_pseudogene
AF131216.3,lncRNA
AC136475.3,lncRNA
AP002807.1,lncRNA
SDHCP4,processed_pseudogene
MORF4L1P3,processed_pseudogene
NAV2-AS5,lncRNA
AC067930.4,lncRNA
FAM66D,lncRNA
PPIAP43,processed_pseudogene
AC009656.1,lncRNA
AP001318.2,lncRNA
AC013549.4,lncRNA
AC018523.1,processed_pseudogene
AP003168.2,lncRNA
AP003110.1,lncRNA
AF186192.2,transcribed_unprocessed_pseudogene
AC087442.1,lncRNA
AC010768.2,lncRNA
AP006259.1,lncRNA
AP003119.2,lncRNA
CHMP1B,protein_coding
AP002812.4,processed_pseudogene
CENATAC-DT,lncRNA
AC068587.2,processed_pseudogene
AP000880.1,lncRNA
AC090138.1,lncRNA
AP002360.1,lncRNA
HNRNPA1P76,processed_pseudogene
AP006621.2,lncRNA
STX17-AS1,lncRNA
EID3,protein_coding
TOLLIP-AS1,lncRNA
DEFB130C,transcribed_unprocessed_pseudogene
AC131934.1,lncRNA
AC026894.1,lncRNA
AC134775.1,lncRNA
AP000941.1,lncRNA
AC084125.2,lncRNA
AC087277.2,lncRNA
AC090559.1,lncRNA
SNHG9,lncRNA
PGAM1P8,transcribed_processed_pseudogene
AC011853.2,lncRNA
DDX18P5,processed_pseudogene
AC109322.1,lncRNA
MIR100HG,lncRNA
AP003059.2,lncRNA
AC068587.3,processed_pseudogene
AL136146.2,lncRNA
LINC02743,lncRNA
ELOBP2,processed_pseudogene
NAV2-IT1,lncRNA
ABCC6P2,transcribed_unprocessed_pseudogene
AP001922.4,processed_pseudogene
AP006621.3,lncRNA
AP000907.1,processed_pseudogene
EID1,protein_coding
AC004923.4,lncRNA
AF131215.5,lncRNA
AP002833.2,lncRNA
AP000759.1,lncRNA
AC068389.3,lncRNA
AP001922.5,lncRNA
AC136475.5,lncRNA
H2AZP4,processed_pseudogene
AP000907.2,lncRNA
AP001830.1,lncRNA
AC234917.1,lncRNA
AP002957.1,lncRNA
NDUFAF2P2,processed_pseudogene
LINC02761,lncRNA
AC120036.4,lncRNA
OPCML-IT2,lncRNA
TAS2R43,protein_coding
LINC02734,lncRNA
Z97989.1,lncRNA
AP000857.1,processed_pseudogene
HSPD1P13,processed_pseudogene
PCDHA3,protein_coding
RSF1-IT1,lncRNA
AP002340.1,lncRNA
AP002954.1,lncRNA
EBLN2,protein_coding
AP001922.6,lncRNA
AP001267.3,lncRNA
AL354813.1,lncRNA
CD44-AS1,lncRNA
AP003072.2,processed_pseudogene
AP002812.5,lncRNA
AC084125.3,lncRNA
AC108471.2,lncRNA
AC104031.1,lncRNA
AP001107.9,lncRNA
AP001528.1,lncRNA
GAU1,lncRNA
AC011092.2,lncRNA
AL353699.1,lncRNA
AC087362.2,lncRNA
AC100858.2,lncRNA
H3P33,processed_pseudogene
AC145124.1,lncRNA
AP001767.2,lncRNA
AP002990.1,protein_coding
AP002748.4,lncRNA
AC090589.2,lncRNA
AL356215.1,lncRNA
POLR2M,protein_coding
AP000708.1,lncRNA
AP002336.3,lncRNA
AC090625.2,lncRNA
B3GAT1-DT,lncRNA
AP000857.2,lncRNA
AC087203.2,processed_pseudogene
AP001266.2,lncRNA
ZNF252P-AS1,lncRNA
FDXACB1,protein_coding
AC073651.1,lncRNA
AC135279.2,processed_pseudogene
BRWD1-AS2,lncRNA
MIR9-3HG,lncRNA
AP000462.1,lncRNA
AL590627.1,transcribed_processed_pseudogene
LINC02440,lncRNA
PCDHB17P,transcribed_unprocessed_pseudogene
MTRNR2L9,processed_pseudogene
PABPC1P4,processed_pseudogene
AC093510.1,lncRNA
FAM222A-AS1,lncRNA
AC092471.1,transcribed_unitary_pseudogene
AC007619.1,lncRNA
TRIL,protein_coding
AC002563.1,lncRNA
AP003170.1,processed_pseudogene
SNHG1,lncRNA
AGAP2-AS1,lncRNA
AP000808.1,lncRNA
AC009533.2,processed_pseudogene
GOLGA2P10,transcribed_unprocessed_pseudogene
AC005845.1,lncRNA
AC020611.1,processed_pseudogene
AP000763.1,processed_pseudogene
AC078950.1,lncRNA
RMST,lncRNA
AC025576.2,lncRNA
MTRNR2L8,protein_coding
TAS2R20,protein_coding
AP000593.3,lncRNA
PXN-AS1,lncRNA
DENND5B-AS1,lncRNA
PRECSIT,lncRNA
FUNDC2P1,processed_pseudogene
AC020611.2,lncRNA
AP000786.1,lncRNA
PDCD5P1,processed_pseudogene
AC148477.1,lncRNA
CCND2-AS1,lncRNA
AP002993.1,lncRNA
AP003108.1,lncRNA
AC117500.2,lncRNA
AC069234.1,lncRNA
AC073916.1,processed_pseudogene
AC006064.3,lncRNA
AC024145.1,lncRNA
AC026333.1,processed_pseudogene
CYP2A6,protein_coding
AP000439.2,lncRNA
AC131009.1,lncRNA
AC084117.1,lncRNA
TAS2R63P,unprocessed_pseudogene
ELOCP31,processed_pseudogene
CACNA1C-AS4,lncRNA
CBX3P4,transcribed_processed_pseudogene
CTSO,protein_coding
MTRNR2L10,protein_coding
COA8,protein_coding
AC087257.2,unprocessed_pseudogene
TRAPPC2B,protein_coding
DNAAF4,protein_coding
URB1-AS1,lncRNA
AC092112.1,lncRNA
ZNF432,protein_coding
SBNO1-AS1,lncRNA
AP002392.1,processed_pseudogene
ATP5MFP5,processed_pseudogene
AC135586.1,processed_pseudogene
SOX5-AS1,lncRNA
LINC01152,lncRNA
EGLN3P1,processed_pseudogene
AC007637.1,lncRNA
AP000763.2,processed_pseudogene
LINC02598,lncRNA
AC022080.2,processed_pseudogene
ATF4P4,transcribed_processed_pseudogene
AC024940.3,processed_pseudogene
TAS2R30,protein_coding
AP003721.1,lncRNA
SKP1P2,processed_pseudogene
ZNF10,protein_coding
ZNF486,protein_coding
AC022509.2,lncRNA
SMIM3,protein_coding
SUPT16HP1,processed_pseudogene
RPL7AP3,processed_pseudogene
AC073912.1,lncRNA
USP30-AS1,lncRNA
DDX11L8,unprocessed_pseudogene
HMBS,protein_coding
CACNA1C-AS2,lncRNA
TAS2R64P,transcribed_unprocessed_pseudogene
AC112694.1,transcribed_processed_pseudogene
ATP6V1E1P3,processed_pseudogene
ZNF225,protein_coding
AC073912.2,lncRNA
AC078962.3,lncRNA
AP000462.2,lncRNA
AC025423.1,lncRNA
RPL41P2,processed_pseudogene
ABCC6P1,transcribed_unprocessed_pseudogene
AC007834.2,processed_pseudogene
HSPA8P5,processed_pseudogene
AC027544.1,processed_pseudogene
RPL41P5,processed_pseudogene
AC079866.1,processed_pseudogene
AC018630.1,processed_pseudogene
TAS2R31,protein_coding
AP000763.3,lncRNA
AP003170.3,lncRNA
AC080075.1,lncRNA
SALL3,protein_coding
YWHABP2,processed_pseudogene
AC087260.1,lncRNA
AP006333.2,lncRNA
POLG2,protein_coding
AP002373.2,processed_pseudogene
SMIM10L1,protein_coding
AC007406.3,lncRNA
AC156455.1,lncRNA
AC092745.2,transcribed_processed_pseudogene
AC009509.3,processed_pseudogene
AC007552.2,lncRNA
AC079866.2,lncRNA
LINC02361,lncRNA
AC027544.2,lncRNA
ENPP7P5,unprocessed_pseudogene
AP003108.2,protein_coding
AC010186.2,transcribed_unprocessed_pseudogene
AC084880.3,lncRNA
MTRNR2L1,protein_coding
AC092747.2,unprocessed_pseudogene
ZBTB11-AS1,lncRNA
AC023051.2,processed_pseudogene
AC006518.1,unprocessed_pseudogene
AC244131.1,unprocessed_pseudogene
AC008115.1,lncRNA
AC112777.1,processed_pseudogene
KLRA1P,transcribed_unprocessed_pseudogene
AC141557.1,unprocessed_pseudogene
AC025423.3,processed_pseudogene
AC006518.2,transcribed_processed_pseudogene
ZNF350,protein_coding
AC026369.2,lncRNA
AL137779.1,lncRNA
AC134349.1,lncRNA
BTG1P1,processed_pseudogene
CACNA1C-IT3,lncRNA
KDM2B-DT,lncRNA
ARPC3P3,processed_pseudogene
MADD-AS1,lncRNA
PLBD1-AS1,lncRNA
STH,protein_coding
ZNF253,protein_coding
AP000753.2,lncRNA
AC022613.1,lncRNA
C17orf100,protein_coding
ATP5MFP4,processed_pseudogene
AC068790.1,processed_pseudogene
AC023157.1,processed_pseudogene
PARP11-AS1,lncRNA
AC022509.3,lncRNA
AC018410.1,lncRNA
ARPC3P4,processed_pseudogene
ADGRA1-AS1,lncRNA
AP003721.3,lncRNA
AP002518.2,lncRNA
AC018653.3,lncRNA
SNRPEP2,processed_pseudogene
AP000462.3,lncRNA
AC053513.2,lncRNA
AC134349.2,unprocessed_pseudogene
AC008013.2,transcribed_processed_pseudogene
AC005833.2,lncRNA
AC008115.2,lncRNA
AC027667.1,processed_pseudogene
HP,protein_coding
AC010186.3,lncRNA
SRSF3P1,processed_pseudogene
AP003721.4,lncRNA
LINC02282,lncRNA
AP001363.2,lncRNA
AC091078.1,lncRNA
AP003170.5,processed_pseudogene
RPL29P33,processed_pseudogene
AP001453.2,lncRNA
DENND11,protein_coding
CLIP1-AS1,lncRNA
LSM14A,protein_coding
NHLRC4,protein_coding
LINC02450,lncRNA
EEF1B2P4,processed_pseudogene
AL356756.1,lncRNA
RRN3P3,transcribed_unprocessed_pseudogene
FOXG1-AS1,lncRNA
AC006197.1,processed_pseudogene
ODC1-DT,lncRNA
LINC02821,lncRNA
TMPO-AS1,lncRNA
AC125612.1,processed_pseudogene
AC009318.1,lncRNA
HMGN2P6,processed_pseudogene
LINC02293,lncRNA
HNRNPA1P50,processed_pseudogene
GATC,protein_coding
LNCOG,lncRNA
AC007569.1,lncRNA
AC079907.1,lncRNA
DYNLL1P4,processed_pseudogene
AC090630.1,lncRNA
AC078922.1,lncRNA
AC020612.1,processed_pseudogene
PHBP19,processed_pseudogene
AC008147.1,lncRNA
AC012150.1,lncRNA
AC008014.1,lncRNA
ZNF271P,transcribed_unitary_pseudogene
AL928654.2,lncRNA
AC127164.1,lncRNA
AC012464.1,lncRNA
AC013437.1,lncRNA
AL132780.1,lncRNA
AC025423.5,processed_pseudogene
AC008147.2,lncRNA
AC073896.2,lncRNA
AL162311.2,processed_pseudogene
MGAM,protein_coding
AC068888.1,lncRNA
AC048341.1,lncRNA
FNTB,protein_coding
AC079601.2,processed_pseudogene
AC009779.1,processed_pseudogene
AC008740.1,unprocessed_pseudogene
AC011595.1,lncRNA
ZNF878,protein_coding
AC034102.3,lncRNA
AC069437.1,lncRNA
AC125611.1,processed_pseudogene
PPFIA2-AS1,lncRNA
AC010203.1,transcribed_unprocessed_pseudogene
AC121761.1,lncRNA
LINC02373,lncRNA
AC073487.1,lncRNA
AC084824.1,processed_pseudogene
AC107032.2,lncRNA
AC008147.3,transcribed_processed_pseudogene
AC023794.4,lncRNA
AC063948.1,lncRNA
AC079385.1,lncRNA
HLX-AS1,lncRNA
PPP1R12A-AS1,lncRNA
AC079035.1,lncRNA
HSPD1P4,processed_pseudogene
LINC00609,lncRNA
AC025154.2,lncRNA
LINC02356,lncRNA
SCAT2,lncRNA
OVCH1-AS1,lncRNA
AC027288.2,processed_pseudogene
PSMA3-AS1,lncRNA
AC004024.1,processed_pseudogene
AC084824.2,processed_pseudogene
AC079950.1,lncRNA
ADCY6-DT,lncRNA
EIF4A1P12,processed_pseudogene
AC016144.1,processed_pseudogene
AC025265.1,lncRNA
GIHCG,lncRNA
LBX2-AS1,lncRNA
AC068643.1,lncRNA
INAFM1,protein_coding
AC079385.2,lncRNA
CPNE8-AS1,lncRNA
CNPY2,protein_coding
AC090115.1,lncRNA
AC073896.3,lncRNA
AC091516.1,processed_pseudogene
AC012555.2,lncRNA
AL357153.2,lncRNA
OR5BK1P,unprocessed_pseudogene
AC026401.1,lncRNA
ST13P3,processed_pseudogene
EIF4A1P4,processed_pseudogene
FNBP1P1,processed_pseudogene
MRS2P2,processed_pseudogene
PIGAP1,processed_pseudogene
PRANCR,lncRNA
C1GALT1P1,processed_pseudogene
AL133304.2,lncRNA
AC073591.1,lncRNA
LINC02588,lncRNA
LINC02294,lncRNA
LSM3P2,processed_pseudogene
HNRNPA3P10,processed_pseudogene
AC025030.1,processed_pseudogene
AC089998.3,processed_pseudogene
AC011595.2,lncRNA
AC093012.1,transcribed_unprocessed_pseudogene
AC004486.1,processed_pseudogene
EEF1A1P17,processed_pseudogene
AC124784.1,lncRNA
AC079385.3,lncRNA
CUX1,protein_coding
AC083805.2,lncRNA
AC125611.2,processed_pseudogene
NOP56P3,processed_pseudogene
QRSL1P3,processed_pseudogene
AC020612.3,lncRNA
SNRPGP18,processed_pseudogene
AC016705.1,lncRNA
HMGA1P3,processed_pseudogene
AC026111.1,processed_pseudogene
HIGD1AP1,processed_pseudogene
AC011603.2,lncRNA
AC078955.1,lncRNA
AC012157.2,lncRNA
AC073569.1,lncRNA
AC009779.2,lncRNA
BCDIN3D-AS1,lncRNA
AC138331.1,lncRNA
AL391832.3,lncRNA
AC079313.1,lncRNA
AC025031.2,lncRNA
ATXN2-AS,lncRNA
AC010173.1,lncRNA
MAP1LC3B2,protein_coding
AC079316.1,processed_pseudogene
AC016954.1,processed_pseudogene
AC007622.2,lncRNA
HSPE1P4,processed_pseudogene
AC073655.1,lncRNA
AC008083.3,lncRNA
AC078886.1,processed_pseudogene
CLEC5A,protein_coding
AC063950.1,transcribed_processed_pseudogene
RPL10P13,processed_pseudogene
AC125603.3,lncRNA
AC024257.2,unprocessed_pseudogene
AC012085.2,lncRNA
BTF3P2,processed_pseudogene
POLR2KP1,processed_pseudogene
CHURC1,protein_coding
VASH1-AS1,lncRNA
AC025034.1,lncRNA
AC012464.2,lncRNA
AC009779.3,protein_coding
C17orf49,protein_coding
AC034102.6,lncRNA
AC073575.1,lncRNA
AC125611.4,lncRNA
AC130895.1,lncRNA
AL133304.3,lncRNA
AC078778.1,lncRNA
IFITM3P6,transcribed_processed_pseudogene
AC079174.1,lncRNA
PCNPP1,processed_pseudogene
AC073655.2,lncRNA
RTEL1,protein_coding
SLC25A3P2,processed_pseudogene
AC004846.1,lncRNA
AL139021.1,lncRNA
AL356805.1,lncRNA
AL591767.1,lncRNA
ZNF578,protein_coding
AL512791.1,lncRNA
AC013451.1,lncRNA
RBM8B,processed_pseudogene
AL161757.2,lncRNA
AL139193.1,lncRNA
AC007956.2,processed_pseudogene
LINC00641,lncRNA
MAD2L1P1,processed_pseudogene
AL442663.2,processed_pseudogene
AL139099.2,lncRNA
AC016526.2,lncRNA
AL158801.3,lncRNA
AL132780.2,lncRNA
AL591767.2,processed_pseudogene
CHMP4BP1,processed_pseudogene
PPIAP6,processed_pseudogene
LINC02251,lncRNA
SPESP1,protein_coding
SRMP2,processed_pseudogene
AL049835.1,lncRNA
AC007954.1,processed_pseudogene
AC006349.1,transcribed_processed_pseudogene
AL355075.2,lncRNA
AL359317.1,lncRNA
AL157871.2,lncRNA
NT5CP1,processed_pseudogene
ASB9P1,processed_pseudogene
BANF1P1,processed_pseudogene
LINC00645,lncRNA
AL157911.1,lncRNA
AC005519.1,lncRNA
BLZF2P,unprocessed_pseudogene
RHOQP1,processed_pseudogene
AC007376.2,lncRNA
PTTG4P,processed_pseudogene
AC008015.1,processed_pseudogene
AL136298.1,lncRNA
AL157871.3,processed_pseudogene
FAM181A-AS1,lncRNA
PPIAP4,processed_pseudogene
AL161668.4,lncRNA
DYNLL1P2,processed_pseudogene
DNAJC19P9,processed_pseudogene
YBX2P2,transcribed_processed_pseudogene
AL135838.1,lncRNA
AL121820.1,lncRNA
COX7A2P1,processed_pseudogene
AC103996.1,transcribed_processed_pseudogene
AC110023.1,lncRNA
AL160006.1,lncRNA
RPL21P5,processed_pseudogene
HSPE1P2,processed_pseudogene
AL049780.1,lncRNA
UBE2CP1,processed_pseudogene
HSBP1P1,processed_pseudogene
ARHGAP5-AS1,lncRNA
AL139021.2,lncRNA
AC022469.2,lncRNA
HIF1A-AS3,lncRNA
LINC01397,lncRNA
AC011448.1,protein_coding
LINC02308,lncRNA
AL132989.1,lncRNA
AL358334.1,lncRNA
AL359233.1,lncRNA
LINC00638,lncRNA
SRP54-AS1,transcribed_unitary_pseudogene
AL358334.2,lncRNA
AL132711.1,lncRNA
LINC02328,lncRNA
AL049873.2,processed_pseudogene
AL121603.2,lncRNA
H2AZ2P1,transcribed_processed_pseudogene
AL132800.1,lncRNA
AL357093.2,lncRNA
LINC01579,lncRNA
AL049779.2,processed_pseudogene
AL356019.2,lncRNA
RAP1AP,processed_pseudogene
HIF1A-AS1,lncRNA
CKS1BP1,processed_pseudogene
AL162171.1,lncRNA
AL133241.1,processed_pseudogene
AL133371.2,lncRNA
AL442663.3,lncRNA
AL122035.1,lncRNA
AC026888.1,lncRNA
AL133370.1,lncRNA
MC1R,protein_coding
AL133485.2,lncRNA
AL162511.1,lncRNA
EEF1A1P33,processed_pseudogene
AL391261.1,lncRNA
AL139300.2,lncRNA
AL359397.1,lncRNA
AL583722.3,lncRNA
MIR381HG,lncRNA
EIF4EBP1P1,processed_pseudogene
AC004828.1,lncRNA
AC112693.1,lncRNA
CEP95,protein_coding
AC005480.1,lncRNA
AC104390.1,processed_pseudogene
SCOCP1,processed_pseudogene
AL157871.5,lncRNA
LINC01956,lncRNA
ZMYND19P1,processed_pseudogene
AL049836.1,lncRNA
FOXN3-AS1,lncRNA
AL355916.2,lncRNA
AL358333.2,lncRNA
AC005230.1,transcribed_processed_pseudogene
AL390334.1,transcribed_processed_pseudogene
AL096869.1,lncRNA
AL049871.1,lncRNA
AC004846.2,lncRNA
TUBB3,protein_coding
AL049870.3,lncRNA
KRT18P7,processed_pseudogene
LINC00519,lncRNA
GTF3AP2,transcribed_processed_pseudogene
AL049830.4,processed_pseudogene
AC112693.2,processed_pseudogene
HIF1AP1,processed_pseudogene
AL133523.1,lncRNA
AL162171.2,lncRNA
TMEM179,protein_coding
AL352979.3,processed_pseudogene
LINC02285,lncRNA
AC005479.1,lncRNA
AL118558.2,processed_pseudogene
AL442663.4,processed_pseudogene
AL049872.1,processed_pseudogene
DNAJC8P1,processed_pseudogene
ENSAP2,processed_pseudogene
AL121820.2,lncRNA
MTCO1P2,unprocessed_pseudogene
HNRNPUP1,processed_pseudogene
AL591770.1,lncRNA
ACTN1-AS1,lncRNA
AC005520.2,lncRNA
LINC00639,lncRNA
FOXN3-AS2,lncRNA
AC005476.1,processed_pseudogene
AF111169.3,lncRNA
AL132639.3,lncRNA
KIAA1143P1,processed_pseudogene
AL137779.2,lncRNA
AF107885.2,lncRNA
PTCSC3,lncRNA
AC004858.1,processed_pseudogene
AL118556.1,lncRNA
AL049869.2,lncRNA
AL139022.1,lncRNA
SMIM6,protein_coding
AL109628.1,processed_pseudogene
AC008050.1,lncRNA
LRP1-AS,lncRNA
LINC00648,lncRNA
LINC00924,lncRNA
AL109766.1,processed_pseudogene
AL049780.2,lncRNA
AC005476.2,lncRNA
CAP2P1,transcribed_processed_pseudogene
AC004816.1,lncRNA
STK16P1,processed_pseudogene
ADAM20P1,transcribed_unprocessed_pseudogene
NPM1P20,processed_pseudogene
AL096869.2,lncRNA
DDX18P1,processed_pseudogene
GNRHR2P1,unprocessed_pseudogene
AC108451.1,lncRNA
AC018946.1,lncRNA
AC019254.1,lncRNA
MED28P6,processed_pseudogene
AC109631.1,processed_pseudogene
AC020891.1,lncRNA
AC021739.1,processed_pseudogene
HMBOX1-IT1,lncRNA
AC012568.1,lncRNA
AC016044.1,lncRNA
PRKXP1,processed_pseudogene
ITGB3,protein_coding
AC004943.1,lncRNA
AC103739.1,lncRNA
AC027237.2,lncRNA
AC084757.1,processed_pseudogene
LINC00928,lncRNA
AC009654.1,lncRNA
SLC35G6,protein_coding
AC105129.1,processed_pseudogene
AC092755.2,lncRNA
USP3-AS1,lncRNA
AC018904.1,lncRNA
AC104590.1,lncRNA
AC073941.1,lncRNA
AC037479.1,processed_pseudogene
AC013553.1,processed_pseudogene
NDUFA3P4,processed_pseudogene
AC107241.1,lncRNA
AC087286.1,lncRNA
AC127522.1,lncRNA
ZNF710-AS1,lncRNA
AC005096.1,lncRNA
AC020892.2,lncRNA
FABP5P8,processed_pseudogene
AC103739.2,lncRNA
ACTG1P17,transcribed_processed_pseudogene
HMGN1P1,processed_pseudogene
AF111167.2,lncRNA
AL136295.2,lncRNA
AC090607.1,lncRNA
AC116158.1,lncRNA
INAFM2,protein_coding
HNRNPMP1,processed_pseudogene
AC021231.1,lncRNA
AC011921.1,lncRNA
AC090825.1,lncRNA
AC013356.3,lncRNA
AC108449.2,lncRNA
AC087286.2,lncRNA
AC009997.1,processed_pseudogene
AC090907.1,lncRNA
AC026770.1,lncRNA
DCAF13P3,processed_pseudogene
AC090695.1,processed_pseudogene
H3P38,processed_pseudogene
AC090877.1,transcribed_processed_pseudogene
AC079328.1,processed_pseudogene
AC087721.1,lncRNA
AC021231.2,processed_pseudogene
AC090970.1,lncRNA
AC090515.5,lncRNA
EFL1P1,transcribed_unprocessed_pseudogene
ISCA1P4,processed_pseudogene
AC021739.2,lncRNA
AC010809.2,lncRNA
AC012291.2,lncRNA
LINC02883,lncRNA
CTXND1,protein_coding
AC046168.2,lncRNA
UBE2Q2P2,transcribed_unprocessed_pseudogene
THTPA,protein_coding
AC051619.2,processed_pseudogene
MAPK6-DT,lncRNA
AC055874.1,lncRNA
LINC02352,lncRNA
AC087286.4,lncRNA
ADNP-AS1,lncRNA
AC020661.2,lncRNA
NDUFAF4P1,processed_pseudogene
AC027228.1,lncRNA
AC036108.1,lncRNA
SORD2P,transcribed_unprocessed_pseudogene
AC012404.1,lncRNA
AL355073.1,lncRNA
AC023355.1,lncRNA
MRPL46,protein_coding
AC016705.2,lncRNA
AC090519.1,lncRNA
AL132640.1,processed_pseudogene
AC048383.1,lncRNA
AC073941.2,processed_pseudogene
HNRNPA1P5,processed_pseudogene
CYCSP38,transcribed_processed_pseudogene
AL117209.1,lncRNA
ANP32AP1,transcribed_processed_pseudogene
AC051619.4,lncRNA
INO80-AS1,lncRNA
AC022613.2,lncRNA
AC068397.1,lncRNA
AC009269.2,lncRNA
AC021739.3,lncRNA
CYCSP2,processed_pseudogene
AC021483.1,lncRNA
AC084882.1,lncRNA
AC090971.3,unprocessed_pseudogene
AC079075.1,lncRNA
AC090607.2,transcribed_processed_pseudogene
AC025430.1,lncRNA
AC009554.1,lncRNA
AC243562.1,unprocessed_pseudogene
BLID,protein_coding
AC012404.2,lncRNA
TYRO3P,processed_pseudogene
AC012050.1,lncRNA
AC022898.1,lncRNA
PRELID1P4,processed_pseudogene
AC025043.1,lncRNA
EEF1A1P22,processed_pseudogene
AC020661.3,lncRNA
AC069029.1,lncRNA
FABP5P9,transcribed_processed_pseudogene
AC100830.1,lncRNA
ST20-AS1,lncRNA
AC022613.3,lncRNA
AC115102.1,lncRNA
PIGHP1,processed_pseudogene
AC027559.1,transcribed_unprocessed_pseudogene
AC009996.1,lncRNA
AC021231.3,processed_pseudogene
AC066613.1,lncRNA
IQCH-AS1,lncRNA
AC091231.1,lncRNA
AC243562.2,unprocessed_pseudogene
IDH2-DT,lncRNA
LINC01220,lncRNA
FKBP1AP2,processed_pseudogene
HMGB1P8,processed_pseudogene
AC084757.3,lncRNA
HSP90B2P,processed_pseudogene
AC105339.4,processed_pseudogene
NUTF2P6,processed_pseudogene
AC023906.5,lncRNA
AC087465.1,processed_pseudogene
AC092757.2,lncRNA
AC092868.2,lncRNA
CRTC3-AS1,lncRNA
AC009269.4,lncRNA
HSPE1P3,processed_pseudogene
TUBAP11,processed_pseudogene
AC090907.2,lncRNA
AC100839.1,lncRNA
AC015660.2,lncRNA
AC021739.4,lncRNA
AC022558.1,lncRNA
AC004943.2,lncRNA
AC092756.1,lncRNA
AC012236.1,lncRNA
AC012100.2,lncRNA
AL138976.2,lncRNA
HMGB1P6,processed_pseudogene
AC008915.1,lncRNA
ANP32BP1,transcribed_processed_pseudogene
AC104758.1,lncRNA
AC020978.1,lncRNA
AC012640.2,lncRNA
AC027682.1,lncRNA
AC083843.2,lncRNA
AC072061.1,lncRNA
AL365361.1,lncRNA
ELOCP2,unprocessed_pseudogene
Z97653.1,lncRNA
HERC2P10,unprocessed_pseudogene
AC092131.1,lncRNA
RAB43P1,processed_pseudogene
SH3RF3-AS1,lncRNA
AL390728.6,lncRNA
AC007599.1,processed_pseudogene
AC010333.1,lncRNA
AC009113.1,lncRNA
EHD4-AS1,lncRNA
NR4A1AS,lncRNA
FIGNL2-DT,lncRNA
AC107375.1,lncRNA
AL845331.1,protein_coding
HNRNPLP2,unprocessed_pseudogene
NDUFA5P11,processed_pseudogene
AC007938.1,lncRNA
AC011939.1,processed_pseudogene
AC007342.1,lncRNA
AC105036.1,processed_pseudogene
AC051619.6,lncRNA
AC009065.2,lncRNA
AC009754.1,lncRNA
AL050341.2,lncRNA
AC034105.3,processed_pseudogene
AL138756.1,lncRNA
RBM15B,protein_coding
AC107068.1,lncRNA
AL049838.1,lncRNA
AC009120.2,lncRNA
AC017100.1,lncRNA
AC103876.1,lncRNA
AL353796.1,lncRNA
AC009054.1,lncRNA
AL133338.1,lncRNA
AC132938.1,lncRNA
AC007494.1,processed_pseudogene
AC040169.1,lncRNA
AL031716.1,lncRNA
CRIM1-DT,lncRNA
HOXB7,protein_coding
AC007608.2,lncRNA
NORAD,lncRNA
AC023813.2,processed_pseudogene
LCMT1-AS2,lncRNA
AC051619.7,lncRNA
AC104938.1,lncRNA
AC009090.1,lncRNA
AL031600.1,lncRNA
AC009088.1,lncRNA
AL512408.1,lncRNA
AC006960.3,lncRNA
NSFP1,unprocessed_pseudogene
AC104794.3,lncRNA
AF274858.1,transcribed_processed_pseudogene
MIR762HG,lncRNA
AC126773.3,lncRNA
AC007611.1,lncRNA
DDX59-AS1,lncRNA
AC106820.3,lncRNA
SPDYE6,protein_coding
AC008074.2,lncRNA
AL157700.1,lncRNA
AL032819.1,lncRNA
AC008915.2,lncRNA
AL132657.2,lncRNA
CSPG4P13,transcribed_unprocessed_pseudogene
AC100827.2,unprocessed_pseudogene
AC023825.2,lncRNA
AC113208.2,processed_pseudogene
AC020763.1,lncRNA
AC011468.1,lncRNA
AC093249.2,lncRNA
SYNGR2P1,processed_pseudogene
AC141586.2,lncRNA
PPIAP48,transcribed_processed_pseudogene
AL807752.5,lncRNA
LINC02846,lncRNA
AC007496.1,lncRNA
AC124798.1,lncRNA
AC010889.1,lncRNA
AC009102.1,lncRNA
CD2BP2-DT,lncRNA
PPIAP51,processed_pseudogene
FRRS1L,protein_coding
KDM7A-DT,lncRNA
ZNRD2-AS1,lncRNA
AC099778.1,lncRNA
SUB1P4,processed_pseudogene
AC009087.1,lncRNA
AL035071.1,lncRNA
LINC02166,lncRNA
SNHG19,lncRNA
AC124944.2,transcribed_unprocessed_pseudogene
AC026471.1,lncRNA
AC105036.3,lncRNA
AL359711.2,lncRNA
AC068338.2,lncRNA
AC022167.2,lncRNA
AC137932.1,lncRNA
ITFG1-AS1,lncRNA
AL133367.1,lncRNA
AC092115.1,processed_pseudogene
AC106820.4,lncRNA
AC095057.3,lncRNA
AC092375.2,lncRNA
MRC1,protein_coding
AC009812.4,lncRNA
COX6CP1,processed_pseudogene
HSPB9,protein_coding
AC007541.1,lncRNA
AC079148.1,lncRNA
AC133555.4,unprocessed_pseudogene
AC024270.1,lncRNA
AL353708.1,lncRNA
AC106028.3,lncRNA
AC026803.1,lncRNA
AC109460.1,lncRNA
AC027373.1,lncRNA
AC120024.1,lncRNA
AQP4-AS1,lncRNA
AC068700.1,lncRNA
AL513534.2,lncRNA
AC110079.1,transcribed_unprocessed_pseudogene
AL023284.4,lncRNA
LINC02182,lncRNA
Z97205.2,lncRNA
AL031709.1,lncRNA
AC008060.4,lncRNA
SCX,protein_coding
AC099518.1,lncRNA
LMF1-AS1,lncRNA
AC020978.2,lncRNA
ATP2A1-AS1,lncRNA
AC127455.1,processed_pseudogene
AC011904.1,unprocessed_pseudogene
AC009065.3,lncRNA
LCMT1-AS1,lncRNA
LINC02134,lncRNA
TPRKBP2,processed_pseudogene
NBAT1,lncRNA
C16orf95,protein_coding
AL049796.1,lncRNA
INSYN1-AS1,lncRNA
AL353719.1,lncRNA
AC009145.1,lncRNA
MYL12BP1,processed_pseudogene
AC011773.4,lncRNA
AC002310.3,unprocessed_pseudogene
AC009148.1,lncRNA
AC009145.2,lncRNA
CYP3A52P,unprocessed_pseudogene
AC109347.1,lncRNA
AL035071.2,lncRNA
AL031722.1,lncRNA
AC026771.1,lncRNA
MT1L,transcribed_unprocessed_pseudogene
AC092681.2,lncRNA
AC018557.2,lncRNA
AC132872.1,lncRNA
ERVK13-1,lncRNA
BNIP3P5,processed_pseudogene
AC069224.1,lncRNA
EIF5A2P1,processed_pseudogene
AC126773.4,lncRNA
AC110597.1,lncRNA
AP000223.1,lncRNA
AC027702.1,lncRNA
AC131391.1,lncRNA
HMGN2P40,processed_pseudogene
AL590004.3,lncRNA
AC024270.3,lncRNA
RPL23AP97,processed_pseudogene
AC025917.1,lncRNA
AC026471.2,lncRNA
SNAI3-AS1,lncRNA
AC010207.1,lncRNA
AC092338.1,lncRNA
AC114811.2,lncRNA
AL359715.2,lncRNA
AL031705.1,lncRNA
AC127537.1,lncRNA
AC004158.1,lncRNA
AC010536.2,lncRNA
HNRNPA3P11,processed_pseudogene
AC026150.1,lncRNA
AC009145.3,lncRNA
AL118516.1,lncRNA
AC007598.1,lncRNA
AC046158.1,lncRNA
AC139256.1,transcribed_processed_pseudogene
AC007823.1,lncRNA
AC007494.2,lncRNA
AC022968.1,processed_pseudogene
AC008870.2,lncRNA
AC007224.1,processed_pseudogene
AC055855.1,lncRNA
AC021087.3,lncRNA
AC009065.4,lncRNA
AC009063.2,lncRNA
AC003102.1,lncRNA
AC145285.3,lncRNA
LINC01963,lncRNA
AC092803.1,lncRNA
AL163051.1,lncRNA
CEROX1,lncRNA
AP003096.1,lncRNA
AC027279.1,lncRNA
UNGP1,processed_pseudogene
AC026461.3,lncRNA
AL135744.1,lncRNA
AC007344.1,lncRNA
FBXL19-AS1,lncRNA
AC109460.2,lncRNA
AL591848.3,lncRNA
AC010287.1,transcribed_processed_pseudogene
AC106820.5,lncRNA
AC009120.3,lncRNA
AC020978.3,lncRNA
AP003071.1,lncRNA
AC012186.1,unprocessed_pseudogene
AC135050.3,lncRNA
AL158206.1,lncRNA
CCPG1,protein_coding
AL158212.3,lncRNA
AC107398.3,lncRNA
AC100835.1,lncRNA
AL031985.3,lncRNA
LINC01311,lncRNA
AC009119.2,lncRNA
LINC00622,lncRNA
CAPN10-DT,lncRNA
AL356489.2,lncRNA
AL390195.2,lncRNA
AP006545.1,lncRNA
AC009093.4,lncRNA
AL133297.1,lncRNA
AC100821.2,lncRNA
WWOX-AS1,lncRNA
AC126407.1,lncRNA
AC022167.3,lncRNA
AC091932.1,lncRNA
AL133297.2,lncRNA
Z94057.1,lncRNA
DOCK9-DT,lncRNA
AC036103.1,lncRNA
AC010132.4,lncRNA
AC005730.2,lncRNA
WFDC21P,transcribed_unitary_pseudogene
AC137527.1,processed_pseudogene
AC007347.1,lncRNA
AC107021.2,lncRNA
AC079416.2,transcribed_processed_pseudogene
AC092718.4,lncRNA
LINC02256,lncRNA
AC084783.1,processed_pseudogene
AC009118.1,lncRNA
AC009053.2,lncRNA
ZNNT1,lncRNA
AC007066.2,lncRNA
AP000766.1,lncRNA
AC234775.2,lncRNA
ATP5MFP6,processed_pseudogene
LMO7-AS1,lncRNA
AC012181.1,lncRNA
TMEM178B,protein_coding
AC009486.1,lncRNA
AC092123.1,lncRNA
AC009065.5,lncRNA
AC135050.4,lncRNA
RBFADN,lncRNA
AC012186.2,lncRNA
AC023908.3,lncRNA
AC092718.5,lncRNA
AC009060.2,processed_pseudogene
AC112484.3,lncRNA
AC107027.3,lncRNA
AL592424.1,lncRNA
AC009053.3,lncRNA
AC133919.2,lncRNA
AC018845.3,lncRNA
AC093642.2,lncRNA
AC079322.1,lncRNA
Z95115.1,lncRNA
AL031058.1,lncRNA
AC013640.1,lncRNA
AC027130.1,lncRNA
AC004449.1,lncRNA
AL031717.1,lncRNA
AC007216.2,lncRNA
AC103706.1,lncRNA
ZNF865,protein_coding
AC140912.1,lncRNA
AC090751.1,processed_pseudogene
BOP1,protein_coding
AC009166.1,lncRNA
AC009065.6,lncRNA
AL136038.3,lncRNA
AC093520.2,unprocessed_pseudogene
Z97055.2,lncRNA
AC137932.2,lncRNA
AC026470.2,lncRNA
AC012181.2,lncRNA
AC007906.1,lncRNA
AC007601.2,lncRNA
AC010168.2,lncRNA
LINC01355,lncRNA
AC016597.1,lncRNA
PPIAP50,processed_pseudogene
EIF4BP5,processed_pseudogene
AC021016.1,lncRNA
AC010325.1,protein_coding
AC006538.1,lncRNA
AL031432.2,unprocessed_pseudogene
AC116913.1,lncRNA
AC010491.1,lncRNA
MANEA-DT,lncRNA
AC012645.2,lncRNA
AC007533.1,lncRNA
PECAM1,protein_coding
VPS9D1-AS1,lncRNA
PDCD6IPP2,transcribed_unprocessed_pseudogene
AC027682.4,lncRNA
HSPE1P5,transcribed_processed_pseudogene
AC027682.5,lncRNA
AL031710.1,lncRNA
AL022069.1,lncRNA
TMEM202-AS1,lncRNA
ATP5PBP7,processed_pseudogene
AL031600.2,lncRNA
AL023803.1,lncRNA
AC002347.1,lncRNA
AC124068.2,lncRNA
AC023830.1,lncRNA
AL162412.1,lncRNA
AC104964.2,lncRNA
LINC01003,lncRNA
AC002519.2,transcribed_processed_pseudogene
AC009690.2,lncRNA
UBE2MP1,processed_pseudogene
AC096921.2,lncRNA
AC092145.1,lncRNA
AC084064.1,lncRNA
AC026471.4,lncRNA
AC009163.4,lncRNA
AC013391.3,lncRNA
PAN3-AS1,lncRNA
AC025271.3,lncRNA
AC005674.1,lncRNA
AC233699.1,unprocessed_pseudogene
LINC01686,lncRNA
AC092368.3,lncRNA
LINC01976,lncRNA
DLGAP1-AS5,lncRNA
AC012615.1,lncRNA
AC026464.5,processed_pseudogene
CCNYL7,processed_pseudogene
AC100774.1,lncRNA
AL596244.1,lncRNA
AC005086.2,lncRNA
AC027279.2,lncRNA
AC011978.2,lncRNA
AC010931.2,lncRNA
AC011939.2,lncRNA
AC107954.1,processed_pseudogene
SMG1P7,transcribed_unprocessed_pseudogene
EEF1A1P38,processed_pseudogene
FSCN1P1,processed_pseudogene
AC007216.3,lncRNA
AC073878.1,lncRNA
AL157402.2,lncRNA
AC005829.1,transcribed_unprocessed_pseudogene
AP003119.3,lncRNA
AL121753.1,protein_coding
AC093249.4,processed_pseudogene
AC010531.3,lncRNA
TPBGL,protein_coding
AC005632.3,lncRNA
AC233266.2,lncRNA
GAN,protein_coding
SUB1P3,processed_pseudogene
AC036108.3,lncRNA
HMGN2P41,processed_pseudogene
NDUFB10P2,processed_pseudogene
AP003071.4,lncRNA
AC007496.2,lncRNA
AC022872.1,lncRNA
AC018552.3,lncRNA
AC103988.1,processed_pseudogene
AC093849.1,lncRNA
C15orf65,protein_coding
Z92544.1,lncRNA
AC009065.8,lncRNA
AC008731.1,lncRNA
SCRT1,protein_coding
AC092120.1,lncRNA
HPR,protein_coding
AC105137.1,processed_pseudogene
H2BC20P,transcribed_unprocessed_pseudogene
AC008870.4,lncRNA
AL034346.1,lncRNA
AC002551.1,lncRNA
CLCA4-AS1,lncRNA
AC116552.1,lncRNA
AC009127.1,lncRNA
AC133550.3,lncRNA
AC006504.1,lncRNA
AC012435.3,lncRNA
AC012184.3,lncRNA
AC006362.1,processed_pseudogene
AC009054.2,lncRNA
AC006058.1,lncRNA
AC005606.2,lncRNA
GOLGA8H,protein_coding
AC093627.7,lncRNA
AC073878.2,lncRNA
AC007406.4,lncRNA
LOXL1-AS1,lncRNA
AC138932.2,processed_pseudogene
AC084782.2,lncRNA
LINC00662,lncRNA
AC009407.1,lncRNA
AC046158.2,lncRNA
AC092718.6,lncRNA
AC093249.6,lncRNA
MFSD1P1,processed_pseudogene
AC002558.2,lncRNA
AC087500.1,lncRNA
AC040162.1,protein_coding
AC005670.1,lncRNA
AC144831.1,lncRNA
AC108134.2,lncRNA
AC027796.1,lncRNA
AC127496.1,lncRNA
PCDHGA9,protein_coding
LARP7P2,processed_pseudogene
AC015909.3,lncRNA
CCDC92B,unitary_pseudogene
AL391840.2,processed_pseudogene
MMP25-AS1,lncRNA
AC004706.1,lncRNA
DLGAP1-AS2,lncRNA
AC087392.1,lncRNA
AC007014.1,lncRNA
AC007599.2,lncRNA
AC091180.5,lncRNA
AC005696.1,lncRNA
AC129507.1,lncRNA
AC040977.1,lncRNA
PCDHB19P,transcribed_unprocessed_pseudogene
AC127496.2,lncRNA
MTCO1P28,processed_pseudogene
AL079343.1,lncRNA
AC010653.1,unprocessed_pseudogene
AC040162.2,processed_pseudogene
AC124283.2,lncRNA
AC133065.1,lncRNA
LINC02175,lncRNA
AC233723.1,protein_coding
AC130651.1,lncRNA
AC116025.2,lncRNA
AL157931.1,lncRNA
AC007952.4,lncRNA
PCDHGB3,protein_coding
AC110285.1,lncRNA
AC004771.2,lncRNA
CORO7,protein_coding
AC027796.2,processed_pseudogene
AC002558.3,lncRNA
AC004584.1,lncRNA
AC004494.1,lncRNA
AC127496.3,lncRNA
HNRNPA1P16,processed_pseudogene
AC130371.1,lncRNA
AC108134.3,lncRNA
AC026401.2,lncRNA
MCUR1P1,processed_pseudogene
MMP12,protein_coding
AC015912.2,processed_pseudogene
AC024361.1,lncRNA
AC087392.4,lncRNA
MIR193BHG,lncRNA
LINC01569,lncRNA
TVP23CP2,processed_pseudogene
SAMD11P1,processed_pseudogene
AC004034.1,lncRNA
CCER2,protein_coding
AC027763.1,processed_pseudogene
AC007151.1,processed_pseudogene
TXNP4,processed_pseudogene
AC130650.1,lncRNA
AC005829.2,processed_pseudogene
PCDHGA4,protein_coding
AC087741.1,lncRNA
TMEM231P1,transcribed_unprocessed_pseudogene
AC133552.2,transcribed_unprocessed_pseudogene
AC124283.3,lncRNA
SPON1,protein_coding
AC087222.1,lncRNA
AC004771.4,lncRNA
GLIS2-AS1,lncRNA
AC040160.1,lncRNA
AC116914.2,lncRNA
AC012146.2,lncRNA
AC027455.1,processed_pseudogene
AC012676.1,lncRNA
MRPS21P9,processed_pseudogene
AC135050.5,lncRNA
LINC01977,lncRNA
AC032044.1,lncRNA
AL354943.1,processed_pseudogene
AC090617.4,lncRNA
MRPL12,protein_coding
AC087501.2,lncRNA
AC016245.1,lncRNA
AC027801.5,lncRNA
CYCSP40,processed_pseudogene
AC127496.5,lncRNA
AC110285.2,lncRNA
AC005670.3,lncRNA
CR936218.2,lncRNA
MTCO1P40,processed_pseudogene
AC027796.4,lncRNA
TMPOP2,processed_pseudogene
AC015853.1,lncRNA
CCNQ,protein_coding
ALOX12P2,transcribed_unprocessed_pseudogene
RPL23AP86,processed_pseudogene
AC005695.1,lncRNA
GTF2I,protein_coding
ZNF234,protein_coding
AC007114.1,lncRNA
ROCK1P1,transcribed_unprocessed_pseudogene
AC108134.4,lncRNA
AC036164.1,processed_pseudogene
AC007220.1,lncRNA
AC090617.5,lncRNA
AC024361.2,lncRNA
RNF213-AS1,lncRNA
ZNF213-AS1,lncRNA
AC068014.1,lncRNA
AC009171.2,lncRNA
LINC01896,lncRNA
MYZAP,protein_coding
AC087500.2,lncRNA
AC115099.1,lncRNA
MTND1P8,processed_pseudogene
HNRNPCP4,processed_pseudogene
RYKP1,processed_pseudogene
AC015727.1,lncRNA
ATP5F1AP3,processed_pseudogene
AC006111.2,lncRNA
AC119396.1,protein_coding
RPS7P1,processed_pseudogene
AC004148.1,lncRNA
AC003965.1,lncRNA
THCAT158,lncRNA
AC015853.3,lncRNA
AC113189.3,lncRNA
AC007216.4,lncRNA
AC027763.2,lncRNA
LINC01982,lncRNA
AC024361.3,lncRNA
AC133552.4,unprocessed_pseudogene
TAPT1-AS1,lncRNA
AC027796.5,lncRNA
AC006435.2,lncRNA
MIR378H,miRNA
AC104564.1,lncRNA
MIR5584,miRNA
AC002347.2,lncRNA
MIR3973,miRNA
AC011825.2,lncRNA
MIR3170,miRNA
TMEM220-AS1,lncRNA
MIR4673,miRNA
MIR4660,miRNA
MIR4747,miRNA
NFE2L1-DT,lncRNA
GTSCR1,lncRNA
MIR4753,miRNA
MIR4450,miRNA
SRSF8,protein_coding
AC006441.1,lncRNA
AC104982.2,lncRNA
AC004702.1,lncRNA
AC007431.1,lncRNA
AC005828.2,lncRNA
MAPK8IP1P2,processed_pseudogene
MIR5699,miRNA
MIR4311,miRNA
MIR548AN,miRNA
MIR378G,miRNA
MIR4526,miRNA
IKBKE,protein_coding
AC130324.1,lncRNA
AK4P1,processed_pseudogene
MIR5582,miRNA
UBBP4,transcribed_unprocessed_pseudogene
MIR4522,miRNA
MIR4480,miRNA
HID1-AS1,lncRNA
MIR4804,miRNA
AC127024.2,lncRNA
CHORDC1P4,transcribed_processed_pseudogene
MIR4306,miRNA
AC055811.1,lncRNA
PPP4R1-AS1,lncRNA
MIR5586,miRNA
MIR4777,miRNA
MIR4802,miRNA
AC005244.1,processed_pseudogene
AC023389.1,lncRNA
AC026620.1,lncRNA
MIR5581,miRNA
MIR4632,miRNA
AC007639.1,lncRNA
MIR3197,miRNA
MIR3161,miRNA
AC005695.2,lncRNA
AC024619.3,lncRNA
AP001178.1,lncRNA
AC145207.5,lncRNA
MIR3165,miRNA
LINC00667,lncRNA
AC025682.1,lncRNA
AC024619.4,processed_pseudogene
MIR3182,miRNA
AC022211.1,lncRNA
MIR4473,miRNA
MIR3115,miRNA
MIR5684,miRNA
MIR3679,miRNA
AC009831.1,lncRNA
AC112907.3,lncRNA
MIR4439,miRNA
MIR378E,miRNA
MIR4635,miRNA
MIR4698,miRNA
AC022211.2,lncRNA
CIAPIN1P,processed_pseudogene
AP005899.1,lncRNA
MIR4744,miRNA
MIR4729,miRNA
MIR4769,miRNA
LINC00672,protein_coding
DLGAP1-AS4,lncRNA
EEF1DP7,transcribed_processed_pseudogene
AP000845.1,lncRNA
AC100778.1,lncRNA
AC100778.2,lncRNA
AC022960.1,lncRNA
NBPF11,protein_coding
AC091138.1,lncRNA
MIR4499,miRNA
MIR4672,miRNA
AC009716.1,lncRNA
AC004253.1,lncRNA
MIR4429,miRNA
AC124254.2,lncRNA
LINC02003,lncRNA
ABHD15-AS1,lncRNA
MIR5685,miRNA
AC103810.1,transcribed_unprocessed_pseudogene
MIR4316,miRNA
MIR3943,miRNA
DND1P1,processed_pseudogene
AC005899.1,lncRNA
MIR4803,miRNA
MIR4689,miRNA
AC138207.2,lncRNA
AC015813.1,lncRNA
AC138207.3,processed_pseudogene
MIR3127,miRNA
MIR4670,miRNA
MIR4762,miRNA
MIR4305,miRNA
MIR3189,miRNA
MAGOH2P,transcribed_processed_pseudogene
SNRPCP4,processed_pseudogene
AC106037.2,lncRNA
AC011120.1,lncRNA
MIR4701,miRNA
RPL35AP23,processed_pseudogene
LINC00909,lncRNA
MIR4322,miRNA
AC087749.1,lncRNA
ZNF236-DT,lncRNA
MIR4786,miRNA
AC016596.2,processed_pseudogene
AC104564.3,lncRNA
MIR2467,miRNA
MIR3922,miRNA
AC090666.1,processed_pseudogene
AC024267.3,lncRNA
MIR4694,miRNA
MIR548AT,miRNA
LINC01894,lncRNA
MIR4258,miRNA
SNRPGP2,processed_pseudogene
MIR3134,miRNA
MIR4648,miRNA
MIR3122,miRNA
DYNLL2,protein_coding
AC023983.1,lncRNA
MIR3125,miRNA
AC005899.2,processed_pseudogene
MIR4513,miRNA
MIR3193,miRNA
MIR4736,miRNA
MIR4470,miRNA
AC007448.3,lncRNA
MIR4653,miRNA
MIR3183,miRNA
AC110603.1,lncRNA
AP001021.1,lncRNA
AC138207.4,lncRNA
AC025211.1,lncRNA
MIR4794,miRNA
AC096708.2,lncRNA
MIR5682,miRNA
MIR4714,miRNA
MIR4705,miRNA
AC005544.1,lncRNA
AC090616.4,processed_pseudogene
MIR3124,miRNA
AC006270.1,lncRNA
AC005154.4,lncRNA
OTUD7B,protein_coding
DNAJB6P8,transcribed_processed_pseudogene
MIR378B,miRNA
MIR5706,miRNA
SUZ12P1,transcribed_unprocessed_pseudogene
MIR548AR,miRNA
AC008026.3,lncRNA
MIR4257,miRNA
MIR3162,miRNA
DCXR-DT,lncRNA
MIR4529,miRNA
MIR4296,miRNA
LINC00526,lncRNA
AC010761.1,lncRNA
MIR5692B,miRNA
MAPT-AS1,lncRNA
MIR3173,miRNA
MIR4685,miRNA
MIR4755,miRNA
MIR4796,miRNA
PRKCA-AS1,lncRNA
AC104564.4,lncRNA
MIR5194,miRNA
MIR3200,miRNA
MIR4285,miRNA
MIR3140,miRNA
L3MBTL4-AS1,lncRNA
MIR4504,miRNA
MIR3117,miRNA
MIR4718,miRNA
BDP1P,processed_pseudogene
MIR4505,miRNA
DPRXP4,processed_pseudogene
TTC39C-AS1,lncRNA
AC110921.1,lncRNA
MIR3198-1,miRNA
MIR4295,miRNA
AC145207.8,lncRNA
MIR4420,miRNA
MIR4637,miRNA
MIR5009,miRNA
MIR5191,miRNA
AC068025.1,lncRNA
MIR4441,miRNA
MIR1273C,miRNA
AC087749.2,lncRNA
AC099677.4,miRNA
AC011933.2,lncRNA
MIR3613,miRNA
AL358013.1,miRNA
AC006141.1,lncRNA
MIR3616,miRNA
AC015845.1,lncRNA
AC018521.5,lncRNA
AC090772.1,lncRNA
MIR3138,miRNA
AC115989.1,lncRNA
MIR4265,miRNA
AC100830.2,lncRNA
MIR4474,miRNA
SH3GL1P2,processed_pseudogene
MIR3181,miRNA
MIR4730,miRNA
MIR5094,miRNA
AC090844.2,lncRNA
MIR4789,miRNA
AC087301.1,lncRNA
AC145343.1,lncRNA
MIR548S,miRNA
MIR3691,miRNA
MIR4655,miRNA
MIR4484,miRNA
AC007922.2,lncRNA
AC005332.1,lncRNA
MIR3942,miRNA
GJA5,protein_coding
MIR4731,miRNA
MIR3153,miRNA
AC026474.1,lncRNA
MIR5687,miRNA
AC124283.4,processed_pseudogene
MIR3192,miRNA
MIR133A1HG,lncRNA
MIR548AM,miRNA
TSPOAP1-AS1,lncRNA
MIR151B,miRNA
LRRC37A7P,transcribed_processed_pseudogene
MIR5003,miRNA
MIR2681,miRNA
MIR4307,miRNA
MIR4728,miRNA
AL359922.2,lncRNA
MIR4312,miRNA
MIR4677,miRNA
AC090772.2,lncRNA
AC010761.3,lncRNA
AC004687.1,lncRNA
MIR4486,miRNA
MIR3684,miRNA
MIR4269,miRNA
AC103810.2,lncRNA
RBM8A,protein_coding
MIR4288,miRNA
MIR3132,miRNA
AC027575.1,processed_pseudogene
MIR3935,miRNA
AC005828.4,lncRNA
MIR4710,miRNA
ARGFXP2,processed_pseudogene
AC132812.1,unprocessed_pseudogene
AP005059.2,lncRNA
MIR4263,miRNA
MIR3137,miRNA
AC130324.2,lncRNA
AC011933.3,lncRNA
MIR5188,miRNA
TIMM23,protein_coding
MIR3136,miRNA
GLUD1P2,transcribed_unprocessed_pseudogene
MIR4682,miRNA
MIR4999,miRNA
AC104984.2,lncRNA
MIR3128,miRNA
MIR4324,miRNA
MIR4261,miRNA
AC016601.1,miRNA
MIR4684,miRNA
MIR4782,miRNA
MIR4447,miRNA
MIR3121,miRNA
AC127024.3,lncRNA
MIR4733,miRNA
MIR4502,miRNA
AC012447.1,lncRNA
MIR3682,miRNA
AC132938.3,lncRNA
MIR3680-1,miRNA
MIR4768,miRNA
AC010761.4,lncRNA
AP000915.2,lncRNA
AC107982.3,lncRNA
AP001021.2,lncRNA
RNF115,protein_coding
AC020558.2,lncRNA
AC015922.2,lncRNA
MIR548V,miRNA
MIR5697,miRNA
MIR4304,miRNA
MIR5690,miRNA
FCGR1CP,unprocessed_pseudogene
MIR4421,miRNA
MIR3164,miRNA
AC015845.2,lncRNA
ELOCP27,processed_pseudogene
MIR1268B,miRNA
MIR3143,miRNA
WDR45BP1,processed_pseudogene
MIR3978,miRNA
MIR3139,miRNA
AC104564.5,lncRNA
AC139085.1,processed_pseudogene
BX547991.1,unprocessed_pseudogene
MIR3612,miRNA
MIR3929,miRNA
MIR548AK,miRNA
AC106037.3,lncRNA
MIR3690,miRNA
MIR4664,miRNA
RARA-AS1,lncRNA
AC129510.1,lncRNA
RPL17,protein_coding
SYPL1P2,processed_pseudogene
MAFG-DT,lncRNA
MIR4774,miRNA
AC005821.1,lncRNA
AC023389.2,transcribed_processed_pseudogene
MIR4681,miRNA
MIR4284,miRNA
AC104984.3,lncRNA
AC138207.5,lncRNA
AC135178.4,lncRNA
AC090772.3,lncRNA
ZNF488,protein_coding
AC018413.1,lncRNA
AC127024.4,lncRNA
AC138207.6,transcribed_unprocessed_pseudogene
AC022211.3,lncRNA
AC069366.2,lncRNA
MIR4292,miRNA
SEC22B,protein_coding
AC099677.5,miRNA
FSBP,protein_coding
MIR3177,miRNA
MIR3939,miRNA
AC024267.4,lncRNA
MIR4514,miRNA
MIR4516,miRNA
MIR3174,miRNA
MIR4489,miRNA
MIR4748,miRNA
AC024267.5,lncRNA
MIR3685,miRNA
MIR3146,miRNA
AC091042.1,processed_pseudogene
UBE2CP2,processed_pseudogene
AC090912.1,lncRNA
MIR4319,miRNA
MIR4266,miRNA
TXNIP,protein_coding
AC002091.1,lncRNA
MIR544B,miRNA
AC103810.3,unprocessed_pseudogene
MIR4735,miRNA
MIR3671,miRNA
MIR4477B,miRNA
MIR3609,miRNA
SRGAP2,protein_coding
AP001011.1,lncRNA
NDUFV2-AS1,lncRNA
MIR4771-2,miRNA
POLRMTP1,processed_pseudogene
MIR5693,miRNA
BAHCC1,protein_coding
RASSF5,protein_coding
MIR5192,miRNA
AC007431.2,lncRNA
MIR4326,miRNA
MIR4525,miRNA
MIR4440,miRNA
AC068025.2,lncRNA
MIR5587,miRNA
AC005730.3,lncRNA
ZNF415P1,processed_pseudogene
MIR4654,miRNA
MIR5190,miRNA
AC103810.4,unprocessed_pseudogene
AP001020.3,lncRNA
STRADA,protein_coding
MIR4666A,miRNA
MIR4282,miRNA
MIR3186,miRNA
MIR5585,miRNA
MIR3167,miRNA
CTSLP2,unprocessed_pseudogene
MIR3611,miRNA
MIR3178,miRNA
MIR3176,miRNA
NARF-IT1,lncRNA
MIR5091,miRNA
MIR4644,miRNA
AC011474.2,lncRNA
LINC01909,lncRNA
AC098818.3,miRNA
UBL5P2,processed_pseudogene
AC012213.3,lncRNA
MIR744,miRNA
LIVAR,lncRNA
AC026254.2,lncRNA
MIR4668,miRNA
MIR5692A1,miRNA
MIR3909,miRNA
NBPF15,protein_coding
AC138207.7,lncRNA
AC090615.1,unprocessed_pseudogene
AC005410.2,lncRNA
MIR3657,miRNA
AC079915.1,lncRNA
MIR5002,miRNA
AC005899.5,lncRNA
AC002091.2,lncRNA
MIR4740,miRNA
AP000919.2,lncRNA
AP002478.1,lncRNA
SNHG25,lncRNA
CBX3P2,transcribed_processed_pseudogene
MIR3157,miRNA
NCOA4,protein_coding
MIR4636,miRNA
MIR4451,miRNA
MIR3163,miRNA
MIR4264,miRNA
NARF-AS1,lncRNA
AL449423.1,lncRNA
AP001178.3,lncRNA
MIR3196,miRNA
MRPS21,protein_coding
AC007448.4,lncRNA
AC105245.1,processed_pseudogene
AC127024.5,lncRNA
AC055811.3,lncRNA
ATG12P1,processed_pseudogene
MIR4452,miRNA
GDF10,protein_coding
MIR4650-1,miRNA
MIR4706,miRNA
MIR3619,miRNA
AC005838.2,lncRNA
AP001381.1,lncRNA
ATP6V1E1P2,processed_pseudogene
MIR3145,miRNA
MIR4530,miRNA
EIF1P5,unprocessed_pseudogene
MIR5579,miRNA
AP001025.1,lncRNA
FO680682.1,lncRNA
MIR4254,miRNA
MIR4512,miRNA
MIR4766,miRNA
AC037487.2,lncRNA
AC018521.6,lncRNA
MIR3692,miRNA
MIR4642,miRNA
MIR4754,miRNA
MIR3677,miRNA
AC103810.5,lncRNA
MIR3126,miRNA
AC093484.4,lncRNA
AC129510.2,lncRNA
MIR5692C2,miRNA
AC044840.1,lncRNA
AP001793.1,lncRNA
AC005224.3,lncRNA
MIR3149,miRNA
MYO15B,protein_coding
AC134407.1,lncRNA
MIR5695,miRNA
AC005304.3,lncRNA
MIR3135A,miRNA
MIR4645,miRNA
MIR3680-2,miRNA
MIR3194,miRNA
SH3GL1P1,transcribed_processed_pseudogene
AP005136.3,lncRNA
AC009137.2,lncRNA
AL031428.2,miRNA
AC127540.1,lncRNA
AC129492.4,lncRNA
GAPLINC,lncRNA
AP001021.3,lncRNA
MIR4482,miRNA
ITM2BP1,processed_pseudogene
AC138207.8,transcribed_unprocessed_pseudogene
MIR4535,miRNA
AP000902.1,processed_pseudogene
AL354892.3,lncRNA
AC005546.1,lncRNA
AC027514.1,lncRNA
AC243964.3,lncRNA
LINC00663,lncRNA
AC006116.1,processed_pseudogene
AC008507.1,processed_pseudogene
LINC01841,lncRNA
ZNF793-AS1,lncRNA
AC091132.3,TEC
ACTBP9,processed_pseudogene
AC006213.1,lncRNA
AC008543.3,lncRNA
AC020905.1,lncRNA
AC006116.2,transcribed_processed_pseudogene
AC005775.1,lncRNA
AC005746.1,lncRNA
AC011442.1,lncRNA
AC005262.1,processed_pseudogene
MRPL37P1,processed_pseudogene
AC022916.1,lncRNA
AC012254.1,lncRNA
AC005786.1,processed_pseudogene
AC067852.2,lncRNA
AC090220.1,lncRNA
AARSD1,protein_coding
AC061992.2,lncRNA
FARSA-AS1,lncRNA
AC006504.2,lncRNA
AC087289.1,lncRNA
AC011444.1,lncRNA
AC104984.5,lncRNA
FTLP5,processed_pseudogene
AL050343.2,lncRNA
AC020663.1,lncRNA
AC111182.1,lncRNA
AC060780.1,lncRNA
AC018761.1,lncRNA
AC011498.1,lncRNA
LINC01532,lncRNA
AC023090.1,lncRNA
LRRC37A16P,transcribed_unprocessed_pseudogene
AC008747.1,lncRNA
TCF4-AS1,lncRNA
AC020911.1,lncRNA
AC016493.1,lncRNA
AC027097.1,lncRNA
ZNF850,protein_coding
AC100793.2,lncRNA
AC005757.1,lncRNA
AC092143.3,lncRNA
AC002398.1,lncRNA
AC092296.2,lncRNA
AC005336.1,processed_pseudogene
AC006213.2,lncRNA
AP001269.2,lncRNA
ASB16-AS1,lncRNA
AC011472.1,lncRNA
KRT18P61,processed_pseudogene
AC087683.1,processed_pseudogene
AC008543.4,lncRNA
AC008735.1,lncRNA
ILF3-DT,lncRNA
AC060766.1,transcribed_processed_pseudogene
ZNF561-AS1,lncRNA
PCAT19,lncRNA
AP001029.1,lncRNA
AC011481.1,lncRNA
AC022148.2,lncRNA
AC010525.1,lncRNA
RPL10P15,processed_pseudogene
AC008105.3,lncRNA
AC090360.1,protein_coding
RNF157-AS1,lncRNA
AC005746.2,lncRNA
AP005131.1,lncRNA
AC005954.1,lncRNA
AC012301.1,lncRNA
LINC01842,lncRNA
AC006557.1,lncRNA
AC093227.1,lncRNA
AC022098.1,lncRNA
AC011472.2,lncRNA
AP002505.1,lncRNA
PHF5CP,processed_pseudogene
PTP4A2P1,processed_pseudogene
AC006213.3,lncRNA
AC006116.4,lncRNA
AC011461.1,lncRNA
AP001029.2,lncRNA
LINC01775,lncRNA
SNRPGP4,processed_pseudogene
AC018761.3,lncRNA
AC007773.1,lncRNA
AC092068.1,lncRNA
ZNF8-ERVK3-1,lncRNA
AC010504.1,lncRNA
C17orf113,protein_coding
AC107993.1,lncRNA
AC104971.1,lncRNA
AC092067.1,lncRNA
AC012615.6,lncRNA
AC025048.2,lncRNA
AP005482.2,lncRNA
AC139100.1,lncRNA
ZNF790-AS1,lncRNA
AC011498.3,lncRNA
AC020928.1,lncRNA
AC011444.2,lncRNA
AC006504.3,processed_pseudogene
AC011476.3,lncRNA
PARD6G-AS1,lncRNA
AC008770.3,lncRNA
AC024575.1,lncRNA
MAP3K14-AS1,lncRNA
AC090409.1,lncRNA
TBX2-AS1,lncRNA
AC004672.2,lncRNA
AC008752.2,lncRNA
CEBPA-DT,lncRNA
AC006116.5,lncRNA
AC011444.3,lncRNA
AC004637.1,lncRNA
AC092295.2,lncRNA
AC027307.2,lncRNA
SELENOKP1,processed_pseudogene
SNHG30,lncRNA
SNHG22,lncRNA
LINC01415,lncRNA
AC009271.1,lncRNA
AC015936.1,lncRNA
AC060780.2,processed_pseudogene
AC087289.2,lncRNA
AC003070.1,lncRNA
AC010632.1,lncRNA
EIF5AP3,processed_pseudogene
GEMIN7-AS1,lncRNA
AC022706.1,lncRNA
KCNJ2-AS1,lncRNA
AP005131.2,lncRNA
AC008752.3,unprocessed_pseudogene
AC005330.1,lncRNA
MIR924HG,lncRNA
AC008649.2,lncRNA
ATP5MGP6,processed_pseudogene
AC011447.3,lncRNA
AF038458.2,lncRNA
AC036176.1,lncRNA
AP002439.1,lncRNA
AC004596.1,lncRNA
DM1-AS,lncRNA
AC090229.1,lncRNA
TCF4-AS2,lncRNA
AC005180.1,lncRNA
AC011509.1,lncRNA
SETBP1-DT,lncRNA
AC025048.4,lncRNA
AC138474.1,lncRNA
ZNF56,transcribed_unprocessed_pseudogene
AC005498.2,lncRNA
AC016582.2,transcribed_processed_pseudogene
AC006116.6,lncRNA
AC036176.2,processed_pseudogene
ZNF582-AS1,lncRNA
AC004223.2,lncRNA
AC079210.1,lncRNA
AC021683.1,lncRNA
ZNF571-AS1,lncRNA
AC008569.2,lncRNA
AC008736.1,lncRNA
AC104365.1,lncRNA
AP001542.3,lncRNA
AC011477.1,lncRNA
AC100788.1,lncRNA
CIRBP-AS1,lncRNA
AC007786.1,lncRNA
ZNF887P,transcribed_unprocessed_pseudogene
AP005131.3,lncRNA
AC005180.2,lncRNA
ZNF285,protein_coding
AP001029.3,processed_pseudogene
AC020916.1,lncRNA
AC016168.1,lncRNA
AC008735.2,lncRNA
AP005131.4,lncRNA
MIR497HG,lncRNA
AP002414.4,processed_pseudogene
S1PR2,protein_coding
MTCO2P2,processed_pseudogene
AC015802.3,lncRNA
HIKESHIP2,processed_pseudogene
AC060766.4,lncRNA
AC027514.2,lncRNA
AC011471.2,lncRNA
AC011477.2,lncRNA
AC016168.2,lncRNA
AC104532.2,lncRNA
AC006504.5,lncRNA
AC011477.3,lncRNA
AC020916.2,lncRNA
AC007998.3,lncRNA
AC013290.1,processed_pseudogene
AC090241.1,processed_pseudogene
AC011444.4,processed_pseudogene
NDUFA3P1,processed_pseudogene
AC004134.1,processed_pseudogene
CYP4F24P,unprocessed_pseudogene
BRCA1P1,unprocessed_pseudogene
AC016590.1,lncRNA
AC006116.8,lncRNA
AC007787.1,lncRNA
AC008521.1,processed_pseudogene
AC008759.2,lncRNA
AC067852.3,lncRNA
AC023855.1,lncRNA
AC016582.3,transcribed_unprocessed_pseudogene
BNIP3P16,processed_pseudogene
AC010327.5,lncRNA
AC015961.1,lncRNA
AC002546.1,lncRNA
AC125437.1,lncRNA
AC099811.3,lncRNA
AC025809.1,lncRNA
AC010632.2,lncRNA
ZNF224,protein_coding
AC135721.1,transcribed_processed_pseudogene
AC016590.2,lncRNA
AC008991.1,lncRNA
LDLRAD4-AS1,lncRNA
TAF9P3,processed_pseudogene
AC011477.4,processed_pseudogene
AP005131.5,lncRNA
AC002116.2,lncRNA
AC020917.2,lncRNA
AC015961.2,lncRNA
RDM1P3,unprocessed_pseudogene
EDDM13,protein_coding
AC011509.2,lncRNA
AC012254.3,lncRNA
AC010761.6,lncRNA
AL121989.1,lncRNA
AC087645.2,lncRNA
UBE2L4,processed_pseudogene
AC107896.1,lncRNA
AC060766.7,lncRNA
AC104985.1,lncRNA
AC009005.1,lncRNA
AC099811.4,lncRNA
AC048380.1,lncRNA
AC093567.1,lncRNA
AC100793.3,lncRNA
AC022726.1,lncRNA
AC011498.6,lncRNA
AC011447.4,unprocessed_pseudogene
AC004221.1,lncRNA
SLC25A36P1,processed_pseudogene
AC022098.3,lncRNA
AF038458.3,lncRNA
AC027097.2,lncRNA
LIN37,protein_coding
AC012254.4,processed_pseudogene
AC087289.5,lncRNA
NDUFV2P1,processed_pseudogene
AP001160.2,lncRNA
AL592211.1,lncRNA
AC245884.8,lncRNA
AC119396.2,lncRNA
NDUFA7,protein_coding
MZF1-AS1,lncRNA
AL356740.1,lncRNA
ZNF460-AS1,lncRNA
AL031666.2,lncRNA
AC074135.1,lncRNA
AC010624.2,lncRNA
AC026803.2,lncRNA
AC024075.1,lncRNA
AC009955.2,lncRNA
AC010300.1,lncRNA
EIF1P6,unprocessed_pseudogene
AC008946.1,lncRNA
AC022762.2,lncRNA
AC007292.1,lncRNA
AC130469.1,lncRNA
AC063977.2,unprocessed_pseudogene
CARD8-AS1,lncRNA
PTOV1-AS1,lncRNA
AC010320.2,lncRNA
AC243960.1,lncRNA
AC005253.1,lncRNA
AC243960.2,processed_pseudogene
ERFL,protein_coding
NBPF12,protein_coding
AC018766.1,lncRNA
AC012313.2,lncRNA
AC008395.1,lncRNA
AC020913.1,lncRNA
BNIP3P40,processed_pseudogene
NAPA-AS1,lncRNA
SRP14P4,processed_pseudogene
AC006539.2,processed_pseudogene
AC123912.1,lncRNA
AC008764.2,lncRNA
GABRQ,protein_coding
AC022154.1,lncRNA
ZNF649-AS1,lncRNA
AC124856.1,processed_pseudogene
VN1R84P,unprocessed_pseudogene
AC010615.2,lncRNA
AC010524.1,lncRNA
SMIM17,protein_coding
ZNF114-AS1,lncRNA
AC005785.1,lncRNA
AC020915.1,lncRNA
AC005261.1,lncRNA
AC137932.3,lncRNA
EEF1A1P7,processed_pseudogene
AC008743.1,lncRNA
AC003005.2,lncRNA
AC123912.3,unprocessed_pseudogene
AC090004.1,protein_coding
LINC02560,lncRNA
BNIP3P25,processed_pseudogene
AL132655.1,lncRNA
AC243960.3,lncRNA
AC092279.1,lncRNA
SMC5-AS1,lncRNA
AC010271.1,lncRNA
AC010325.2,lncRNA
AC003682.1,lncRNA
AC007785.3,lncRNA
AC132192.2,lncRNA
TRMT112P6,processed_pseudogene
BNIP3P27,processed_pseudogene
AC073534.1,processed_pseudogene
AC011468.3,lncRNA
MIR4453HG,lncRNA
AC245884.9,lncRNA
AC011479.2,lncRNA
AC020915.2,lncRNA
AC008750.4,lncRNA
VN1R83P,unprocessed_pseudogene
AC003002.2,protein_coding
AC005523.1,lncRNA
AC012313.4,TEC
VN1R107P,unprocessed_pseudogene
AC123912.4,lncRNA
AC010636.1,lncRNA
AC003956.1,lncRNA
AC011815.1,lncRNA
AL031282.2,lncRNA
AC011466.1,lncRNA
AC073389.1,lncRNA
VN1R80P,unprocessed_pseudogene
AC115522.1,lncRNA
AL353803.5,lncRNA
AL132655.2,lncRNA
LINC00664,lncRNA
AL589863.1,lncRNA
LETM1P2,processed_pseudogene
AC016586.1,lncRNA
AC005261.2,lncRNA
AC020910.2,lncRNA
BNIP3P26,processed_pseudogene
AL158151.4,lncRNA
AC010615.3,processed_pseudogene
AC008737.1,lncRNA
AC010519.1,lncRNA
AC022432.1,processed_pseudogene
SCGB1B2P,lncRNA
AC104534.1,lncRNA
ADGRE4P,transcribed_unprocessed_pseudogene
AC011465.1,lncRNA
AC027307.3,lncRNA
AC004264.1,lncRNA
Z69706.1,lncRNA
SIGLEC22P,transcribed_unprocessed_pseudogene
AL118506.1,lncRNA
AC022601.1,lncRNA
AC010323.2,processed_pseudogene
A1BG-AS1,lncRNA
AC009955.3,lncRNA
AL627309.6,processed_pseudogene
AC012313.5,lncRNA
AC136469.1,lncRNA
AC005387.1,lncRNA
LINC01711,lncRNA
CKS1BP3,processed_pseudogene
AC010422.2,lncRNA
AC002128.1,lncRNA
AC022150.2,lncRNA
CDC42EP3P1,processed_pseudogene
MAN1B1-DT,lncRNA
AC092070.2,transcribed_unprocessed_pseudogene
HOMER3-AS1,lncRNA
MTRNR2L12,protein_coding
AP001462.1,lncRNA
BNIP3P24,processed_pseudogene
AC024075.2,lncRNA
AC010319.3,lncRNA
AC012313.6,lncRNA
AC020908.3,lncRNA
AC009955.4,lncRNA
AC007842.1,processed_pseudogene
AC010624.3,lncRNA
AC010320.3,lncRNA
AC007193.2,lncRNA
BRI3BPP1,processed_pseudogene
AC092301.1,lncRNA
AL009178.2,lncRNA
AC010618.2,lncRNA
AP001160.3,lncRNA
L34079.2,lncRNA
AL445223.1,lncRNA
FBXO17,protein_coding
AC005387.2,lncRNA
ZNF350-AS1,lncRNA
AC011445.1,lncRNA
ZSCAN16-AS1,lncRNA
FKBP1AP1,processed_pseudogene
MAGIX,protein_coding
AC007292.2,lncRNA
IKBKG,protein_coding
ZNF587B,protein_coding
PTOV1-AS2,lncRNA
AL356740.2,lncRNA
AC120349.1,lncRNA
AC008739.2,unprocessed_pseudogene
AL356740.3,lncRNA
ITGB1P1,processed_pseudogene
RAB11B-AS1,lncRNA
AL365205.4,lncRNA
AC018755.3,transcribed_processed_pseudogene
AC008655.2,lncRNA
AC011503.2,lncRNA
AC008764.6,lncRNA
LINC01224,lncRNA
AC104521.1,lncRNA
AC024075.3,lncRNA
BNIP3P8,processed_pseudogene
AC010618.3,lncRNA
AC011491.2,lncRNA
AP001160.4,lncRNA
AC010319.4,lncRNA
ERVK9-11,lncRNA
AC008635.1,lncRNA
AL589765.6,lncRNA
AC110792.2,lncRNA
AC003002.3,protein_coding
AC010320.4,lncRNA
TMEM185A,protein_coding
AC093677.2,lncRNA
AC010422.4,lncRNA
TDGF1P7,processed_pseudogene
RPARP-AS1,lncRNA
RPL12P41,processed_pseudogene
AC010487.1,lncRNA
AC011510.1,lncRNA
NOP53-AS1,lncRNA
AC008760.1,lncRNA
AC008982.2,lncRNA
AC005197.1,lncRNA
AC005498.3,lncRNA
ZIM2,protein_coding
AC018730.1,lncRNA
NBPF9,protein_coding
CCDC194,protein_coding
AL691432.1,transcribed_processed_pseudogene
SLC25A53,protein_coding
AC008758.6,protein_coding
AC010642.1,processed_pseudogene
PLEKHA3P1,processed_pseudogene
BICRA-AS1,lncRNA
AC010463.3,lncRNA
KCNQ1OT1,lncRNA
AC022150.4,lncRNA
ZNF528-AS1,lncRNA
AC020913.3,lncRNA
IPO5P1,transcribed_processed_pseudogene
AC008537.2,lncRNA
CCNYL6,transcribed_processed_pseudogene
EGLN2,protein_coding
AC010326.3,lncRNA
AC245884.10,lncRNA
AL391001.1,lncRNA
AC125494.2,lncRNA
SNHG8,lncRNA
AC018809.1,lncRNA
AL513477.1,transcribed_processed_pseudogene
AC010531.5,lncRNA
AC234772.1,lncRNA
AC025165.4,lncRNA
AL606834.1,lncRNA
PTMAP11,processed_pseudogene
AL049840.3,lncRNA
AF131215.6,lncRNA
AC068620.1,lncRNA
AC024451.4,lncRNA
Z98884.2,lncRNA
MIRLET7A1HG,lncRNA
AC068790.2,lncRNA
AL049840.4,lncRNA
AC135178.6,lncRNA
AC069307.1,lncRNA
AP000962.1,lncRNA
AC090181.2,lncRNA
AL117336.1,lncRNA
MKNK1-AS1,lncRNA
AL049840.5,lncRNA
AC010359.2,lncRNA
AL136115.2,lncRNA
AL162424.1,lncRNA
AL020997.2,lncRNA
AC010969.2,lncRNA
AC012065.2,lncRNA
AL359881.1,lncRNA
AC068768.1,lncRNA
AL627309.7,processed_pseudogene
AC018809.2,lncRNA
AC146944.2,lncRNA
AC078795.1,lncRNA
AL021328.1,lncRNA
AC068790.3,lncRNA
AC005479.2,lncRNA
AL121894.2,lncRNA
AC010531.6,lncRNA
ZNF559-ZNF177,protein_coding
AC232271.1,lncRNA
AC110769.2,lncRNA
AC026691.1,lncRNA
Z93241.1,lncRNA
AC136475.7,lncRNA
AL020997.3,lncRNA
AL359881.2,lncRNA
AC025165.5,lncRNA
AC068790.4,lncRNA
AC009061.2,lncRNA
AL035427.1,lncRNA
AC127502.2,lncRNA
AC121493.1,lncRNA
AC090589.3,lncRNA
AC068790.5,lncRNA
AL606834.2,lncRNA
AC125494.3,lncRNA
MIR222HG,lncRNA
AP001172.1,lncRNA
AC090559.2,lncRNA
AC087203.3,lncRNA
AF131215.7,lncRNA
AL021878.4,lncRNA
GAS5-AS1,lncRNA
AC015726.1,lncRNA
AC068790.6,lncRNA
LDHAL6EP,processed_pseudogene
AL049840.6,lncRNA
AC090241.2,lncRNA
AC006019.3,lncRNA
AL513327.2,lncRNA
AP001429.1,lncRNA
AC092127.2,lncRNA
AC027020.2,lncRNA
AC068790.7,lncRNA
AC025766.1,lncRNA
AF230666.2,lncRNA
AP001172.2,lncRNA
AC005520.3,lncRNA
AC068620.2,lncRNA
AC130352.1,lncRNA
AC004918.3,lncRNA
AC018695.3,lncRNA
LINC01480,lncRNA
AC010530.1,lncRNA
NCBP2AS2,protein_coding
AL359881.3,lncRNA
AL022097.1,lncRNA
AC023509.3,lncRNA
AC104109.2,lncRNA
AC007687.1,lncRNA
AP002840.2,lncRNA
AC018695.4,lncRNA
AC068491.2,lncRNA
AC097359.2,lncRNA
AC016773.1,lncRNA
AC104695.2,lncRNA
MTCO2P22,processed_pseudogene
MTND6P22,processed_pseudogene
NBPF8,transcribed_unprocessed_pseudogene
AL162730.1,processed_pseudogene
AC011468.4,processed_pseudogene
AC009884.2,processed_pseudogene
AC096720.1,processed_pseudogene
NDUFB8P2,processed_pseudogene
IMMP1LP1,processed_pseudogene
BNIP3P10,processed_pseudogene
AL096855.2,processed_pseudogene
AC124916.2,processed_pseudogene
AC079880.2,processed_pseudogene
STX8P1,processed_pseudogene
PHACTR2P1,transcribed_processed_pseudogene
MTATP6P2,processed_pseudogene
AC007161.2,processed_pseudogene
AC005972.1,processed_pseudogene
SMIM15P2,processed_pseudogene
UNGP3,processed_pseudogene
POC1B-AS1,lncRNA
AL451085.1,lncRNA
HMGN3-AS1,lncRNA
AC020891.4,processed_pseudogene
AL138963.2,processed_pseudogene
AC133539.1,processed_pseudogene
AC115621.1,processed_pseudogene
PFN1P2,transcribed_processed_pseudogene
AC011458.1,processed_pseudogene
AP001554.1,lncRNA
AC104692.2,processed_pseudogene
AC090950.1,transcribed_unprocessed_pseudogene
CAHM,lncRNA
AC022022.2,processed_pseudogene
AC099343.2,lncRNA
NRBF2P5,processed_pseudogene
KNOP1P2,processed_pseudogene
H3P37,transcribed_unprocessed_pseudogene
LAMB2P1,unprocessed_pseudogene
AC005034.2,lncRNA
BNIP3P37,processed_pseudogene
AC073413.1,processed_pseudogene
AC026367.1,lncRNA
AL355297.1,lncRNA
BX322635.1,processed_pseudogene
YTHDF2P1,processed_pseudogene
AL391422.4,lncRNA
AC022001.1,processed_pseudogene
PEBP1P2,processed_pseudogene
AC093915.1,lncRNA
LINC01235,lncRNA
AL451044.1,processed_pseudogene
IGHV3-30,IG_V_gene
AC011921.3,processed_pseudogene
AC069431.2,processed_pseudogene
AC211469.1,processed_pseudogene
AC013731.1,lncRNA
AC025449.1,processed_pseudogene
AL160281.1,processed_pseudogene
AC006023.1,processed_pseudogene
AP000787.2,processed_pseudogene
PKD1P6-NPIPP1,lncRNA
SNX2P1,processed_pseudogene
AC046185.2,processed_pseudogene
AL158163.1,lncRNA
AL049840.7,transcribed_processed_pseudogene
AL512343.1,processed_pseudogene
HCG17,lncRNA
AL353622.1,lncRNA
PPIAP52,processed_pseudogene
AC009549.1,lncRNA
AC011451.2,processed_pseudogene
AL034555.1,unprocessed_pseudogene
NBPF14,protein_coding
AL356575.1,processed_pseudogene
AL023806.1,lncRNA
AC104695.3,lncRNA
TAF15,protein_coding
AC079610.1,lncRNA
AL021918.1,processed_pseudogene
YTHDF3-AS1,lncRNA
AC138473.1,processed_pseudogene
AC095055.1,lncRNA
AP003357.1,processed_pseudogene
BUD13P1,processed_pseudogene
AC105129.3,processed_pseudogene
AC211469.2,processed_pseudogene
AC073657.2,processed_pseudogene
PRMT1P1,processed_pseudogene
KF455155.1,processed_pseudogene
AL162431.3,processed_pseudogene
MICOS10P2,processed_pseudogene
AC104785.1,lncRNA
RPL23AP92,processed_pseudogene
AL035413.1,processed_pseudogene
AL355877.1,processed_pseudogene
AC090953.1,processed_pseudogene
AL136141.1,lncRNA
AD001527.1,lncRNA
AL355353.1,lncRNA
AC005070.1,processed_pseudogene
GAS2L2,protein_coding
PDHA1P1,processed_pseudogene
AC012443.1,processed_pseudogene
AC091133.6,processed_pseudogene
AC013467.1,processed_pseudogene
AC005776.1,processed_pseudogene
AC010326.4,transcribed_processed_pseudogene
AC022400.3,processed_pseudogene
DMAC1P1,processed_pseudogene
AC016727.1,lncRNA
AC092032.1,processed_pseudogene
AC092120.2,processed_pseudogene
HNRNPDLP4,processed_pseudogene
AC073413.2,processed_pseudogene
MYG1P1,processed_pseudogene
AC015849.3,lncRNA
SRGAP2D,unprocessed_pseudogene
RPAP2P1,processed_pseudogene
ZNF30-AS1,lncRNA
GCATP1,processed_pseudogene
RASL10B,protein_coding
AL049844.2,processed_pseudogene
AC008277.2,processed_pseudogene
AC015849.4,lncRNA
AL645939.3,processed_pseudogene
AL160290.2,processed_pseudogene
HNRNPA3P9,processed_pseudogene
MTND4P35,processed_pseudogene
AC114878.2,processed_pseudogene
H3P8,processed_pseudogene
AL161911.1,processed_pseudogene
AC108451.2,lncRNA
TAS2R6P,processed_pseudogene
AC010719.1,lncRNA
AC006254.2,processed_pseudogene
HSPE1P7,processed_pseudogene
MTDHP1,processed_pseudogene
AL121917.2,lncRNA
AC007938.3,lncRNA
LPP-AS2,lncRNA
AC016355.1,lncRNA
AC087763.1,processed_pseudogene
AC136475.9,lncRNA
MAGOH3P,unprocessed_pseudogene
AL589674.1,processed_pseudogene
HMGB1P51,processed_pseudogene
AC019257.2,lncRNA
AC111186.1,processed_pseudogene
AC005034.4,lncRNA
AC129492.5,processed_pseudogene
AC116667.1,lncRNA
AC062037.1,processed_pseudogene
AC013244.1,processed_pseudogene
AC135178.7,processed_pseudogene
AC020907.4,lncRNA
AL390955.2,lncRNA
MTRNR2L2,processed_pseudogene
NDUFB9P1,processed_pseudogene
AL512631.1,lncRNA
AC092447.9,processed_pseudogene
AC020910.4,processed_pseudogene
AC108738.1,processed_pseudogene
SNRPGP17,processed_pseudogene
AC027644.2,processed_pseudogene
AC107031.1,lncRNA
PHBP20,processed_pseudogene
AL139317.4,processed_pseudogene
HIKESHIP3,processed_pseudogene
SUMO2P14,processed_pseudogene
IMMP1LP3,processed_pseudogene
AP000753.3,processed_pseudogene
SCML2P2,processed_pseudogene
AC026412.3,lncRNA
AC018647.2,lncRNA
AC004130.2,lncRNA
AC006254.3,processed_pseudogene
AC018889.1,processed_pseudogene
ARMCX5-GPRASP2,lncRNA
AC016737.1,lncRNA
HINT1P2,processed_pseudogene
BOLA2P2,transcribed_processed_pseudogene
AC104662.1,lncRNA
Z99916.2,processed_pseudogene
AL353804.2,lncRNA
AC099791.2,lncRNA
AC016831.4,lncRNA
RPL21P136,processed_pseudogene
AL033384.2,lncRNA
AL121655.1,lncRNA
SUMO2P15,processed_pseudogene
AC007423.1,lncRNA
AC010201.1,lncRNA
MZT1P1,processed_pseudogene
AL355297.2,lncRNA
AL353807.4,processed_pseudogene
AC015849.6,processed_pseudogene
TMCC1-AS1,lncRNA
AC007326.1,processed_pseudogene
ELOCP33,processed_pseudogene
AC011458.2,processed_pseudogene
AL161729.2,lncRNA
AC091488.1,lncRNA
AC010201.2,lncRNA
ATP5MGP8,processed_pseudogene
AL117336.2,lncRNA
AC018638.6,lncRNA
HTATSF1P2,processed_pseudogene
AL034374.1,lncRNA
AC007619.2,processed_pseudogene
AL451085.2,lncRNA
AL161798.1,processed_pseudogene
AL445228.2,lncRNA
AC006237.1,lncRNA
AC091167.4,processed_pseudogene
AC010680.5,lncRNA
MZT1P2,processed_pseudogene
AC020728.1,processed_pseudogene
PRR13P3,processed_pseudogene
AC093107.2,processed_pseudogene
RPL23AP90,processed_pseudogene
AL109936.2,lncRNA
GLRX5P3,processed_pseudogene
NBPF10,protein_coding
AL358072.1,lncRNA
MPHOSPH6P1,processed_pseudogene
AL356423.1,processed_pseudogene
MMP28,protein_coding
AC005034.5,lncRNA
AC106881.1,lncRNA
AC005070.2,processed_pseudogene
AC108676.2,processed_pseudogene
AC013244.2,processed_pseudogene
AC005183.1,processed_pseudogene
CCL5,protein_coding
AL161756.2,processed_pseudogene
BNIP3P17,processed_pseudogene
ARF4P1,processed_pseudogene
BBIP1P1,processed_pseudogene
Z83843.1,lncRNA
AC009220.3,processed_pseudogene
AC021443.1,processed_pseudogene
BNIP3P11,processed_pseudogene
AL355297.3,lncRNA
AC018638.7,lncRNA
AL138787.2,lncRNA
AC113139.1,lncRNA
YPEL5P2,processed_pseudogene
AL359504.1,lncRNA
AL583832.1,processed_pseudogene
AC108463.3,lncRNA
AC008739.3,processed_pseudogene
LIX1L,protein_coding
MILR1,protein_coding
ATP2B1-AS1,lncRNA
AP004372.1,processed_pseudogene
H3P42,processed_pseudogene
PPFIA1P1,processed_pseudogene
AC112220.2,lncRNA
AC242498.1,processed_pseudogene
IRF2-DT,lncRNA
AC097359.3,lncRNA
AL161729.4,lncRNA
AC233280.2,processed_pseudogene
AC004890.3,unprocessed_pseudogene
AC010998.2,lncRNA
AL049779.3,processed_pseudogene
ATP1B3P1,processed_pseudogene
AC017033.1,lncRNA
AC069236.1,processed_pseudogene
AC010501.2,lncRNA
AC022001.2,lncRNA
AC022146.2,lncRNA
AL137798.1,lncRNA
Z98200.1,lncRNA
AC008608.2,lncRNA
AF287957.1,lncRNA
AL031848.2,lncRNA
AC005828.6,unprocessed_pseudogene
AP003392.4,lncRNA
AL031118.1,lncRNA
AC139792.1,lncRNA
AC080013.2,lncRNA
AL118558.3,lncRNA
AC026740.1,lncRNA
AL031055.1,lncRNA
AC008875.1,lncRNA
AL080317.1,lncRNA
AC008494.3,lncRNA
AL121906.1,lncRNA
Z97200.1,lncRNA
AC008897.3,lncRNA
AC019080.3,lncRNA
AC008937.3,lncRNA
AL445222.1,lncRNA
AC012557.1,lncRNA
MAN2A1-DT,lncRNA
AC087501.4,lncRNA
AC073195.1,lncRNA
AL096865.1,lncRNA
AL589740.1,lncRNA
AC104118.1,lncRNA
AC114810.1,lncRNA
AC026979.2,lncRNA
AC024060.2,lncRNA
AC005740.4,lncRNA
AC025754.2,lncRNA
AP001330.4,lncRNA
MIR98,miRNA
AL136162.1,lncRNA
AC016747.2,lncRNA
AL109811.2,lncRNA
AC091826.2,lncRNA
AL035530.2,lncRNA
AC012467.1,lncRNA
AC034236.2,lncRNA
AC005828.7,transcribed_processed_pseudogene
AC008972.1,lncRNA
AL603756.1,lncRNA
AC012073.1,lncRNA
AC103724.4,lncRNA
AC098614.2,transcribed_processed_pseudogene
LINC01954,lncRNA
AC021860.1,lncRNA
AC090948.1,lncRNA
AC021321.1,lncRNA
AL583856.2,lncRNA
AC120053.1,lncRNA
AC141002.1,lncRNA
AC012467.2,lncRNA
AL359643.2,lncRNA
AC023302.1,lncRNA
AC013400.1,lncRNA
AL354872.1,lncRNA
AC126118.1,lncRNA
AC019080.4,lncRNA
AC010904.2,lncRNA
AC037487.3,processed_pseudogene
AL139274.2,lncRNA
AL121944.1,lncRNA
AC100814.1,lncRNA
AC010240.3,lncRNA
AC064807.4,lncRNA
ANKRD34A,protein_coding
AL136984.1,lncRNA
AP002907.1,lncRNA
AC010245.2,lncRNA
AC016405.2,lncRNA
GTF2H5,protein_coding
AC091965.4,lncRNA
AC007390.1,lncRNA
AC013472.2,lncRNA
AL365181.2,lncRNA
AC005618.1,lncRNA
AC004492.1,lncRNA
AC090186.1,lncRNA
AC124045.1,lncRNA
AC004233.2,lncRNA
AC008972.2,lncRNA
AL137127.1,lncRNA
AC025181.2,lncRNA
AC087623.2,lncRNA
AL024498.1,lncRNA
AL513218.1,lncRNA
AL691432.2,lncRNA
AC244517.1,lncRNA
AC006058.3,lncRNA
AC008966.2,lncRNA
AP006545.2,lncRNA
AL359715.3,lncRNA
AC091946.2,lncRNA
AC103810.6,processed_pseudogene
AL451064.1,lncRNA
AC022400.4,lncRNA
LYRM4-AS1,lncRNA
FGF14-AS2,lncRNA
AC025171.4,lncRNA
NFYC-AS1,lncRNA
AC013403.2,lncRNA
NBPF25P,transcribed_unprocessed_pseudogene
AL365330.1,lncRNA
AC244517.2,lncRNA
AC008280.2,lncRNA
AL139022.2,lncRNA
AF106564.1,lncRNA
AC005972.2,processed_pseudogene
CASC15,lncRNA
AL355385.1,lncRNA
AC138696.2,lncRNA
AL050343.3,lncRNA
AC012557.2,lncRNA
AC005041.3,lncRNA
AP003392.5,lncRNA
AL024508.1,lncRNA
AC100812.1,lncRNA
AL356512.1,lncRNA
AC097358.2,lncRNA
AL023583.1,lncRNA
AC114760.2,lncRNA
AL645940.1,lncRNA
AC005072.1,lncRNA
AL645933.2,lncRNA
AL136304.1,lncRNA
AL136985.2,lncRNA
AL645939.4,lncRNA
AC011373.1,lncRNA
AC004908.1,lncRNA
AC080013.4,lncRNA
AL138831.2,lncRNA
AC113361.1,lncRNA
AC044849.1,lncRNA
AC034198.2,lncRNA
AC009686.2,lncRNA
AC021242.3,lncRNA
AL138724.1,lncRNA
IER3-AS1,lncRNA
AC092687.3,lncRNA
AL031963.3,lncRNA
AL512329.2,lncRNA
AL451165.2,lncRNA
AC083964.1,lncRNA
AC096887.1,protein_coding
AL021368.2,lncRNA
AL022345.1,unprocessed_pseudogene
AL445309.1,lncRNA
AC026801.2,lncRNA
AC002044.1,lncRNA
KMT2B,protein_coding
AC011816.2,lncRNA
AC093297.2,lncRNA
AC067838.1,lncRNA
AL137003.1,lncRNA
AC107952.2,lncRNA
AL031775.1,lncRNA
AC092354.1,lncRNA
AL080317.2,lncRNA
AC116036.2,lncRNA
AC005014.2,lncRNA
AC074032.1,lncRNA
AC008035.1,lncRNA
AC092354.2,lncRNA
AL591167.1,lncRNA
AC009102.2,lncRNA
Z97832.2,lncRNA
AC026979.3,lncRNA
AL008729.2,lncRNA
LINC02664,lncRNA
AC025171.5,lncRNA
AC006270.2,processed_pseudogene
AC016405.3,lncRNA
POM121C,protein_coding
CD24,protein_coding
AL031775.2,lncRNA
AL365181.3,lncRNA
AC108102.1,lncRNA
AC025175.1,lncRNA
LINC01145,transcribed_unprocessed_pseudogene
AL513477.2,lncRNA
AC009902.3,lncRNA
BX284668.6,lncRNA
AL450270.1,lncRNA
LINC02637,lncRNA
AC104117.5,lncRNA
AL031432.3,lncRNA
AC137630.3,lncRNA
AL645608.6,lncRNA
AL118558.4,lncRNA
AL135925.1,lncRNA
AL139246.5,lncRNA
MRPL20-DT,lncRNA
AC139795.3,lncRNA
U91328.1,lncRNA
AL031768.1,lncRNA
AL021807.1,lncRNA
AL024507.2,lncRNA
AC254633.1,lncRNA
AC022001.3,lncRNA
AL109659.2,lncRNA
AC090948.2,lncRNA
AL662844.4,lncRNA
AC104964.3,lncRNA
AL357078.2,lncRNA
AC087752.4,lncRNA
AL645608.7,lncRNA
AC036214.2,lncRNA
AC079610.2,lncRNA
LINC01023,lncRNA
AC099522.2,lncRNA
AC090948.3,lncRNA
AC005014.3,lncRNA
AL662797.1,lncRNA
AL021368.3,lncRNA
AC017048.3,lncRNA
AC009974.1,lncRNA
GTF2IP13,transcribed_unprocessed_pseudogene
AL512343.2,lncRNA
AC012511.1,lncRNA
AC005162.2,lncRNA
AL138762.1,lncRNA
AL596325.2,lncRNA
AC027271.1,lncRNA
AL031587.3,lncRNA
AL592494.2,lncRNA
AC139887.4,lncRNA
AC063944.2,lncRNA
AC016394.1,lncRNA
ZNF595,protein_coding
AC073073.2,lncRNA
AC093673.2,lncRNA
AP000919.3,lncRNA
AL731563.3,lncRNA
AC067750.1,lncRNA
DOC2B,protein_coding
GTF2IP20,transcribed_unprocessed_pseudogene
AC079766.1,lncRNA
AC110792.3,lncRNA
AL358472.2,lncRNA
POLR2J4,transcribed_unprocessed_pseudogene
AC024933.1,lncRNA
AC090425.2,lncRNA
AC073352.1,lncRNA
AC093635.1,lncRNA
AC012306.2,lncRNA
AL590560.3,lncRNA
AL021707.6,lncRNA
AL391497.1,lncRNA
PCDHB16,protein_coding
AC124016.1,lncRNA
WASL-DT,lncRNA
AC004832.4,lncRNA
LINC02018,lncRNA
AC092807.2,lncRNA
AC010997.4,lncRNA
AC073107.1,transcribed_unprocessed_pseudogene
GAS6-DT,lncRNA
AL359091.3,lncRNA
AC007620.3,lncRNA
MESTIT1,lncRNA
AC046143.2,lncRNA
AC133041.1,transcribed_unprocessed_pseudogene
AC019069.1,lncRNA
AL157904.1,lncRNA
AL121658.1,lncRNA
AC112236.2,lncRNA
AL022322.1,lncRNA
AC131235.2,lncRNA
LINC02266,lncRNA
AC004982.1,lncRNA
AP000345.2,lncRNA
ADIRF-AS1,lncRNA
AC007881.3,lncRNA
AC107214.2,lncRNA
AC004948.1,lncRNA
AL592148.3,lncRNA
AL133245.1,lncRNA
AC245297.2,lncRNA
AC083798.2,lncRNA
AL596094.1,lncRNA
JMJD1C-AS1,lncRNA
AC004854.2,lncRNA
AC019131.2,lncRNA
AC147067.2,lncRNA
AC253536.6,lncRNA
AP000864.1,lncRNA
AC073389.3,lncRNA
AC126283.1,lncRNA
AC092954.1,lncRNA
AC021851.1,lncRNA
AC007038.1,lncRNA
AC004908.2,lncRNA
AL445423.1,lncRNA
AC245100.6,lncRNA
AL844908.1,lncRNA
AC002470.1,lncRNA
AC027644.3,lncRNA
AC022296.4,lncRNA
AL022238.2,lncRNA
AL022328.1,lncRNA
AC011899.2,lncRNA
AC092902.2,lncRNA
MAP3K4-AS1,lncRNA
AL391834.1,lncRNA
AC211476.2,lncRNA
AL135910.1,lncRNA
AC084018.1,lncRNA
AC069544.1,lncRNA
AC004839.2,lncRNA
AC112250.2,lncRNA
Z93930.3,lncRNA
AC012360.2,lncRNA
AC106052.1,lncRNA
AC135803.1,lncRNA
AL591686.2,lncRNA
SAP30-DT,lncRNA
AL159169.2,lncRNA
AP000525.1,lncRNA
AC092574.1,lncRNA
DCP1A,protein_coding
CHASERR,lncRNA
AC004982.2,lncRNA
ATP6V1FNB,protein_coding
TBC1D8-AS1,lncRNA
AC018648.1,lncRNA
AC006033.2,lncRNA
AC090425.3,lncRNA
AC005696.3,lncRNA
AC009237.14,lncRNA
AL359532.1,lncRNA
AC018635.2,lncRNA
AC005070.3,lncRNA
AC107294.1,lncRNA
AC107464.2,lncRNA
AC099568.2,lncRNA
AL391121.1,lncRNA
U62317.2,lncRNA
AC083862.1,lncRNA
AC079834.1,lncRNA
AL356299.2,lncRNA
AP001412.1,lncRNA
AC093799.1,lncRNA
AC092171.4,lncRNA
AP000553.2,lncRNA
AC024243.1,lncRNA
AC107294.2,lncRNA
AL365181.4,lncRNA
AL008721.2,lncRNA
AC093388.1,lncRNA
AL117339.3,lncRNA
AC009570.1,lncRNA
AC084036.1,lncRNA
AC012360.3,lncRNA
AC097505.1,lncRNA
AL731533.2,lncRNA
AL355388.1,lncRNA
AL078644.1,lncRNA
AC021205.3,lncRNA
AC010864.1,lncRNA
AL360270.3,lncRNA
AC117490.2,lncRNA
AC018645.3,lncRNA
AC008124.1,lncRNA
AP000240.1,lncRNA
INTS4P2,transcribed_unprocessed_pseudogene
AL358472.3,lncRNA
AL844908.2,lncRNA
DGCR5,lncRNA
LINC02035,lncRNA
AC007684.2,lncRNA
C2orf15,protein_coding
AC005046.1,lncRNA
AL354694.1,lncRNA
AL359921.2,lncRNA
CDC37L1-DT,lncRNA
AC007250.1,lncRNA
AC017083.1,lncRNA
AC073869.1,lncRNA
AL021707.7,lncRNA
GRIN2B,protein_coding
AC009309.1,lncRNA
AC092171.5,lncRNA
AP000255.1,lncRNA
AL021707.8,lncRNA
AL596442.2,lncRNA
AL512598.1,lncRNA
AL121929.2,lncRNA
AC144652.1,lncRNA
AC093865.1,lncRNA
AC020634.2,lncRNA
AL365434.2,lncRNA
PACERR,lncRNA
AC116651.1,lncRNA
NBPF26,protein_coding
AL022328.2,lncRNA
AC005021.1,lncRNA
AC007663.3,lncRNA
AP001269.4,lncRNA
LINC02604,lncRNA
BX537318.1,lncRNA
LINC00653,lncRNA
AC073957.3,lncRNA
AC124016.2,lncRNA
AL359962.2,lncRNA
AL133215.2,lncRNA
AL121652.1,lncRNA
SNURF,protein_coding
AC108673.2,lncRNA
BX323046.1,lncRNA
AL008635.1,lncRNA
AC092954.2,lncRNA
AC092535.5,lncRNA
AC093726.2,lncRNA
AL359091.4,lncRNA
AL022328.3,lncRNA
AC062037.2,lncRNA
AP000692.2,lncRNA
AC006946.2,lncRNA
AC104506.1,lncRNA
AC069148.1,lncRNA
AC000068.2,lncRNA
AC002059.1,lncRNA
AC005776.2,lncRNA
AL391834.2,lncRNA
AC102953.2,lncRNA
AC097724.1,lncRNA
TMEM271,protein_coding
AC013468.1,lncRNA
Z82243.1,lncRNA
AC092653.1,lncRNA
AC097376.3,lncRNA
BX649632.1,lncRNA
AL022328.4,lncRNA
AF129075.2,lncRNA
AC069200.1,lncRNA
AL049839.2,protein_coding
AC092953.2,lncRNA
AL360219.1,lncRNA
CNNM3-DT,lncRNA
AC090114.2,lncRNA
AP000254.2,lncRNA
ZBTB8B,protein_coding
AP001033.2,lncRNA
AL121672.3,lncRNA
AC092042.3,protein_coding
AC093458.1,lncRNA
AP000350.6,lncRNA
AC016747.3,lncRNA
AC009237.15,lncRNA
AC018690.1,lncRNA
AC024560.3,lncRNA
DGCR11,lncRNA
AC005229.4,lncRNA
AC058791.1,lncRNA
AC023983.2,lncRNA
AL008723.2,lncRNA
OR6L2P,unprocessed_pseudogene
AC078846.1,lncRNA
AP005432.2,lncRNA
AC103591.3,lncRNA
MICE,transcribed_unprocessed_pseudogene
AC004921.1,lncRNA
AP000553.3,lncRNA
AC007663.4,lncRNA
PAXIP1-AS1,lncRNA
AC004832.5,lncRNA
AP000894.4,lncRNA
LINC02019,lncRNA
AL353801.3,lncRNA
AC096586.2,lncRNA
AL355488.1,lncRNA
AC055764.2,lncRNA
AL356488.3,lncRNA
AC005005.3,lncRNA
AC083880.1,lncRNA
AC128687.2,lncRNA
AL159169.3,lncRNA
AC004908.3,lncRNA
AC107294.3,lncRNA
AC069294.1,lncRNA
LINC02712,lncRNA
AL732292.2,lncRNA
AC004877.1,lncRNA
AL008582.1,lncRNA
AC004951.4,lncRNA
AC108673.3,lncRNA
AC006023.2,unprocessed_pseudogene
AC133644.1,lncRNA
AC004067.1,lncRNA
AC006480.2,lncRNA
AC093788.1,lncRNA
AL139124.1,lncRNA
AL031666.3,lncRNA
AC112503.2,lncRNA
AC064836.2,lncRNA
AP000238.1,lncRNA
AC096733.2,lncRNA
BX649601.1,lncRNA
AL157392.4,lncRNA
AL133215.3,lncRNA
AL391069.2,lncRNA
AL354760.1,lncRNA
AC096992.2,lncRNA
AC104836.1,lncRNA
AC008264.2,lncRNA
AP000229.1,lncRNA
AC098479.1,lncRNA
MIR6129,miRNA
AL162274.1,lncRNA
MIR6812,miRNA
AC008781.2,lncRNA
CWC25,protein_coding
AC131009.3,lncRNA
AC009283.1,lncRNA
AC087072.1,unprocessed_pseudogene
AC096708.3,lncRNA
MIR7160,miRNA
AL731571.1,lncRNA
EPOP,protein_coding
ZNHIT3,protein_coding
AL135999.2,lncRNA
AL121832.2,lncRNA
AL354798.1,unprocessed_pseudogene
AC100793.4,lncRNA
AC020904.2,transcribed_processed_pseudogene
AC015819.1,lncRNA
AL118556.2,processed_pseudogene
AC009318.2,lncRNA
AC109583.3,processed_pseudogene
AC004223.4,lncRNA
AC087284.1,lncRNA
AC091271.1,lncRNA
AL021997.1,processed_pseudogene
AC092670.1,processed_pseudogene
SUGT1-DT,lncRNA
AC106782.4,unprocessed_pseudogene
AC007686.3,lncRNA
AC011472.4,lncRNA
MIR6075,miRNA
MIR6870,miRNA
AC022558.3,lncRNA
CYFIP1,protein_coding
AL117379.1,lncRNA
VN1R76P,unprocessed_pseudogene
AC007318.1,transcribed_processed_pseudogene
AC024257.4,lncRNA
AL136040.1,lncRNA
AC022898.2,lncRNA
BX322562.1,lncRNA
AL133445.2,lncRNA
BX640514.2,lncRNA
AC005695.3,lncRNA
USP27X,protein_coding
AL096828.3,lncRNA
AL133227.1,lncRNA
MIR6842,miRNA
AC018755.4,lncRNA
TAF9,protein_coding
AC020658.5,lncRNA
AL138721.1,processed_pseudogene
MIR8066,miRNA
FRMD6-AS1,lncRNA
AC034102.8,lncRNA
AL731566.2,lncRNA
AL133520.1,lncRNA
NOL12,protein_coding
AC012313.9,lncRNA
MIR8068,miRNA
AL031667.3,lncRNA
AC009560.1,lncRNA
AC243654.1,lncRNA
AC009163.6,lncRNA
AC025162.2,lncRNA
AC005746.3,lncRNA
AC121761.2,lncRNA
LINC01138,lncRNA
AC024909.1,lncRNA
AL360169.2,lncRNA
FAM27E3,lncRNA
AC092140.2,lncRNA
MIR6813,miRNA
MIR4727,miRNA
MIR6514,miRNA
CASTOR2,protein_coding
AC009032.1,lncRNA
AC020910.5,lncRNA
AC084824.3,lncRNA
MIR6081,miRNA
AC074029.3,lncRNA
MIR6774,miRNA
AC008121.2,lncRNA
AL133243.1,lncRNA
NATD1,protein_coding
AC011815.2,lncRNA
AC026333.4,lncRNA
AL138689.1,lncRNA
SOCS7,protein_coding
AC015912.3,lncRNA
AC009163.7,lncRNA
AL354976.1,unprocessed_pseudogene
AJ011932.1,lncRNA
AP003419.2,lncRNA
MIR6728,miRNA
AC245297.3,lncRNA
AL137060.3,lncRNA
CBSL,protein_coding
MIR6069,miRNA
ADRA2B,protein_coding
MIR6864,miRNA
AC244093.1,processed_pseudogene
AC009318.3,lncRNA
AL136531.2,protein_coding
AC007551.2,processed_pseudogene
AL355974.1,lncRNA
AC005899.6,lncRNA
AC016999.2,unprocessed_pseudogene
ZNF658,protein_coding
AL355987.5,unprocessed_pseudogene
AC087742.1,lncRNA
AL110115.1,lncRNA
AC004233.3,lncRNA
AC130371.2,lncRNA
MIR6801,miRNA
AL357153.4,unprocessed_pseudogene
AC015967.1,lncRNA
AC090510.2,lncRNA
AL162390.1,lncRNA
SEC22B2P,unprocessed_pseudogene
AC145423.1,lncRNA
AC008957.2,lncRNA
AC078909.2,lncRNA
AC005790.1,lncRNA
AL136228.1,unprocessed_pseudogene
AC092119.2,lncRNA
AC023282.1,lncRNA
HERC2P7,transcribed_unprocessed_pseudogene
NPEPPSP1,transcribed_unprocessed_pseudogene
MIR6832,miRNA
AL121845.4,lncRNA
AL121772.2,lncRNA
TBC1D3L,protein_coding
AC105020.5,lncRNA
RCC1L,protein_coding
AC008443.5,unprocessed_pseudogene
AC090970.2,lncRNA
MIR223HG,lncRNA
AL121955.1,processed_pseudogene
AC083806.2,lncRNA
CU639417.1,protein_coding
AC010205.1,lncRNA
AC005332.3,lncRNA
AC080038.1,lncRNA
AC006249.1,lncRNA
AP001282.2,unprocessed_pseudogene
AL391669.1,processed_pseudogene
AC087893.2,lncRNA
PI4KAP1,transcribed_unprocessed_pseudogene
PCCA-DT,lncRNA
AL390754.1,unprocessed_pseudogene
MIR378J,miRNA
MIR6867,miRNA
AC007671.1,lncRNA
AC244669.2,unprocessed_pseudogene
AC106782.5,lncRNA
AC022467.1,lncRNA
LINC02371,lncRNA
AL133370.2,unprocessed_pseudogene
AC090517.2,lncRNA
AC040169.3,lncRNA
AC015540.1,lncRNA
AL157834.3,unprocessed_pseudogene
MIR6761,miRNA
AC005332.4,transcribed_unprocessed_pseudogene
MIR7974,miRNA
AL049757.1,processed_pseudogene
AC004466.2,lncRNA
AC243732.1,processed_pseudogene
AC018926.1,lncRNA
AC090241.3,lncRNA
MIR6768,miRNA
MIR6772,miRNA
AC004825.2,lncRNA
MIR6762,miRNA
MIR7152,miRNA
AL023803.2,lncRNA
AC068473.5,lncRNA
AC110285.5,lncRNA
AC023043.4,lncRNA
AC001226.1,lncRNA
AC004241.2,lncRNA
AC116447.1,lncRNA
AL139384.1,lncRNA
ZKSCAN2-DT,lncRNA
AL157813.1,lncRNA
MIR7150,miRNA
AC079684.1,lncRNA
AC026356.1,lncRNA
BSNDP2,processed_pseudogene
MIR6750,miRNA
AC092794.1,lncRNA
ZNF280B,protein_coding
AL353748.2,processed_pseudogene
MIR6753,miRNA
MLLT6,protein_coding
AC002401.3,lncRNA
HMGB1P24,transcribed_processed_pseudogene
PPP4R3B,protein_coding
AC011468.5,lncRNA
AC020663.3,lncRNA
SYNRG,protein_coding
NUDT18,protein_coding
AL031710.2,lncRNA
AC025594.2,TEC
MIR6504,miRNA
AL928646.1,miRNA
ZNF2,protein_coding
AC243994.1,processed_pseudogene
AC241952.1,transcribed_unprocessed_pseudogene
AC027348.1,lncRNA
AL354718.1,processed_pseudogene
AC005391.1,lncRNA
AC018529.1,lncRNA
AC048341.2,lncRNA
LENG9,protein_coding
AL161421.1,lncRNA
MIR6740,miRNA
AL121906.2,lncRNA
AC073578.2,lncRNA
AC135048.3,lncRNA
AC012150.2,lncRNA
LINC02340,lncRNA
CCL4,protein_coding
AL136981.2,unprocessed_pseudogene
AC103746.1,lncRNA
SPDYE19P,unprocessed_pseudogene
AL138781.1,lncRNA
Z99129.1,processed_pseudogene
PRAG1,protein_coding
MIR6503,miRNA
AC096861.1,processed_pseudogene
C7orf77,lncRNA
AL080312.2,lncRNA
AC092111.1,lncRNA
MIR6124,miRNA
AC113385.3,unprocessed_pseudogene
MIR1299,miRNA
AC019206.1,processed_pseudogene
CCL18,protein_coding
FCGBP,protein_coding
AL391095.3,lncRNA
AC026367.2,lncRNA
AC002553.2,lncRNA
AC253576.2,lncRNA
AL121832.3,lncRNA
AL031008.1,lncRNA
AC020765.2,lncRNA
MIR548O2,miRNA
AC105020.6,lncRNA
AL117332.1,lncRNA
MIR6809,miRNA
FP565260.1,protein_coding
AL449403.2,lncRNA
AC009318.4,lncRNA
AC087741.2,lncRNA
AC025031.4,lncRNA
AP003419.3,lncRNA
AL512652.1,lncRNA
AC023509.5,processed_pseudogene
LINC01730,lncRNA
AL627230.1,protein_coding
AC133552.5,lncRNA
H3P25,processed_pseudogene
AC012676.2,processed_pseudogene
MIR6804,miRNA
AC006449.2,lncRNA
AC011477.6,unprocessed_pseudogene
AL096712.1,processed_pseudogene
AC242842.1,lncRNA
AC008115.3,lncRNA
AC104763.2,unprocessed_pseudogene
AL355073.2,lncRNA
AL049539.1,lncRNA
AC022306.2,lncRNA
AL031670.1,lncRNA
AC241377.2,transcribed_unprocessed_pseudogene
AC011330.2,lncRNA
AC135507.2,processed_pseudogene
AP000346.3,processed_pseudogene
FLJ16779,lncRNA
AC004816.2,lncRNA
AL035461.2,lncRNA
MIR6793,miRNA
AC068338.3,lncRNA
MIR8076,miRNA
AL161931.1,unprocessed_pseudogene
U73479.1,unprocessed_pseudogene
UBE2Q2P6,transcribed_unprocessed_pseudogene
AATF,protein_coding
U47924.3,lncRNA
AC007485.1,lncRNA
AC243830.2,lncRNA
AC010538.1,lncRNA
AL354751.3,processed_pseudogene
AC026367.3,lncRNA
ZNF516-DT,lncRNA
AC092747.4,lncRNA
AC091982.3,lncRNA
AC068792.1,lncRNA
MIR6505,miRNA
MIR8064,miRNA
AC145285.6,lncRNA
MIR8082,miRNA
HTR1DP1,processed_pseudogene
MIR6500,miRNA
AL390755.1,lncRNA
ARHGAP23,protein_coding
AC073107.2,unprocessed_pseudogene
AC084368.1,processed_pseudogene
TUBGCP5,protein_coding
AC243654.2,processed_pseudogene
MIR941-5,miRNA
AC084824.4,lncRNA
AC132872.3,lncRNA
AL021578.1,lncRNA
AC138932.4,lncRNA
AL161420.1,processed_pseudogene
AC009152.1,lncRNA
AC004263.1,lncRNA
MRPL57P3,processed_pseudogene
AC104446.2,processed_pseudogene
AC008115.4,lncRNA
AL355001.2,lncRNA
SIK1B,protein_coding
AC016292.2,processed_pseudogene
AC079414.3,lncRNA
DUSP14,protein_coding
AC073534.2,lncRNA
UHRF1,protein_coding
ORAI1,protein_coding
AC243654.3,lncRNA
STMN1P1,processed_pseudogene
CCL4L2,protein_coding
AC074138.1,lncRNA
AC027682.6,lncRNA
MIR7976,miRNA
CCL3L3,protein_coding
AC040896.1,lncRNA
MIR6747,miRNA
AC037198.1,lncRNA
AC026356.2,lncRNA
FUT8-AS1,lncRNA
MIR6855,miRNA
AC016957.2,lncRNA
MIR6133,miRNA
WHAMMP3,transcribed_unprocessed_pseudogene
AC084824.5,lncRNA
AL138880.2,unprocessed_pseudogene
MIR5739,miRNA
AC092118.2,lncRNA
MIR6871,miRNA
AC244153.1,lncRNA
AC087683.2,lncRNA
AC069234.4,lncRNA
AC008833.1,processed_pseudogene
AC245014.3,lncRNA
PIK3R6,protein_coding
TADA2A,protein_coding
AL442125.1,lncRNA
AC127024.6,lncRNA
AC007786.2,lncRNA
LINC02809,lncRNA
AC009509.4,lncRNA
AL355974.2,lncRNA
AC022960.2,lncRNA
FRG1HP,transcribed_unprocessed_pseudogene
AC131159.1,lncRNA
PIP4K2B,protein_coding
AC234782.1,unprocessed_pseudogene
AL021997.2,protein_coding
AL357033.3,lncRNA
MIR2909,miRNA
AL133243.2,lncRNA
AC105429.1,lncRNA
MIR668,miRNA
MIR145,miRNA
AC016876.3,lncRNA
CNTNAP3P2,unprocessed_pseudogene
AC004241.3,lncRNA
AC105429.2,unprocessed_pseudogene
MIR6835,miRNA
AC015726.2,lncRNA
AC025287.2,lncRNA
AL591926.2,lncRNA
AL078604.3,processed_pseudogene
AC092111.2,lncRNA
AC005393.1,lncRNA
AC004076.2,lncRNA
AC022960.3,processed_pseudogene
AC008735.4,lncRNA
AP000892.3,lncRNA
AL133243.3,lncRNA
AC025287.3,lncRNA
AC010999.2,lncRNA
AP001505.1,lncRNA
AC018926.2,lncRNA
AC092666.2,unprocessed_pseudogene
PCDHGB9P,unprocessed_pseudogene
PCDHGB5,protein_coding
AC008740.2,unprocessed_pseudogene
HERC2P2,transcribed_unprocessed_pseudogene
AC130650.2,lncRNA
AC010327.6,lncRNA
AC002550.2,lncRNA
AL442067.1,lncRNA
MIR6895,miRNA
AC004696.1,unprocessed_pseudogene
MIR8055,miRNA
AC022306.3,lncRNA
RAB7B,protein_coding
AL109614.1,lncRNA
AL591516.1,processed_pseudogene
MIR6769A,miRNA
DACH1,protein_coding
AL117335.1,lncRNA
MIR6083,miRNA
AL713922.2,unprocessed_pseudogene
AC009090.3,lncRNA
AL161891.1,lncRNA
AC004466.3,lncRNA
AL136295.6,lncRNA
RPS29P32,processed_pseudogene
AL442067.2,lncRNA
CSPG4P10,transcribed_unprocessed_pseudogene
MIR7111,miRNA
AC005840.4,lncRNA
AC142472.1,lncRNA
MIR7158,miRNA
AL445649.1,lncRNA
AL731566.3,lncRNA
AC105137.2,lncRNA
AC006111.3,lncRNA
AC245884.12,unprocessed_pseudogene
AC069499.2,processed_pseudogene
MIR8073,miRNA
AL121890.2,lncRNA
MIR6780B,miRNA
IGHV4-4,IG_V_gene
AC092117.1,lncRNA
AL133216.2,transcribed_unprocessed_pseudogene
AL138955.1,lncRNA
AC244093.2,processed_pseudogene
AC004801.6,lncRNA
AC009053.4,unprocessed_pseudogene
MIR6730,miRNA
CDRT15P6,transcribed_unprocessed_pseudogene
PMS2P10,transcribed_unprocessed_pseudogene
AC023510.2,lncRNA
CR769775.1,unprocessed_pseudogene
AC016590.3,lncRNA
AC002401.4,lncRNA
AC026124.2,lncRNA
AC015922.3,lncRNA
AC124319.2,lncRNA
MIR7151,miRNA
AC074050.4,lncRNA
AL353626.2,processed_pseudogene
AC023157.2,lncRNA
AL442125.2,lncRNA
MIR8080,miRNA
AC099778.2,processed_pseudogene
MIR6797,miRNA
AC009041.3,lncRNA
AC009704.2,lncRNA
AC008498.1,unprocessed_pseudogene
AL121772.3,lncRNA
AL158063.1,lncRNA
MIR7848,miRNA
AL158196.1,lncRNA
HYDIN2,transcribed_unprocessed_pseudogene
AC008760.2,lncRNA
AL023881.1,lncRNA
AC096642.1,lncRNA
AC008556.1,lncRNA
AL590096.1,lncRNA
AC106788.1,unprocessed_pseudogene
AL122125.1,lncRNA
GTF2IP1,transcribed_unprocessed_pseudogene
STAG3L2,transcribed_unprocessed_pseudogene
AL445670.1,processed_pseudogene
FP565260.3,protein_coding
AC073569.3,lncRNA
AC012409.3,lncRNA
MIR6509,miRNA
LINC00235,lncRNA
AC074276.2,processed_pseudogene
AC092757.3,lncRNA
LINC00869,transcribed_unprocessed_pseudogene
TYW1B,protein_coding
AL139384.2,lncRNA
PIGW,protein_coding
AC012676.3,lncRNA
AC006449.5,lncRNA
AC005696.4,lncRNA
MIR8063,miRNA
F8A1,protein_coding
AL139123.1,lncRNA
GTSE1-DT,lncRNA
AL035420.3,lncRNA
AC084782.3,lncRNA
AL157762.1,lncRNA
MIR6784,miRNA
MIR7854,miRNA
PCGF2,protein_coding
AL160412.1,lncRNA
AC004812.2,lncRNA
AC136475.10,processed_pseudogene
AC090246.1,lncRNA
AC048344.4,lncRNA
AC013553.3,lncRNA
AL138693.1,unprocessed_pseudogene
SRCIN1,protein_coding
AL138966.2,lncRNA
AC010654.1,lncRNA
AC005837.4,lncRNA
AC010331.1,lncRNA
AL138999.1,lncRNA
MIR8058,miRNA
GPR179,protein_coding
SEC22B4P,transcribed_unprocessed_pseudogene
AC069234.5,lncRNA
AL121890.4,lncRNA
FP671120.2,miRNA
KDM5DP1,processed_pseudogene
AC012676.4,lncRNA
MARCKS,protein_coding
AP005431.1,processed_pseudogene
CEBPB-AS1,lncRNA
AC002094.4,lncRNA
AC010271.2,lncRNA
AP001527.2,lncRNA
ZNF670,protein_coding
AC080038.2,lncRNA
AC005332.5,lncRNA
MIR6165,miRNA
AC087392.5,lncRNA
GPIHBP1,protein_coding
AL357033.4,lncRNA
AC026951.1,unprocessed_pseudogene
AC010536.3,lncRNA
AC116407.2,lncRNA
MIR8078,miRNA
PNMA8C,protein_coding
AC007996.1,lncRNA
AC018926.3,lncRNA
AC089999.2,lncRNA
AL023803.3,lncRNA
NEFL,protein_coding
AC008759.3,lncRNA
MIR6806,miRNA
AC244093.4,lncRNA
MIR7845,miRNA
AC007546.1,lncRNA
AC005363.2,lncRNA
CCL3,protein_coding
AC007906.2,protein_coding
AL354696.1,lncRNA
MIR6739,miRNA
AL139407.1,lncRNA
AL121583.1,lncRNA
AC239859.5,unprocessed_pseudogene
AC007450.3,processed_pseudogene
MIR6856,miRNA
AC079174.2,lncRNA
AC097641.2,lncRNA
TRAC,TR_C_gene
AC011462.4,lncRNA
MIR6719,miRNA
AL138995.1,lncRNA
AL442128.2,lncRNA
PGM5P2,transcribed_unprocessed_pseudogene
AC068870.2,lncRNA
PSMB3,protein_coding
AC244517.3,processed_pseudogene
AC006213.4,lncRNA
MIR6738,miRNA
AL031651.2,lncRNA
AL138960.1,lncRNA
AC026368.1,lncRNA
LINC02391,lncRNA
AC131159.2,lncRNA
AL391988.1,lncRNA
AL592295.2,processed_pseudogene
MIR6746,miRNA
MIR7850,miRNA
AC243773.2,lncRNA
AL035252.3,lncRNA
MIR8075,miRNA
AC092745.3,processed_pseudogene
AC092376.2,lncRNA
AL162274.2,lncRNA
AC006449.6,lncRNA
CISD3,protein_coding
AC010332.1,unprocessed_pseudogene
AC010542.5,lncRNA
AC107075.1,unprocessed_pseudogene
AC139100.2,lncRNA
AL139099.3,unprocessed_pseudogene
AC245033.2,lncRNA
AC064801.1,lncRNA
AC118658.1,lncRNA
RDM1,protein_coding
AL133325.3,lncRNA
DDX52,protein_coding
AC009159.3,lncRNA
AC114341.1,lncRNA
AL591926.6,processed_pseudogene
AC027575.2,lncRNA
MIR6757,miRNA
AC145423.2,lncRNA
AC139768.1,lncRNA
ZNF8,protein_coding
AC135050.6,lncRNA
TSC22D1-AS1,lncRNA
AL137028.2,processed_pseudogene
GLIDR,lncRNA
AL118505.1,lncRNA
IGLV2-8,IG_V_gene
LINC01971,lncRNA
AP001318.3,processed_pseudogene
MIR6783,miRNA
AL133342.1,lncRNA
AL359513.1,lncRNA
AC004852.2,lncRNA
AC005344.1,lncRNA
MYO19,protein_coding
AC079949.2,lncRNA
MIR6859-1,miRNA
AC103705.1,transcribed_processed_pseudogene
MIR7856,miRNA
AL161772.1,lncRNA
GGNBP2,protein_coding
AC100827.5,unprocessed_pseudogene
ZNF229,protein_coding
AC138028.6,lncRNA
AC063943.1,lncRNA
MIR6754,miRNA
AC005911.1,lncRNA
AP004609.3,lncRNA
AL031673.1,lncRNA
AC099518.6,lncRNA
AL354696.2,lncRNA
AL122023.1,lncRNA
PMS2P2,translated_unprocessed_pseudogene
MIR6512,miRNA
MIR6819,miRNA
AC023830.3,lncRNA
MIR7849,miRNA
AC004852.3,processed_pseudogene
MIR6781,miRNA
AC068506.1,lncRNA
AC138393.3,lncRNA
AC009268.2,lncRNA
AC009464.1,lncRNA
YRDCP1,processed_pseudogene
AC106800.3,processed_pseudogene
AC006213.5,lncRNA
AC039056.2,lncRNA
C17orf78,protein_coding
AC091046.2,unprocessed_pseudogene
MIR6865,miRNA
DHRS11,protein_coding
ACACA,protein_coding
AC003101.2,lncRNA
MIR6736,miRNA
AL162171.3,lncRNA
MIR6077,miRNA
MIR6775,miRNA
AC015871.3,lncRNA
ZNF426-DT,lncRNA
BEND3P3,processed_pseudogene
MRM1,protein_coding
AC005962.1,lncRNA
AC141557.2,unprocessed_pseudogene
AC244093.5,lncRNA
AC015813.4,lncRNA
AP000346.4,unprocessed_pseudogene
MIR6826,miRNA
AC005899.7,lncRNA
AC100847.1,lncRNA
NKILA,lncRNA
AC005332.6,lncRNA
AC022079.2,lncRNA
AC013553.4,lncRNA
MIR6859-4,miRNA
AC005332.7,lncRNA
AC087239.1,lncRNA
FAM27B,processed_pseudogene
AC004477.2,lncRNA
BACE1-AS,lncRNA
MIR6071,miRNA
AL136295.7,lncRNA
AL121890.5,lncRNA
AC099811.5,lncRNA
AL513190.1,lncRNA
AC008147.4,processed_pseudogene
MRPL45,protein_coding
AC006157.1,lncRNA
AC117503.2,TEC
AC091059.2,TEC
AC055811.4,TEC
AC090616.6,TEC
BX539320.1,lncRNA
AC025809.2,TEC
AC145207.9,TEC
AC091932.2,TEC
AP000560.1,TEC
AC092608.2,TEC
FP325331.1,TEC
AC087821.1,TEC
AC010533.1,TEC
AC020951.1,TEC
AL358852.1,lncRNA
AC007608.4,TEC
AP003355.3,TEC
CEP83-DT,lncRNA
AC006213.6,TEC
AC080112.3,TEC
EPB41L4A-DT,lncRNA
AC002310.5,TEC
AC005753.1,lncRNA
CR381670.1,unprocessed_pseudogene
SMG6-IT1,TEC
AC079228.1,TEC
AL031587.5,TEC
AC127070.4,TEC
AP003068.4,TEC
AC092645.1,TEC
AC005921.3,TEC
AL138847.2,TEC
HEIH,lncRNA
AC091305.1,TEC
AC093909.6,TEC
AL139125.1,TEC
AC048380.2,TEC
AC092718.7,TEC
AL031009.1,TEC
AP001148.1,TEC
AC090181.3,TEC
AC002350.2,TEC
Z69720.2,TEC
AL662907.1,TEC
AC008985.1,TEC
AC091953.2,TEC
AC009090.4,TEC
C18orf15,TEC
AC092139.1,TEC
AL359715.4,TEC
AC005225.4,TEC
AC010223.1,lncRNA
AC004232.2,TEC
AC011447.6,TEC
AC090617.6,TEC
AC102945.2,TEC
AC007787.2,TEC
AC080080.1,TEC
AC007485.2,TEC
AC244517.6,lncRNA
AC015813.5,TEC
AC073592.3,TEC
AC007998.5,TEC
AC091965.5,TEC
AC023090.2,TEC
SND1-IT1,lncRNA
LINC01727,lncRNA
AC022400.6,TEC
AC005839.1,TEC
AC091953.3,TEC
AC138470.1,TEC
AC138951.2,TEC
AC008537.3,TEC
AC093535.2,TEC
AC073592.5,TEC
AC091953.4,TEC
AC046158.3,TEC
AC091925.1,TEC
AC018628.1,TEC
AL512652.2,TEC
AP002847.1,TEC
AL590326.1,TEC
AC099667.1,TEC
AC126474.1,TEC
AC233300.1,TEC
AC003681.1,lncRNA
AC141586.5,TEC
AC009951.4,TEC
AC105052.4,lncRNA
TSTD3,protein_coding
AC079316.2,TEC
AL662907.2,TEC
AC110801.1,TEC
AC027601.4,TEC
AC008894.3,TEC
AC068669.1,TEC
AC005785.2,TEC
AC015813.6,TEC
CR381653.2,unprocessed_pseudogene
AL109659.3,TEC
AC138305.3,TEC
AC009303.4,TEC
AC122688.3,TEC
AC011944.2,TEC
AC064801.2,TEC
AL161773.1,TEC
AC022919.1,TEC
AC015726.3,TEC
AL121753.2,TEC
AC020604.1,TEC
Z97653.2,TEC
AC087741.3,TEC
AC000123.2,TEC
AL078621.1,TEC
AC012005.1,processed_pseudogene
AC012020.1,lncRNA
AC245060.6,lncRNA
AC015883.1,TEC
AC131009.4,TEC
AL136164.3,TEC
AC013643.3,TEC
AL139288.2,TEC
NDUFAF2P1,processed_pseudogene
AC105074.1,TEC
AC073439.1,TEC
AC020910.6,TEC
AJ003147.3,TEC
RBM12B-AS1,TEC
AC090772.4,TEC
AC073592.6,TEC
AL353662.2,pseudogene
AC127024.7,TEC
AC100788.2,TEC
AC090617.7,TEC
AP000866.6,lncRNA
Z98885.3,lncRNA
AC021945.1,TEC
AC012513.3,TEC
AC090373.1,TEC
AC007610.4,TEC
AC007546.2,TEC
AC079331.1,TEC
AC120349.2,TEC
AC046185.3,TEC
AC137723.1,TEC
AC244517.7,lncRNA
CR392039.2,processed_pseudogene
AC018665.1,TEC
AC080188.2,TEC
AC021106.2,TEC
AF127577.6,TEC
AL158801.4,processed_pseudogene
AL078596.1,TEC
AC008957.3,TEC
AC008739.6,TEC
AC004696.2,TEC
AC007191.1,TEC
AC099494.1,TEC
AC020763.3,TEC
AC112497.2,pseudogene
AC099494.2,TEC
AC099689.3,TEC
AC004925.1,TEC
AC092279.2,TEC
AC015799.1,TEC
AL049776.1,TEC
AL513497.1,TEC
AC006277.1,TEC
Z99129.4,TEC
AL353763.1,TEC
WASH9P,unprocessed_pseudogene
AC005480.2,processed_pseudogene
AC090950.2,TEC
AC109454.4,TEC
AC092139.2,TEC
AC007683.3,TEC
AC090498.1,processed_pseudogene
AP003733.3,TEC
AL928654.4,TEC
AL157770.1,TEC
AC108704.2,TEC
AC016542.2,TEC
AC007494.3,TEC
AC011755.1,TEC
AC083843.3,TEC
AC093525.8,TEC
AC011239.2,TEC
AC073592.7,TEC
AC008764.8,lncRNA
AC092881.1,TEC
AC002094.5,TEC
AC093458.2,TEC
AC006486.2,TEC
AC005261.5,TEC
AC015908.5,TEC
AL133243.4,TEC
AP000437.1,TEC
AC091181.1,TEC
AL845472.1,TEC
AC093525.9,TEC
AC099804.1,TEC
AC134407.2,TEC
AC009086.2,TEC
AC005593.1,TEC
AP000711.1,TEC
AC079416.3,TEC
AC002044.2,TEC
AC015804.1,TEC
AC109326.1,TEC
AL353795.3,TEC
AC012313.10,TEC
AC099494.3,TEC
AL158211.5,TEC
AP003108.4,TEC
LINC00216,lncRNA
AC008873.1,TEC
AC138466.5,TEC
AC120057.3,TEC
AC020978.9,TEC
Z82217.1,lncRNA
AC004678.2,TEC
AL132780.4,TEC
AL451064.2,TEC
AC005703.5,TEC
AC012100.3,TEC
AL603839.4,TEC
AP006621.5,TEC
AC092919.2,TEC
AC080100.1,TEC
MAPT-IT1,lncRNA
AC113410.3,TEC
AC110285.6,TEC
AP001273.1,TEC
AC027335.2,TEC
AC004264.2,TEC
AC131212.2,TEC
AL356266.1,TEC
AC120349.3,TEC
AP004782.1,TEC
AC080038.3,TEC
AC006128.1,TEC
AC007342.7,TEC
AC005086.3,pseudogene
AC027279.3,TEC
AC124312.4,TEC
AC132938.5,TEC
AC008764.9,TEC
AC132068.1,TEC
AC118344.2,TEC
AC005899.8,lncRNA
AC009102.3,TEC
AC013394.1,protein_coding
AC067931.1,TEC
AC008267.7,TEC
AC105235.1,TEC
AC120114.3,TEC
AC015909.5,TEC
AC024580.1,TEC
AC018659.8,TEC
AC006077.2,TEC
AC111170.3,TEC
AC011472.5,TEC
AC093330.2,TEC
AC120057.4,TEC
AC010997.6,TEC
AC020763.5,TEC
AL390318.1,TEC
AC145098.2,TEC
AC016397.2,TEC
AC136469.2,TEC
AL031846.2,lncRNA
AP002967.1,TEC
AC112694.2,TEC
AL356273.3,TEC
AC092135.3,TEC
AC097372.2,TEC
AC083964.2,TEC
AC004453.2,TEC
AC068880.4,TEC
AC073548.1,TEC
AC092964.1,TEC
AC069547.1,TEC
AC006511.3,TEC
LINC01126,lncRNA
AC134407.3,TEC
AC010480.1,TEC
AP005060.1,TEC
AC046158.4,TEC
FLJ42393,TEC
Z73965.1,TEC
BIRC6-AS2,transcribed_unprocessed_pseudogene
AP001767.3,TEC
AC092117.2,TEC
AC068057.2,TEC
AC022417.1,TEC
AL138831.3,TEC
FO538757.1,unprocessed_pseudogene
FLJ38576,TEC
AC008895.1,TEC
AC019278.1,TEC
AP001525.1,TEC
AL390755.2,TEC
CCDC28A-AS1,lncRNA
AC023024.2,TEC
AC020910.7,TEC
AC008764.10,TEC
AC011815.3,TEC
AC009044.1,TEC
AC004491.1,TEC
AC005086.4,pseudogene
AP001350.2,TEC
AC116407.3,TEC
AC126544.1,TEC
AC007431.3,TEC
AC116407.4,TEC
AC092653.2,TEC
AC022336.3,TEC
AC104581.4,TEC
AC091825.3,TEC
AC004241.5,TEC
TMEM75,lncRNA
AL022069.2,TEC
AC011504.1,TEC
AC012676.5,TEC
AC023818.1,TEC
AC127024.8,TEC
GATD3B,protein_coding
AL353763.2,TEC
AC011447.7,TEC
TBC1D22A-AS1,lncRNA
AC011481.3,TEC
AC126474.2,TEC
AC002044.3,TEC
AC011155.1,TEC
AL603750.1,TEC
AC008555.6,TEC
AL022393.1,TEC
PLAC4,lncRNA
AC136603.1,TEC
AC231657.2,unprocessed_pseudogene
AC093642.3,TEC
AC073857.1,TEC
AL662795.2,TEC
AL132780.5,TEC
AC026471.6,TEC
AC027290.2,TEC
AC004877.2,TEC
AC009078.3,TEC
AL359510.2,TEC
AC022413.1,TEC
AC040160.2,TEC
AP000943.3,TEC
AC104447.1,TEC
AC012486.1,TEC
AC067852.4,TEC
AL023806.3,TEC
AC091932.3,TEC
AC022107.1,TEC
AC027279.4,TEC
AC132219.2,TEC
AC245140.2,lncRNA
AC087163.2,TEC
AC005831.1,TEC
AC026401.3,lncRNA
AC106886.4,TEC
AC012254.5,TEC
UCKL1-AS1,lncRNA
AC027682.7,TEC
AL022326.2,TEC
AC093908.1,TEC
AL365209.1,TEC
AL031719.2,TEC
AL589666.2,TEC
AC015813.7,TEC
AC124303.1,TEC
AC011498.7,TEC
AL450226.2,TEC
AC124319.3,TEC
AC233723.2,TEC
AC004947.2,TEC
AP000577.2,TEC
AF131216.4,lncRNA
AC009145.4,TEC
AC006435.5,TEC
AC108215.1,TEC
FRG1KP,unprocessed_pseudogene
AC131212.3,TEC
AC011008.2,TEC
AC099811.6,TEC
ERICD,lncRNA
AC092437.1,TEC
AC129502.1,TEC
AC067931.2,TEC
Z97633.1,TEC
AC061999.1,TEC
AC020917.4,TEC
AC090617.9,TEC
AC244517.12,lncRNA
AP001528.2,TEC
AC009166.2,TEC
AC000123.3,TEC
AC127496.7,TEC
AC011466.4,TEC
AC073592.9,TEC
AC021766.1,TEC
AC012640.5,TEC
AC091953.6,TEC
AC019080.5,lncRNA
AC012186.3,TEC
AL353898.3,TEC
AP003072.5,TEC
AC026362.2,TEC
AP000648.4,TEC
AC006330.1,TEC
AC007496.3,TEC
AC005086.5,pseudogene
AC132872.4,TEC
AC032044.2,TEC
IGHV1-69D,IG_V_gene
AC096887.2,TEC
AC115284.2,TEC
AP000962.2,TEC
FP565260.6,protein_coding
AC006058.4,TEC
AC091932.4,TEC
AC002064.3,TEC
AL136313.1,TEC
AL356481.2,lncRNA
AC005329.3,lncRNA
ASAP1-IT2,lncRNA
LINC01374,lncRNA
BTG3-AS1,lncRNA
SCAANT1,lncRNA
AC245100.7,TEC
CCDC163,protein_coding
LINC01943,lncRNA
LINC01232,lncRNA
EIF1B-AS1,lncRNA
AL356481.3,lncRNA
JAKMIP2-AS1,lncRNA
PAGR1,protein_coding
LINC00294,lncRNA
FP671120.6,lncRNA
LINC00836,lncRNA
AC090114.3,unprocessed_pseudogene
GSEC,lncRNA
AL355480.1,pseudogene
AC025048.6,transcribed_processed_pseudogene
MIR325HG,lncRNA
ELDR,lncRNA
FOXCUT,lncRNA
CTBP1-AS,lncRNA
AL353658.1,lncRNA
LINC00921,lncRNA
AC004808.2,TEC
AC092574.2,lncRNA
AL078581.4,lncRNA
N4BP2L2-IT2,lncRNA
AC073476.3,pseudogene
AL117327.1,lncRNA
AL355480.2,pseudogene
AC006355.2,lncRNA
AL355480.3,pseudogene
LINC01127,lncRNA
FP236383.5,lncRNA
NPTN-IT1,lncRNA
LINC00706,lncRNA
GHET1,lncRNA
AC007878.1,lncRNA
SLFNL1-AS1,lncRNA
LINC01338,lncRNA
LINC00997,lncRNA
AC024941.2,lncRNA
ARRDC3-AS1,lncRNA
AC093826.1,pseudogene
ABALON,lncRNA
FP671120.7,lncRNA
SNHG4,lncRNA
LINC01176,lncRNA
BLACAT1,protein_coding
AP001052.1,pseudogene
AC006504.7,lncRNA
AC019226.1,TEC
CICP14,processed_pseudogene
DNAJB5-DT,lncRNA
SEPSECS-AS1,lncRNA
AC004461.2,lncRNA
AC254562.3,lncRNA
AC241585.2,TEC
EBLN3P,lncRNA
RBM5-AS1,lncRNA
LINC01080,lncRNA
AC241377.3,TEC
AL355480.4,pseudogene
HCP5B,lncRNA
AL732314.10,lncRNA
LINC01144,lncRNA
AC007389.3,lncRNA
AL592158.1,TEC
AC006581.2,lncRNA
HSP90AB4P,processed_pseudogene
PEG13,lncRNA
TRBJ1-5,TR_J_gene
AC233280.36,unprocessed_pseudogene
DPRXP3,processed_pseudogene
AC104073.4,lncRNA
AL358472.4,lncRNA
TRBD1,TR_D_gene
CLUHP10,unprocessed_pseudogene
ADORA3,protein_coding
MRPL57P8,processed_pseudogene
DUXB,protein_coding
TRBJ1-6,TR_J_gene
FRG1CP,transcribed_unprocessed_pseudogene
AP000787.3,processed_pseudogene
BISPR,lncRNA
AC093591.3,processed_pseudogene
FRG1DP,unprocessed_pseudogene
Z98752.4,lncRNA
AC095038.3,processed_pseudogene
PTMAP12,processed_pseudogene
AC004706.3,protein_coding
TRBV7-2,TR_V_gene
AC008537.4,lncRNA
PCBP2-OT1,lncRNA
AC110994.2,processed_pseudogene
PDCL3P2,processed_pseudogene
FRG1EP,unprocessed_pseudogene
AL589826.2,lncRNA
ATP5MC1P2,processed_pseudogene
AC009242.1,lncRNA
AC008038.1,processed_pseudogene
AC103703.1,lncRNA
GTF2IP12,transcribed_unprocessed_pseudogene
LINC01668,lncRNA
AC010653.3,processed_pseudogene
AC009234.1,lncRNA
AL137077.2,lncRNA
AC010642.2,lncRNA
AC011451.3,lncRNA
AC009951.5,lncRNA
MIR548AU,miRNA
IQCJ-SCHIP1,protein_coding
AC068620.3,transcribed_unprocessed_pseudogene
MIR665,miRNA
MIR4521,miRNA
MIR382,miRNA
AC007920.2,lncRNA
AC103706.2,processed_pseudogene
MIR6767,miRNA
AC116565.1,lncRNA
MIR1243,miRNA
LSP1P5,transcribed_unprocessed_pseudogene
AC103706.3,processed_pseudogene
C13orf46,protein_coding
MIR4434,miRNA
MIR941-1,miRNA
MIR1322,miRNA
AC074141.1,transcribed_unprocessed_pseudogene
MIR7978,miRNA
MIR4256,miRNA
TEX52,protein_coding
AC017104.3,processed_pseudogene
AL831711.1,lncRNA
AC090582.1,unprocessed_pseudogene
AC068205.2,lncRNA
MIR4320,miRNA
AL592295.3,lncRNA
AC108477.1,lncRNA
AC068631.3,processed_pseudogene
AC087821.2,unprocessed_pseudogene
AL121759.2,lncRNA
MIR3662,miRNA
MIR6874,miRNA
MIR1244-3,miRNA
AC018688.1,unprocessed_pseudogene
AC011139.1,lncRNA
MIR1244-4,miRNA
AC017104.4,unprocessed_pseudogene
MIR1244-2,miRNA
MIR7157,miRNA
MIR941-3,miRNA
MIR3975,miRNA
AC005144.1,lncRNA
PRRT1B,protein_coding
MIR4317,miRNA
AC005972.3,lncRNA
MIR376B,miRNA
MIR4251,miRNA
AC007326.3,unprocessed_pseudogene
AC116353.6,transcribed_unitary_pseudogene
TMEM274P,unitary_pseudogene
MIR924,miRNA
EXOC3L2,protein_coding
ETDC,protein_coding
LINC02009,lncRNA
AC091948.1,unprocessed_pseudogene
AC009802.1,lncRNA
MIR4678,miRNA
MIR4531,miRNA
AC068587.4,lncRNA
MIR5087,miRNA
MIR548AH,miRNA
AC010487.2,unprocessed_pseudogene
AL592295.4,lncRNA
MIR4481,miRNA
AL031686.1,lncRNA
AL137002.2,lncRNA
MIR628,miRNA
AD000090.1,lncRNA
MIR5010,miRNA
AP002851.1,lncRNA
MIR4442,miRNA
MIR1281,miRNA
AC069544.2,protein_coding
MIR5187,miRNA
AC006460.2,lncRNA
MIR5572,miRNA
MIR4469,miRNA
ATP6V0CP4,processed_pseudogene
MIR3605,miRNA
MIR6822,miRNA
MIR4534,miRNA
C2orf81,protein_coding
MIR3175,miRNA
MIR9-3,miRNA
AL139398.1,lncRNA
AC092329.4,lncRNA
CR769775.2,TEC
AC025287.4,protein_coding
AC011471.4,unprocessed_pseudogene
AL031432.4,lncRNA
AC107918.4,transcribed_unprocessed_pseudogene
AF228730.4,unprocessed_pseudogene
AL078582.1,lncRNA
AC134684.10,unprocessed_pseudogene
AP000553.4,unitary_pseudogene
AC092902.4,lncRNA
AP000553.5,transcribed_unitary_pseudogene
AL139424.2,lncRNA
AC097493.3,unprocessed_pseudogene
AL031430.1,lncRNA
AP000553.6,unitary_pseudogene
BX323043.1,lncRNA
AP000553.7,unitary_pseudogene
AL031432.5,lncRNA
AL161756.3,lncRNA
AC092053.3,lncRNA
AC092128.1,translated_processed_pseudogene
AL031985.4,lncRNA
CD300H,polymorphic_pseudogene
AC073111.3,protein_coding
LINC02606,lncRNA
AL049637.1,lncRNA
AC079781.5,lncRNA
SMIM38,protein_coding
AL109936.9,lncRNA
AC083906.5,unprocessed_pseudogene
AL139424.3,lncRNA
AL358472.5,lncRNA
AL645728.2,transcribed_unprocessed_pseudogene
EEF1AKMT4,protein_coding
TBCE,protein_coding
AC114490.3,protein_coding
AC091185.2,processed_pseudogene
AL359762.1,lncRNA
AC017083.4,unprocessed_pseudogene
AC068831.6,protein_coding
AC093827.4,lncRNA
BX255925.3,protein_coding
AL109840.1,unprocessed_pseudogene
AL590282.2,lncRNA
AC245140.3,lncRNA
AC093512.2,protein_coding
AL357556.3,protein_coding
AC004593.1,lncRNA
AC002074.1,lncRNA
AL451123.1,lncRNA
AC016831.6,lncRNA
PIGY-DT,lncRNA
AC124014.1,lncRNA
AC244033.2,lncRNA
AL121612.2,lncRNA
AC241377.4,transcribed_unprocessed_pseudogene
RALY-AS1,lncRNA
PRSS52P,unprocessed_pseudogene
AL157893.1,unprocessed_pseudogene
TFAP2A-AS2,lncRNA
AC090517.5,lncRNA
AC008533.1,TEC
AC087564.1,lncRNA
LINC02478,lncRNA
GABPB1-IT1,lncRNA
AC137630.5,unitary_pseudogene
SOD2-OT1,lncRNA
POLR2J3,protein_coding
AC004900.1,lncRNA
AC104781.1,lncRNA
AC099670.3,lncRNA
Z83840.1,processed_pseudogene
RELA-DT,lncRNA
AL163541.1,lncRNA
AC068725.1,lncRNA
AC242988.2,lncRNA
AC005293.1,lncRNA
AC103739.3,lncRNA
AL031121.2,lncRNA
AL513548.4,lncRNA
AC091196.1,lncRNA
AL160254.1,lncRNA
AC010422.8,protein_coding
AC017116.2,lncRNA
AC051619.10,lncRNA
AL035693.1,lncRNA
AC079200.1,lncRNA
AC074132.1,lncRNA
AL449214.1,lncRNA
AL138999.2,lncRNA
AC084024.4,lncRNA
AL450163.1,lncRNA
AC108448.3,lncRNA
AL021155.4,lncRNA
AL157827.2,lncRNA
AC006238.2,lncRNA
AC127035.1,lncRNA
TOP1P1,processed_pseudogene
AC012291.3,lncRNA
AC126544.2,lncRNA
AC026979.4,lncRNA
AL160396.2,lncRNA
AC023385.1,lncRNA
AL158212.5,lncRNA
AC079142.1,lncRNA
AL137781.1,lncRNA
AC023509.6,lncRNA
AP002381.2,lncRNA
AP002433.2,lncRNA
AC002059.3,transcribed_unprocessed_pseudogene
AL357140.4,lncRNA
AL021918.3,lncRNA
AC004765.1,lncRNA
AC090692.2,lncRNA
AC012184.4,lncRNA
AC004967.2,lncRNA
AC098484.4,lncRNA
Z94721.3,lncRNA
AC090644.1,lncRNA
AC131025.3,lncRNA
AC090692.3,lncRNA
AC005999.2,lncRNA
AC083837.1,lncRNA
AC104805.1,processed_pseudogene
BX890604.1,lncRNA
AC036214.4,lncRNA
AL645939.5,lncRNA
AC092042.4,lncRNA
AL133444.1,lncRNA
AL117340.1,unprocessed_pseudogene
AL162458.1,lncRNA
AL645929.2,transcribed_unprocessed_pseudogene
AL442003.1,lncRNA
AC025774.1,lncRNA
AC012378.2,lncRNA
AL353768.2,lncRNA
AL390719.3,lncRNA
AP000813.1,lncRNA
CCDC15-DT,lncRNA
AC005692.3,lncRNA
AL713852.1,lncRNA
AC009152.3,lncRNA
AL359762.3,lncRNA
AC016727.3,lncRNA
AC009554.2,lncRNA
AC010285.3,lncRNA
BX470102.2,lncRNA
AC007240.3,lncRNA
AC007448.5,lncRNA
AC018628.2,lncRNA
AL022345.4,lncRNA
AC211476.6,lncRNA
Z85996.2,lncRNA
AC006043.1,lncRNA
AC083855.2,lncRNA
AL161910.1,lncRNA
AP002762.2,lncRNA
AC092376.3,lncRNA
AP000779.1,lncRNA
AC103591.4,lncRNA
AL392024.1,lncRNA
AC072022.2,protein_coding
NIPBL-DT,lncRNA
AC023095.1,lncRNA
CERNA2,lncRNA
AC009090.6,lncRNA
AP003025.2,lncRNA
AL731559.1,lncRNA
AC006116.9,lncRNA
AC025442.2,lncRNA
AC124944.3,lncRNA
AC244213.1,lncRNA
AF129075.3,lncRNA
AC011997.2,lncRNA
AC026803.3,lncRNA
AC093849.2,lncRNA
AL035413.2,unprocessed_pseudogene
AC004263.2,lncRNA
AC010974.2,lncRNA
AL136171.2,lncRNA
AC110795.1,lncRNA
AC005050.3,lncRNA
AC099661.1,lncRNA
AC117503.5,lncRNA
AC022267.1,lncRNA
AL359916.1,lncRNA
AC245060.7,lncRNA
AC107071.1,lncRNA
AC010336.7,lncRNA
AC068282.1,lncRNA
AP000331.1,lncRNA
AC009974.2,lncRNA
AC026273.1,transcribed_unprocessed_pseudogene
AL034548.2,lncRNA
AL035106.1,lncRNA
AL162253.2,lncRNA
AC002377.1,lncRNA
AC073140.1,lncRNA
AL596330.1,lncRNA
AC011462.5,lncRNA
AL139351.2,lncRNA
AC055839.2,protein_coding
AC138207.9,lncRNA
AC012443.2,lncRNA
AUXG01000058.1,lncRNA
AC104335.1,lncRNA
NOTCH2NLC,protein_coding
AC007546.3,transcribed_unprocessed_pseudogene
AC064836.3,lncRNA
AC093849.3,lncRNA
AL365229.1,lncRNA
AC018797.3,lncRNA
AC073046.3,lncRNA
AL109809.4,lncRNA
AC099343.3,lncRNA
AL121938.1,lncRNA
AC084724.1,lncRNA
AC004893.2,lncRNA
AL034550.3,lncRNA
AL360178.1,lncRNA
AC010359.3,lncRNA
AC087175.1,lncRNA
Z93020.1,lncRNA
AC096576.7,lncRNA
AL035427.2,lncRNA
AL353660.1,lncRNA
AC011388.1,lncRNA
AC004828.2,lncRNA
AL161430.1,lncRNA
AC025370.2,lncRNA
Z99496.1,lncRNA
AL356776.2,lncRNA
AP002762.3,lncRNA
AC073210.3,lncRNA
AC108471.3,lncRNA
AC107081.3,lncRNA
AP000553.9,lncRNA
AC005052.2,lncRNA
AP002813.1,lncRNA
AC022387.2,lncRNA
AC114964.2,lncRNA
AL713852.2,lncRNA
AC096645.1,lncRNA
AC026748.7,lncRNA
AC069547.2,lncRNA
AC010378.1,lncRNA
AC011228.2,lncRNA
AC004863.1,lncRNA
AC113410.4,lncRNA
AC002458.1,lncRNA
AC007682.1,lncRNA
AL442067.3,lncRNA
AC009486.2,lncRNA
AC020558.6,lncRNA
BX842570.1,lncRNA
AC091178.2,lncRNA
AL035661.2,lncRNA
AL355334.2,lncRNA
AC016590.4,lncRNA
AL499602.1,lncRNA
AL355596.2,lncRNA
AC016769.5,lncRNA
AC009560.3,lncRNA
AC083870.1,lncRNA
AP006287.3,lncRNA
AC024730.1,lncRNA
AP002755.1,lncRNA
AC007130.1,lncRNA
AL132718.1,lncRNA
AC009501.2,lncRNA
AL117344.2,lncRNA
AL645768.1,lncRNA
AC008462.1,lncRNA
AC004947.3,lncRNA
AC000050.2,lncRNA
AC026408.1,lncRNA
Z95118.2,lncRNA
AL031768.2,lncRNA
PARTICL,lncRNA
AC139019.1,lncRNA
AL096854.1,lncRNA
AC124242.3,lncRNA
AC092645.2,lncRNA
AL591002.1,lncRNA
AP003065.1,lncRNA
AC011092.3,lncRNA
AL356608.3,lncRNA
AC023483.1,lncRNA
AC023494.1,lncRNA
AC104472.4,lncRNA
AC104841.1,lncRNA
AC110611.1,lncRNA
AC021660.4,lncRNA
AC010201.3,lncRNA
AC007405.4,lncRNA
AC006213.7,lncRNA
AL008730.1,lncRNA
AC119673.2,lncRNA
AC008751.3,lncRNA
AC146507.3,lncRNA
AC091646.1,lncRNA
AL121933.2,lncRNA
AL139234.1,lncRNA
AL158011.1,lncRNA
AC008875.2,lncRNA
AC005153.1,lncRNA
Z99716.2,lncRNA
AL513524.1,lncRNA
AL096712.2,lncRNA
ACTBP4,processed_pseudogene
AP006545.3,lncRNA
AF235103.3,lncRNA
AP002748.6,lncRNA
AC090946.1,lncRNA
AL161935.3,lncRNA
AC026316.5,lncRNA
AC090826.3,lncRNA
AC084198.2,lncRNA
AC079140.6,lncRNA
AC010896.1,lncRNA
AC188617.1,lncRNA
AL589863.2,lncRNA
AC007066.3,lncRNA
AC010623.1,lncRNA
AC009244.1,lncRNA
AL732509.1,lncRNA
AC137695.3,lncRNA
AC091181.2,lncRNA
AC126182.3,lncRNA
AC005753.2,lncRNA
AC000065.1,lncRNA
AL627095.2,lncRNA
AC091978.1,lncRNA
AC135893.1,lncRNA
AL445438.1,lncRNA
AL022069.3,lncRNA
AC097658.3,lncRNA
AC099332.1,lncRNA
AL355377.3,lncRNA
AC116158.3,lncRNA
AL110114.1,lncRNA
Z70719.1,lncRNA
AC124066.1,lncRNA
AL109824.1,lncRNA
AL138716.1,lncRNA
AC092338.3,lncRNA
AL353138.1,lncRNA
AC008883.3,lncRNA
AC105052.5,lncRNA
AC097532.3,lncRNA
AL133477.1,lncRNA
AL160159.1,lncRNA
Z93943.1,lncRNA
AC009152.6,lncRNA
AC074024.1,lncRNA
AC061708.1,lncRNA
AL158214.2,lncRNA
AL049779.4,lncRNA
AC012076.1,lncRNA
AC024270.4,lncRNA
AC012306.3,lncRNA
AC072054.1,lncRNA
AC090510.4,lncRNA
AL358780.1,lncRNA
AC116428.1,lncRNA
AC009141.1,lncRNA
AC092745.5,lncRNA
AL590235.2,lncRNA
AC093675.1,lncRNA
AC024560.4,lncRNA
AC006008.1,lncRNA
AL035411.3,lncRNA
AC004522.5,lncRNA
AP002505.3,lncRNA
AL136419.3,lncRNA
AC013716.1,lncRNA
AC027251.1,lncRNA
AC092849.2,lncRNA
MICB-DT,lncRNA
AC022467.2,lncRNA
AC027128.1,lncRNA
AL136169.1,lncRNA
AC010491.2,lncRNA
AL662884.5,lncRNA
Z83745.1,lncRNA
AL691432.4,lncRNA
AC016026.2,lncRNA
AC069243.1,lncRNA
AC099332.2,lncRNA
AC005856.1,lncRNA
AC010624.5,lncRNA
AL589644.1,unprocessed_pseudogene
AC090018.2,lncRNA
AC021037.1,lncRNA
AC003077.1,lncRNA
AC097462.3,lncRNA
AL022162.1,lncRNA
AC018647.3,lncRNA
AL590101.1,lncRNA
AC090945.1,lncRNA
AL356489.3,lncRNA
AL606500.1,lncRNA
AP000962.3,lncRNA
AC106791.3,transcribed_processed_pseudogene
AP004606.1,lncRNA
AL499604.1,lncRNA
CDRT15P4,transcribed_unprocessed_pseudogene
AC137561.1,lncRNA
AL157893.2,lncRNA
AL513218.2,lncRNA
AC012066.1,lncRNA
AC116345.4,lncRNA
AC009961.3,lncRNA
AC003093.1,lncRNA
AL049552.2,lncRNA
AL121750.1,lncRNA
AC097382.3,lncRNA
AC090577.1,lncRNA
AP000224.1,lncRNA
AC112484.5,lncRNA
AC009951.6,lncRNA
AC104335.2,lncRNA
AC105916.1,lncRNA
AC007220.2,lncRNA
AC108488.3,lncRNA
AC097500.1,lncRNA
AC093675.2,lncRNA
AC000085.1,lncRNA
C2orf27A,lncRNA
AL161851.1,lncRNA
AC022215.2,lncRNA
AC117464.1,lncRNA
AC108482.2,lncRNA
AC112254.1,lncRNA
AL078621.2,lncRNA
AL133313.1,lncRNA
AL512625.3,lncRNA
AC107050.1,lncRNA
AC106818.2,lncRNA
AL121956.7,lncRNA
AC055807.1,lncRNA
AC132938.6,lncRNA
AC025287.5,unprocessed_pseudogene
AC131568.1,lncRNA
AC009682.1,lncRNA
AC008119.1,lncRNA
AL451054.4,lncRNA
AC074254.2,lncRNA
AC021321.2,lncRNA
AL021707.9,lncRNA
AC234917.3,lncRNA
AC079848.2,lncRNA
AL592211.2,lncRNA
Z73420.1,lncRNA
AC073655.3,lncRNA
AC073593.2,lncRNA
AC005400.1,lncRNA
AC007877.1,lncRNA
AC137494.1,lncRNA
AC111182.2,lncRNA
AL139243.1,lncRNA
AC021148.2,lncRNA
AC008875.3,lncRNA
Z82215.1,lncRNA
AC011455.8,lncRNA
AL627232.1,lncRNA
AC011451.4,lncRNA
AC012101.2,lncRNA
AL133476.1,lncRNA
AP000428.2,lncRNA
AC012459.1,lncRNA
AL353697.1,lncRNA
AL137157.1,lncRNA
AC099535.2,lncRNA
AC092120.3,lncRNA
AL451123.2,lncRNA
AL590822.3,lncRNA
AC111197.1,lncRNA
AC090948.4,lncRNA
AC110611.2,lncRNA
AL096840.2,lncRNA
AC010883.3,lncRNA
AP002528.1,lncRNA
AC034139.1,lncRNA
AC016245.2,lncRNA
AC017028.2,lncRNA
AL442071.2,lncRNA
AL390236.1,lncRNA
AL136090.2,lncRNA
AC027601.5,lncRNA
AL033519.5,lncRNA
AC110620.2,lncRNA
AC100810.7,lncRNA
AC037459.4,lncRNA
AC004549.1,lncRNA
AC069368.2,lncRNA
AC092418.2,lncRNA
AC026620.2,lncRNA
AP001053.1,lncRNA
AC009560.4,lncRNA
AL109984.1,lncRNA
AL627308.3,lncRNA
AC005753.3,lncRNA
AC022966.2,lncRNA
AL450345.2,lncRNA
AC023424.2,lncRNA
AL731533.3,lncRNA
AL109615.4,lncRNA
AL359546.1,lncRNA
AL078587.2,lncRNA
AC004938.2,lncRNA
AL390755.3,lncRNA
AC067930.9,lncRNA
AC073349.4,lncRNA
AC016549.1,lncRNA
AC004837.4,lncRNA
AL360169.3,lncRNA
AL356123.2,lncRNA
BX323046.2,lncRNA
AC022137.3,lncRNA
AC069549.2,lncRNA
AC092902.6,lncRNA
AC025576.3,lncRNA
AL021308.1,lncRNA
AC092053.4,lncRNA
AC037193.1,lncRNA
AL590666.5,lncRNA
AC022210.1,lncRNA
AL021978.1,lncRNA
AC006059.5,lncRNA
AC011370.1,lncRNA
AC005071.1,lncRNA
AC112253.1,lncRNA
AC093599.2,lncRNA
AC000082.1,lncRNA
AC068228.3,lncRNA
AL122020.2,lncRNA
AC092428.1,lncRNA
AC003086.1,lncRNA
AC096642.2,lncRNA
AL031778.1,lncRNA
AC093330.3,lncRNA
AC062029.1,lncRNA
AL031602.2,lncRNA
Z99127.3,lncRNA
AC012405.1,lncRNA
AC092924.2,lncRNA
AC115284.4,lncRNA
AC067852.5,lncRNA
AC023480.1,lncRNA
AC061975.8,lncRNA
AP003071.5,protein_coding
AL139423.2,lncRNA
AF241728.2,lncRNA
AC083862.2,lncRNA
AL355075.6,lncRNA
PTCSC1,lncRNA
AC132872.5,lncRNA
AC015818.10,processed_pseudogene
AL031293.1,lncRNA
AC244636.3,lncRNA
AC099521.3,lncRNA
AC108050.1,lncRNA
AC006130.3,lncRNA
AL353748.3,lncRNA
AL161851.2,lncRNA
AC104850.2,lncRNA
AC020930.1,lncRNA
AL158136.1,lncRNA
AC119150.2,unitary_pseudogene
AC005014.4,lncRNA
AC128687.3,lncRNA
AL390242.1,lncRNA
AL355999.1,lncRNA
AC005632.6,lncRNA
AL391840.3,lncRNA
AC016705.3,lncRNA
AC005081.1,lncRNA
AL096701.4,lncRNA
AC055788.2,lncRNA
AC098679.5,lncRNA
AL035587.2,lncRNA
AL354743.2,lncRNA
AC002542.6,lncRNA
AL590064.1,lncRNA
AL353807.5,lncRNA
AL161714.1,lncRNA
AL031668.2,lncRNA
AL023882.1,lncRNA
AC020550.2,lncRNA
AC114971.1,lncRNA
AC009102.4,lncRNA
AL355377.4,lncRNA
AC022382.2,lncRNA
AC005594.1,lncRNA
AC083864.5,lncRNA
AL136379.1,lncRNA
AP000465.1,lncRNA
AC104024.4,lncRNA
AP000944.7,lncRNA
AC000065.2,lncRNA
AP001885.3,lncRNA
AL096709.1,lncRNA
AC021055.1,lncRNA
AC091151.7,lncRNA
AL603824.1,lncRNA
AC007695.1,lncRNA
AC021236.1,lncRNA
AC020911.3,lncRNA
AC018557.3,lncRNA
AL590062.1,lncRNA
AC004882.3,lncRNA
AC245164.2,lncRNA
AC245407.2,lncRNA
AC253572.1,lncRNA
AC073270.2,lncRNA
AL358334.4,lncRNA
AC091912.3,lncRNA
AL353135.2,lncRNA
AP003307.1,lncRNA
AP003120.1,lncRNA
AL450338.2,lncRNA
AC093849.4,lncRNA
AC093838.2,transcribed_unprocessed_pseudogene
AC104472.5,lncRNA
AC137894.4,lncRNA
AL352979.4,lncRNA
AC104088.3,lncRNA
AL023806.4,lncRNA
AL355338.1,lncRNA
AP000926.2,lncRNA
AL136981.3,lncRNA
AC007881.4,lncRNA
AC097448.1,lncRNA
AC108519.1,lncRNA
AC018398.2,lncRNA
AC026329.1,lncRNA
AL590608.1,lncRNA
AL606923.2,lncRNA
AL592295.5,lncRNA
AC005618.4,lncRNA
AC109322.2,lncRNA
AC079331.3,lncRNA
AC104530.1,lncRNA
BX255925.4,lncRNA
AP003086.3,transcribed_processed_pseudogene
AL109627.1,lncRNA
AL157834.4,lncRNA
AC055720.3,lncRNA
AP002985.1,lncRNA
AL035409.2,lncRNA
AC023421.2,lncRNA
AC004470.2,lncRNA
AL035653.1,lncRNA
AC009063.4,lncRNA
DUS4L-BCAP29,protein_coding
AC016394.2,lncRNA
AL357079.3,lncRNA
Z97205.3,lncRNA
AL357874.3,lncRNA
AP001054.1,protein_coding
C8orf44,lncRNA
AL133351.4,lncRNA
AL049777.1,lncRNA
AL139190.1,lncRNA
AC010980.1,protein_coding
AC092910.4,lncRNA
AC078856.1,lncRNA
AL592295.6,lncRNA
AP006621.6,protein_coding
